frame_path,cell_index,green_ratio,fast_density,edge_density,tree_present
./datasets/Organised/20260306-handFlying-2/100225286.jpg,0,0.5453757225433526,0.011849710982658959,0.08689788053949904,1
./datasets/Organised/20260306-handFlying-2/100225286.jpg,1,0.9208092485549133,0.006358381502890174,0.0523121387283237,1
./datasets/Organised/20260306-handFlying-2/100225286.jpg,2,0.8179190751445087,0.01579961464354528,0.14450867052023122,1
./datasets/Organised/20260306-handFlying-2/100758610.jpg,0,0.27678227360308283,0.014547206165703276,0.10240847784200385,1
./datasets/Organised/20260306-handFlying-2/100758610.jpg,1,0.906840077071291,0.007418111753371869,0.057321772639691716,1
./datasets/Organised/20260306-handFlying-2/100758610.jpg,2,0.8261078998073218,0.014547206165703276,0.14017341040462428,1
./datasets/Organised/20260306-handFlying-2/101291929.jpg,0,0.17302504816955683,0.014547206165703276,0.10269749518304432,1
./datasets/Organised/20260306-handFlying-2/101291929.jpg,1,0.8787090558766859,0.008670520231213872,0.07504816955684007,1
./datasets/Organised/20260306-handFlying-2/101291929.jpg,2,0.9194605009633912,0.009152215799614644,0.09325626204238921,1
./datasets/Organised/20260306-handFlying-2/101825304.jpg,0,0.22726396917148362,0.014065510597302504,0.10992292870905587,1
./datasets/Organised/20260306-handFlying-2/101825304.jpg,1,0.839980732177264,0.012427745664739885,0.09672447013487476,1
./datasets/Organised/20260306-handFlying-2/101825304.jpg,2,0.868111753371869,0.010597302504816955,0.08458574181117534,1
./datasets/Organised/20260306-handFlying-2/102358594.jpg,0,0.1735067437379576,0.01560693641618497,0.10789980732177264,1
./datasets/Organised/20260306-handFlying-2/102358594.jpg,1,0.7591522157996147,0.01676300578034682,0.1233140655105973,1
./datasets/Organised/20260306-handFlying-2/102358594.jpg,2,0.8406551059730251,0.010404624277456647,0.0848747591522158,1
./datasets/Organised/20260306-handFlying-2/102891928.jpg,0,0.16204238921001926,0.01560693641618497,0.11107899807321772,1
./datasets/Organised/20260306-handFlying-2/102891928.jpg,1,0.7096339113680155,0.018208092485549134,0.129383429672447,1
./datasets/Organised/20260306-handFlying-2/102891928.jpg,2,0.8432562620423892,0.009248554913294798,0.07369942196531792,1
./datasets/Organised/20260306-handFlying-2/103391912.jpg,0,0.15250481695568402,0.01705202312138728,0.12148362235067438,1
./datasets/Organised/20260306-handFlying-2/103391912.jpg,1,0.6360308285163776,0.016377649325626204,0.12514450867052024,1
./datasets/Organised/20260306-handFlying-2/103391912.jpg,2,0.873795761078998,0.009633911368015413,0.0674373795761079,1
./datasets/Organised/20260306-handFlying-2/103925234.jpg,0,0.1825626204238921,0.01840077071290944,0.12678227360308286,1
./datasets/Organised/20260306-handFlying-2/103925234.jpg,1,0.6345857418111753,0.02138728323699422,0.1432562620423892,1
./datasets/Organised/20260306-handFlying-2/103925234.jpg,2,0.9075144508670521,0.007418111753371869,0.06608863198458574,1
./datasets/Organised/20260306-handFlying-2/104458611.jpg,0,0.251252408477842,0.020712909441233142,0.1329479768786127,1
./datasets/Organised/20260306-handFlying-2/104458611.jpg,1,0.5729287090558767,0.0220616570327553,0.15973025048169556,1
./datasets/Organised/20260306-handFlying-2/104458611.jpg,2,0.827456647398844,0.010404624277456647,0.09065510597302505,1
./datasets/Organised/20260306-handFlying-2/104958595.jpg,0,0.2117533718689788,0.019267822736030827,0.1270712909441233,1
./datasets/Organised/20260306-handFlying-2/104958595.jpg,1,0.4239884393063584,0.020520231213872833,0.1478805394990366,1
./datasets/Organised/20260306-handFlying-2/104958595.jpg,2,0.6963391136801541,0.01763005780346821,0.13034682080924856,1
./datasets/Organised/20260306-handFlying-2/105458596.jpg,0,0.19816955684007706,0.021001926782273604,0.13892100192678228,1
./datasets/Organised/20260306-handFlying-2/105458596.jpg,1,0.410019267822736,0.022736030828516378,0.1588631984585742,1
./datasets/Organised/20260306-handFlying-2/105458596.jpg,2,0.7009633911368015,0.01878612716763006,0.12745664739884394,1
./datasets/Organised/20260306-handFlying-2/105991908.jpg,0,0.20308285163776493,0.019653179190751446,0.13660886319845858,1
./datasets/Organised/20260306-handFlying-2/105991908.jpg,1,0.34210019267822733,0.023506743737957612,0.15578034682080924,1
./datasets/Organised/20260306-handFlying-2/105991908.jpg,2,0.4993256262042389,0.0197495183044316,0.13795761078998073,1
./datasets/Organised/20260306-handFlying-2/106125286.jpg,0,0.13660886319845858,0.013391136801541427,0.10202312138728324,1
./datasets/Organised/20260306-handFlying-2/106125286.jpg,1,0.2723506743737958,0.020134874759152217,0.13005780346820808,1
./datasets/Organised/20260306-handFlying-2/106125286.jpg,2,0.4319845857418112,0.01840077071290944,0.13574181117533718,1
./datasets/Organised/20260306-handFlying-2/106291896.jpg,0,0.07186897880539499,0.013680154142581889,0.102504816955684,0
./datasets/Organised/20260306-handFlying-2/106291896.jpg,1,0.24489402697495183,0.017533718689788053,0.11984585741811175,1
./datasets/Organised/20260306-handFlying-2/106291896.jpg,2,0.5137764932562621,0.020520231213872833,0.13728323699421965,1
./datasets/Organised/20260306-handFlying-2/106425232.jpg,0,0.06849710982658959,0.009922928709055878,0.08593448940269749,0
./datasets/Organised/20260306-handFlying-2/106425232.jpg,1,0.268111753371869,0.021965317919075144,0.13410404624277455,1
./datasets/Organised/20260306-handFlying-2/106425232.jpg,2,0.5842003853564547,0.02119460500963391,0.14065510597302505,1
./datasets/Organised/20260306-handFlying-2/106558567.jpg,0,0.08564547206165703,0.011753371868978806,0.09036608863198459,0
./datasets/Organised/20260306-handFlying-2/106558567.jpg,1,0.31608863198458576,0.019942196531791908,0.1409441233140655,1
./datasets/Organised/20260306-handFlying-2/106558567.jpg,2,0.6864161849710982,0.018978805394990365,0.1295761078998073,1
./datasets/Organised/20260306-handFlying-2/106691897.jpg,0,0.1220616570327553,0.010500963391136802,0.08410404624277457,1
./datasets/Organised/20260306-handFlying-2/106691897.jpg,1,0.3375722543352601,0.01695568400770713,0.13159922928709056,1
./datasets/Organised/20260306-handFlying-2/106691897.jpg,2,0.7473988439306358,0.015028901734104046,0.10751445086705202,1
./datasets/Organised/20260306-handFlying-2/106858559.jpg,0,0.22157996146435452,0.012524084778420038,0.08564547206165703,1
./datasets/Organised/20260306-handFlying-2/106858559.jpg,1,0.4529865125240848,0.016570327552986513,0.11772639691714837,1
./datasets/Organised/20260306-handFlying-2/106858559.jpg,2,0.8312138728323699,0.008092485549132947,0.06483622350674374,1
./datasets/Organised/20260306-handFlying-2/106991912.jpg,0,0.10279383429672447,0.010404624277456647,0.06666666666666667,1
./datasets/Organised/20260306-handFlying-2/106991912.jpg,1,0.5629094412331407,0.016473988439306357,0.10944123314065511,1
./datasets/Organised/20260306-handFlying-2/106991912.jpg,2,0.8842003853564547,0.006551059730250481,0.060404624277456645,1
./datasets/Organised/20260306-handFlying-2/107125275.jpg,0,0.04942196531791908,0.0064547206165703275,0.048458574181117535,0
./datasets/Organised/20260306-handFlying-2/107125275.jpg,1,0.5973988439306358,0.014836223506743738,0.10279383429672447,1
./datasets/Organised/20260306-handFlying-2/107125275.jpg,2,0.8533718689788053,0.008285163776493257,0.06473988439306358,1
./datasets/Organised/20260306-handFlying-2/107258585.jpg,0,0.07071290944123314,0.00838150289017341,0.06127167630057803,0
./datasets/Organised/20260306-handFlying-2/107258585.jpg,1,0.49200385356454723,0.016570327552986513,0.10558766859344894,1
./datasets/Organised/20260306-handFlying-2/107258585.jpg,2,0.6695568400770713,0.005973025048169557,0.05616570327552987,1
./datasets/Organised/20260306-handFlying-2/107425223.jpg,0,0.2001926782273603,0.010597302504816955,0.06946050096339114,1
./datasets/Organised/20260306-handFlying-2/107425223.jpg,1,0.7726396917148363,0.009922928709055878,0.07292870905587669,1
./datasets/Organised/20260306-handFlying-2/107425223.jpg,2,0.8227360308285164,0.0076107899807321775,0.05443159922928709,1
./datasets/Organised/20260306-handFlying-2/107558564.jpg,0,0.22504816955684007,0.016570327552986513,0.09836223506743738,1
./datasets/Organised/20260306-handFlying-2/107558564.jpg,1,0.7944123314065511,0.008959537572254336,0.059248554913294796,1
./datasets/Organised/20260306-handFlying-2/107558564.jpg,2,0.9096339113680154,0.004624277456647399,0.051541425818882464,1
./datasets/Organised/20260306-handFlying-2/107725220.jpg,0,0.30973025048169556,0.014932562620423893,0.10327552986512524,1
./datasets/Organised/20260306-handFlying-2/107725220.jpg,1,0.8365125240847784,0.004913294797687861,0.042870905587668595,1
./datasets/Organised/20260306-handFlying-2/107725220.jpg,2,0.9401734104046243,0.005009633911368015,0.048747591522158,1
./datasets/Organised/20260306-handFlying-2/107858562.jpg,0,0.3109826589595376,0.014547206165703276,0.10183044315992293,1
./datasets/Organised/20260306-handFlying-2/107858562.jpg,1,0.9549132947976878,0.0024084778420038534,0.025722543352601157,1
./datasets/Organised/20260306-handFlying-2/107858562.jpg,2,0.934393063583815,0.005587668593448941,0.046242774566473986,1
./datasets/Organised/20260306-handFlying-2/107991892.jpg,0,0.3588631984585742,0.018015414258188825,0.11339113680154142,1
./datasets/Organised/20260306-handFlying-2/107991892.jpg,1,0.9528901734104046,0.002697495183044316,0.026782273603082853,1
./datasets/Organised/20260306-handFlying-2/107991892.jpg,2,0.9092485549132948,0.007032755298651252,0.06579961464354528,1
./datasets/Organised/20260306-handFlying-2/108125234.jpg,0,0.32524084778420037,0.0128131021194605,0.0815028901734104,1
./datasets/Organised/20260306-handFlying-2/108125234.jpg,1,0.8797687861271676,0.005009633911368015,0.036223506743737956,1
./datasets/Organised/20260306-handFlying-2/108125234.jpg,2,0.8807321772639691,0.006647398843930636,0.06069364161849711,1
./datasets/Organised/20260306-handFlying-2/108291880.jpg,0,0.27620423892100193,0.005491329479768786,0.037764932562620424,1
./datasets/Organised/20260306-handFlying-2/108291880.jpg,1,0.7760115606936416,0.006551059730250481,0.04710982658959537,1
./datasets/Organised/20260306-handFlying-2/108291880.jpg,2,0.9142581888246628,0.0072254335260115606,0.0653179190751445,1
./datasets/Organised/20260306-handFlying-2/108425214.jpg,0,0.28535645472061655,0.0045279383429672445,0.027071290944123316,1
./datasets/Organised/20260306-handFlying-2/108425214.jpg,1,0.7997109826589596,0.008477842003853564,0.05308285163776493,1
./datasets/Organised/20260306-handFlying-2/108425214.jpg,2,0.9742774566473988,0.0038535645472061657,0.03603082851637765,1
./datasets/Organised/20260306-handFlying-2/108591886.jpg,0,0.24190751445086706,0.005009633911368015,0.027552986512524084,1
./datasets/Organised/20260306-handFlying-2/108591886.jpg,1,0.752504816955684,0.010404624277456647,0.06194605009633911,1
./datasets/Organised/20260306-handFlying-2/108591886.jpg,2,0.9786127167630058,0.0030828516377649326,0.026396917148362235,1
./datasets/Organised/20260306-handFlying-2/108791873.jpg,0,0.10722543352601156,0.004816955684007707,0.026685934489402697,1
./datasets/Organised/20260306-handFlying-2/108791873.jpg,1,0.565028901734104,0.008959537572254336,0.05809248554913295,1
./datasets/Organised/20260306-handFlying-2/108791873.jpg,2,0.9441233140655106,0.00674373795761079,0.052890173410404626,1
./datasets/Organised/20260306-handFlying-2/108891877.jpg,0,0.12273603082851638,0.0037572254335260114,0.026204238921001925,1
./datasets/Organised/20260306-handFlying-2/108891877.jpg,1,0.5956647398843931,0.009826589595375723,0.06377649325626204,1
./datasets/Organised/20260306-handFlying-2/108891877.jpg,2,0.9419075144508671,0.006165703275529865,0.057803468208092484,1
./datasets/Organised/20260306-handFlying-2/109025205.jpg,0,0.1628131021194605,0.004913294797687861,0.028034682080924855,1
./datasets/Organised/20260306-handFlying-2/109025205.jpg,1,0.6647398843930635,0.008477842003853564,0.04797687861271676,1
./datasets/Organised/20260306-handFlying-2/109025205.jpg,2,0.9705202312138729,0.0032755298651252407,0.03641618497109827,1
./datasets/Organised/20260306-handFlying-2/109191875.jpg,0,0.23699421965317918,0.0068400770712909445,0.0407514450867052,1
./datasets/Organised/20260306-handFlying-2/109191875.jpg,1,0.6887283236994219,0.006551059730250481,0.05529865125240848,1
./datasets/Organised/20260306-handFlying-2/109191875.jpg,2,0.9332369942196532,0.0056840077071290945,0.06117533718689788,1
./datasets/Organised/20260306-handFlying-2/109325229.jpg,0,0.2308285163776493,0.0060693641618497106,0.034007707129094414,1
./datasets/Organised/20260306-handFlying-2/109325229.jpg,1,0.6795761078998073,0.007514450867052023,0.06695568400770713,1
./datasets/Organised/20260306-handFlying-2/109325229.jpg,2,0.9145472061657033,0.004720616570327553,0.048073217726396916,1
./datasets/Organised/20260306-handFlying-2/109458540.jpg,0,0.2617533718689788,0.005394990366088632,0.04229287090558767,1
./datasets/Organised/20260306-handFlying-2/109458540.jpg,1,0.6597302504816955,0.0052986512524084775,0.050385356454720615,1
./datasets/Organised/20260306-handFlying-2/109458540.jpg,2,0.9621387283236994,0.00394990366088632,0.040655105973025046,1
./datasets/Organised/20260306-handFlying-2/109591885.jpg,0,0.17572254335260115,0.008188824662813102,0.04315992292870906,1
./datasets/Organised/20260306-handFlying-2/109591885.jpg,1,0.5744701348747592,0.006551059730250481,0.04951830443159923,1
./datasets/Organised/20260306-handFlying-2/109591885.jpg,2,0.9527938342967245,0.0037572254335260114,0.04816955684007707,1
./datasets/Organised/20260306-handFlying-2/109725252.jpg,0,0.06435452793834297,0.002890173410404624,0.021001926782273604,0
./datasets/Organised/20260306-handFlying-2/109725252.jpg,1,0.4237957610789981,0.0064547206165703275,0.048458574181117535,1
./datasets/Organised/20260306-handFlying-2/109725252.jpg,2,0.923699421965318,0.007129094412331407,0.06560693641618497,1
./datasets/Organised/20260306-handFlying-2/109858583.jpg,0,0.05568400770712909,0.0035645472061657034,0.024759152215799614,0
./datasets/Organised/20260306-handFlying-2/109858583.jpg,1,0.44913294797687864,0.007418111753371869,0.051445086705202314,1
./datasets/Organised/20260306-handFlying-2/109858583.jpg,2,0.8716763005780347,0.00510597302504817,0.05722543352601156,1
./datasets/Organised/20260306-handFlying-2/110025200.jpg,0,0.016666666666666666,0.0019267822736030828,0.016377649325626204,0
./datasets/Organised/20260306-handFlying-2/110025200.jpg,1,0.3571290944123314,0.009441233140655106,0.06117533718689788,1
./datasets/Organised/20260306-handFlying-2/110025200.jpg,2,0.4090558766859345,0.010115606936416185,0.06724470134874759,1
./datasets/Organised/20260306-handFlying-2/110225197.jpg,0,0.0128131021194605,0.0009633911368015414,0.009248554913294798,0
./datasets/Organised/20260306-handFlying-2/110225197.jpg,1,0.19065510597302504,0.007514450867052023,0.05134874759152216,1
./datasets/Organised/20260306-handFlying-2/110225197.jpg,2,0.26676300578034684,0.008092485549132947,0.06387283236994219,1
./datasets/Organised/20260306-handFlying-2/110325204.jpg,0,0.053660886319845856,0.005009633911368015,0.0315028901734104,0
./datasets/Organised/20260306-handFlying-2/110325204.jpg,1,0.07475915221579961,0.0038535645472061657,0.027938342967244702,0
./datasets/Organised/20260306-handFlying-2/110325204.jpg,2,0.26233140655105974,0.006358381502890174,0.047398843930635835,1
./datasets/Organised/20260306-handFlying-2/110458527.jpg,0,0.08314065510597303,0.007418111753371869,0.03998073217726397,0
./datasets/Organised/20260306-handFlying-2/110458527.jpg,1,0.008959537572254336,0.0017341040462427746,0.014258188824662813,0
./datasets/Organised/20260306-handFlying-2/110458527.jpg,2,0.4026974951830443,0.015028901734104046,0.09460500963391137,1
./datasets/Organised/20260306-handFlying-2/110625203.jpg,0,0.06801541425818883,0.005973025048169557,0.03651252408477842,0
./datasets/Organised/20260306-handFlying-2/110625203.jpg,1,0.010597302504816955,0.0015414258188824663,0.01348747591522158,0
./datasets/Organised/20260306-handFlying-2/110625203.jpg,2,0.49277456647398843,0.019845857418111755,0.1363198458574181,1
./datasets/Organised/20260306-handFlying-2/110725258.jpg,0,0.0489402697495183,0.004142581888246628,0.029672447013487476,0
./datasets/Organised/20260306-handFlying-2/110725258.jpg,1,0.0037572254335260114,0.0005780346820809249,0.004238921001926782,0
./datasets/Organised/20260306-handFlying-2/110725258.jpg,2,0.4239884393063584,0.018208092485549134,0.12177263969171484,1
./datasets/Organised/20260306-handFlying-2/110891863.jpg,0,0.06021194605009634,0.0056840077071290945,0.032177263969171484,0
./datasets/Organised/20260306-handFlying-2/110891863.jpg,1,0.0003853564547206166,0.0,0.000674373795761079,0
./datasets/Organised/20260306-handFlying-2/110891863.jpg,2,0.3622350674373796,0.012138728323699421,0.08526011560693642,1
./datasets/Organised/20260306-handFlying-2/110991867.jpg,0,0.08689788053949904,0.007514450867052023,0.04826589595375722,0
./datasets/Organised/20260306-handFlying-2/110991867.jpg,1,0.0,0.0,0.0,0
./datasets/Organised/20260306-handFlying-2/110991867.jpg,2,0.34585741811175336,0.006647398843930636,0.0523121387283237,1
./datasets/Organised/20260306-handFlying-2/111125198.jpg,0,0.0873795761078998,0.008188824662813102,0.046242774566473986,0
./datasets/Organised/20260306-handFlying-2/111125198.jpg,1,0.0022157996146435453,0.0001926782273603083,0.0024084778420038534,0
./datasets/Organised/20260306-handFlying-2/111125198.jpg,2,0.39258188824662815,0.0060693641618497106,0.0453757225433526,1
./datasets/Organised/20260306-handFlying-2/111258525.jpg,0,0.06290944123314066,0.005876685934489403,0.029479768786127167,0
./datasets/Organised/20260306-handFlying-2/111258525.jpg,1,0.005876685934489403,0.0010597302504816955,0.0068400770712909445,0
./datasets/Organised/20260306-handFlying-2/111258525.jpg,2,0.5502890173410404,0.005587668593448941,0.03275529865125241,1
./datasets/Organised/20260306-handFlying-2/111391861.jpg,0,0.0,0.0,0.0,0
./datasets/Organised/20260306-handFlying-2/111391861.jpg,1,0.005009633911368015,0.0010597302504816955,0.00838150289017341,0
./datasets/Organised/20260306-handFlying-2/111391861.jpg,2,0.6502890173410405,0.005009633911368015,0.04354527938342967,1
./datasets/Organised/20260306-handFlying-2/111491862.jpg,0,0.0,0.0,0.0,0
./datasets/Organised/20260306-handFlying-2/111491862.jpg,1,0.004816955684007707,0.001445086705202312,0.007514450867052023,0
./datasets/Organised/20260306-handFlying-2/111491862.jpg,2,0.6692678227360308,0.00838150289017341,0.058959537572254334,1
./datasets/Organised/20260306-handFlying-2/111625187.jpg,0,0.0,0.0,0.0,0
./datasets/Organised/20260306-handFlying-2/111625187.jpg,1,0.0056840077071290945,0.0029865125240847784,0.007803468208092485,0
./datasets/Organised/20260306-handFlying-2/111625187.jpg,2,0.6599229287090559,0.01001926782273603,0.06657032755298652,1
./datasets/Organised/20260306-handFlying-2/111958705.jpg,0,0.0,0.0,0.0,0
./datasets/Organised/20260306-handFlying-2/111958705.jpg,1,0.0019267822736030828,0.0004816955684007707,0.003371868978805395,0
./datasets/Organised/20260306-handFlying-2/111958705.jpg,2,0.6908477842003854,0.011078998073217727,0.07822736030828516,1
./datasets/Organised/20260306-handFlying-2/112091852.jpg,0,0.0,0.0,0.0,0
./datasets/Organised/20260306-handFlying-2/112091852.jpg,1,0.018111753371868978,0.002023121387283237,0.011560693641618497,0
./datasets/Organised/20260306-handFlying-2/112091852.jpg,2,0.730635838150289,0.009826589595375723,0.08092485549132948,1
./datasets/Organised/20260306-handFlying-2/112491876.jpg,0,0.0,0.0,0.0,0
./datasets/Organised/20260306-handFlying-2/112491876.jpg,1,0.027071290944123316,0.002697495183044316,0.016184971098265895,0
./datasets/Organised/20260306-handFlying-2/112491876.jpg,2,0.623121387283237,0.009633911368015413,0.07678227360308285,1
./datasets/Organised/20260306-handFlying-2/112958676.jpg,0,0.0,0.0,0.0,0
./datasets/Organised/20260306-handFlying-2/112958676.jpg,1,0.18670520231213872,0.006936416184971098,0.038053949903660886,1
./datasets/Organised/20260306-handFlying-2/112958676.jpg,2,0.9795761078998073,0.0036608863198458576,0.032177263969171484,1
./datasets/Organised/20260306-handFlying-2/113091856.jpg,0,0.0,0.0,0.0,0
./datasets/Organised/20260306-handFlying-2/113091856.jpg,1,0.48988439306358383,0.005780346820809248,0.04267822736030828,1
./datasets/Organised/20260306-handFlying-2/113091856.jpg,2,0.9315028901734104,0.009633911368015413,0.0815028901734104,1
./datasets/Organised/20260306-handFlying-2/113258508.jpg,0,0.002023121387283237,0.00028901734104046245,0.00394990366088632,0
./datasets/Organised/20260306-handFlying-2/113258508.jpg,1,0.6759152215799614,0.007032755298651252,0.06011560693641618,1
./datasets/Organised/20260306-handFlying-2/113258508.jpg,2,0.7165703275529866,0.005491329479768786,0.05250481695568401,1
./datasets/Organised/20260306-handFlying-2/113391844.jpg,0,0.01233140655105973,0.0023121387283236996,0.013776493256262042,0
./datasets/Organised/20260306-handFlying-2/113391844.jpg,1,0.8358381502890173,0.005394990366088632,0.049903660886319846,1
./datasets/Organised/20260306-handFlying-2/113391844.jpg,2,0.6439306358381502,0.00953757225433526,0.07813102119460501,1
./datasets/Organised/20260306-handFlying-2/113558513.jpg,0,0.12186897880539499,0.005491329479768786,0.03786127167630058,1
./datasets/Organised/20260306-handFlying-2/113558513.jpg,1,0.9278420038535645,0.005491329479768786,0.045472061657032756,1
./datasets/Organised/20260306-handFlying-2/113558513.jpg,2,0.6273603082851638,0.011368015414258189,0.0882466281310212,1
./datasets/Organised/20260306-handFlying-2/113691841.jpg,0,0.285645472061657,0.006165703275529865,0.0394990366088632,1
./datasets/Organised/20260306-handFlying-2/113691841.jpg,1,0.9448940269749518,0.005202312138728324,0.044701348747591525,1
./datasets/Organised/20260306-handFlying-2/113691841.jpg,2,0.6346820809248555,0.011946050096339113,0.08747591522157996,1
./datasets/Organised/20260306-handFlying-2/113825169.jpg,0,0.4619460500963391,0.007418111753371869,0.0523121387283237,1
./datasets/Organised/20260306-handFlying-2/113825169.jpg,1,0.7784200385356455,0.005587668593448941,0.04865125240847784,1
./datasets/Organised/20260306-handFlying-2/113825169.jpg,2,0.8092485549132948,0.010597302504816955,0.08439306358381503,1
./datasets/Organised/20260306-handFlying-2/113991838.jpg,0,0.6492292870905587,0.008477842003853564,0.06358381502890173,1
./datasets/Organised/20260306-handFlying-2/113991838.jpg,1,0.6384393063583815,0.007032755298651252,0.05077071290944123,1
./datasets/Organised/20260306-handFlying-2/113991838.jpg,2,0.9106936416184971,0.011271676300578034,0.10953757225433526,1
./datasets/Organised/20260306-handFlying-2/114125176.jpg,0,0.571290944123314,0.0128131021194605,0.07976878612716763,1
./datasets/Organised/20260306-handFlying-2/114125176.jpg,1,0.6167630057803468,0.00674373795761079,0.05192678227360308,1
./datasets/Organised/20260306-handFlying-2/114125176.jpg,2,0.9036608863198459,0.0128131021194605,0.11791907514450867,1
./datasets/Organised/20260306-handFlying-2/114291832.jpg,0,0.5667630057803468,0.014932562620423893,0.08728323699421965,1
./datasets/Organised/20260306-handFlying-2/114291832.jpg,1,0.6313102119460501,0.007129094412331407,0.04460500963391137,1
./datasets/Organised/20260306-handFlying-2/114291832.jpg,2,0.9457610789980733,0.009441233140655106,0.0850674373795761,1
./datasets/Organised/20260306-handFlying-2/114458507.jpg,0,0.6200385356454721,0.01464354527938343,0.09354527938342967,1
./datasets/Organised/20260306-handFlying-2/114458507.jpg,1,0.6245664739884393,0.004816955684007707,0.038535645472061654,1
./datasets/Organised/20260306-handFlying-2/114458507.jpg,2,0.9237957610789981,0.011657032755298651,0.10028901734104047,1
./datasets/Organised/20260306-handFlying-2/114591848.jpg,0,0.5951830443159923,0.015317919075144508,0.10192678227360308,1
./datasets/Organised/20260306-handFlying-2/114591848.jpg,1,0.628131021194605,0.005780346820809248,0.0626204238921002,1
./datasets/Organised/20260306-handFlying-2/114591848.jpg,2,0.852504816955684,0.01878612716763006,0.15500963391136802,1
./datasets/Organised/20260306-handFlying-2/114758500.jpg,0,0.42697495183044315,0.013872832369942197,0.09123314065510597,1
./datasets/Organised/20260306-handFlying-2/114758500.jpg,1,0.7014450867052023,0.0064547206165703275,0.05973025048169557,1
./datasets/Organised/20260306-handFlying-2/114758500.jpg,2,0.8608863198458574,0.019364161849710983,0.14026974951830443,1
./datasets/Organised/20260306-handFlying-2/114925166.jpg,0,0.41358381502890174,0.013969171483622351,0.08940269749518305,1
./datasets/Organised/20260306-handFlying-2/114925166.jpg,1,0.6861271676300578,0.011368015414258189,0.0907514450867052,1
./datasets/Organised/20260306-handFlying-2/114925166.jpg,2,0.830635838150289,0.021001926782273604,0.16772639691714836,1
./datasets/Organised/20260306-handFlying-2/115058496.jpg,0,0.4073217726396917,0.014065510597302504,0.0825626204238921,1
./datasets/Organised/20260306-handFlying-2/115058496.jpg,1,0.7508670520231214,0.006165703275529865,0.0476878612716763,1
./datasets/Organised/20260306-handFlying-2/115058496.jpg,2,0.8888246628131021,0.014547206165703276,0.11657032755298652,1
./datasets/Organised/20260306-handFlying-2/115225159.jpg,0,0.3599229287090559,0.012716763005780347,0.08439306358381503,1
./datasets/Organised/20260306-handFlying-2/115225159.jpg,1,0.8620423892100193,0.00510597302504817,0.04566473988439306,1
./datasets/Organised/20260306-handFlying-2/115225159.jpg,2,0.8710982658959537,0.019171483622350674,0.14036608863198458,1
./datasets/Organised/20260306-handFlying-2/115358614.jpg,0,0.40163776493256265,0.012042389210019268,0.07822736030828516,1
./datasets/Organised/20260306-handFlying-2/115358614.jpg,1,0.9690751445086705,0.004142581888246628,0.04518304431599229,1
./datasets/Organised/20260306-handFlying-2/115358614.jpg,2,0.8386319845857418,0.016666666666666666,0.1186897880539499,1
./datasets/Organised/20260306-handFlying-2/115525168.jpg,0,0.4546242774566474,0.010115606936416185,0.06965317919075145,1
./datasets/Organised/20260306-handFlying-2/115525168.jpg,1,0.9786127167630058,0.0030828516377649326,0.03420038535645472,1
./datasets/Organised/20260306-handFlying-2/115525168.jpg,2,0.8434489402697495,0.018689788053949902,0.12379576107899808,1
./datasets/Organised/20260306-handFlying-2/115658489.jpg,0,0.579383429672447,0.006358381502890174,0.05443159922928709,1
./datasets/Organised/20260306-handFlying-2/115658489.jpg,1,0.964354527938343,0.005491329479768786,0.052986512524084775,1
./datasets/Organised/20260306-handFlying-2/115658489.jpg,2,0.7128131021194605,0.01840077071290944,0.12784200385356453,1
./datasets/Organised/20260306-handFlying-2/115825177.jpg,0,0.6060693641618498,0.0076107899807321775,0.05828516377649326,1
./datasets/Organised/20260306-handFlying-2/115825177.jpg,1,0.8873795761078999,0.013776493256262042,0.11252408477842003,1
./datasets/Organised/20260306-handFlying-2/115825177.jpg,2,0.6863198458574181,0.01233140655105973,0.09942196531791908,1
./datasets/Organised/20260306-handFlying-2/115958494.jpg,0,0.6105973025048169,0.005780346820809248,0.047013487475915224,1
./datasets/Organised/20260306-handFlying-2/115958494.jpg,1,0.8996146435452794,0.011464354527938344,0.08959537572254335,1
./datasets/Organised/20260306-handFlying-2/115958494.jpg,2,0.6841040462427745,0.011464354527938344,0.09942196531791908,1
./datasets/Organised/20260306-handFlying-2/116091818.jpg,0,0.6315028901734104,0.007321772639691715,0.05973025048169557,1
./datasets/Organised/20260306-handFlying-2/116091818.jpg,1,0.8577071290944124,0.013198458574181117,0.1105009633911368,1
./datasets/Organised/20260306-handFlying-2/116091818.jpg,2,0.6705202312138728,0.013680154142581889,0.11078998073217726,1
./datasets/Organised/20260306-handFlying-2/116258491.jpg,0,0.6197495183044316,0.008574181117533719,0.06117533718689788,1
./datasets/Organised/20260306-handFlying-2/116258491.jpg,1,0.8633911368015414,0.013776493256262042,0.10664739884393064,1
./datasets/Organised/20260306-handFlying-2/116258491.jpg,2,0.6769749518304432,0.013294797687861272,0.10982658959537572,1
./datasets/Organised/20260306-handFlying-2/116391825.jpg,0,0.5890173410404624,0.005973025048169557,0.057321772639691716,1
./datasets/Organised/20260306-handFlying-2/116391825.jpg,1,0.879383429672447,0.012909441233140655,0.09961464354527938,1
./datasets/Organised/20260306-handFlying-2/116391825.jpg,2,0.6825626204238922,0.013198458574181117,0.10491329479768786,1
./datasets/Organised/20260306-handFlying-2/116558479.jpg,0,0.5830443159922929,0.006936416184971098,0.05982658959537572,1
./datasets/Organised/20260306-handFlying-2/116558479.jpg,1,0.8739884393063584,0.010886319845857417,0.08333333333333333,1
./datasets/Organised/20260306-handFlying-2/116558479.jpg,2,0.7667630057803468,0.014354527938342966,0.10375722543352602,1
./datasets/Organised/20260306-handFlying-2/116691812.jpg,0,0.5677263969171483,0.008766859344894027,0.06473988439306358,1
./datasets/Organised/20260306-handFlying-2/116691812.jpg,1,0.8803468208092485,0.010886319845857417,0.08574181117533719,1
./datasets/Organised/20260306-handFlying-2/116691812.jpg,2,0.7559730250481695,0.012524084778420038,0.10260115606936417,1
./datasets/Organised/20260306-handFlying-2/116858494.jpg,0,0.5431599229287091,0.01001926782273603,0.0754335260115607,1
./datasets/Organised/20260306-handFlying-2/116858494.jpg,1,0.874373795761079,0.013680154142581889,0.10780346820809249,1
./datasets/Organised/20260306-handFlying-2/116858494.jpg,2,0.7162813102119461,0.013102119460500963,0.1186897880539499,1
./datasets/Organised/20260306-handFlying-2/116991821.jpg,0,0.594990366088632,0.007707129094412331,0.06502890173410404,1
./datasets/Organised/20260306-handFlying-2/116991821.jpg,1,0.869942196531792,0.012138728323699421,0.101252408477842,1
./datasets/Organised/20260306-handFlying-2/116991821.jpg,2,0.6604046242774566,0.017148362235067438,0.13728323699421965,1
./datasets/Organised/20260306-handFlying-2/117158487.jpg,0,0.6064547206165704,0.008285163776493257,0.07235067437379576,1
./datasets/Organised/20260306-handFlying-2/117158487.jpg,1,0.8534682080924856,0.01599229287090559,0.12080924855491329,1
./datasets/Organised/20260306-handFlying-2/117158487.jpg,2,0.660019267822736,0.019267822736030827,0.13892100192678228,1
./datasets/Organised/20260306-handFlying-2/117291810.jpg,0,0.6047206165703276,0.008574181117533719,0.07003853564547206,1
./datasets/Organised/20260306-handFlying-2/117291810.jpg,1,0.8852601156069364,0.010789980732177264,0.09104046242774566,1
./datasets/Organised/20260306-handFlying-2/117291810.jpg,2,0.668111753371869,0.018208092485549134,0.1258188824662813,1
./datasets/Organised/20260306-handFlying-2/117458476.jpg,0,0.6152215799614643,0.007707129094412331,0.074373795761079,1
./datasets/Organised/20260306-handFlying-2/117458476.jpg,1,0.8722543352601156,0.0128131021194605,0.10655105973025049,1
./datasets/Organised/20260306-handFlying-2/117458476.jpg,2,0.6753371868978806,0.019460500963391136,0.12851637764932564,1
./datasets/Organised/20260306-handFlying-2/117591810.jpg,0,0.6130057803468208,0.01001926782273603,0.07408477842003854,1
./datasets/Organised/20260306-handFlying-2/117591810.jpg,1,0.8854527938342968,0.012427745664739885,0.08969171483622351,1
./datasets/Organised/20260306-handFlying-2/117591810.jpg,2,0.6426782273603083,0.01840077071290944,0.13015414258188826,1
./datasets/Organised/20260306-handFlying-2/117791815.jpg,0,0.5578998073217727,0.011946050096339113,0.08526011560693642,1
./datasets/Organised/20260306-handFlying-2/117791815.jpg,1,0.8842003853564547,0.013583815028901734,0.11416184971098266,1
./datasets/Organised/20260306-handFlying-2/117791815.jpg,2,0.6078998073217726,0.015221579961464355,0.12090558766859345,1
./datasets/Organised/20260306-handFlying-2/118359037.jpg,0,0.37071290944123314,0.009055876685934489,0.06608863198458574,1
./datasets/Organised/20260306-handFlying-2/118359037.jpg,1,0.852504816955684,0.0174373795761079,0.13429672447013488,1
./datasets/Organised/20260306-handFlying-2/118359037.jpg,2,0.6534682080924855,0.008092485549132947,0.07398843930635839,1
./datasets/Organised/20260306-handFlying-2/118892241.jpg,0,0.6055876685934489,0.014065510597302504,0.09315992292870906,1
./datasets/Organised/20260306-handFlying-2/118892241.jpg,1,0.8714836223506743,0.012042389210019268,0.0985549132947977,1
./datasets/Organised/20260306-handFlying-2/118892241.jpg,2,0.6500963391136801,0.00838150289017341,0.07148362235067438,1
./datasets/Organised/20260306-handFlying-2/119458641.jpg,0,0.46695568400770715,0.013294797687861272,0.09344894026974952,1
./datasets/Organised/20260306-handFlying-2/119458641.jpg,1,0.8918111753371869,0.015317919075144508,0.11541425818882466,1
./datasets/Organised/20260306-handFlying-2/119458641.jpg,2,0.7011560693641619,0.004431599229287091,0.0523121387283237,1
./datasets/Organised/20260306-handFlying-2/120025153.jpg,0,0.49065510597302503,0.014739884393063583,0.08978805394990366,1
./datasets/Organised/20260306-handFlying-2/120025153.jpg,1,0.8787090558766859,0.01579961464354528,0.11213872832369942,1
./datasets/Organised/20260306-handFlying-2/120025153.jpg,2,0.7609826589595375,0.0045279383429672445,0.05414258188824663,1
./datasets/Organised/20260306-handFlying-2/120558448.jpg,0,0.48285163776493256,0.011464354527938344,0.08179190751445087,1
./datasets/Organised/20260306-handFlying-2/120558448.jpg,1,0.8609826589595375,0.02157996146435453,0.14971098265895955,1
./datasets/Organised/20260306-handFlying-2/120558448.jpg,2,0.6498073217726397,0.007032755298651252,0.07408477842003854,1
./datasets/Organised/20260306-handFlying-2/121125138.jpg,0,0.4347784200385356,0.011271676300578034,0.07755298651252408,1
./datasets/Organised/20260306-handFlying-2/121125138.jpg,1,0.8772639691714836,0.014354527938342966,0.10761078998073217,1
./datasets/Organised/20260306-handFlying-2/121125138.jpg,2,0.36897880539499034,0.006551059730250481,0.05394990366088632,1
./datasets/Organised/20260306-handFlying-2/121558451.jpg,0,0.38391136801541426,0.006936416184971098,0.04431599229287091,1
./datasets/Organised/20260306-handFlying-2/121558451.jpg,1,0.7667630057803468,0.012235067437379576,0.09094412331406551,1
./datasets/Organised/20260306-handFlying-2/121558451.jpg,2,0.3226396917148362,0.005491329479768786,0.04672447013487476,1
./datasets/Organised/20260306-handFlying-2/121725126.jpg,0,0.40655105973025046,0.00510597302504817,0.03198458574181118,1
./datasets/Organised/20260306-handFlying-2/121725126.jpg,1,0.7892100192678227,0.010115606936416185,0.08815028901734104,1
./datasets/Organised/20260306-handFlying-2/121725126.jpg,2,0.2844894026974952,0.0036608863198458576,0.03998073217726397,1
./datasets/Organised/20260306-handFlying-2/121858440.jpg,0,0.34826589595375723,0.004142581888246628,0.034296724470134876,1
./datasets/Organised/20260306-handFlying-2/121858440.jpg,1,0.7294797687861272,0.012524084778420038,0.09768786127167631,1
./datasets/Organised/20260306-handFlying-2/121858440.jpg,2,0.3064547206165703,0.0029865125240847784,0.042196531791907514,1
./datasets/Organised/20260306-handFlying-2/122358456.jpg,0,0.19460500963391136,0.0064547206165703275,0.03506743737957611,1
./datasets/Organised/20260306-handFlying-2/122358456.jpg,1,0.2610789980732177,0.003468208092485549,0.022447013487475916,1
./datasets/Organised/20260306-handFlying-2/122358456.jpg,2,0.7620423892100193,0.01464354527938343,0.13217726396917148,1
./datasets/Organised/20260306-handFlying-2/122525108.jpg,0,0.13689788053949903,0.0060693641618497106,0.032947976878612714,1
./datasets/Organised/20260306-handFlying-2/122525108.jpg,1,0.21223506743737958,0.0022157996146435453,0.02485549132947977,1
./datasets/Organised/20260306-handFlying-2/122525108.jpg,2,0.838150289017341,0.014450867052023121,0.13776493256262043,1
./datasets/Organised/20260306-handFlying-2/122691769.jpg,0,0.09980732177263969,0.004624277456647399,0.030732177263969172,0
./datasets/Organised/20260306-handFlying-2/122691769.jpg,1,0.2046242774566474,0.002697495183044316,0.02023121387283237,1
./datasets/Organised/20260306-handFlying-2/122691769.jpg,2,0.8684971098265896,0.010789980732177264,0.11252408477842003,1
./datasets/Organised/20260306-handFlying-2/122825100.jpg,0,0.075626204238921,0.004046242774566474,0.024566473988439308,0
./datasets/Organised/20260306-handFlying-2/122825100.jpg,1,0.24315992292870905,0.0017341040462427746,0.02119460500963391,1
./datasets/Organised/20260306-handFlying-2/122825100.jpg,2,0.8825626204238921,0.011849710982658959,0.10346820809248555,1
./datasets/Organised/20260306-handFlying-2/122991766.jpg,0,0.02601156069364162,0.0022157996146435453,0.014739884393063583,0
./datasets/Organised/20260306-handFlying-2/122991766.jpg,1,0.29402697495183044,0.0045279383429672445,0.03227360308285164,1
./datasets/Organised/20260306-handFlying-2/122991766.jpg,2,0.8894026974951831,0.010404624277456647,0.10510597302504816,1
./datasets/Organised/20260306-handFlying-2/123125105.jpg,0,0.0045279383429672445,0.0009633911368015414,0.004720616570327553,0
./datasets/Organised/20260306-handFlying-2/123125105.jpg,1,0.4552986512524085,0.008766859344894027,0.06608863198458574,1
./datasets/Organised/20260306-handFlying-2/123125105.jpg,2,0.8596339113680154,0.013391136801541427,0.11416184971098266,1
./datasets/Organised/20260306-handFlying-2/123291772.jpg,0,0.001445086705202312,0.0003853564547206166,0.0027938342967244703,0
./datasets/Organised/20260306-handFlying-2/123291772.jpg,1,0.5453757225433526,0.008959537572254336,0.07032755298651253,1
./datasets/Organised/20260306-handFlying-2/123291772.jpg,2,0.8628131021194605,0.01348747591522158,0.10915221579961465,1
./datasets/Organised/20260306-handFlying-2/123425093.jpg,0,0.0003853564547206166,9.633911368015414e-05,0.0010597302504816955,0
./datasets/Organised/20260306-handFlying-2/123425093.jpg,1,0.5603082851637765,0.011946050096339113,0.07302504816955684,1
./datasets/Organised/20260306-handFlying-2/123425093.jpg,2,0.8878612716763006,0.00953757225433526,0.09393063583815028,1
./datasets/Organised/20260306-handFlying-2/123591759.jpg,0,0.0001926782273603083,0.0,0.0007707129094412332,0
./datasets/Organised/20260306-handFlying-2/123591759.jpg,1,0.581888246628131,0.013969171483622351,0.08930635838150289,1
./datasets/Organised/20260306-handFlying-2/123591759.jpg,2,0.8741811175337187,0.011464354527938344,0.10597302504816955,1
./datasets/Organised/20260306-handFlying-2/123725093.jpg,0,0.019171483622350674,0.0007707129094412332,0.005202312138728324,0
./datasets/Organised/20260306-handFlying-2/123725093.jpg,1,0.6117533718689788,0.014161849710982659,0.09364161849710982,1
./datasets/Organised/20260306-handFlying-2/123725093.jpg,2,0.8284200385356455,0.011657032755298651,0.10944123314065511,1
./datasets/Organised/20260306-handFlying-2/123891795.jpg,0,0.05500963391136802,0.0016377649325626203,0.013680154142581889,0
./datasets/Organised/20260306-handFlying-2/123891795.jpg,1,0.5623314065510597,0.018304431599229287,0.11165703275529865,1
./datasets/Organised/20260306-handFlying-2/123891795.jpg,2,0.7764932562620424,0.012138728323699421,0.09961464354527938,1
./datasets/Organised/20260306-handFlying-2/124025098.jpg,0,0.05529865125240848,0.0022157996146435453,0.01300578034682081,0
./datasets/Organised/20260306-handFlying-2/124025098.jpg,1,0.5416184971098266,0.01628131021194605,0.1048169556840077,1
./datasets/Organised/20260306-handFlying-2/124025098.jpg,2,0.7825626204238921,0.012909441233140655,0.10626204238921001,1
./datasets/Organised/20260306-handFlying-2/124191756.jpg,0,0.05770712909441233,0.002601156069364162,0.016859344894026976,0
./datasets/Organised/20260306-handFlying-2/124191756.jpg,1,0.5211946050096339,0.018689788053949902,0.1272639691714836,1
./datasets/Organised/20260306-handFlying-2/124191756.jpg,2,0.7695568400770713,0.011849710982658959,0.09691714836223507,1
./datasets/Organised/20260306-handFlying-2/124325096.jpg,0,0.06329479768786127,0.002601156069364162,0.02119460500963391,0
./datasets/Organised/20260306-handFlying-2/124325096.jpg,1,0.5305394990366089,0.01763005780346821,0.11165703275529865,1
./datasets/Organised/20260306-handFlying-2/124325096.jpg,2,0.7719653179190752,0.011271676300578034,0.0941233140655106,1
./datasets/Organised/20260306-handFlying-2/124491750.jpg,0,0.022639691714836225,0.002119460500963391,0.015703275529865127,0
./datasets/Organised/20260306-handFlying-2/124491750.jpg,1,0.4684007707129094,0.02302504816955684,0.13959537572254335,1
./datasets/Organised/20260306-handFlying-2/124491750.jpg,2,0.6894990366088632,0.012235067437379576,0.0930635838150289,1
./datasets/Organised/20260306-handFlying-2/124625088.jpg,0,0.011368015414258189,0.0011560693641618498,0.012716763005780347,0
./datasets/Organised/20260306-handFlying-2/124625088.jpg,1,0.4153179190751445,0.025144508670520233,0.14710982658959537,1
./datasets/Organised/20260306-handFlying-2/124625088.jpg,2,0.6127167630057804,0.012909441233140655,0.09460500963391137,1
./datasets/Organised/20260306-handFlying-2/124791764.jpg,0,0.0035645472061657034,0.0011560693641618498,0.00838150289017341,0
./datasets/Organised/20260306-handFlying-2/124791764.jpg,1,0.42273603082851635,0.022736030828516378,0.15028901734104047,1
./datasets/Organised/20260306-handFlying-2/124791764.jpg,2,0.6597302504816955,0.013776493256262042,0.09566473988439306,1
./datasets/Organised/20260306-handFlying-2/124925088.jpg,0,0.0037572254335260114,0.000674373795761079,0.005973025048169557,0
./datasets/Organised/20260306-handFlying-2/124925088.jpg,1,0.4635838150289017,0.02398843930635838,0.14258188824662812,1
./datasets/Organised/20260306-handFlying-2/124925088.jpg,2,0.5644508670520231,0.011271676300578034,0.08314065510597303,1
./datasets/Organised/20260306-handFlying-2/125058417.jpg,0,0.0036608863198458576,0.0005780346820809249,0.005009633911368015,0
./datasets/Organised/20260306-handFlying-2/125058417.jpg,1,0.4619460500963391,0.02302504816955684,0.14701348747591522,1
./datasets/Organised/20260306-handFlying-2/125058417.jpg,2,0.5897880539499036,0.010404624277456647,0.08651252408477841,1
./datasets/Organised/20260306-handFlying-2/125191748.jpg,0,0.009730250481695568,0.000674373795761079,0.009055876685934489,0
./datasets/Organised/20260306-handFlying-2/125191748.jpg,1,0.4261078998073218,0.02321772639691715,0.148747591522158,1
./datasets/Organised/20260306-handFlying-2/125191748.jpg,2,0.5267822736030828,0.012620423892100193,0.09200385356454721,1
./datasets/Organised/20260306-handFlying-2/125358419.jpg,0,0.00510597302504817,0.0010597302504816955,0.005876685934489403,0
./datasets/Organised/20260306-handFlying-2/125358419.jpg,1,0.4684971098265896,0.02581888246628131,0.14942196531791907,1
./datasets/Organised/20260306-handFlying-2/125358419.jpg,2,0.588728323699422,0.00953757225433526,0.07552986512524085,1
./datasets/Organised/20260306-handFlying-2/125491744.jpg,0,0.0056840077071290945,0.0004816955684007707,0.0060693641618497106,0
./datasets/Organised/20260306-handFlying-2/125491744.jpg,1,0.48583815028901733,0.027745664739884393,0.17109826589595376,1
./datasets/Organised/20260306-handFlying-2/125491744.jpg,2,0.5290944123314065,0.011271676300578034,0.07842003853564547,1
./datasets/Organised/20260306-handFlying-2/125625080.jpg,0,0.004913294797687861,0.0003853564547206166,0.006165703275529865,0
./datasets/Organised/20260306-handFlying-2/125625080.jpg,1,0.4863198458574181,0.02996146435452794,0.175626204238921,1
./datasets/Organised/20260306-handFlying-2/125625080.jpg,2,0.4485549132947977,0.009922928709055878,0.075626204238921,1
./datasets/Organised/20260306-handFlying-2/125758455.jpg,0,0.013198458574181117,0.0010597302504816955,0.012042389210019268,0
./datasets/Organised/20260306-handFlying-2/125758455.jpg,1,0.5777456647398844,0.03005780346820809,0.17658959537572255,1
./datasets/Organised/20260306-handFlying-2/125758455.jpg,2,0.46926782273603085,0.011464354527938344,0.07803468208092486,1
./datasets/Organised/20260306-handFlying-2/125925086.jpg,0,0.029479768786127167,0.0029865125240847784,0.02813102119460501,0
./datasets/Organised/20260306-handFlying-2/125925086.jpg,1,0.5494219653179191,0.029576107899807323,0.18448940269749517,1
./datasets/Organised/20260306-handFlying-2/125925086.jpg,2,0.3838150289017341,0.010789980732177264,0.0710019267822736,1
./datasets/Organised/20260306-handFlying-2/126058409.jpg,0,0.03651252408477842,0.004431599229287091,0.02880539499036609,0
./datasets/Organised/20260306-handFlying-2/126058409.jpg,1,0.5163776493256262,0.03333333333333333,0.18863198458574182,1
./datasets/Organised/20260306-handFlying-2/126058409.jpg,2,0.32726396917148365,0.008092485549132947,0.06088631984585742,1
./datasets/Organised/20260306-handFlying-2/126191744.jpg,0,0.05789980732177264,0.0052986512524084775,0.029865125240847785,0
./datasets/Organised/20260306-handFlying-2/126191744.jpg,1,0.4594412331406551,0.026878612716763006,0.1708092485549133,1
./datasets/Organised/20260306-handFlying-2/126191744.jpg,2,0.21416184971098265,0.006936416184971098,0.0476878612716763,1
./datasets/Organised/20260306-handFlying-2/126358427.jpg,0,0.09315992292870906,0.007707129094412331,0.05057803468208093,0
./datasets/Organised/20260306-handFlying-2/126358427.jpg,1,0.4579961464354528,0.028323699421965318,0.18391136801541424,1
./datasets/Organised/20260306-handFlying-2/126358427.jpg,2,0.16310211946050096,0.006165703275529865,0.03689788053949904,1
./datasets/Organised/20260306-handFlying-2/126491736.jpg,0,0.12572254335260116,0.009152215799614644,0.06473988439306358,1
./datasets/Organised/20260306-handFlying-2/126491736.jpg,1,0.4730250481695568,0.028227360308285165,0.18217726396917147,1
./datasets/Organised/20260306-handFlying-2/126491736.jpg,2,0.16859344894026976,0.004431599229287091,0.031791907514450865,1
./datasets/Organised/20260306-handFlying-2/126625070.jpg,0,0.17822736030828518,0.009633911368015413,0.06425818882466282,1
./datasets/Organised/20260306-handFlying-2/126625070.jpg,1,0.5305394990366089,0.026782273603082853,0.17109826589595376,1
./datasets/Organised/20260306-handFlying-2/126625070.jpg,2,0.18959537572254334,0.004913294797687861,0.03208092485549133,1
./datasets/Organised/20260306-handFlying-2/126791734.jpg,0,0.22620423892100192,0.012620423892100193,0.08545279383429673,1
./datasets/Organised/20260306-handFlying-2/126791734.jpg,1,0.47552986512524087,0.023314065510597302,0.14730250481695567,1
./datasets/Organised/20260306-handFlying-2/126791734.jpg,2,0.1930635838150289,0.005587668593448941,0.03535645472061657,1
./datasets/Organised/20260306-handFlying-2/126925066.jpg,0,0.3020231213872832,0.013680154142581889,0.08959537572254335,1
./datasets/Organised/20260306-handFlying-2/126925066.jpg,1,0.47235067437379574,0.024277456647398842,0.1640655105973025,1
./datasets/Organised/20260306-handFlying-2/126925066.jpg,2,0.1651252408477842,0.004431599229287091,0.03265895953757225,1
./datasets/Organised/20260306-handFlying-2/127058407.jpg,0,0.3444123314065511,0.017148362235067438,0.11098265895953757,1
./datasets/Organised/20260306-handFlying-2/127058407.jpg,1,0.39026974951830445,0.023699421965317918,0.14344894026974953,1
./datasets/Organised/20260306-handFlying-2/127058407.jpg,2,0.014354527938342966,0.0017341040462427746,0.011753371868978806,0
./datasets/Organised/20260306-handFlying-2/127191734.jpg,0,0.26647398843930636,0.01233140655105973,0.09421965317919075,1
./datasets/Organised/20260306-handFlying-2/127191734.jpg,1,0.4323699421965318,0.021965317919075144,0.1508670520231214,1
./datasets/Organised/20260306-handFlying-2/127191734.jpg,2,0.011849710982658959,0.0015414258188824663,0.015221579961464355,0
./datasets/Organised/20260306-handFlying-2/127358399.jpg,0,0.2295761078998073,0.017822736030828516,0.10789980732177264,1
./datasets/Organised/20260306-handFlying-2/127358399.jpg,1,0.5097302504816956,0.02909441233140655,0.18352601156069365,1
./datasets/Organised/20260306-handFlying-2/127358399.jpg,2,0.00674373795761079,0.001348747591522158,0.0076107899807321775,0
./datasets/Organised/20260306-handFlying-2/127491732.jpg,0,0.19026974951830444,0.015317919075144508,0.10028901734104047,1
./datasets/Organised/20260306-handFlying-2/127491732.jpg,1,0.5283236994219653,0.02697495183044316,0.1788053949903661,1
./datasets/Organised/20260306-handFlying-2/127491732.jpg,2,0.014547206165703276,0.0017341040462427746,0.015317919075144508,0
./datasets/Organised/20260306-handFlying-2/127658418.jpg,0,0.19903660886319846,0.016184971098265895,0.10549132947976879,1
./datasets/Organised/20260306-handFlying-2/127658418.jpg,1,0.5592485549132948,0.023410404624277455,0.1640655105973025,1
./datasets/Organised/20260306-handFlying-2/127658418.jpg,2,0.01599229287090559,0.0016377649325626203,0.011753371868978806,0
./datasets/Organised/20260306-handFlying-2/127791739.jpg,0,0.19238921001926781,0.012524084778420038,0.09393063583815028,1
./datasets/Organised/20260306-handFlying-2/127791739.jpg,1,0.6078998073217726,0.023795761078998074,0.15520231213872832,1
./datasets/Organised/20260306-handFlying-2/127791739.jpg,2,0.09720616570327553,0.004046242774566474,0.023506743737957612,0
./datasets/Organised/20260306-handFlying-2/127925063.jpg,0,0.3085741811175337,0.017533718689788053,0.11319845857418112,1
./datasets/Organised/20260306-handFlying-2/127925063.jpg,1,0.6219653179190752,0.02813102119460501,0.1678227360308285,1
./datasets/Organised/20260306-handFlying-2/127925063.jpg,2,0.21695568400770712,0.004816955684007707,0.03506743737957611,1
./datasets/Organised/20260306-handFlying-2/128091753.jpg,0,0.5188824662813102,0.015895953757225433,0.11589595375722543,1
./datasets/Organised/20260306-handFlying-2/128091753.jpg,1,0.6575144508670521,0.022928709055876687,0.14113680154142583,1
./datasets/Organised/20260306-handFlying-2/128091753.jpg,2,0.26445086705202314,0.006647398843930636,0.043641618497109826,1
./datasets/Organised/20260306-handFlying-2/128225061.jpg,0,0.6888246628131022,0.01695568400770713,0.11348747591522158,1
./datasets/Organised/20260306-handFlying-2/128225061.jpg,1,0.683140655105973,0.022254335260115606,0.15144508670520232,1
./datasets/Organised/20260306-handFlying-2/128225061.jpg,2,0.29421965317919074,0.0068400770712909445,0.03699421965317919,1
./datasets/Organised/20260306-handFlying-2/128358391.jpg,0,0.6358381502890174,0.01695568400770713,0.12774566473988438,1
./datasets/Organised/20260306-handFlying-2/128358391.jpg,1,0.6321772639691715,0.021483622350674372,0.13660886319845858,1
./datasets/Organised/20260306-handFlying-2/128358391.jpg,2,0.2329479768786127,0.004720616570327553,0.03198458574181118,1
./datasets/Organised/20260306-handFlying-2/128525060.jpg,0,0.7105009633911368,0.01676300578034682,0.11840077071290944,1
./datasets/Organised/20260306-handFlying-2/128525060.jpg,1,0.5893063583815029,0.023892100192678227,0.15038535645472062,1
./datasets/Organised/20260306-handFlying-2/128525060.jpg,2,0.28082851637764933,0.004624277456647399,0.03140655105973025,1
./datasets/Organised/20260306-handFlying-2/128658428.jpg,0,0.7002890173410404,0.017726396917148363,0.1222543352601156,1
./datasets/Organised/20260306-handFlying-2/128658428.jpg,1,0.5967244701348747,0.023506743737957612,0.16310211946050096,1
./datasets/Organised/20260306-handFlying-2/128658428.jpg,2,0.3134874759152216,0.006647398843930636,0.039595375722543354,1
./datasets/Organised/20260306-handFlying-2/128825054.jpg,0,0.7216763005780347,0.01579961464354528,0.12909441233140656,1
./datasets/Organised/20260306-handFlying-2/128825054.jpg,1,0.6332369942196532,0.023410404624277455,0.15934489402697496,1
./datasets/Organised/20260306-handFlying-2/128825054.jpg,2,0.3084778420038536,0.0052986512524084775,0.03265895953757225,1
./datasets/Organised/20260306-handFlying-2/128958387.jpg,0,0.7122350674373795,0.01579961464354528,0.12196531791907514,1
./datasets/Organised/20260306-handFlying-2/128958387.jpg,1,0.6471098265895954,0.020616570327552985,0.13940269749518305,1
./datasets/Organised/20260306-handFlying-2/128958387.jpg,2,0.3928709055876686,0.004431599229287091,0.03506743737957611,1
./datasets/Organised/20260306-handFlying-2/129091721.jpg,0,0.7058766859344894,0.013294797687861272,0.10953757225433526,1
./datasets/Organised/20260306-handFlying-2/129091721.jpg,1,0.6444123314065511,0.01859344894026975,0.13179190751445086,1
./datasets/Organised/20260306-handFlying-2/129091721.jpg,2,0.49065510597302503,0.006262042389210019,0.05048169556840077,1
./datasets/Organised/20260306-handFlying-2/129225060.jpg,0,0.6716763005780347,0.012138728323699421,0.10375722543352602,1
./datasets/Organised/20260306-handFlying-2/129225060.jpg,1,0.6477842003853564,0.020809248554913295,0.15366088631984587,1
./datasets/Organised/20260306-handFlying-2/129225060.jpg,2,0.505009633911368,0.014065510597302504,0.09942196531791908,1
./datasets/Organised/20260306-handFlying-2/129358386.jpg,0,0.7592485549132948,0.010500963391136802,0.10423892100192678,1
./datasets/Organised/20260306-handFlying-2/129358386.jpg,1,0.6444123314065511,0.02042389210019268,0.1533718689788054,1
./datasets/Organised/20260306-handFlying-2/129358386.jpg,2,0.506840077071291,0.014932562620423893,0.11233140655105973,1
./datasets/Organised/20260306-handFlying-2/129491724.jpg,0,0.8279383429672447,0.005973025048169557,0.06541425818882467,1
./datasets/Organised/20260306-handFlying-2/129491724.jpg,1,0.7406551059730251,0.01840077071290944,0.12678227360308286,1
./datasets/Organised/20260306-handFlying-2/129491724.jpg,2,0.5404624277456648,0.018208092485549134,0.11657032755298652,1
./datasets/Organised/20260306-handFlying-2/129658391.jpg,0,0.9132947976878613,0.004720616570327553,0.05,1
./datasets/Organised/20260306-handFlying-2/129658391.jpg,1,0.7473988439306358,0.018208092485549134,0.11955684007707129,1
./datasets/Organised/20260306-handFlying-2/129658391.jpg,2,0.5692678227360308,0.017148362235067438,0.1186897880539499,1
./datasets/Organised/20260306-handFlying-2/129791710.jpg,0,0.9195568400770713,0.005587668593448941,0.04903660886319846,1
./datasets/Organised/20260306-handFlying-2/129791710.jpg,1,0.7816955684007707,0.020905587668593448,0.14007707129094413,1
./datasets/Organised/20260306-handFlying-2/129791710.jpg,2,0.5226396917148363,0.018015414258188825,0.12408477842003854,1
./datasets/Organised/20260306-handFlying-2/129958384.jpg,0,0.9338150289017341,0.004335260115606936,0.03641618497109827,1
./datasets/Organised/20260306-handFlying-2/129958384.jpg,1,0.7310211946050096,0.025529865125240848,0.17398843930635838,1
./datasets/Organised/20260306-handFlying-2/129958384.jpg,2,0.42851637764932565,0.015510597302504817,0.11454720616570327,1
./datasets/Organised/20260306-handFlying-2/130091730.jpg,0,0.8754335260115607,0.0052986512524084775,0.048843930635838154,1
./datasets/Organised/20260306-handFlying-2/130091730.jpg,1,0.7336223506743738,0.02726396917148362,0.17764932562620425,1
./datasets/Organised/20260306-handFlying-2/130091730.jpg,2,0.30973025048169556,0.01300578034682081,0.11657032755298652,1
./datasets/Organised/20260306-handFlying-2/130225046.jpg,0,0.7709055876685934,0.0076107899807321775,0.07263969171483622,1
./datasets/Organised/20260306-handFlying-2/130225046.jpg,1,0.7052986512524084,0.03236994219653179,0.20876685934489403,1
./datasets/Organised/20260306-handFlying-2/130225046.jpg,2,0.23371868978805396,0.01069364161849711,0.09450867052023121,1
./datasets/Organised/20260306-handFlying-2/130358379.jpg,0,0.6585741811175337,0.008477842003853564,0.07071290944123314,1
./datasets/Organised/20260306-handFlying-2/130358379.jpg,1,0.6553949903660886,0.03391136801541426,0.20789980732177263,1
./datasets/Organised/20260306-handFlying-2/130358379.jpg,2,0.15895953757225434,0.012620423892100193,0.08574181117533719,1
./datasets/Organised/20260306-handFlying-2/130525047.jpg,0,0.5269749518304432,0.008863198458574181,0.07177263969171484,1
./datasets/Organised/20260306-handFlying-2/130525047.jpg,1,0.6375722543352601,0.03333333333333333,0.20211946050096338,1
./datasets/Organised/20260306-handFlying-2/130525047.jpg,2,0.16396917148362236,0.014258188824662813,0.1023121387283237,1
./datasets/Organised/20260306-handFlying-2/130658384.jpg,0,0.5213872832369942,0.010500963391136802,0.08053949903660887,1
./datasets/Organised/20260306-handFlying-2/130658384.jpg,1,0.6697495183044316,0.0325626204238921,0.21859344894026975,1
./datasets/Organised/20260306-handFlying-2/130658384.jpg,2,0.18747591522157997,0.014836223506743738,0.11502890173410404,1
./datasets/Organised/20260306-handFlying-2/130825043.jpg,0,0.6632947976878613,0.00789980732177264,0.06994219653179191,1
./datasets/Organised/20260306-handFlying-2/130825043.jpg,1,0.7471098265895953,0.029576107899807323,0.2106936416184971,1
./datasets/Organised/20260306-handFlying-2/130825043.jpg,2,0.21377649325626205,0.015317919075144508,0.11146435452793835,1
./datasets/Organised/20260306-handFlying-2/130958374.jpg,0,0.7119460500963392,0.01069364161849711,0.08285163776493257,1
./datasets/Organised/20260306-handFlying-2/130958374.jpg,1,0.8160886319845857,0.02302504816955684,0.14277456647398845,1
./datasets/Organised/20260306-handFlying-2/130958374.jpg,2,0.2771676300578035,0.01878612716763006,0.12177263969171484,1
./datasets/Organised/20260306-handFlying-2/131125030.jpg,0,0.6239884393063584,0.011946050096339113,0.1048169556840077,1
./datasets/Organised/20260306-handFlying-2/131125030.jpg,1,0.941811175337187,0.010308285163776493,0.08102119460500963,1
./datasets/Organised/20260306-handFlying-2/131125030.jpg,2,0.351252408477842,0.025240847784200385,0.15433526011560694,1
./datasets/Organised/20260306-handFlying-2/131258368.jpg,0,0.5820809248554913,0.014065510597302504,0.10038535645472062,1
./datasets/Organised/20260306-handFlying-2/131258368.jpg,1,0.9479768786127167,0.0068400770712909445,0.0720616570327553,1
./datasets/Organised/20260306-handFlying-2/131258368.jpg,2,0.5657996146435453,0.028227360308285165,0.1754335260115607,1
./datasets/Organised/20260306-handFlying-2/131425032.jpg,0,0.3825626204238921,0.0076107899807321775,0.05279383429672447,1
./datasets/Organised/20260306-handFlying-2/131425032.jpg,1,0.8342967244701349,0.011175337186897881,0.12032755298651253,1
./datasets/Organised/20260306-handFlying-2/131425032.jpg,2,0.6957610789980733,0.022639691714836225,0.16329479768786126,1
./datasets/Organised/20260306-handFlying-2/131558365.jpg,0,0.14807321772639692,0.00394990366088632,0.03265895953757225,1
./datasets/Organised/20260306-handFlying-2/131558365.jpg,1,0.8192678227360308,0.014739884393063583,0.12774566473988438,1
./datasets/Organised/20260306-handFlying-2/131558365.jpg,2,0.7903660886319845,0.0174373795761079,0.14489402697495182,1
./datasets/Organised/20260306-handFlying-2/131725035.jpg,0,0.03574181117533719,0.0035645472061657034,0.026878612716763006,0
./datasets/Organised/20260306-handFlying-2/131725035.jpg,1,0.6722543352601156,0.010597302504816955,0.101252408477842,1
./datasets/Organised/20260306-handFlying-2/131725035.jpg,2,0.7703275529865126,0.014450867052023121,0.1252408477842004,1
./datasets/Organised/20260306-handFlying-2/131858360.jpg,0,0.13188824662813103,0.00674373795761079,0.04971098265895954,1
./datasets/Organised/20260306-handFlying-2/131858360.jpg,1,0.5151252408477842,0.0076107899807321775,0.06310211946050097,1
./datasets/Organised/20260306-handFlying-2/131858360.jpg,2,0.8332369942196531,0.016088631984585742,0.14084778420038535,1
./datasets/Organised/20260306-handFlying-2/132025033.jpg,0,0.2176300578034682,0.010597302504816955,0.07129094412331406,1
./datasets/Organised/20260306-handFlying-2/132025033.jpg,1,0.36339113680154145,0.0056840077071290945,0.04749518304431599,1
./datasets/Organised/20260306-handFlying-2/132025033.jpg,2,0.8130057803468208,0.01676300578034682,0.1393063583815029,1
./datasets/Organised/20260306-handFlying-2/132158369.jpg,0,0.2046242774566474,0.009633911368015413,0.06579961464354528,1
./datasets/Organised/20260306-handFlying-2/132158369.jpg,1,0.36329479768786127,0.004913294797687861,0.03998073217726397,1
./datasets/Organised/20260306-handFlying-2/132158369.jpg,2,0.8051059730250482,0.016473988439306357,0.14470134874759152,1
./datasets/Organised/20260306-handFlying-2/132291692.jpg,0,0.2883429672447014,0.009633911368015413,0.06618497109826589,1
./datasets/Organised/20260306-handFlying-2/132291692.jpg,1,0.5599229287090559,0.007032755298651252,0.05645472061657033,1
./datasets/Organised/20260306-handFlying-2/132291692.jpg,2,0.5961464354527939,0.014450867052023121,0.1103082851637765,1
./datasets/Organised/20260306-handFlying-2/132425052.jpg,0,0.3042389210019268,0.009248554913294798,0.060789980732177264,1
./datasets/Organised/20260306-handFlying-2/132425052.jpg,1,0.6855491329479769,0.008188824662813102,0.06570327552986513,1
./datasets/Organised/20260306-handFlying-2/132425052.jpg,2,0.41946050096339116,0.009248554913294798,0.08853564547206166,1
./datasets/Organised/20260306-handFlying-2/132591692.jpg,0,0.3371868978805395,0.008092485549132947,0.059248554913294796,1
./datasets/Organised/20260306-handFlying-2/132591692.jpg,1,0.6754335260115607,0.012427745664739885,0.09325626204238921,1
./datasets/Organised/20260306-handFlying-2/132591692.jpg,2,0.371868978805395,0.009248554913294798,0.07456647398843931,1
./datasets/Organised/20260306-handFlying-2/132892226.jpg,0,0.31194605009633913,0.006647398843930636,0.049229287090558765,1
./datasets/Organised/20260306-handFlying-2/132892226.jpg,1,0.6389210019267823,0.012524084778420038,0.09556840077071291,1
./datasets/Organised/20260306-handFlying-2/132892226.jpg,2,0.39046242774566475,0.007707129094412331,0.06502890173410404,1
./datasets/Organised/20260306-handFlying-2/133058354.jpg,0,0.27610789980732175,0.0052986512524084775,0.04566473988439306,1
./datasets/Organised/20260306-handFlying-2/133058354.jpg,1,0.6354527938342968,0.011078998073217727,0.08545279383429673,1
./datasets/Organised/20260306-handFlying-2/133058354.jpg,2,0.45452793834296723,0.007032755298651252,0.059152215799614646,1
./datasets/Organised/20260306-handFlying-2/133225022.jpg,0,0.19739884393063584,0.006358381502890174,0.03969171483622351,1
./datasets/Organised/20260306-handFlying-2/133225022.jpg,1,0.5407514450867053,0.012909441233140655,0.10616570327552986,1
./datasets/Organised/20260306-handFlying-2/133225022.jpg,2,0.5877649325626204,0.011753371868978806,0.09104046242774566,1
./datasets/Organised/20260306-handFlying-2/133358359.jpg,0,0.1373795761078998,0.004913294797687861,0.032947976878612714,1
./datasets/Organised/20260306-handFlying-2/133358359.jpg,1,0.47851637764932564,0.011946050096339113,0.0941233140655106,1
./datasets/Organised/20260306-handFlying-2/133358359.jpg,2,0.6670520231213873,0.01300578034682081,0.10240847784200385,1
./datasets/Organised/20260306-handFlying-2/133525022.jpg,0,0.07639691714836223,0.003468208092485549,0.023506743737957612,0
./datasets/Organised/20260306-handFlying-2/133525022.jpg,1,0.3857418111753372,0.012235067437379576,0.0930635838150289,1
./datasets/Organised/20260306-handFlying-2/133525022.jpg,2,0.6742774566473988,0.012909441233140655,0.10664739884393064,1
./datasets/Organised/20260306-handFlying-2/133658392.jpg,0,0.06734104046242774,0.0038535645472061657,0.025144508670520233,0
./datasets/Organised/20260306-handFlying-2/133658392.jpg,1,0.374373795761079,0.012716763005780347,0.09267822736030829,1
./datasets/Organised/20260306-handFlying-2/133658392.jpg,2,0.6572254335260116,0.015317919075144508,0.12716763005780346,1
./datasets/Organised/20260306-handFlying-2/133825047.jpg,0,0.06753371868978805,0.0032755298651252407,0.025626204238921,0
./datasets/Organised/20260306-handFlying-2/133825047.jpg,1,0.38795761078998076,0.012042389210019268,0.09364161849710982,1
./datasets/Organised/20260306-handFlying-2/133825047.jpg,2,0.6805394990366088,0.013583815028901734,0.11676300578034682,1
./datasets/Organised/20260306-handFlying-2/133958346.jpg,0,0.0802504816955684,0.0035645472061657034,0.025048169556840076,0
./datasets/Organised/20260306-handFlying-2/133958346.jpg,1,0.44258188824662814,0.010982658959537572,0.08959537572254335,1
./datasets/Organised/20260306-handFlying-2/133958346.jpg,2,0.7404624277456647,0.013198458574181117,0.10895953757225434,1
./datasets/Organised/20260306-handFlying-2/134125033.jpg,0,0.0894990366088632,0.00394990366088632,0.02976878612716763,0
./datasets/Organised/20260306-handFlying-2/134125033.jpg,1,0.3713872832369942,0.014450867052023121,0.1,1
./datasets/Organised/20260306-handFlying-2/134125033.jpg,2,0.7073217726396918,0.01348747591522158,0.10105973025048169,1
./datasets/Organised/20260306-handFlying-2/134258383.jpg,0,0.10337186897880539,0.004624277456647399,0.03304431599229287,1
./datasets/Organised/20260306-handFlying-2/134258383.jpg,1,0.371868978805395,0.016377649325626204,0.11204238921001927,1
./datasets/Organised/20260306-handFlying-2/134258383.jpg,2,0.6549132947976879,0.01628131021194605,0.13815028901734103,1
./datasets/Organised/20260306-handFlying-2/134391673.jpg,0,0.10221579961464354,0.0037572254335260114,0.0289980732177264,1
./datasets/Organised/20260306-handFlying-2/134391673.jpg,1,0.3334296724470135,0.013776493256262042,0.10260115606936417,1
./datasets/Organised/20260306-handFlying-2/134391673.jpg,2,0.6333333333333333,0.014932562620423893,0.12061657032755299,1
./datasets/Organised/20260306-handFlying-2/134558370.jpg,0,0.14479768786127167,0.004624277456647399,0.03497109826589596,1
./datasets/Organised/20260306-handFlying-2/134558370.jpg,1,0.40385356454720617,0.0151252408477842,0.10597302504816955,1
./datasets/Organised/20260306-handFlying-2/134558370.jpg,2,0.6566473988439306,0.014450867052023121,0.1103082851637765,1
./datasets/Organised/20260306-handFlying-2/134691687.jpg,0,0.17861271676300577,0.005202312138728324,0.037283236994219655,1
./datasets/Organised/20260306-handFlying-2/134691687.jpg,1,0.45472061657032753,0.0151252408477842,0.10578034682080925,1
./datasets/Organised/20260306-handFlying-2/134691687.jpg,2,0.7433526011560694,0.012427745664739885,0.11078998073217726,1
./datasets/Organised/20260306-handFlying-2/134825040.jpg,0,0.18670520231213872,0.004238921001926782,0.04123314065510597,1
./datasets/Organised/20260306-handFlying-2/134825040.jpg,1,0.46502890173410405,0.014739884393063583,0.11435452793834297,1
./datasets/Organised/20260306-handFlying-2/134825040.jpg,2,0.7594412331406551,0.012620423892100193,0.11396917148362234,1
./datasets/Organised/20260306-handFlying-2/134958340.jpg,0,0.21917148362235067,0.006551059730250481,0.04094412331406551,1
./datasets/Organised/20260306-handFlying-2/134958340.jpg,1,0.4711946050096339,0.01560693641618497,0.11483622350674373,1
./datasets/Organised/20260306-handFlying-2/134958340.jpg,2,0.747495183044316,0.01300578034682081,0.1105009633911368,1
./datasets/Organised/20260306-handFlying-2/135091671.jpg,0,0.21011560693641618,0.005876685934489403,0.042870905587668595,1
./datasets/Organised/20260306-handFlying-2/135091671.jpg,1,0.43795761078998074,0.013294797687861272,0.10520231213872833,1
./datasets/Organised/20260306-handFlying-2/135091671.jpg,2,0.7750481695568401,0.012524084778420038,0.10105973025048169,1
./datasets/Organised/20260306-handFlying-2/135258336.jpg,0,0.1590558766859345,0.004720616570327553,0.03497109826589596,1
./datasets/Organised/20260306-handFlying-2/135258336.jpg,1,0.3623314065510597,0.015510597302504817,0.10558766859344894,1
./datasets/Organised/20260306-handFlying-2/135258336.jpg,2,0.7078034682080925,0.012042389210019268,0.11213872832369942,1
./datasets/Organised/20260306-handFlying-2/135391680.jpg,0,0.13564547206165703,0.0052986512524084775,0.03757225433526012,1
./datasets/Organised/20260306-handFlying-2/135391680.jpg,1,0.30895953757225436,0.01233140655105973,0.08853564547206166,1
./datasets/Organised/20260306-handFlying-2/135391680.jpg,2,0.6215799614643546,0.014836223506743738,0.11184971098265896,1
./datasets/Organised/20260306-handFlying-2/135525001.jpg,0,0.09017341040462427,0.0036608863198458576,0.03747591522157996,0
./datasets/Organised/20260306-handFlying-2/135525001.jpg,1,0.22976878612716764,0.01001926782273603,0.07601156069364162,1
./datasets/Organised/20260306-handFlying-2/135525001.jpg,2,0.44961464354527936,0.012427745664739885,0.09739884393063585,1
./datasets/Organised/20260306-handFlying-2/135658334.jpg,0,0.08198458574181118,0.0030828516377649326,0.02398843930635838,0
./datasets/Organised/20260306-handFlying-2/135658334.jpg,1,0.1978805394990366,0.009922928709055878,0.08670520231213873,1
./datasets/Organised/20260306-handFlying-2/135658334.jpg,2,0.48246628131021196,0.01233140655105973,0.09768786127167631,1
./datasets/Organised/20260306-handFlying-2/135825014.jpg,0,0.13015414258188826,0.004816955684007707,0.03872832369942197,1
./datasets/Organised/20260306-handFlying-2/135825014.jpg,1,0.2814065510597302,0.012427745664739885,0.0905587668593449,1
./datasets/Organised/20260306-handFlying-2/135825014.jpg,2,0.6639691714836223,0.013872832369942197,0.12071290944123314,1
./datasets/Organised/20260306-handFlying-2/135958332.jpg,0,0.15481695568400772,0.00510597302504817,0.037283236994219655,1
./datasets/Organised/20260306-handFlying-2/135958332.jpg,1,0.31647398843930635,0.01348747591522158,0.09325626204238921,1
./datasets/Organised/20260306-handFlying-2/135958332.jpg,2,0.7161849710982658,0.013680154142581889,0.11782273603082852,1
./datasets/Organised/20260306-handFlying-2/136091671.jpg,0,0.1628131021194605,0.00510597302504817,0.039210019267822735,1
./datasets/Organised/20260306-handFlying-2/136091671.jpg,1,0.3485549132947977,0.01464354527938343,0.10404624277456648,1
./datasets/Organised/20260306-handFlying-2/136091671.jpg,2,0.7204238921001926,0.010886319845857417,0.10192678227360308,1
./datasets/Organised/20260306-handFlying-2/136224994.jpg,0,0.22890173410404624,0.005587668593448941,0.04267822736030828,1
./datasets/Organised/20260306-handFlying-2/136224994.jpg,1,0.45240847784200383,0.015028901734104046,0.1126204238921002,1
./datasets/Organised/20260306-handFlying-2/136224994.jpg,2,0.8236030828516377,0.011560693641618497,0.10096339113680154,1
./datasets/Organised/20260306-handFlying-2/136391703.jpg,0,0.20423892100192678,0.005491329479768786,0.04123314065510597,1
./datasets/Organised/20260306-handFlying-2/136391703.jpg,1,0.42890173410404625,0.015317919075144508,0.10529865125240848,1
./datasets/Organised/20260306-handFlying-2/136391703.jpg,2,0.8032755298651253,0.009152215799614644,0.08497109826589595,1
./datasets/Organised/20260306-handFlying-2/136524997.jpg,0,0.18140655105973025,0.0060693641618497106,0.03689788053949904,1
./datasets/Organised/20260306-handFlying-2/136524997.jpg,1,0.37736030828516376,0.01348747591522158,0.10077071290944123,1
./datasets/Organised/20260306-handFlying-2/136524997.jpg,2,0.7207129094412331,0.011753371868978806,0.1058766859344894,1
./datasets/Organised/20260306-handFlying-2/136658335.jpg,0,0.1724470134874759,0.004816955684007707,0.041040462427745665,1
./datasets/Organised/20260306-handFlying-2/136658335.jpg,1,0.32302504816955685,0.012716763005780347,0.09421965317919075,1
./datasets/Organised/20260306-handFlying-2/136658335.jpg,2,0.6386319845857418,0.013872832369942197,0.10953757225433526,1
./datasets/Organised/20260306-handFlying-2/136792105.jpg,0,0.14104046242774568,0.00510597302504817,0.035452793834296725,1
./datasets/Organised/20260306-handFlying-2/136792105.jpg,1,0.347495183044316,0.010597302504816955,0.0873795761078998,1
./datasets/Organised/20260306-handFlying-2/136792105.jpg,2,0.6699421965317919,0.013102119460500963,0.11146435452793835,1
./datasets/Organised/20260306-handFlying-2/136958319.jpg,0,0.04826589595375722,0.002697495183044316,0.02042389210019268,0
./datasets/Organised/20260306-handFlying-2/136958319.jpg,1,0.38198458574181116,0.01001926782273603,0.07678227360308285,1
./datasets/Organised/20260306-handFlying-2/136958319.jpg,2,0.5728323699421966,0.013391136801541427,0.10992292870905587,1
./datasets/Organised/20260306-handFlying-2/137091655.jpg,0,0.019171483622350674,0.0024084778420038534,0.01676300578034682,0
./datasets/Organised/20260306-handFlying-2/137091655.jpg,1,0.4119460500963391,0.01021194605009634,0.08159922928709056,1
./datasets/Organised/20260306-handFlying-2/137091655.jpg,2,0.6396917148362236,0.012235067437379576,0.10500963391136801,1
./datasets/Organised/20260306-handFlying-2/137224988.jpg,0,0.026685934489402697,0.0032755298651252407,0.018689788053949902,0
./datasets/Organised/20260306-handFlying-2/137224988.jpg,1,0.4315028901734104,0.011657032755298651,0.0918111753371869,1
./datasets/Organised/20260306-handFlying-2/137224988.jpg,2,0.684971098265896,0.010886319845857417,0.09961464354527938,1
./datasets/Organised/20260306-handFlying-2/137358334.jpg,0,0.023699421965317918,0.0027938342967244703,0.01695568400770713,0
./datasets/Organised/20260306-handFlying-2/137358334.jpg,1,0.40703275529865124,0.011368015414258189,0.07890173410404624,1
./datasets/Organised/20260306-handFlying-2/137358334.jpg,2,0.6796724470134875,0.009441233140655106,0.08448940269749518,1
./datasets/Organised/20260306-handFlying-2/137491648.jpg,0,0.016570327552986513,0.0018304431599229288,0.016570327552986513,0
./datasets/Organised/20260306-handFlying-2/137491648.jpg,1,0.46955684007707127,0.010500963391136802,0.0861271676300578,1
./datasets/Organised/20260306-handFlying-2/137491648.jpg,2,0.7089595375722544,0.0068400770712909445,0.05433526011560694,1
./datasets/Organised/20260306-handFlying-2/137658314.jpg,0,0.000674373795761079,0.0,0.000674373795761079,0
./datasets/Organised/20260306-handFlying-2/137658314.jpg,1,0.3511560693641618,0.014258188824662813,0.08911368015414259,1
./datasets/Organised/20260306-handFlying-2/137658314.jpg,2,0.5815028901734104,0.008285163776493257,0.07177263969171484,1
./datasets/Organised/20260306-handFlying-2/137824993.jpg,0,0.0,0.0,0.0,0
./datasets/Organised/20260306-handFlying-2/137824993.jpg,1,0.1546242774566474,0.006551059730250481,0.05414258188824663,1
./datasets/Organised/20260306-handFlying-2/137824993.jpg,2,0.3651252408477842,0.014258188824662813,0.09922928709055877,1
./datasets/Organised/20260306-handFlying-2/137958317.jpg,0,0.0,0.0,0.0,0
./datasets/Organised/20260306-handFlying-2/137958317.jpg,1,0.11021194605009633,0.005780346820809248,0.04007707129094412,1
./datasets/Organised/20260306-handFlying-2/137958317.jpg,2,0.34325626204238924,0.013391136801541427,0.09730250481695568,1
./datasets/Organised/20260306-handFlying-2/138091653.jpg,0,0.0,0.0,0.0,0
./datasets/Organised/20260306-handFlying-2/138091653.jpg,1,0.097495183044316,0.005973025048169557,0.04344894026974952,0
./datasets/Organised/20260306-handFlying-2/138091653.jpg,2,0.30134874759152214,0.011464354527938344,0.08689788053949904,1
./datasets/Organised/20260306-handFlying-2/138224980.jpg,0,0.0,0.0,0.0,0
./datasets/Organised/20260306-handFlying-2/138224980.jpg,1,0.10684007707129095,0.0060693641618497106,0.05048169556840077,1
./datasets/Organised/20260306-handFlying-2/138224980.jpg,2,0.25722543352601157,0.008477842003853564,0.062235067437379575,1
./datasets/Organised/20260306-handFlying-2/138358322.jpg,0,0.0001926782273603083,0.0,0.0007707129094412332,0
./datasets/Organised/20260306-handFlying-2/138358322.jpg,1,0.16146435452793834,0.007707129094412331,0.057803468208092484,1
./datasets/Organised/20260306-handFlying-2/138358322.jpg,2,0.2752408477842004,0.011078998073217727,0.07263969171483622,1
./datasets/Organised/20260306-handFlying-2/138491654.jpg,0,0.0007707129094412332,0.0,0.0007707129094412332,0
./datasets/Organised/20260306-handFlying-2/138491654.jpg,1,0.21425818882466283,0.010886319845857417,0.0804431599229287,1
./datasets/Organised/20260306-handFlying-2/138491654.jpg,2,0.37023121387283237,0.012909441233140655,0.08998073217726398,1
./datasets/Organised/20260306-handFlying-2/138658309.jpg,0,0.0001926782273603083,9.633911368015414e-05,0.0007707129094412332,0
./datasets/Organised/20260306-handFlying-2/138658309.jpg,1,0.201252408477842,0.011464354527938344,0.07745664739884393,1
./datasets/Organised/20260306-handFlying-2/138658309.jpg,2,0.46483622350674375,0.011946050096339113,0.09046242774566474,1
./datasets/Organised/20260306-handFlying-2/138858309.jpg,0,0.0,0.0,0.0,0
./datasets/Organised/20260306-handFlying-2/138858309.jpg,1,0.1273603082851638,0.009344894026974951,0.06589595375722543,1
./datasets/Organised/20260306-handFlying-2/138858309.jpg,2,0.41271676300578036,0.011946050096339113,0.09710982658959537,1
./datasets/Organised/20260306-handFlying-2/138958304.jpg,0,0.0,0.0,0.0,0
./datasets/Organised/20260306-handFlying-2/138958304.jpg,1,0.1264932562620424,0.0072254335260115606,0.06165703275529865,1
./datasets/Organised/20260306-handFlying-2/138958304.jpg,2,0.4298651252408478,0.01233140655105973,0.097495183044316,1
./datasets/Organised/20260306-handFlying-2/139091675.jpg,0,9.633911368015414e-05,9.633911368015414e-05,0.0,0
./datasets/Organised/20260306-handFlying-2/139091675.jpg,1,0.14267822736030827,0.007321772639691715,0.06319845857418112,1
./datasets/Organised/20260306-handFlying-2/139091675.jpg,2,0.4280346820809249,0.0128131021194605,0.09614643545279383,1
./datasets/Organised/20260306-handFlying-2/139224969.jpg,0,0.0017341040462427746,0.0001926782273603083,0.0023121387283236996,0
./datasets/Organised/20260306-handFlying-2/139224969.jpg,1,0.175626204238921,0.011271676300578034,0.0789980732177264,1
./datasets/Organised/20260306-handFlying-2/139224969.jpg,2,0.49258188824662813,0.0128131021194605,0.0951830443159923,1
./datasets/Organised/20260306-handFlying-2/139358313.jpg,0,0.003179190751445087,0.0003853564547206166,0.004624277456647399,0
./datasets/Organised/20260306-handFlying-2/139358313.jpg,1,0.19951830443159924,0.011368015414258189,0.0907514450867052,1
./datasets/Organised/20260306-handFlying-2/139358313.jpg,2,0.5095375722543353,0.014836223506743738,0.0968208092485549,1
./datasets/Organised/20260306-handFlying-2/139525046.jpg,0,0.005780346820809248,0.000674373795761079,0.0068400770712909445,0
./datasets/Organised/20260306-handFlying-2/139525046.jpg,1,0.18969171483622352,0.011368015414258189,0.08815028901734104,1
./datasets/Organised/20260306-handFlying-2/139525046.jpg,2,0.5609826589595376,0.014450867052023121,0.10568400770712909,1
./datasets/Organised/20260306-handFlying-2/139658323.jpg,0,0.0032755298651252407,0.000674373795761079,0.003468208092485549,0
./datasets/Organised/20260306-handFlying-2/139658323.jpg,1,0.16840077071290943,0.012042389210019268,0.09421965317919075,1
./datasets/Organised/20260306-handFlying-2/139658323.jpg,2,0.5054913294797688,0.013680154142581889,0.11907514450867052,1
./datasets/Organised/20260306-handFlying-2/139791669.jpg,0,0.005780346820809248,0.0004816955684007707,0.0056840077071290945,0
./datasets/Organised/20260306-handFlying-2/139791669.jpg,1,0.1720616570327553,0.010982658959537572,0.0838150289017341,1
./datasets/Organised/20260306-handFlying-2/139791669.jpg,2,0.6217726396917148,0.012042389210019268,0.07697495183044316,1
./datasets/Organised/20260306-handFlying-2/139924966.jpg,0,0.0036608863198458576,0.0003853564547206166,0.0038535645472061657,0
./datasets/Organised/20260306-handFlying-2/139924966.jpg,1,0.1585741811175337,0.010500963391136802,0.08468208092485549,1
./datasets/Organised/20260306-handFlying-2/139924966.jpg,2,0.6101156069364162,0.012909441233140655,0.10009633911368016,1
./datasets/Organised/20260306-handFlying-2/140058302.jpg,0,0.0032755298651252407,0.0010597302504816955,0.004816955684007707,0
./datasets/Organised/20260306-handFlying-2/140058302.jpg,1,0.12591522157996146,0.009248554913294798,0.07292870905587669,1
./datasets/Organised/20260306-handFlying-2/140058302.jpg,2,0.47341040462427747,0.012524084778420038,0.09132947976878612,1
./datasets/Organised/20260306-handFlying-2/140191633.jpg,0,0.001445086705202312,0.0001926782273603083,0.0018304431599229288,0
./datasets/Organised/20260306-handFlying-2/140191633.jpg,1,0.10616570327552986,0.009826589595375723,0.07466281310211946,1
./datasets/Organised/20260306-handFlying-2/140191633.jpg,2,0.47186897880539497,0.01300578034682081,0.10048169556840077,1
./datasets/Organised/20260306-handFlying-2/140324976.jpg,0,0.0024084778420038534,0.0001926782273603083,0.00394990366088632,0
./datasets/Organised/20260306-handFlying-2/140324976.jpg,1,0.09980732177263969,0.010597302504816955,0.07447013487475915,0
./datasets/Organised/20260306-handFlying-2/140324976.jpg,2,0.39296724470134875,0.011078998073217727,0.0861271676300578,1
./datasets/Organised/20260306-handFlying-2/140458299.jpg,0,0.0022157996146435453,0.0003853564547206166,0.004431599229287091,0
./datasets/Organised/20260306-handFlying-2/140458299.jpg,1,0.09653179190751444,0.009730250481695568,0.0676300578034682,0
./datasets/Organised/20260306-handFlying-2/140458299.jpg,2,0.3877649325626204,0.010886319845857417,0.07755298651252408,1
./datasets/Organised/20260306-handFlying-2/140624957.jpg,0,0.005973025048169557,0.0007707129094412332,0.006647398843930636,0
./datasets/Organised/20260306-handFlying-2/140624957.jpg,1,0.10057803468208093,0.008477842003853564,0.06377649325626204,1
./datasets/Organised/20260306-handFlying-2/140624957.jpg,2,0.32504816955684007,0.011464354527938344,0.0815028901734104,1
./datasets/Organised/20260306-handFlying-2/140758294.jpg,0,0.011464354527938344,0.0010597302504816955,0.00953757225433526,0
./datasets/Organised/20260306-handFlying-2/140758294.jpg,1,0.12668593448940269,0.008959537572254336,0.06791907514450866,1
./datasets/Organised/20260306-handFlying-2/140758294.jpg,2,0.3220616570327553,0.011849710982658959,0.08872832369942196,1
./datasets/Organised/20260306-handFlying-2/140891621.jpg,0,0.018111753371868978,0.0016377649325626203,0.013680154142581889,0
./datasets/Organised/20260306-handFlying-2/140891621.jpg,1,0.15385356454720617,0.009152215799614644,0.0811175337186898,1
./datasets/Organised/20260306-handFlying-2/140891621.jpg,2,0.4106936416184971,0.01300578034682081,0.09768786127167631,1
./datasets/Organised/20260306-handFlying-2/141024957.jpg,0,0.011464354527938344,0.0007707129094412332,0.006551059730250481,0
./datasets/Organised/20260306-handFlying-2/141024957.jpg,1,0.16165703275529866,0.011271676300578034,0.0894990366088632,1
./datasets/Organised/20260306-handFlying-2/141024957.jpg,2,0.4266859344894027,0.01069364161849711,0.09152215799614644,1
./datasets/Organised/20260306-handFlying-2/141158288.jpg,0,0.011849710982658959,0.0005780346820809249,0.007996146435452794,0
./datasets/Organised/20260306-handFlying-2/141158288.jpg,1,0.14903660886319847,0.010982658959537572,0.08314065510597303,1
./datasets/Organised/20260306-handFlying-2/141158288.jpg,2,0.4484585741811175,0.013198458574181117,0.09903660886319846,1
./datasets/Organised/20260306-handFlying-2/141291665.jpg,0,0.012138728323699421,0.0009633911368015414,0.010308285163776493,0
./datasets/Organised/20260306-handFlying-2/141291665.jpg,1,0.1336223506743738,0.010308285163776493,0.07215799614643545,1
./datasets/Organised/20260306-handFlying-2/141291665.jpg,2,0.434971098265896,0.012909441233140655,0.10048169556840077,1
./datasets/Organised/20260306-handFlying-2/141458293.jpg,0,0.02601156069364162,0.0019267822736030828,0.01695568400770713,0
./datasets/Organised/20260306-handFlying-2/141458293.jpg,1,0.17495183044315993,0.009055876685934489,0.08063583815028902,1
./datasets/Organised/20260306-handFlying-2/141458293.jpg,2,0.40346820809248557,0.013198458574181117,0.09701348747591522,1
./datasets/Organised/20260306-handFlying-2/141624951.jpg,0,0.048554913294797684,0.0027938342967244703,0.0174373795761079,0
./datasets/Organised/20260306-handFlying-2/141624951.jpg,1,0.2451830443159923,0.011175337186897881,0.08786127167630058,1
./datasets/Organised/20260306-handFlying-2/141624951.jpg,2,0.44229287090558767,0.013294797687861272,0.09200385356454721,1
./datasets/Organised/20260306-handFlying-2/141758298.jpg,0,0.08352601156069364,0.0030828516377649326,0.022350674373795763,0
./datasets/Organised/20260306-handFlying-2/141758298.jpg,1,0.27620423892100193,0.010597302504816955,0.09450867052023121,1
./datasets/Organised/20260306-handFlying-2/141758298.jpg,2,0.4647398843930636,0.012620423892100193,0.08969171483622351,1
./datasets/Organised/20260306-handFlying-2/141891614.jpg,0,0.09229287090558767,0.0035645472061657034,0.02254335260115607,0
./datasets/Organised/20260306-handFlying-2/141891614.jpg,1,0.2586705202312139,0.011657032755298651,0.08689788053949904,1
./datasets/Organised/20260306-handFlying-2/141891614.jpg,2,0.48265895953757226,0.014258188824662813,0.0907514450867052,1
./datasets/Organised/20260306-handFlying-2/142058287.jpg,0,0.08285163776493257,0.003179190751445087,0.02138728323699422,0
./datasets/Organised/20260306-handFlying-2/142058287.jpg,1,0.22928709055876687,0.010308285163776493,0.09026974951830444,1
./datasets/Organised/20260306-handFlying-2/142058287.jpg,2,0.44489402697495184,0.013872832369942197,0.10982658959537572,1
./datasets/Organised/20260306-handFlying-2/142258276.jpg,0,0.07514450867052024,0.0037572254335260114,0.023699421965317918,0
./datasets/Organised/20260306-handFlying-2/142258276.jpg,1,0.16628131021194606,0.008863198458574181,0.0766859344894027,1
./datasets/Organised/20260306-handFlying-2/142258276.jpg,2,0.40867052023121386,0.011753371868978806,0.0930635838150289,1
./datasets/Organised/20260306-handFlying-2/142358282.jpg,0,0.07341040462427746,0.0035645472061657034,0.022639691714836225,0
./datasets/Organised/20260306-handFlying-2/142358282.jpg,1,0.1174373795761079,0.007418111753371869,0.07186897880539499,1
./datasets/Organised/20260306-handFlying-2/142358282.jpg,2,0.36522157996146437,0.010404624277456647,0.08304431599229287,1
./datasets/Organised/20260306-handFlying-2/142491610.jpg,0,0.06705202312138728,0.0027938342967244703,0.019460500963391136,0
./datasets/Organised/20260306-handFlying-2/142491610.jpg,1,0.11127167630057803,0.007514450867052023,0.06936416184971098,1
./datasets/Organised/20260306-handFlying-2/142491610.jpg,2,0.3691714836223507,0.011078998073217727,0.0894990366088632,1
./datasets/Organised/20260306-handFlying-2/142624944.jpg,0,0.042967244701348745,0.0025048169556840076,0.017533718689788053,0
./datasets/Organised/20260306-handFlying-2/142624944.jpg,1,0.09152215799614644,0.0056840077071290945,0.053660886319845856,0
./datasets/Organised/20260306-handFlying-2/142624944.jpg,2,0.30529865125240846,0.011368015414258189,0.08603082851637765,1
./datasets/Organised/20260306-handFlying-2/142791611.jpg,0,0.05982658959537572,0.0035645472061657034,0.026396917148362235,0
./datasets/Organised/20260306-handFlying-2/142791611.jpg,1,0.0850674373795761,0.006647398843930636,0.05616570327552987,0
./datasets/Organised/20260306-handFlying-2/142791611.jpg,2,0.32514450867052025,0.009344894026974951,0.07986512524084778,1
./datasets/Organised/20260306-handFlying-2/142958273.jpg,0,0.05423892100192678,0.0037572254335260114,0.02813102119460501,0
./datasets/Organised/20260306-handFlying-2/142958273.jpg,1,0.08545279383429673,0.007129094412331407,0.0579961464354528,0
./datasets/Organised/20260306-handFlying-2/142958273.jpg,2,0.44739884393063584,0.011078998073217727,0.0918111753371869,1
./datasets/Organised/20260306-handFlying-2/143058284.jpg,0,0.04373795761078998,0.004335260115606936,0.028901734104046242,0
./datasets/Organised/20260306-handFlying-2/143058284.jpg,1,0.08680154142581888,0.006647398843930636,0.057032755298651254,0
./datasets/Organised/20260306-handFlying-2/143058284.jpg,2,0.49633911368015415,0.01348747591522158,0.09922928709055877,1
./datasets/Organised/20260306-handFlying-2/143225060.jpg,0,0.06791907514450866,0.0045279383429672445,0.029383429672447014,0
./datasets/Organised/20260306-handFlying-2/143225060.jpg,1,0.07504816955684007,0.0072254335260115606,0.05510597302504817,0
./datasets/Organised/20260306-handFlying-2/143225060.jpg,2,0.39315992292870905,0.011271676300578034,0.08680154142581888,1
./datasets/Organised/20260306-handFlying-2/143358294.jpg,0,0.12196531791907514,0.0056840077071290945,0.03506743737957611,1
./datasets/Organised/20260306-handFlying-2/143358294.jpg,1,0.10366088631984585,0.007707129094412331,0.06801541425818883,1
./datasets/Organised/20260306-handFlying-2/143358294.jpg,2,0.3869942196531792,0.011368015414258189,0.0894990366088632,1
./datasets/Organised/20260306-handFlying-2/143658268.jpg,0,0.17186897880539498,0.004816955684007707,0.036127167630057806,1
./datasets/Organised/20260306-handFlying-2/143658268.jpg,1,0.2302504816955684,0.008670520231213872,0.09470134874759152,1
./datasets/Organised/20260306-handFlying-2/143658268.jpg,2,0.5461464354527938,0.010308285163776493,0.08323699421965318,1
./datasets/Organised/20260306-handFlying-2/144158287.jpg,0,0.08208092485549133,0.005009633911368015,0.037283236994219655,0
./datasets/Organised/20260306-handFlying-2/144158287.jpg,1,0.06695568400770713,0.005876685934489403,0.049903660886319846,0
./datasets/Organised/20260306-handFlying-2/144158287.jpg,2,0.29402697495183044,0.008670520231213872,0.0674373795761079,1
./datasets/Organised/20260306-handFlying-2/144658272.jpg,0,0.09990366088631984,0.0068400770712909445,0.048747591522158,0
./datasets/Organised/20260306-handFlying-2/144658272.jpg,1,0.17938342967244703,0.01001926782273603,0.07755298651252408,1
./datasets/Organised/20260306-handFlying-2/144658272.jpg,2,0.20789980732177263,0.004335260115606936,0.03333333333333333,1
./datasets/Organised/20260306-handFlying-2/144991588.jpg,0,0.12350674373795761,0.0076107899807321775,0.04932562620423892,1
./datasets/Organised/20260306-handFlying-2/144991588.jpg,1,0.286223506743738,0.013198458574181117,0.10048169556840077,1
./datasets/Organised/20260306-handFlying-2/144991588.jpg,2,0.0,0.0,0.0,0
./datasets/Organised/20260306-handFlying-2/145158266.jpg,0,0.17447013487475915,0.008285163776493257,0.053275529865125244,1
./datasets/Organised/20260306-handFlying-2/145158266.jpg,1,0.16917148362235068,0.009055876685934489,0.05934489402697495,1
./datasets/Organised/20260306-handFlying-2/145158266.jpg,2,0.051059730250481696,0.0027938342967244703,0.018304431599229287,0
./datasets/Organised/20260306-handFlying-2/145291591.jpg,0,0.21339113680154143,0.009055876685934489,0.05260115606936416,1
./datasets/Organised/20260306-handFlying-2/145291591.jpg,1,0.1174373795761079,0.004913294797687861,0.0315028901734104,1
./datasets/Organised/20260306-handFlying-2/145291591.jpg,2,0.1138728323699422,0.0036608863198458576,0.03333333333333333,1
./datasets/Organised/20260306-handFlying-2/145458266.jpg,0,0.2632947976878613,0.008863198458574181,0.05973025048169557,1
./datasets/Organised/20260306-handFlying-2/145458266.jpg,1,0.06888246628131021,0.0027938342967244703,0.023892100192678227,0
./datasets/Organised/20260306-handFlying-2/145458266.jpg,2,0.15327552986512524,0.005491329479768786,0.036223506743737956,1
./datasets/Organised/20260306-handFlying-2/145591623.jpg,0,0.3172447013487476,0.008766859344894027,0.0569364161849711,1
./datasets/Organised/20260306-handFlying-2/145591623.jpg,1,0.023892100192678227,0.003179190751445087,0.02302504816955684,0
./datasets/Organised/20260306-handFlying-2/145591623.jpg,2,0.2365125240847784,0.006551059730250481,0.05067437379576108,1
./datasets/Organised/20260306-handFlying-2/145724916.jpg,0,0.30992292870905586,0.011271676300578034,0.07042389210019268,1
./datasets/Organised/20260306-handFlying-2/145724916.jpg,1,0.0025048169556840076,0.0001926782273603083,0.0035645472061657034,0
./datasets/Organised/20260306-handFlying-2/145724916.jpg,2,0.3571290944123314,0.0076107899807321775,0.06310211946050097,1
./datasets/Organised/20260306-handFlying-2/145858264.jpg,0,0.22042389210019267,0.00789980732177264,0.05192678227360308,1
./datasets/Organised/20260306-handFlying-2/145858264.jpg,1,0.0,0.0,0.0,0
./datasets/Organised/20260306-handFlying-2/145858264.jpg,2,0.4210982658959538,0.008574181117533719,0.06445086705202312,1
./datasets/Organised/20260306-handFlying-2/145991580.jpg,0,0.22928709055876687,0.011560693641618497,0.06522157996146435,1
./datasets/Organised/20260306-handFlying-2/145991580.jpg,1,0.0,0.0,0.0,0
./datasets/Organised/20260306-handFlying-2/145991580.jpg,2,0.6081888246628131,0.010597302504816955,0.08689788053949904,1
./datasets/Organised/20260306-handFlying-2/146158250.jpg,0,0.1684971098265896,0.008670520231213872,0.05192678227360308,1
./datasets/Organised/20260306-handFlying-2/146158250.jpg,1,0.05674373795761079,0.0035645472061657034,0.032851637764932565,0
./datasets/Organised/20260306-handFlying-2/146158250.jpg,2,0.5457610789980732,0.010789980732177264,0.0802504816955684,1
./datasets/Organised/20260306-handFlying-2/146291583.jpg,0,0.17678227360308285,0.0060693641618497106,0.03863198458574181,1
./datasets/Organised/20260306-handFlying-2/146291583.jpg,1,0.10260115606936417,0.006262042389210019,0.04797687861271676,1
./datasets/Organised/20260306-handFlying-2/146291583.jpg,2,0.4817919075144509,0.009730250481695568,0.07495183044315992,1
./datasets/Organised/20260306-handFlying-2/146424928.jpg,0,0.13805394990366088,0.0036608863198458576,0.025144508670520233,1
./datasets/Organised/20260306-handFlying-2/146424928.jpg,1,0.20154142581888246,0.009826589595375723,0.07013487475915221,1
./datasets/Organised/20260306-handFlying-2/146424928.jpg,2,0.5071290944123314,0.013102119460500963,0.08169556840077072,1
./datasets/Organised/20260306-handFlying-2/146558255.jpg,0,0.06473988439306358,0.003468208092485549,0.023121387283236993,0
./datasets/Organised/20260306-handFlying-2/146558255.jpg,1,0.28294797687861273,0.010789980732177264,0.07919075144508671,1
./datasets/Organised/20260306-handFlying-2/146558255.jpg,2,0.4955684007707129,0.010789980732177264,0.07919075144508671,1
./datasets/Organised/20260306-handFlying-2/146691585.jpg,0,0.042967244701348745,0.0010597302504816955,0.009922928709055878,0
./datasets/Organised/20260306-handFlying-2/146691585.jpg,1,0.44527938342967244,0.0128131021194605,0.09373795761078998,1
./datasets/Organised/20260306-handFlying-2/146691585.jpg,2,0.5580924855491329,0.01021194605009634,0.07572254335260116,1
./datasets/Organised/20260306-handFlying-2/146824912.jpg,0,0.040269749518304435,0.001445086705202312,0.01001926782273603,0
./datasets/Organised/20260306-handFlying-2/146824912.jpg,1,0.44672447013487476,0.015317919075144508,0.08863198458574181,1
./datasets/Organised/20260306-handFlying-2/146824912.jpg,2,0.516281310211946,0.009730250481695568,0.07389210019267822,1
./datasets/Organised/20260306-handFlying-2/146958247.jpg,0,0.1416184971098266,0.0029865125240847784,0.017726396917148363,1
./datasets/Organised/20260306-handFlying-2/146958247.jpg,1,0.40867052023121386,0.01348747591522158,0.08959537572254335,1
./datasets/Organised/20260306-handFlying-2/146958247.jpg,2,0.4748554913294798,0.008863198458574181,0.06753371868978805,1
./datasets/Organised/20260306-handFlying-2/147091583.jpg,0,0.23978805394990366,0.0036608863198458576,0.02003853564547206,1
./datasets/Organised/20260306-handFlying-2/147091583.jpg,1,0.35009633911368016,0.011849710982658959,0.09566473988439306,1
./datasets/Organised/20260306-handFlying-2/147091583.jpg,2,0.4257225433526012,0.009152215799614644,0.07186897880539499,1
./datasets/Organised/20260306-handFlying-2/147258243.jpg,0,0.3248554913294798,0.006358381502890174,0.03497109826589596,1
./datasets/Organised/20260306-handFlying-2/147258243.jpg,1,0.31127167630057806,0.011368015414258189,0.08709055876685934,1
./datasets/Organised/20260306-handFlying-2/147258243.jpg,2,0.3825626204238921,0.009633911368015413,0.0626204238921002,1
./datasets/Organised/20260306-handFlying-2/147391587.jpg,0,0.33940269749518304,0.006936416184971098,0.045857418111753374,1
./datasets/Organised/20260306-handFlying-2/147391587.jpg,1,0.27119460500963394,0.011175337186897881,0.0800578034682081,1
./datasets/Organised/20260306-handFlying-2/147391587.jpg,2,0.35741811175337185,0.007803468208092485,0.05867052023121387,1
./datasets/Organised/20260306-handFlying-2/147524904.jpg,0,0.40433526011560694,0.008285163776493257,0.05308285163776493,1
./datasets/Organised/20260306-handFlying-2/147524904.jpg,1,0.2628131021194605,0.011368015414258189,0.07235067437379576,1
./datasets/Organised/20260306-handFlying-2/147524904.jpg,2,0.3540462427745665,0.007514450867052023,0.05115606936416185,1
./datasets/Organised/20260306-handFlying-2/147658237.jpg,0,0.44007707129094414,0.00838150289017341,0.054720616570327556,1
./datasets/Organised/20260306-handFlying-2/147658237.jpg,1,0.2466281310211946,0.011175337186897881,0.08198458574181118,1
./datasets/Organised/20260306-handFlying-2/147658237.jpg,2,0.38034682080924853,0.006647398843930636,0.04691714836223507,1
./datasets/Organised/20260306-handFlying-2/147791567.jpg,0,0.4371868978805395,0.009055876685934489,0.05751445086705202,1
./datasets/Organised/20260306-handFlying-2/147791567.jpg,1,0.19296724470134874,0.011657032755298651,0.08265895953757225,1
./datasets/Organised/20260306-handFlying-2/147791567.jpg,2,0.3516377649325626,0.007418111753371869,0.047398843930635835,1
./datasets/Organised/20260306-handFlying-2/147924928.jpg,0,0.47215799614643544,0.011175337186897881,0.07726396917148362,1
./datasets/Organised/20260306-handFlying-2/147924928.jpg,1,0.19903660886319846,0.009248554913294798,0.06734104046242774,1
./datasets/Organised/20260306-handFlying-2/147924928.jpg,2,0.36348747591522157,0.006551059730250481,0.048747591522158,1
./datasets/Organised/20260306-handFlying-2/148091565.jpg,0,0.560597302504817,0.013776493256262042,0.0907514450867052,1
./datasets/Organised/20260306-handFlying-2/148091565.jpg,1,0.20886319845857418,0.010597302504816955,0.07755298651252408,1
./datasets/Organised/20260306-handFlying-2/148091565.jpg,2,0.3626204238921002,0.0060693641618497106,0.048747591522158,1
./datasets/Organised/20260306-handFlying-2/148258243.jpg,0,0.6136801541425819,0.014065510597302504,0.09104046242774566,1
./datasets/Organised/20260306-handFlying-2/148258243.jpg,1,0.21233140655105973,0.010404624277456647,0.0800578034682081,1
./datasets/Organised/20260306-handFlying-2/148258243.jpg,2,0.3647398843930636,0.0072254335260115606,0.049132947976878616,1
./datasets/Organised/20260306-handFlying-2/148391564.jpg,0,0.6195568400770712,0.01300578034682081,0.07610789980732177,1
./datasets/Organised/20260306-handFlying-2/148391564.jpg,1,0.20077071290944123,0.007996146435452794,0.0663776493256262,1
./datasets/Organised/20260306-handFlying-2/148391564.jpg,2,0.3416184971098266,0.006358381502890174,0.04980732177263969,1
./datasets/Organised/20260306-handFlying-2/148524897.jpg,0,0.5468208092485549,0.011271676300578034,0.0777456647398844,1
./datasets/Organised/20260306-handFlying-2/148524897.jpg,1,0.15838150289017341,0.010500963391136802,0.07408477842003854,1
./datasets/Organised/20260306-handFlying-2/148524897.jpg,2,0.2741811175337187,0.00510597302504817,0.03593448940269749,1
./datasets/Organised/20260306-handFlying-2/148658231.jpg,0,0.5610789980732177,0.012909441233140655,0.0789980732177264,1
./datasets/Organised/20260306-handFlying-2/148658231.jpg,1,0.11695568400770713,0.009344894026974951,0.06059730250481696,1
./datasets/Organised/20260306-handFlying-2/148658231.jpg,2,0.22890173410404624,0.006165703275529865,0.040655105973025046,1
./datasets/Organised/20260306-handFlying-2/148791579.jpg,0,0.505009633911368,0.011560693641618497,0.06801541425818883,1
./datasets/Organised/20260306-handFlying-2/148791579.jpg,1,0.09672447013487476,0.006165703275529865,0.044701348747591525,0
./datasets/Organised/20260306-handFlying-2/148791579.jpg,2,0.223121387283237,0.005202312138728324,0.03795761078998073,1
./datasets/Organised/20260306-handFlying-2/148924927.jpg,0,0.4664739884393064,0.011849710982658959,0.06936416184971098,1
./datasets/Organised/20260306-handFlying-2/148924927.jpg,1,0.10655105973025049,0.0060693641618497106,0.04566473988439306,1
./datasets/Organised/20260306-handFlying-2/148924927.jpg,2,0.22784200385356454,0.005394990366088632,0.03265895953757225,1
./datasets/Organised/20260306-handFlying-2/149058244.jpg,0,0.366859344894027,0.00953757225433526,0.06445086705202312,1
./datasets/Organised/20260306-handFlying-2/149058244.jpg,1,0.07842003853564547,0.0060693641618497106,0.041714836223506746,0
./datasets/Organised/20260306-handFlying-2/149058244.jpg,2,0.2073217726396917,0.005202312138728324,0.03448940269749518,1
./datasets/Organised/20260306-handFlying-2/149191554.jpg,0,0.32495183044315995,0.00838150289017341,0.05645472061657033,1
./datasets/Organised/20260306-handFlying-2/149191554.jpg,1,0.07052023121387284,0.007032755298651252,0.048554913294797684,0
./datasets/Organised/20260306-handFlying-2/149191554.jpg,2,0.22909441233140654,0.007418111753371869,0.04816955684007707,1
./datasets/Organised/20260306-handFlying-2/149324896.jpg,0,0.38458574181117533,0.01001926782273603,0.05982658959537572,1
./datasets/Organised/20260306-handFlying-2/149324896.jpg,1,0.08448940269749518,0.0060693641618497106,0.04749518304431599,0
./datasets/Organised/20260306-handFlying-2/149324896.jpg,2,0.3245664739884393,0.0064547206165703275,0.05067437379576108,1
./datasets/Organised/20260306-handFlying-2/149458218.jpg,0,0.3266859344894027,0.010115606936416185,0.05973025048169557,1
./datasets/Organised/20260306-handFlying-2/149458218.jpg,1,0.09460500963391137,0.007418111753371869,0.05539499036608863,0
./datasets/Organised/20260306-handFlying-2/149458218.jpg,2,0.3873795761078998,0.006358381502890174,0.05057803468208093,1
./datasets/Organised/20260306-handFlying-2/149591561.jpg,0,0.3040462427745665,0.009633911368015413,0.06310211946050097,1
./datasets/Organised/20260306-handFlying-2/149591561.jpg,1,0.09373795761078998,0.007803468208092485,0.04932562620423892,0
./datasets/Organised/20260306-handFlying-2/149591561.jpg,2,0.40115606936416187,0.0072254335260115606,0.048458574181117535,1
./datasets/Organised/20260306-handFlying-2/149724886.jpg,0,0.3476878612716763,0.010789980732177264,0.06541425818882467,1
./datasets/Organised/20260306-handFlying-2/149724886.jpg,1,0.09123314065510597,0.006165703275529865,0.04489402697495183,0
./datasets/Organised/20260306-handFlying-2/149724886.jpg,2,0.3851637764932563,0.008670520231213872,0.05838150289017341,1
./datasets/Organised/20260306-handFlying-2/149858220.jpg,0,0.3827552986512524,0.01069364161849711,0.06647398843930635,1
./datasets/Organised/20260306-handFlying-2/149858220.jpg,1,0.10414258188824663,0.00789980732177264,0.05751445086705202,1
./datasets/Organised/20260306-handFlying-2/149858220.jpg,2,0.2978805394990366,0.007418111753371869,0.050385356454720615,1
./datasets/Organised/20260306-handFlying-2/149991550.jpg,0,0.398747591522158,0.010982658959537572,0.0674373795761079,1
./datasets/Organised/20260306-handFlying-2/149991550.jpg,1,0.11657032755298652,0.0076107899807321775,0.055876685934489405,1
./datasets/Organised/20260306-handFlying-2/149991550.jpg,2,0.2702312138728324,0.006262042389210019,0.04759152215799615,1
./datasets/Organised/20260306-handFlying-2/150124887.jpg,0,0.4166666666666667,0.010404624277456647,0.06396917148362236,1
./datasets/Organised/20260306-handFlying-2/150124887.jpg,1,0.14489402697495182,0.008574181117533719,0.06416184971098265,1
./datasets/Organised/20260306-handFlying-2/150124887.jpg,2,0.25385356454720615,0.007803468208092485,0.052215799614643545,1
./datasets/Organised/20260306-handFlying-2/150258214.jpg,0,0.34836223506743735,0.008766859344894027,0.058477842003853565,1
./datasets/Organised/20260306-handFlying-2/150258214.jpg,1,0.14383429672447012,0.008188824662813102,0.058477842003853565,1
./datasets/Organised/20260306-handFlying-2/150258214.jpg,2,0.24084778420038536,0.009441233140655106,0.06830443159922929,1
./datasets/Organised/20260306-handFlying-2/150391548.jpg,0,0.2873795761078998,0.009055876685934489,0.05934489402697495,1
./datasets/Organised/20260306-handFlying-2/150391548.jpg,1,0.13005780346820808,0.0068400770712909445,0.051059730250481696,1
./datasets/Organised/20260306-handFlying-2/150391548.jpg,2,0.22581888246628132,0.008959537572254336,0.06204238921001927,1
./datasets/Organised/20260306-handFlying-2/150524887.jpg,0,0.2878612716763006,0.007418111753371869,0.051541425818882464,1
./datasets/Organised/20260306-handFlying-2/150524887.jpg,1,0.12389210019267823,0.007321772639691715,0.06329479768786127,1
./datasets/Organised/20260306-handFlying-2/150524887.jpg,2,0.2655105973025048,0.00953757225433526,0.06801541425818883,1
./datasets/Organised/20260306-handFlying-2/150658208.jpg,0,0.23458574181117534,0.008477842003853564,0.05260115606936416,1
./datasets/Organised/20260306-handFlying-2/150658208.jpg,1,0.10038535645472062,0.006936416184971098,0.052890173410404626,1
./datasets/Organised/20260306-handFlying-2/150658208.jpg,2,0.24190751445086706,0.009441233140655106,0.06782273603082851,1
./datasets/Organised/20260306-handFlying-2/150791579.jpg,0,0.22148362235067437,0.007418111753371869,0.047013487475915224,1
./datasets/Organised/20260306-handFlying-2/150791579.jpg,1,0.0978805394990366,0.007803468208092485,0.05510597302504817,0
./datasets/Organised/20260306-handFlying-2/150791579.jpg,2,0.27148362235067436,0.01001926782273603,0.06965317919075145,1
./datasets/Organised/20260306-handFlying-2/150958223.jpg,0,0.28766859344894025,0.008188824662813102,0.05019267822736031,1
./datasets/Organised/20260306-handFlying-2/150958223.jpg,1,0.10703275529865125,0.007032755298651252,0.05867052023121387,1
./datasets/Organised/20260306-handFlying-2/150958223.jpg,2,0.26936416184971096,0.010404624277456647,0.07822736030828516,1
./datasets/Organised/20260306-handFlying-2/151091545.jpg,0,0.279383429672447,0.007996146435452794,0.04816955684007707,1
./datasets/Organised/20260306-handFlying-2/151091545.jpg,1,0.10279383429672447,0.007996146435452794,0.060404624277456645,1
./datasets/Organised/20260306-handFlying-2/151091545.jpg,2,0.26473988439306356,0.009152215799614644,0.07196531791907515,1
./datasets/Organised/20260306-handFlying-2/151224874.jpg,0,0.26377649325626207,0.007032755298651252,0.044026974951830444,1
./datasets/Organised/20260306-handFlying-2/151224874.jpg,1,0.10452793834296724,0.007321772639691715,0.06136801541425819,1
./datasets/Organised/20260306-handFlying-2/151224874.jpg,2,0.26290944123314064,0.01021194605009634,0.07755298651252408,1
./datasets/Organised/20260306-handFlying-2/151358223.jpg,0,0.1827552986512524,0.007707129094412331,0.050385356454720615,1
./datasets/Organised/20260306-handFlying-2/151358223.jpg,1,0.1023121387283237,0.006647398843930636,0.054816955684007705,1
./datasets/Organised/20260306-handFlying-2/151358223.jpg,2,0.2951830443159923,0.009248554913294798,0.07061657032755299,1
./datasets/Organised/20260306-handFlying-2/151491538.jpg,0,0.1697495183044316,0.006358381502890174,0.050289017341040465,1
./datasets/Organised/20260306-handFlying-2/151491538.jpg,1,0.11907514450867052,0.007418111753371869,0.06117533718689788,1
./datasets/Organised/20260306-handFlying-2/151491538.jpg,2,0.27630057803468205,0.009826589595375723,0.07052023121387284,1
./datasets/Organised/20260306-handFlying-2/151624874.jpg,0,0.21502890173410405,0.009441233140655106,0.06242774566473988,1
./datasets/Organised/20260306-handFlying-2/151624874.jpg,1,0.1142581888246628,0.006262042389210019,0.05944123314065511,1
./datasets/Organised/20260306-handFlying-2/151624874.jpg,2,0.3736030828516378,0.009152215799614644,0.07369942196531792,1
./datasets/Organised/20260306-handFlying-2/151791544.jpg,0,0.20472061657032756,0.007996146435452794,0.06088631984585742,1
./datasets/Organised/20260306-handFlying-2/151791544.jpg,1,0.14479768786127167,0.007514450867052023,0.0636801541425819,1
./datasets/Organised/20260306-handFlying-2/151791544.jpg,2,0.4728323699421965,0.010886319845857417,0.08795761078998073,1
./datasets/Organised/20260306-handFlying-2/151924924.jpg,0,0.2079961464354528,0.009730250481695568,0.06098265895953757,1
./datasets/Organised/20260306-handFlying-2/151924924.jpg,1,0.1622350674373796,0.0068400770712909445,0.07157996146435452,1
./datasets/Organised/20260306-handFlying-2/151924924.jpg,2,0.5274566473988439,0.012716763005780347,0.09113680154142582,1
./datasets/Organised/20260306-handFlying-2/152058202.jpg,0,0.21107899807321773,0.008188824662813102,0.05645472061657033,1
./datasets/Organised/20260306-handFlying-2/152058202.jpg,1,0.17726396917148363,0.005587668593448941,0.06657032755298652,1
./datasets/Organised/20260306-handFlying-2/152058202.jpg,2,0.5737957610789981,0.013198458574181117,0.09556840077071291,1
./datasets/Organised/20260306-handFlying-2/152191536.jpg,0,0.2430635838150289,0.011175337186897881,0.07225433526011561,1
./datasets/Organised/20260306-handFlying-2/152191536.jpg,1,0.2313102119460501,0.00953757225433526,0.07408477842003854,1
./datasets/Organised/20260306-handFlying-2/152191536.jpg,2,0.6535645472061657,0.013776493256262042,0.10674373795761079,1
./datasets/Organised/20260306-handFlying-2/152324891.jpg,0,0.19537572254335261,0.008092485549132947,0.052890173410404626,1
./datasets/Organised/20260306-handFlying-2/152324891.jpg,1,0.20529865125240848,0.01021194605009634,0.06994219653179191,1
./datasets/Organised/20260306-handFlying-2/152324891.jpg,2,0.6258188824662813,0.012042389210019268,0.09489402697495183,1
./datasets/Organised/20260306-handFlying-2/152458202.jpg,0,0.11300578034682081,0.006165703275529865,0.048554913294797684,1
./datasets/Organised/20260306-handFlying-2/152458202.jpg,1,0.14210019267822735,0.0076107899807321775,0.06859344894026975,1
./datasets/Organised/20260306-handFlying-2/152458202.jpg,2,0.5921001926782273,0.014547206165703276,0.102504816955684,1
./datasets/Organised/20260306-handFlying-2/152591533.jpg,0,0.09990366088631984,0.009248554913294798,0.05491329479768786,0
./datasets/Organised/20260306-handFlying-2/152591533.jpg,1,0.16435452793834296,0.01001926782273603,0.07244701348747591,1
./datasets/Organised/20260306-handFlying-2/152591533.jpg,2,0.7001926782273603,0.01348747591522158,0.10876685934489402,1
./datasets/Organised/20260306-handFlying-2/152724866.jpg,0,0.06782273603082851,0.0052986512524084775,0.044701348747591525,0
./datasets/Organised/20260306-handFlying-2/152724866.jpg,1,0.1745664739884393,0.009826589595375723,0.07919075144508671,1
./datasets/Organised/20260306-handFlying-2/152724866.jpg,2,0.7524084778420038,0.013102119460500963,0.09816955684007707,1
./datasets/Organised/20260306-handFlying-2/152858207.jpg,0,0.0348747591522158,0.005202312138728324,0.03631984585741811,0
./datasets/Organised/20260306-handFlying-2/152858207.jpg,1,0.18689788053949905,0.009633911368015413,0.08236994219653179,1
./datasets/Organised/20260306-handFlying-2/152858207.jpg,2,0.796917148362235,0.009730250481695568,0.08863198458574181,1
./datasets/Organised/20260306-handFlying-2/152991535.jpg,0,0.021965317919075144,0.0036608863198458576,0.030924855491329478,0
./datasets/Organised/20260306-handFlying-2/152991535.jpg,1,0.24335260115606935,0.010115606936416185,0.08342967244701349,1
./datasets/Organised/20260306-handFlying-2/152991535.jpg,2,0.8052986512524085,0.010982658959537572,0.10202312138728324,1
./datasets/Organised/20260306-handFlying-2/153124863.jpg,0,0.047302504816955686,0.00510597302504817,0.04123314065510597,0
./datasets/Organised/20260306-handFlying-2/153124863.jpg,1,0.2873795761078998,0.010886319845857417,0.08092485549132948,1
./datasets/Organised/20260306-handFlying-2/153124863.jpg,2,0.78747591522158,0.011078998073217727,0.1001926782273603,1
./datasets/Organised/20260306-handFlying-2/153258192.jpg,0,0.06464354527938343,0.005202312138728324,0.03593448940269749,0
./datasets/Organised/20260306-handFlying-2/153258192.jpg,1,0.26377649325626207,0.013102119460500963,0.09354527938342967,1
./datasets/Organised/20260306-handFlying-2/153258192.jpg,2,0.7212909441233141,0.008959537572254336,0.08439306358381503,1
./datasets/Organised/20260306-handFlying-2/153391549.jpg,0,0.07071290944123314,0.0056840077071290945,0.04527938342967245,0
./datasets/Organised/20260306-handFlying-2/153391549.jpg,1,0.3195568400770713,0.011946050096339113,0.10597302504816955,1
./datasets/Organised/20260306-handFlying-2/153391549.jpg,2,0.7879576107899807,0.011078998073217727,0.10404624277456648,1
./datasets/Organised/20260306-handFlying-2/153558199.jpg,0,0.08680154142581888,0.006551059730250481,0.04605009633911368,0
./datasets/Organised/20260306-handFlying-2/153558199.jpg,1,0.3263005780346821,0.01069364161849711,0.0788053949903661,1
./datasets/Organised/20260306-handFlying-2/153558199.jpg,2,0.8482658959537572,0.0064547206165703275,0.09364161849710982,1
./datasets/Organised/20260306-handFlying-2/153658191.jpg,0,0.08073217726396917,0.005491329479768786,0.041425818882466284,0
./datasets/Organised/20260306-handFlying-2/153658191.jpg,1,0.3284200385356455,0.012620423892100193,0.08709055876685934,1
./datasets/Organised/20260306-handFlying-2/153658191.jpg,2,0.8617533718689788,0.0052986512524084775,0.07764932562620423,1
./datasets/Organised/20260306-handFlying-2/153958174.jpg,0,0.09026974951830444,0.005973025048169557,0.03969171483622351,0
./datasets/Organised/20260306-handFlying-2/153958174.jpg,1,0.35269749518304433,0.010982658959537572,0.0871868978805395,1
./datasets/Organised/20260306-handFlying-2/153958174.jpg,2,0.8460500963391137,0.006551059730250481,0.057321772639691716,1
./datasets/Organised/20260306-handFlying-2/154091509.jpg,0,0.09470134874759152,0.0064547206165703275,0.03978805394990366,0
./datasets/Organised/20260306-handFlying-2/154091509.jpg,1,0.37485549132947976,0.01001926782273603,0.074373795761079,1
./datasets/Organised/20260306-handFlying-2/154091509.jpg,2,0.8232177263969171,0.006165703275529865,0.05529865125240848,1
./datasets/Organised/20260306-handFlying-2/154258186.jpg,0,0.09007707129094412,0.004913294797687861,0.03757225433526012,0
./datasets/Organised/20260306-handFlying-2/154258186.jpg,1,0.3688824662813102,0.011078998073217727,0.08497109826589595,1
./datasets/Organised/20260306-handFlying-2/154258186.jpg,2,0.8259152215799614,0.006165703275529865,0.05529865125240848,1
./datasets/Organised/20260306-handFlying-2/154458178.jpg,0,0.08622350674373795,0.007032755298651252,0.04229287090558767,0
./datasets/Organised/20260306-handFlying-2/154458178.jpg,1,0.3733140655105973,0.009441233140655106,0.07572254335260116,1
./datasets/Organised/20260306-handFlying-2/154458178.jpg,2,0.8233140655105973,0.0072254335260115606,0.055876685934489405,1
./datasets/Organised/20260306-handFlying-2/154591533.jpg,0,0.08959537572254335,0.00510597302504817,0.0348747591522158,0
./datasets/Organised/20260306-handFlying-2/154591533.jpg,1,0.3649325626204239,0.00953757225433526,0.0802504816955684,1
./datasets/Organised/20260306-handFlying-2/154591533.jpg,2,0.8245664739884393,0.0072254335260115606,0.060308285163776496,1
./datasets/Organised/20260306-handFlying-2/154724871.jpg,0,0.08786127167630058,0.004720616570327553,0.034393063583815026,0
./datasets/Organised/20260306-handFlying-2/154724871.jpg,1,0.3581888246628131,0.010308285163776493,0.07755298651252408,1
./datasets/Organised/20260306-handFlying-2/154724871.jpg,2,0.8447013487475915,0.006936416184971098,0.05452793834296724,1
./datasets/Organised/20260306-handFlying-2/154858208.jpg,0,0.08236994219653179,0.004913294797687861,0.037764932562620424,0
./datasets/Organised/20260306-handFlying-2/154858208.jpg,1,0.34585741811175336,0.010308285163776493,0.07610789980732177,1
./datasets/Organised/20260306-handFlying-2/154858208.jpg,2,0.870616570327553,0.006647398843930636,0.05905587668593449,1
./datasets/Organised/20260306-handFlying-2/154991513.jpg,0,0.056647398843930635,0.004720616570327553,0.0348747591522158,0
./datasets/Organised/20260306-handFlying-2/154991513.jpg,1,0.3227360308285164,0.009055876685934489,0.06917148362235068,1
./datasets/Organised/20260306-handFlying-2/154991513.jpg,2,0.8855491329479769,0.007996146435452794,0.06473988439306358,1
./datasets/Organised/20260306-handFlying-2/155124853.jpg,0,0.022736030828516378,0.0036608863198458576,0.024951830443159923,0
./datasets/Organised/20260306-handFlying-2/155124853.jpg,1,0.30761078998073216,0.008959537572254336,0.07456647398843931,1
./datasets/Organised/20260306-handFlying-2/155124853.jpg,2,0.8831406551059731,0.009055876685934489,0.07061657032755299,1
./datasets/Organised/20260306-handFlying-2/155258174.jpg,0,0.027071290944123316,0.0036608863198458576,0.025144508670520233,0
./datasets/Organised/20260306-handFlying-2/155258174.jpg,1,0.2966281310211946,0.008863198458574181,0.07109826589595376,1
./datasets/Organised/20260306-handFlying-2/155258174.jpg,2,0.859344894026975,0.009441233140655106,0.06628131021194605,1
./datasets/Organised/20260306-handFlying-2/155391513.jpg,0,0.02418111753371869,0.0023121387283236996,0.019460500963391136,0
./datasets/Organised/20260306-handFlying-2/155391513.jpg,1,0.2752408477842004,0.006647398843930636,0.0674373795761079,1
./datasets/Organised/20260306-handFlying-2/155391513.jpg,2,0.8092485549132948,0.008574181117533719,0.08208092485549133,1
./datasets/Organised/20260306-handFlying-2/155558189.jpg,0,0.05115606936416185,0.004142581888246628,0.025433526011560695,0
./datasets/Organised/20260306-handFlying-2/155558189.jpg,1,0.25096339113680155,0.007803468208092485,0.07013487475915221,1
./datasets/Organised/20260306-handFlying-2/155558189.jpg,2,0.7759152215799615,0.010982658959537572,0.08911368015414259,1
./datasets/Organised/20260306-handFlying-2/155691516.jpg,0,0.07533718689788053,0.004335260115606936,0.029479768786127167,0
./datasets/Organised/20260306-handFlying-2/155691516.jpg,1,0.22581888246628132,0.008574181117533719,0.07023121387283238,1
./datasets/Organised/20260306-handFlying-2/155691516.jpg,2,0.7823699421965318,0.01069364161849711,0.0894990366088632,1
./datasets/Organised/20260306-handFlying-2/155824848.jpg,0,0.10221579961464354,0.005876685934489403,0.039595375722543354,1
./datasets/Organised/20260306-handFlying-2/155824848.jpg,1,0.224373795761079,0.008477842003853564,0.0686897880539499,1
./datasets/Organised/20260306-handFlying-2/155824848.jpg,2,0.7830443159922928,0.011271676300578034,0.0825626204238921,1
./datasets/Organised/20260306-handFlying-2/155958183.jpg,0,0.09624277456647398,0.0052986512524084775,0.03641618497109827,0
./datasets/Organised/20260306-handFlying-2/155958183.jpg,1,0.24335260115606935,0.009730250481695568,0.07418111753371869,1
./datasets/Organised/20260306-handFlying-2/155958183.jpg,2,0.7931599229287091,0.008477842003853564,0.07456647398843931,1
./datasets/Organised/20260306-handFlying-2/156091505.jpg,0,0.13786127167630058,0.004720616570327553,0.03670520231213873,1
./datasets/Organised/20260306-handFlying-2/156091505.jpg,1,0.21358381502890172,0.008092485549132947,0.062235067437379575,1
./datasets/Organised/20260306-handFlying-2/156091505.jpg,2,0.841233140655106,0.007418111753371869,0.05568400770712909,1
./datasets/Organised/20260306-handFlying-2/156224840.jpg,0,0.20067437379576109,0.0056840077071290945,0.047784200385356454,1
./datasets/Organised/20260306-handFlying-2/156224840.jpg,1,0.20886319845857418,0.008477842003853564,0.06021194605009634,1
./datasets/Organised/20260306-handFlying-2/156224840.jpg,2,0.8740847784200385,0.009730250481695568,0.07610789980732177,1
./datasets/Organised/20260306-handFlying-2/156358206.jpg,0,0.18053949903660887,0.0076107899807321775,0.045953757225433524,1
./datasets/Organised/20260306-handFlying-2/156358206.jpg,1,0.2386319845857418,0.0072254335260115606,0.0640655105973025,1
./datasets/Organised/20260306-handFlying-2/156358206.jpg,2,0.8590558766859345,0.008959537572254336,0.07697495183044316,1
./datasets/Organised/20260306-handFlying-2/156524835.jpg,0,0.20192678227360308,0.006647398843930636,0.041040462427745665,1
./datasets/Organised/20260306-handFlying-2/156524835.jpg,1,0.25529865125240847,0.008959537572254336,0.06830443159922929,1
./datasets/Organised/20260306-handFlying-2/156524835.jpg,2,0.8526974951830443,0.010115606936416185,0.07341040462427746,1
./datasets/Organised/20260306-handFlying-2/156624838.jpg,0,0.19691714836223506,0.005973025048169557,0.03497109826589596,1
./datasets/Organised/20260306-handFlying-2/156624838.jpg,1,0.2773603082851638,0.009826589595375723,0.07572254335260116,1
./datasets/Organised/20260306-handFlying-2/156624838.jpg,2,0.8489402697495183,0.008959537572254336,0.07707129094412331,1
./datasets/Organised/20260306-handFlying-2/156791493.jpg,0,0.15472061657032754,0.004816955684007707,0.036608863198458574,1
./datasets/Organised/20260306-handFlying-2/156791493.jpg,1,0.2955684007707129,0.00789980732177264,0.06445086705202312,1
./datasets/Organised/20260306-handFlying-2/156791493.jpg,2,0.8284200385356455,0.008477842003853564,0.06416184971098265,1
./datasets/Organised/20260306-handFlying-2/156924852.jpg,0,0.1630057803468208,0.005491329479768786,0.0371868978805395,1
./datasets/Organised/20260306-handFlying-2/156924852.jpg,1,0.2923892100192678,0.008766859344894027,0.06551059730250482,1
./datasets/Organised/20260306-handFlying-2/156924852.jpg,2,0.8163776493256262,0.006358381502890174,0.054720616570327556,1
./datasets/Organised/20260306-handFlying-2/157058163.jpg,0,0.044026974951830444,0.004238921001926782,0.023410404624277455,0
./datasets/Organised/20260306-handFlying-2/157058163.jpg,1,0.40452793834296724,0.010308285163776493,0.07379576107899807,1
./datasets/Organised/20260306-handFlying-2/157058163.jpg,2,0.6524084778420038,0.0068400770712909445,0.0579961464354528,1
./datasets/Organised/20260306-handFlying-2/157191492.jpg,0,0.026396917148362235,0.0018304431599229288,0.0151252408477842,0
./datasets/Organised/20260306-handFlying-2/157191492.jpg,1,0.36252408477842,0.008863198458574181,0.0708092485549133,1
./datasets/Organised/20260306-handFlying-2/157191492.jpg,2,0.6142581888246628,0.011078998073217727,0.07697495183044316,1
./datasets/Organised/20260306-handFlying-2/157324869.jpg,0,0.024084778420038536,0.002697495183044316,0.017341040462427744,0
./datasets/Organised/20260306-handFlying-2/157324869.jpg,1,0.35067437379576105,0.009248554913294798,0.07042389210019268,1
./datasets/Organised/20260306-handFlying-2/157324869.jpg,2,0.6196531791907515,0.00953757225433526,0.07042389210019268,1
./datasets/Organised/20260306-handFlying-2/157458162.jpg,0,0.021098265895953757,0.0016377649325626203,0.013294797687861272,0
./datasets/Organised/20260306-handFlying-2/157458162.jpg,1,0.3467244701348748,0.006551059730250481,0.06242774566473988,1
./datasets/Organised/20260306-handFlying-2/157458162.jpg,2,0.596242774566474,0.009633911368015413,0.0676300578034682,1
./datasets/Organised/20260306-handFlying-2/157591497.jpg,0,0.0032755298651252407,0.0010597302504816955,0.00838150289017341,0
./datasets/Organised/20260306-handFlying-2/157591497.jpg,1,0.3955684007707129,0.007514450867052023,0.06059730250481696,1
./datasets/Organised/20260306-handFlying-2/157591497.jpg,2,0.5735067437379576,0.010308285163776493,0.08892100192678228,1
./datasets/Organised/20260306-handFlying-2/158025031.jpg,0,0.0012524084778420038,0.000674373795761079,0.0023121387283236996,0
./datasets/Organised/20260306-handFlying-2/158025031.jpg,1,0.5639691714836224,0.009633911368015413,0.07649325626204238,1
./datasets/Organised/20260306-handFlying-2/158025031.jpg,2,0.578709055876686,0.010789980732177264,0.0928709055876686,1
./datasets/Organised/20260306-handFlying-2/158191517.jpg,0,0.0004816955684007707,0.0001926782273603083,0.0009633911368015414,0
./datasets/Organised/20260306-handFlying-2/158191517.jpg,1,0.6317919075144509,0.009441233140655106,0.08285163776493257,1
./datasets/Organised/20260306-handFlying-2/158191517.jpg,2,0.5934489402697495,0.008863198458574181,0.07947976878612717,1
./datasets/Organised/20260306-handFlying-2/158324824.jpg,0,0.013872832369942197,0.0010597302504816955,0.010404624277456647,0
./datasets/Organised/20260306-handFlying-2/158324824.jpg,1,0.605684007707129,0.011078998073217727,0.0815028901734104,1
./datasets/Organised/20260306-handFlying-2/158324824.jpg,2,0.593159922928709,0.009248554913294798,0.0815028901734104,1
./datasets/Organised/20260306-handFlying-2/158458173.jpg,0,0.020905587668593448,0.0023121387283236996,0.016666666666666666,0
./datasets/Organised/20260306-handFlying-2/158458173.jpg,1,0.549325626204239,0.011946050096339113,0.08554913294797688,1
./datasets/Organised/20260306-handFlying-2/158458173.jpg,2,0.6017341040462427,0.008092485549132947,0.0779383429672447,1
./datasets/Organised/20260306-handFlying-2/158591532.jpg,0,0.013776493256262042,0.001348747591522158,0.013102119460500963,0
./datasets/Organised/20260306-handFlying-2/158591532.jpg,1,0.5850674373795761,0.012138728323699421,0.08159922928709056,1
./datasets/Organised/20260306-handFlying-2/158591532.jpg,2,0.5746628131021194,0.011271676300578034,0.08159922928709056,1
./datasets/Organised/20260306-handFlying-2/158724833.jpg,0,0.010982658959537572,0.0019267822736030828,0.014065510597302504,0
./datasets/Organised/20260306-handFlying-2/158724833.jpg,1,0.608766859344894,0.01069364161849711,0.08314065510597303,1
./datasets/Organised/20260306-handFlying-2/158724833.jpg,2,0.5442196531791907,0.01021194605009634,0.09248554913294797,1
./datasets/Organised/20260306-handFlying-2/158858178.jpg,0,0.010404624277456647,0.001348747591522158,0.01300578034682081,0
./datasets/Organised/20260306-handFlying-2/158858178.jpg,1,0.6052986512524084,0.009922928709055878,0.07736030828516377,1
./datasets/Organised/20260306-handFlying-2/158858178.jpg,2,0.5279383429672447,0.013294797687861272,0.10664739884393064,1
./datasets/Organised/20260306-handFlying-2/158991476.jpg,0,0.007032755298651252,0.000674373795761079,0.009441233140655106,0
./datasets/Organised/20260306-handFlying-2/158991476.jpg,1,0.606840077071291,0.011271676300578034,0.08371868978805395,1
./datasets/Organised/20260306-handFlying-2/158991476.jpg,2,0.5016377649325626,0.0151252408477842,0.10886319845857419,1
./datasets/Organised/20260306-handFlying-2/159124817.jpg,0,0.00953757225433526,0.0022157996146435453,0.014161849710982659,0
./datasets/Organised/20260306-handFlying-2/159124817.jpg,1,0.6280346820809248,0.010500963391136802,0.07919075144508671,1
./datasets/Organised/20260306-handFlying-2/159124817.jpg,2,0.4910404624277457,0.013680154142581889,0.1048169556840077,1
./datasets/Organised/20260306-handFlying-2/159258150.jpg,0,0.007514450867052023,0.001348747591522158,0.012620423892100193,0
./datasets/Organised/20260306-handFlying-2/159258150.jpg,1,0.6244701348747591,0.009248554913294798,0.06897880539499036,1
./datasets/Organised/20260306-handFlying-2/159258150.jpg,2,0.4503853564547206,0.011368015414258189,0.09566473988439306,1
./datasets/Organised/20260306-handFlying-2/159391520.jpg,0,0.008766859344894027,0.002119460500963391,0.014354527938342966,0
./datasets/Organised/20260306-handFlying-2/159391520.jpg,1,0.5883429672447014,0.010115606936416185,0.07832369942196532,1
./datasets/Organised/20260306-handFlying-2/159391520.jpg,2,0.4272639691714836,0.012427745664739885,0.0907514450867052,1
./datasets/Organised/20260306-handFlying-2/159524811.jpg,0,0.010115606936416185,0.001445086705202312,0.01599229287090559,0
./datasets/Organised/20260306-handFlying-2/159524811.jpg,1,0.5612716763005781,0.010115606936416185,0.06849710982658959,1
./datasets/Organised/20260306-handFlying-2/159524811.jpg,2,0.3739884393063584,0.009248554913294798,0.07842003853564547,1
./datasets/Organised/20260306-handFlying-2/159658145.jpg,0,0.017341040462427744,0.002601156069364162,0.019364161849710983,0
./datasets/Organised/20260306-handFlying-2/159658145.jpg,1,0.5808285163776493,0.010886319845857417,0.07678227360308285,1
./datasets/Organised/20260306-handFlying-2/159658145.jpg,2,0.3733140655105973,0.011368015414258189,0.08342967244701349,1
./datasets/Organised/20260306-handFlying-2/159791469.jpg,0,0.014932562620423893,0.0022157996146435453,0.01579961464354528,0
./datasets/Organised/20260306-handFlying-2/159791469.jpg,1,0.5742774566473988,0.01069364161849711,0.07996146435452794,1
./datasets/Organised/20260306-handFlying-2/159791469.jpg,2,0.38265895953757223,0.011657032755298651,0.0871868978805395,1
./datasets/Organised/20260306-handFlying-2/159924805.jpg,0,0.021098265895953757,0.002119460500963391,0.019942196531791908,0
./datasets/Organised/20260306-handFlying-2/159924805.jpg,1,0.5427745664739885,0.011078998073217727,0.07755298651252408,1
./datasets/Organised/20260306-handFlying-2/159924805.jpg,2,0.3850674373795761,0.011464354527938344,0.09132947976878612,1
./datasets/Organised/20260306-handFlying-2/160058141.jpg,0,0.01724470134874759,0.002697495183044316,0.01599229287090559,0
./datasets/Organised/20260306-handFlying-2/160058141.jpg,1,0.49691714836223505,0.010115606936416185,0.07678227360308285,1
./datasets/Organised/20260306-handFlying-2/160058141.jpg,2,0.3669556840077071,0.011657032755298651,0.0825626204238921,1
./datasets/Organised/20260306-handFlying-2/160191492.jpg,0,0.01579961464354528,0.0024084778420038534,0.018689788053949902,0
./datasets/Organised/20260306-handFlying-2/160191492.jpg,1,0.44258188824662814,0.010886319845857417,0.0733140655105973,1
./datasets/Organised/20260306-handFlying-2/160191492.jpg,2,0.3489402697495183,0.010404624277456647,0.08371868978805395,1
./datasets/Organised/20260306-handFlying-2/160324805.jpg,0,0.010308285163776493,0.002601156069364162,0.01859344894026975,0
./datasets/Organised/20260306-handFlying-2/160324805.jpg,1,0.41965317919075146,0.009633911368015413,0.06955684007707129,1
./datasets/Organised/20260306-handFlying-2/160324805.jpg,2,0.37302504816955684,0.011657032755298651,0.08352601156069364,1
./datasets/Organised/20260306-handFlying-2/160458137.jpg,0,0.016184971098265895,0.0027938342967244703,0.02157996146435453,0
./datasets/Organised/20260306-handFlying-2/160458137.jpg,1,0.4570327552986512,0.01021194605009634,0.0789980732177264,1
./datasets/Organised/20260306-handFlying-2/160458137.jpg,2,0.3777456647398844,0.012138728323699421,0.0871868978805395,1
./datasets/Organised/20260306-handFlying-2/160591475.jpg,0,0.016088631984585742,0.003371868978805395,0.023892100192678227,0
./datasets/Organised/20260306-handFlying-2/160591475.jpg,1,0.4457610789980732,0.01001926782273603,0.06907514450867051,1
./datasets/Organised/20260306-handFlying-2/160591475.jpg,2,0.36820809248554914,0.011657032755298651,0.08314065510597303,1
./datasets/Organised/20260306-handFlying-2/160724836.jpg,0,0.013776493256262042,0.0032755298651252407,0.019460500963391136,0
./datasets/Organised/20260306-handFlying-2/160724836.jpg,1,0.45183044315992293,0.009248554913294798,0.07447013487475915,1
./datasets/Organised/20260306-handFlying-2/160724836.jpg,2,0.376878612716763,0.011753371868978806,0.07986512524084778,1
./datasets/Organised/20260306-handFlying-2/160858201.jpg,0,0.016570327552986513,0.003468208092485549,0.02398843930635838,0
./datasets/Organised/20260306-handFlying-2/160858201.jpg,1,0.43410404624277454,0.010500963391136802,0.07148362235067438,1
./datasets/Organised/20260306-handFlying-2/160858201.jpg,2,0.3692678227360308,0.009826589595375723,0.07687861271676301,1
./datasets/Organised/20260306-handFlying-2/160991460.jpg,0,0.01300578034682081,0.0022157996146435453,0.01560693641618497,0
./datasets/Organised/20260306-handFlying-2/160991460.jpg,1,0.44499036608863196,0.011271676300578034,0.07109826589595376,1
./datasets/Organised/20260306-handFlying-2/160991460.jpg,2,0.33940269749518304,0.009922928709055878,0.074373795761079,1
./datasets/Organised/20260306-handFlying-2/161091470.jpg,0,0.015317919075144508,0.0022157996146435453,0.0174373795761079,0
./datasets/Organised/20260306-handFlying-2/161091470.jpg,1,0.4441233140655106,0.011271676300578034,0.07427745664739885,1
./datasets/Organised/20260306-handFlying-2/161091470.jpg,2,0.3642581888246628,0.011368015414258189,0.08882466281310213,1
./datasets/Organised/20260306-handFlying-2/161258127.jpg,0,0.013102119460500963,0.0027938342967244703,0.017726396917148363,0
./datasets/Organised/20260306-handFlying-2/161258127.jpg,1,0.461271676300578,0.011078998073217727,0.06657032755298652,1
./datasets/Organised/20260306-handFlying-2/161258127.jpg,2,0.34277456647398846,0.011078998073217727,0.07639691714836223,1
./datasets/Organised/20260306-handFlying-2/161358173.jpg,0,0.008959537572254336,0.0018304431599229288,0.0128131021194605,0
./datasets/Organised/20260306-handFlying-2/161358173.jpg,1,0.46078998073217725,0.011175337186897881,0.07283236994219654,1
./datasets/Organised/20260306-handFlying-2/161358173.jpg,2,0.35240847784200385,0.009248554913294798,0.06676300578034682,1
./datasets/Organised/20260306-handFlying-2/161524795.jpg,0,0.018208092485549134,0.0037572254335260114,0.022350674373795763,0
./datasets/Organised/20260306-handFlying-2/161524795.jpg,1,0.4461464354527938,0.013198458574181117,0.07967244701348748,1
./datasets/Organised/20260306-handFlying-2/161524795.jpg,2,0.31666666666666665,0.008188824662813102,0.05876685934489403,1
./datasets/Organised/20260306-handFlying-2/161658164.jpg,0,0.011560693641618497,0.0023121387283236996,0.015510597302504817,0
./datasets/Organised/20260306-handFlying-2/161658164.jpg,1,0.43323699421965317,0.009248554913294798,0.0686897880539499,1
./datasets/Organised/20260306-handFlying-2/161658164.jpg,2,0.2788053949903661,0.009055876685934489,0.06175337186897881,1
./datasets/Organised/20260306-handFlying-2/161791455.jpg,0,0.021290944123314066,0.0032755298651252407,0.02447013487475915,0
./datasets/Organised/20260306-handFlying-2/161791455.jpg,1,0.5014450867052023,0.01069364161849711,0.07514450867052024,1
./datasets/Organised/20260306-handFlying-2/161791455.jpg,2,0.23660886319845859,0.007803468208092485,0.049229287090558765,1
./datasets/Organised/20260306-handFlying-2/161924810.jpg,0,0.034296724470134876,0.004720616570327553,0.03352601156069364,0
./datasets/Organised/20260306-handFlying-2/161924810.jpg,1,0.5732177263969171,0.009441233140655106,0.06994219653179191,1
./datasets/Organised/20260306-handFlying-2/161924810.jpg,2,0.20317919075144508,0.007514450867052023,0.05163776493256262,1
./datasets/Organised/20260306-handFlying-2/162058120.jpg,0,0.030828516377649325,0.004431599229287091,0.031791907514450865,0
./datasets/Organised/20260306-handFlying-2/162058120.jpg,1,0.5688824662813102,0.011657032755298651,0.07986512524084778,1
./datasets/Organised/20260306-handFlying-2/162058120.jpg,2,0.20289017341040463,0.00674373795761079,0.051830443159922926,1
./datasets/Organised/20260306-handFlying-2/162191481.jpg,0,0.03863198458574181,0.0052986512524084775,0.037379576107899805,0
./datasets/Organised/20260306-handFlying-2/162191481.jpg,1,0.5212909441233141,0.009633911368015413,0.07157996146435452,1
./datasets/Organised/20260306-handFlying-2/162191481.jpg,2,0.23304431599229286,0.007321772639691715,0.059248554913294796,1
./datasets/Organised/20260306-handFlying-2/162324786.jpg,0,0.0313102119460501,0.004913294797687861,0.031021194605009635,0
./datasets/Organised/20260306-handFlying-2/162324786.jpg,1,0.44248554913294796,0.008285163776493257,0.05838150289017341,1
./datasets/Organised/20260306-handFlying-2/162324786.jpg,2,0.19720616570327554,0.008285163776493257,0.05057803468208093,1
./datasets/Organised/20260306-handFlying-2/162458172.jpg,0,0.030635838150289016,0.003179190751445087,0.023603082851637765,0
./datasets/Organised/20260306-handFlying-2/162458172.jpg,1,0.3530828516377649,0.007803468208092485,0.05529865125240848,1
./datasets/Organised/20260306-handFlying-2/162458172.jpg,2,0.1676300578034682,0.0056840077071290945,0.040366088631984584,1
./datasets/Organised/20260306-handFlying-2/162591461.jpg,0,0.10905587668593449,0.005780346820809248,0.04190751445086705,1
./datasets/Organised/20260306-handFlying-2/162591461.jpg,1,0.33853564547206166,0.007803468208092485,0.05953757225433526,1
./datasets/Organised/20260306-handFlying-2/162591461.jpg,2,0.19961464354527939,0.0064547206165703275,0.04152215799614643,1
./datasets/Organised/20260306-handFlying-2/162724799.jpg,0,0.12071290944123314,0.008959537572254336,0.06021194605009634,1
./datasets/Organised/20260306-handFlying-2/162724799.jpg,1,0.28930635838150287,0.007321772639691715,0.052986512524084775,1
./datasets/Organised/20260306-handFlying-2/162724799.jpg,2,0.29315992292870907,0.006262042389210019,0.042485549132947976,1
./datasets/Organised/20260306-handFlying-2/162858129.jpg,0,0.22042389210019267,0.008574181117533719,0.05635838150289017,1
./datasets/Organised/20260306-handFlying-2/162858129.jpg,1,0.26666666666666666,0.009441233140655106,0.06098265895953757,1
./datasets/Organised/20260306-handFlying-2/162858129.jpg,2,0.3236994219653179,0.0076107899807321775,0.048073217726396916,1
./datasets/Organised/20260306-handFlying-2/163024802.jpg,0,0.2632947976878613,0.008863198458574181,0.05944123314065511,1
./datasets/Organised/20260306-handFlying-2/163024802.jpg,1,0.21772639691714837,0.00789980732177264,0.061849710982658956,1
./datasets/Organised/20260306-handFlying-2/163024802.jpg,2,0.3777456647398844,0.007032755298651252,0.04605009633911368,1
./datasets/Organised/20260306-handFlying-2/163158115.jpg,0,0.3208092485549133,0.00789980732177264,0.051059730250481696,1
./datasets/Organised/20260306-handFlying-2/163158115.jpg,1,0.2508670520231214,0.007803468208092485,0.05982658959537572,1
./datasets/Organised/20260306-handFlying-2/163158115.jpg,2,0.4106936416184971,0.0060693641618497106,0.044797687861271675,1
./datasets/Organised/20260306-handFlying-2/163324795.jpg,0,0.3428709055876686,0.010308285163776493,0.06127167630057803,1
./datasets/Organised/20260306-handFlying-2/163324795.jpg,1,0.2790944123314065,0.007418111753371869,0.06290944123314066,1
./datasets/Organised/20260306-handFlying-2/163324795.jpg,2,0.3311175337186898,0.004624277456647399,0.034393063583815026,1
./datasets/Organised/20260306-handFlying-2/163458124.jpg,0,0.4664739884393064,0.01069364161849711,0.07071290944123314,1
./datasets/Organised/20260306-handFlying-2/163458124.jpg,1,0.2569364161849711,0.006551059730250481,0.05096339113680154,1
./datasets/Organised/20260306-handFlying-2/163458124.jpg,2,0.3223506743737958,0.004913294797687861,0.03564547206165703,1
./datasets/Organised/20260306-handFlying-2/163591443.jpg,0,0.4165703275529865,0.010982658959537572,0.06965317919075145,1
./datasets/Organised/20260306-handFlying-2/163591443.jpg,1,0.2516377649325626,0.007803468208092485,0.050385356454720615,1
./datasets/Organised/20260306-handFlying-2/163591443.jpg,2,0.2796724470134875,0.005780346820809248,0.03709055876685934,1
./datasets/Organised/20260306-handFlying-2/163724788.jpg,0,0.4295761078998073,0.009826589595375723,0.06840077071290944,1
./datasets/Organised/20260306-handFlying-2/163724788.jpg,1,0.22042389210019267,0.0060693641618497106,0.04932562620423892,1
./datasets/Organised/20260306-handFlying-2/163724788.jpg,2,0.23872832369942196,0.0056840077071290945,0.03342967244701349,1
./datasets/Organised/20260306-handFlying-2/163858129.jpg,0,0.49691714836223505,0.011946050096339113,0.08053949903660887,1
./datasets/Organised/20260306-handFlying-2/163858129.jpg,1,0.27071290944123316,0.006165703275529865,0.04084778420038536,1
./datasets/Organised/20260306-handFlying-2/163858129.jpg,2,0.247495183044316,0.0037572254335260114,0.030539499036608863,1
./datasets/Organised/20260306-handFlying-2/163991439.jpg,0,0.4616570327552986,0.010789980732177264,0.06483622350674374,1
./datasets/Organised/20260306-handFlying-2/163991439.jpg,1,0.2544315992292871,0.006647398843930636,0.04393063583815029,1
./datasets/Organised/20260306-handFlying-2/163991439.jpg,2,0.21917148362235067,0.004431599229287091,0.029865125240847785,1
./datasets/Organised/20260306-handFlying-2/164091459.jpg,0,0.41165703275529864,0.010789980732177264,0.07032755298651253,1
./datasets/Organised/20260306-handFlying-2/164091459.jpg,1,0.21319845857418113,0.006647398843930636,0.04200385356454721,1
./datasets/Organised/20260306-handFlying-2/164091459.jpg,2,0.1848747591522158,0.0045279383429672445,0.030346820809248554,1
./datasets/Organised/20260306-handFlying-2/164224789.jpg,0,0.3439306358381503,0.008863198458574181,0.05414258188824663,1
./datasets/Organised/20260306-handFlying-2/164224789.jpg,1,0.15539499036608864,0.004913294797687861,0.03603082851637765,1
./datasets/Organised/20260306-handFlying-2/164224789.jpg,2,0.16917148362235068,0.004046242774566474,0.023603082851637765,1
./datasets/Organised/20260306-handFlying-2/164358123.jpg,0,0.2902697495183044,0.011078998073217727,0.07042389210019268,1
./datasets/Organised/20260306-handFlying-2/164358123.jpg,1,0.124373795761079,0.0037572254335260114,0.02764932562620424,1
./datasets/Organised/20260306-handFlying-2/164358123.jpg,2,0.17861271676300577,0.0038535645472061657,0.02321772639691715,1
./datasets/Organised/20260306-handFlying-2/164491447.jpg,0,0.2298651252408478,0.009922928709055878,0.06011560693641618,1
./datasets/Organised/20260306-handFlying-2/164491447.jpg,1,0.08998073217726398,0.002890173410404624,0.022254335260115606,0
./datasets/Organised/20260306-handFlying-2/164491447.jpg,2,0.1592485549132948,0.0037572254335260114,0.021001926782273604,1
./datasets/Organised/20260306-handFlying-2/164624775.jpg,0,0.1590558766859345,0.007418111753371869,0.05308285163776493,1
./datasets/Organised/20260306-handFlying-2/164624775.jpg,1,0.09421965317919075,0.002697495183044316,0.013872832369942197,0
./datasets/Organised/20260306-handFlying-2/164624775.jpg,2,0.075626204238921,0.0022157996146435453,0.013680154142581889,0
./datasets/Organised/20260306-handFlying-2/164758097.jpg,0,0.018978805394990365,0.002697495183044316,0.023795761078998074,0
./datasets/Organised/20260306-handFlying-2/164758097.jpg,1,0.04614643545279384,0.0027938342967244703,0.021098265895953757,0
./datasets/Organised/20260306-handFlying-2/164758097.jpg,2,0.007803468208092485,0.0003853564547206166,0.0030828516377649326,0
./datasets/Organised/20260306-handFlying-2/164891447.jpg,0,0.01233140655105973,0.001348747591522158,0.015510597302504817,0
./datasets/Organised/20260306-handFlying-2/164891447.jpg,1,0.03506743737957611,0.0027938342967244703,0.020134874759152217,0
./datasets/Organised/20260306-handFlying-2/164891447.jpg,2,0.0,0.0,0.0,0
./datasets/Organised/20260306-handFlying-2/165024761.jpg,0,0.014161849710982659,0.0019267822736030828,0.019364161849710983,0
./datasets/Organised/20260306-handFlying-2/165024761.jpg,1,0.17832369942196533,0.006936416184971098,0.04258188824662813,1
./datasets/Organised/20260306-handFlying-2/165024761.jpg,2,0.0,0.0,0.0,0
./datasets/Organised/20260306-handFlying-2/165124768.jpg,0,0.018015414258188825,0.002023121387283237,0.01599229287090559,0
./datasets/Organised/20260306-handFlying-2/165124768.jpg,1,0.33728323699421964,0.007514450867052023,0.052986512524084775,1
./datasets/Organised/20260306-handFlying-2/165124768.jpg,2,0.0,0.0,0.0,0
./datasets/Organised/20260306-handFlying-2/165258100.jpg,0,0.018689788053949902,0.0024084778420038534,0.022254335260115606,0
./datasets/Organised/20260306-handFlying-2/165258100.jpg,1,0.4611753371868979,0.009922928709055878,0.0653179190751445,1
./datasets/Organised/20260306-handFlying-2/165258100.jpg,2,0.06473988439306358,0.0012524084778420038,0.009826589595375723,0
./datasets/Organised/20260306-handFlying-2/165391431.jpg,0,0.015414258188824663,0.0023121387283236996,0.015028901734104046,0
./datasets/Organised/20260306-handFlying-2/165391431.jpg,1,0.5321772639691715,0.010886319845857417,0.06647398843930635,1
./datasets/Organised/20260306-handFlying-2/165391431.jpg,2,0.2407514450867052,0.004046242774566474,0.02996146435452794,1
./datasets/Organised/20260306-handFlying-2/165524758.jpg,0,0.018978805394990365,0.002119460500963391,0.021772639691714835,0
./datasets/Organised/20260306-handFlying-2/165524758.jpg,1,0.4867052023121387,0.01001926782273603,0.0651252408477842,1
./datasets/Organised/20260306-handFlying-2/165524758.jpg,2,0.3348747591522158,0.0060693641618497106,0.04421965317919075,1
./datasets/Organised/20260306-handFlying-2/165624766.jpg,0,0.01579961464354528,0.002890173410404624,0.02003853564547206,0
./datasets/Organised/20260306-handFlying-2/165624766.jpg,1,0.4689788053949904,0.009441233140655106,0.06435452793834297,1
./datasets/Organised/20260306-handFlying-2/165624766.jpg,2,0.3451830443159923,0.008285163776493257,0.053660886319845856,1
./datasets/Organised/20260306-handFlying-2/165758091.jpg,0,0.010886319845857417,0.0017341040462427746,0.015895953757225433,0
./datasets/Organised/20260306-handFlying-2/165758091.jpg,1,0.5226396917148363,0.009152215799614644,0.06628131021194605,1
./datasets/Organised/20260306-handFlying-2/165758091.jpg,2,0.430635838150289,0.007418111753371869,0.06165703275529865,1
./datasets/Organised/20260306-handFlying-2/165858094.jpg,0,0.009441233140655106,0.0010597302504816955,0.011560693641618497,0
./datasets/Organised/20260306-handFlying-2/165858094.jpg,1,0.5122350674373796,0.011464354527938344,0.07109826589595376,1
./datasets/Organised/20260306-handFlying-2/165858094.jpg,2,0.4592485549132948,0.008477842003853564,0.05684007707129094,1
./datasets/Organised/20260306-handFlying-2/165991424.jpg,0,0.008766859344894027,0.001348747591522158,0.0151252408477842,0
./datasets/Organised/20260306-handFlying-2/165991424.jpg,1,0.46926782273603085,0.010115606936416185,0.06551059730250482,1
./datasets/Organised/20260306-handFlying-2/165991424.jpg,2,0.46069364161849713,0.008188824662813102,0.06098265895953757,1
./datasets/Organised/20260306-handFlying-2/166124762.jpg,0,0.01069364161849711,0.0018304431599229288,0.012524084778420038,0
./datasets/Organised/20260306-handFlying-2/166124762.jpg,1,0.4636801541425819,0.009730250481695568,0.06753371868978805,1
./datasets/Organised/20260306-handFlying-2/166124762.jpg,2,0.4323699421965318,0.008574181117533719,0.06213872832369942,1
./datasets/Organised/20260306-handFlying-2/166258091.jpg,0,0.005876685934489403,0.0012524084778420038,0.008863198458574181,0
./datasets/Organised/20260306-handFlying-2/166258091.jpg,1,0.4975915221579961,0.010115606936416185,0.07302504816955684,1
./datasets/Organised/20260306-handFlying-2/166258091.jpg,2,0.41840077071290943,0.009633911368015413,0.061078998073217726,1
./datasets/Organised/20260306-handFlying-2/166424759.jpg,0,0.0037572254335260114,0.000674373795761079,0.007803468208092485,0
./datasets/Organised/20260306-handFlying-2/166424759.jpg,1,0.4979768786127168,0.01021194605009634,0.07109826589595376,1
./datasets/Organised/20260306-handFlying-2/166424759.jpg,2,0.36820809248554914,0.007996146435452794,0.05260115606936416,1
./datasets/Organised/20260306-handFlying-2/166558101.jpg,0,0.008766859344894027,0.0012524084778420038,0.01348747591522158,0
./datasets/Organised/20260306-handFlying-2/166558101.jpg,1,0.488728323699422,0.009922928709055878,0.06310211946050097,1
./datasets/Organised/20260306-handFlying-2/166558101.jpg,2,0.35221579961464355,0.0068400770712909445,0.0546242774566474,1
./datasets/Organised/20260306-handFlying-2/166691423.jpg,0,0.010500963391136802,0.001445086705202312,0.015221579961464355,0
./datasets/Organised/20260306-handFlying-2/166691423.jpg,1,0.4880539499036609,0.01021194605009634,0.06628131021194605,1
./datasets/Organised/20260306-handFlying-2/166691423.jpg,2,0.3626204238921002,0.008959537572254336,0.05346820809248555,1
./datasets/Organised/20260306-handFlying-2/166824763.jpg,0,0.0072254335260115606,0.0010597302504816955,0.00953757225433526,0
./datasets/Organised/20260306-handFlying-2/166824763.jpg,1,0.4593448940269749,0.010789980732177264,0.07485549132947977,1
./datasets/Organised/20260306-handFlying-2/166824763.jpg,2,0.36541425818882467,0.008092485549132947,0.05192678227360308,1
./datasets/Organised/20260306-handFlying-2/166991425.jpg,0,0.007129094412331407,0.001348747591522158,0.008285163776493257,0
./datasets/Organised/20260306-handFlying-2/166991425.jpg,1,0.48323699421965316,0.011078998073217727,0.07177263969171484,1
./datasets/Organised/20260306-handFlying-2/166991425.jpg,2,0.46290944123314065,0.008574181117533719,0.059248554913294796,1
./datasets/Organised/20260306-handFlying-2/167091419.jpg,0,0.008092485549132947,0.0012524084778420038,0.011368015414258189,0
./datasets/Organised/20260306-handFlying-2/167091419.jpg,1,0.5184007707129095,0.008959537572254336,0.06657032755298652,1
./datasets/Organised/20260306-handFlying-2/167091419.jpg,2,0.5427745664739885,0.008092485549132947,0.06339113680154143,1
./datasets/Organised/20260306-handFlying-2/167224750.jpg,0,0.002697495183044316,0.0001926782273603083,0.0037572254335260114,0
./datasets/Organised/20260306-handFlying-2/167224750.jpg,1,0.4165703275529865,0.009826589595375723,0.06204238921001927,1
./datasets/Organised/20260306-handFlying-2/167224750.jpg,2,0.5710982658959538,0.009055876685934489,0.07225433526011561,1
./datasets/Organised/20260306-handFlying-2/167424752.jpg,0,0.0011560693641618498,0.0004816955684007707,0.002890173410404624,0
./datasets/Organised/20260306-handFlying-2/167424752.jpg,1,0.49441233140655105,0.007032755298651252,0.06782273603082851,1
./datasets/Organised/20260306-handFlying-2/167424752.jpg,2,0.7671483622350674,0.007514450867052023,0.0710019267822736,1
./datasets/Organised/20260306-handFlying-2/167591414.jpg,0,0.0012524084778420038,0.0001926782273603083,0.002023121387283237,0
./datasets/Organised/20260306-handFlying-2/167591414.jpg,1,0.5750481695568401,0.009248554913294798,0.06242774566473988,1
./datasets/Organised/20260306-handFlying-2/167591414.jpg,2,0.8270712909441233,0.009633911368015413,0.0838150289017341,1
./datasets/Organised/20260306-handFlying-2/167724748.jpg,0,0.001348747591522158,0.00028901734104046245,0.002601156069364162,0
./datasets/Organised/20260306-handFlying-2/167724748.jpg,1,0.5626204238921002,0.00789980732177264,0.07023121387283238,1
./datasets/Organised/20260306-handFlying-2/167724748.jpg,2,0.8370905587668593,0.009441233140655106,0.08140655105973026,1
./datasets/Organised/20260306-handFlying-2/167858083.jpg,0,0.001348747591522158,0.0003853564547206166,0.0035645472061657034,0
./datasets/Organised/20260306-handFlying-2/167858083.jpg,1,0.6034682080924856,0.007707129094412331,0.05645472061657033,1
./datasets/Organised/20260306-handFlying-2/167858083.jpg,2,0.8131984585741812,0.009441233140655106,0.08815028901734104,1
./datasets/Organised/20260306-handFlying-2/167991412.jpg,0,0.004913294797687861,0.0012524084778420038,0.0068400770712909445,0
./datasets/Organised/20260306-handFlying-2/167991412.jpg,1,0.640655105973025,0.008670520231213872,0.06965317919075145,1
./datasets/Organised/20260306-handFlying-2/167991412.jpg,2,0.8252408477842004,0.010404624277456647,0.08921001926782274,1
./datasets/Organised/20260306-handFlying-2/168125329.jpg,0,0.007803468208092485,0.0008670520231213873,0.008670520231213872,0
./datasets/Organised/20260306-handFlying-2/168125329.jpg,1,0.6452793834296724,0.0076107899807321775,0.05934489402697495,1
./datasets/Organised/20260306-handFlying-2/168125329.jpg,2,0.7966281310211946,0.010115606936416185,0.0873795761078998,1
./datasets/Organised/20260306-handFlying-2/168258075.jpg,0,0.004816955684007707,0.0015414258188824663,0.007803468208092485,0
./datasets/Organised/20260306-handFlying-2/168258075.jpg,1,0.6876685934489403,0.0072254335260115606,0.059248554913294796,1
./datasets/Organised/20260306-handFlying-2/168258075.jpg,2,0.7329479768786127,0.0128131021194605,0.09913294797687862,1
./datasets/Organised/20260306-handFlying-2/168392617.jpg,0,0.007803468208092485,0.0005780346820809249,0.007321772639691715,0
./datasets/Organised/20260306-handFlying-2/168392617.jpg,1,0.6632947976878613,0.00838150289017341,0.06840077071290944,1
./datasets/Organised/20260306-handFlying-2/168392617.jpg,2,0.7329479768786127,0.00953757225433526,0.08882466281310213,1
./datasets/Organised/20260306-handFlying-2/168524736.jpg,0,0.0064547206165703275,0.0008670520231213873,0.006165703275529865,0
./datasets/Organised/20260306-handFlying-2/168524736.jpg,1,0.5886319845857418,0.01001926782273603,0.07350674373795761,1
./datasets/Organised/20260306-handFlying-2/168524736.jpg,2,0.6859344894026975,0.010500963391136802,0.08458574181117534,1
./datasets/Organised/20260306-handFlying-2/168658071.jpg,0,0.005973025048169557,0.0009633911368015414,0.009441233140655106,0
./datasets/Organised/20260306-handFlying-2/168658071.jpg,1,0.5924855491329479,0.008092485549132947,0.07244701348747591,1
./datasets/Organised/20260306-handFlying-2/168658071.jpg,2,0.6759152215799614,0.012427745664739885,0.098747591522158,1
./datasets/Organised/20260306-handFlying-2/168791404.jpg,0,0.01001926782273603,0.0016377649325626203,0.014065510597302504,0
./datasets/Organised/20260306-handFlying-2/168791404.jpg,1,0.6384393063583815,0.008766859344894027,0.07514450867052024,1
./datasets/Organised/20260306-handFlying-2/168791404.jpg,2,0.6867052023121387,0.010886319845857417,0.08641618497109826,1
./datasets/Organised/20260306-handFlying-2/168924750.jpg,0,0.008188824662813102,0.0009633911368015414,0.012042389210019268,0
./datasets/Organised/20260306-handFlying-2/168924750.jpg,1,0.6311175337186898,0.008285163776493257,0.06319845857418112,1
./datasets/Organised/20260306-handFlying-2/168924750.jpg,2,0.6735067437379576,0.011368015414258189,0.08400770712909442,1
./datasets/Organised/20260306-handFlying-2/169058069.jpg,0,0.00674373795761079,0.0010597302504816955,0.011849710982658959,0
./datasets/Organised/20260306-handFlying-2/169058069.jpg,1,0.6282273603082852,0.009344894026974951,0.06878612716763005,1
./datasets/Organised/20260306-handFlying-2/169058069.jpg,2,0.6543352601156069,0.010597302504816955,0.08227360308285164,1
./datasets/Organised/20260306-handFlying-2/169191406.jpg,0,0.01579961464354528,0.0025048169556840076,0.018689788053949902,0
./datasets/Organised/20260306-handFlying-2/169191406.jpg,1,0.6287090558766859,0.009826589595375723,0.07129094412331406,1
./datasets/Organised/20260306-handFlying-2/169191406.jpg,2,0.6552986512524085,0.01001926782273603,0.08651252408477841,1
./datasets/Organised/20260306-handFlying-2/169324732.jpg,0,0.013294797687861272,0.0016377649325626203,0.013872832369942197,0
./datasets/Organised/20260306-handFlying-2/169324732.jpg,1,0.6685934489402697,0.009248554913294798,0.073121387283237,1
./datasets/Organised/20260306-handFlying-2/169324732.jpg,2,0.6609826589595376,0.01001926782273603,0.0815028901734104,1
./datasets/Organised/20260306-handFlying-2/169424741.jpg,0,0.017822736030828516,0.002890173410404624,0.023410404624277455,0
./datasets/Organised/20260306-handFlying-2/169424741.jpg,1,0.6767822736030829,0.00953757225433526,0.06811175337186898,1
./datasets/Organised/20260306-handFlying-2/169424741.jpg,2,0.6520231213872832,0.009826589595375723,0.08362235067437379,1
./datasets/Organised/20260306-handFlying-2/169558060.jpg,0,0.023795761078998074,0.0038535645472061657,0.025529865125240848,0
./datasets/Organised/20260306-handFlying-2/169558060.jpg,1,0.6770712909441233,0.00953757225433526,0.0697495183044316,1
./datasets/Organised/20260306-handFlying-2/169558060.jpg,2,0.6320809248554913,0.010404624277456647,0.07504816955684007,1
./datasets/Organised/20260306-handFlying-2/169691399.jpg,0,0.033236994219653176,0.005009633911368015,0.03593448940269749,0
./datasets/Organised/20260306-handFlying-2/169691399.jpg,1,0.6851637764932562,0.008766859344894027,0.061078998073217726,1
./datasets/Organised/20260306-handFlying-2/169691399.jpg,2,0.5651252408477841,0.011368015414258189,0.0800578034682081,1
./datasets/Organised/20260306-handFlying-2/169925414.jpg,0,0.03314065510597303,0.0038535645472061657,0.02726396917148362,0
./datasets/Organised/20260306-handFlying-2/169925414.jpg,1,0.7055876685934489,0.008574181117533719,0.06175337186897881,1
./datasets/Organised/20260306-handFlying-2/169925414.jpg,2,0.6674373795761079,0.008188824662813102,0.07456647398843931,1
./datasets/Organised/20260306-handFlying-2/170358072.jpg,0,0.05250481695568401,0.005876685934489403,0.04161849710982659,0
./datasets/Organised/20260306-handFlying-2/170358072.jpg,1,0.6754335260115607,0.008092485549132947,0.06011560693641618,1
./datasets/Organised/20260306-handFlying-2/170358072.jpg,2,0.6013487475915221,0.011560693641618497,0.07244701348747591,1
./datasets/Organised/20260306-handFlying-2/170491387.jpg,0,0.08053949903660887,0.006936416184971098,0.048554913294797684,0
./datasets/Organised/20260306-handFlying-2/170491387.jpg,1,0.7234104046242774,0.007514450867052023,0.05385356454720617,1
./datasets/Organised/20260306-handFlying-2/170491387.jpg,2,0.6288053949903661,0.009730250481695568,0.07090558766859345,1
./datasets/Organised/20260306-handFlying-2/170658087.jpg,0,0.09547206165703276,0.008092485549132947,0.051445086705202314,0
./datasets/Organised/20260306-handFlying-2/170658087.jpg,1,0.7639691714836223,0.006165703275529865,0.05279383429672447,1
./datasets/Organised/20260306-handFlying-2/170658087.jpg,2,0.6735067437379576,0.009922928709055878,0.0754335260115607,1
./datasets/Organised/20260306-handFlying-2/170824728.jpg,0,0.1363198458574181,0.007996146435452794,0.0605009633911368,1
./datasets/Organised/20260306-handFlying-2/170824728.jpg,1,0.7977842003853565,0.005876685934489403,0.04258188824662813,1
./datasets/Organised/20260306-handFlying-2/170824728.jpg,2,0.6345857418111753,0.009152215799614644,0.07273603082851637,1
./datasets/Organised/20260306-handFlying-2/170958092.jpg,0,0.17052023121387283,0.008574181117533719,0.054816955684007705,1
./datasets/Organised/20260306-handFlying-2/170958092.jpg,1,0.8402697495183045,0.0064547206165703275,0.05500963391136802,1
./datasets/Organised/20260306-handFlying-2/170958092.jpg,2,0.5495183044315992,0.012524084778420038,0.08092485549132948,1
./datasets/Organised/20260306-handFlying-2/171058059.jpg,0,0.22283236994219655,0.00953757225433526,0.06473988439306358,1
./datasets/Organised/20260306-handFlying-2/171058059.jpg,1,0.8541425818882467,0.005780346820809248,0.04315992292870906,1
./datasets/Organised/20260306-handFlying-2/171058059.jpg,2,0.5101156069364162,0.011560693641618497,0.08593448940269749,1
./datasets/Organised/20260306-handFlying-2/171191382.jpg,0,0.19238921001926781,0.007032755298651252,0.04903660886319846,1
./datasets/Organised/20260306-handFlying-2/171191382.jpg,1,0.8598265895953757,0.0060693641618497106,0.04951830443159923,1
./datasets/Organised/20260306-handFlying-2/171191382.jpg,2,0.4951830443159923,0.010404624277456647,0.07196531791907515,1
./datasets/Organised/20260306-handFlying-2/171324716.jpg,0,0.12668593448940269,0.00674373795761079,0.04653179190751445,1
./datasets/Organised/20260306-handFlying-2/171324716.jpg,1,0.8076107899807322,0.0060693641618497106,0.051541425818882464,1
./datasets/Organised/20260306-handFlying-2/171324716.jpg,2,0.48458574181117536,0.012042389210019268,0.09267822736030829,1
./datasets/Organised/20260306-handFlying-2/171458085.jpg,0,0.08294797687861272,0.005394990366088632,0.041714836223506746,0
./datasets/Organised/20260306-handFlying-2/171458085.jpg,1,0.7629094412331406,0.0068400770712909445,0.062235067437379575,1
./datasets/Organised/20260306-handFlying-2/171458085.jpg,2,0.4863198458574181,0.010500963391136802,0.07408477842003854,1
./datasets/Organised/20260306-handFlying-2/171558048.jpg,0,0.04094412331406551,0.0035645472061657034,0.029190751445086704,0
./datasets/Organised/20260306-handFlying-2/171558048.jpg,1,0.7064547206165703,0.007803468208092485,0.0579961464354528,1
./datasets/Organised/20260306-handFlying-2/171558048.jpg,2,0.5183044315992292,0.008863198458574181,0.06290944123314066,1
./datasets/Organised/20260306-handFlying-2/171691385.jpg,0,0.01233140655105973,0.0017341040462427746,0.014836223506743738,0
./datasets/Organised/20260306-handFlying-2/171691385.jpg,1,0.584393063583815,0.011560693641618497,0.06830443159922929,1
./datasets/Organised/20260306-handFlying-2/171691385.jpg,2,0.47167630057803467,0.008959537572254336,0.06541425818882467,1
./datasets/Organised/20260306-handFlying-2/171824729.jpg,0,0.005587668593448941,0.0004816955684007707,0.007803468208092485,0
./datasets/Organised/20260306-handFlying-2/171824729.jpg,1,0.5144508670520231,0.010982658959537572,0.0708092485549133,1
./datasets/Organised/20260306-handFlying-2/171824729.jpg,2,0.4794797687861272,0.008092485549132947,0.059633911368015415,1
./datasets/Organised/20260306-handFlying-2/171991376.jpg,0,0.002890173410404624,0.0003853564547206166,0.0035645472061657034,0
./datasets/Organised/20260306-handFlying-2/171991376.jpg,1,0.47851637764932564,0.011368015414258189,0.07475915221579961,1
./datasets/Organised/20260306-handFlying-2/171991376.jpg,2,0.4754335260115607,0.009152215799614644,0.05934489402697495,1
./datasets/Organised/20260306-handFlying-2/172091381.jpg,0,0.0038535645472061657,0.0004816955684007707,0.005202312138728324,0
./datasets/Organised/20260306-handFlying-2/172091381.jpg,1,0.5315992292870906,0.009152215799614644,0.06647398843930635,1
./datasets/Organised/20260306-handFlying-2/172091381.jpg,2,0.48391136801541423,0.009344894026974951,0.06445086705202312,1
./datasets/Organised/20260306-handFlying-2/172224710.jpg,0,0.008670520231213872,0.0017341040462427746,0.013294797687861272,0
./datasets/Organised/20260306-handFlying-2/172224710.jpg,1,0.5953757225433526,0.010886319845857417,0.07360308285163776,1
./datasets/Organised/20260306-handFlying-2/172224710.jpg,2,0.4624277456647399,0.007514450867052023,0.05240847784200385,1
./datasets/Organised/20260306-handFlying-2/172324709.jpg,0,0.004913294797687861,0.0007707129094412332,0.006647398843930636,0
./datasets/Organised/20260306-handFlying-2/172324709.jpg,1,0.5020231213872832,0.011175337186897881,0.07726396917148362,1
./datasets/Organised/20260306-handFlying-2/172324709.jpg,2,0.4136801541425819,0.007321772639691715,0.06560693641618497,1
./datasets/Organised/20260306-handFlying-2/172458042.jpg,0,0.0,0.0,0.0,0
./datasets/Organised/20260306-handFlying-2/172458042.jpg,1,0.3692678227360308,0.008863198458574181,0.06522157996146435,1
./datasets/Organised/20260306-handFlying-2/172458042.jpg,2,0.3563583815028902,0.006647398843930636,0.05009633911368015,1
./datasets/Organised/20260306-handFlying-2/172558043.jpg,0,0.0,0.0,0.0,0
./datasets/Organised/20260306-handFlying-2/172558043.jpg,1,0.3714836223506744,0.00838150289017341,0.07341040462427746,1
./datasets/Organised/20260306-handFlying-2/172558043.jpg,2,0.38651252408477843,0.007321772639691715,0.05433526011560694,1
./datasets/Organised/20260306-handFlying-2/172691368.jpg,0,0.0,0.0,0.0,0
./datasets/Organised/20260306-handFlying-2/172691368.jpg,1,0.33583815028901737,0.008863198458574181,0.06464354527938343,1
./datasets/Organised/20260306-handFlying-2/172691368.jpg,2,0.4350674373795761,0.006262042389210019,0.04161849710982659,1
./datasets/Organised/20260306-handFlying-2/172791369.jpg,0,0.0,0.0,0.0,0
./datasets/Organised/20260306-handFlying-2/172791369.jpg,1,0.3161849710982659,0.00674373795761079,0.05867052023121387,1
./datasets/Organised/20260306-handFlying-2/172791369.jpg,2,0.4391136801541426,0.008092485549132947,0.04633911368015414,1
./datasets/Organised/20260306-handFlying-2/172924705.jpg,0,0.0,0.0,0.0,0
./datasets/Organised/20260306-handFlying-2/172924705.jpg,1,0.29354527938342967,0.006262042389210019,0.04210019267822736,1
./datasets/Organised/20260306-handFlying-2/172924705.jpg,2,0.40895953757225434,0.007032755298651252,0.0476878612716763,1
./datasets/Organised/20260306-handFlying-2/173024719.jpg,0,0.0,0.0,0.0,0
./datasets/Organised/20260306-handFlying-2/173024719.jpg,1,0.3113680154142582,0.00674373795761079,0.05452793834296724,1
./datasets/Organised/20260306-handFlying-2/173024719.jpg,2,0.4273603082851638,0.006358381502890174,0.044701348747591525,1
./datasets/Organised/20260306-handFlying-2/173158151.jpg,0,0.0,0.0,0.0,0
./datasets/Organised/20260306-handFlying-2/173158151.jpg,1,0.3302504816955684,0.007129094412331407,0.05356454720616571,1
./datasets/Organised/20260306-handFlying-2/173158151.jpg,2,0.4121387283236994,0.006647398843930636,0.044797687861271675,1
./datasets/Organised/20260306-handFlying-2/173324708.jpg,0,0.0,0.0,0.0,0
./datasets/Organised/20260306-handFlying-2/173324708.jpg,1,0.34364161849710984,0.0056840077071290945,0.04460500963391137,1
./datasets/Organised/20260306-handFlying-2/173324708.jpg,2,0.3197495183044316,0.006358381502890174,0.04431599229287091,1
./datasets/Organised/20260306-handFlying-2/173458073.jpg,0,0.0,0.0,0.0,0
./datasets/Organised/20260306-handFlying-2/173458073.jpg,1,0.4167630057803468,0.006358381502890174,0.046242774566473986,1
./datasets/Organised/20260306-handFlying-2/173458073.jpg,2,0.3738921001926782,0.005587668593448941,0.04383429672447013,1
./datasets/Organised/20260306-handFlying-2/173591364.jpg,0,0.015895953757225433,0.0007707129094412332,0.0052986512524084775,0
./datasets/Organised/20260306-handFlying-2/173591364.jpg,1,0.37745664739884394,0.005587668593448941,0.03188824662813102,1
./datasets/Organised/20260306-handFlying-2/173591364.jpg,2,0.3947013487475915,0.005780346820809248,0.0405587668593449,1
./datasets/Organised/20260306-handFlying-2/173724696.jpg,0,0.010982658959537572,0.002119460500963391,0.014258188824662813,0
./datasets/Organised/20260306-handFlying-2/173724696.jpg,1,0.008574181117533719,0.0004816955684007707,0.0030828516377649326,0
./datasets/Organised/20260306-handFlying-2/173724696.jpg,2,0.25096339113680155,0.006551059730250481,0.04132947976878613,1
./datasets/Organised/20260306-handFlying-2/173891377.jpg,0,0.009826589595375723,0.0016377649325626203,0.011753371868978806,0
./datasets/Organised/20260306-handFlying-2/173891377.jpg,1,0.0,0.0,0.0,0
./datasets/Organised/20260306-handFlying-2/173891377.jpg,2,0.44238921001926784,0.012138728323699421,0.07466281310211946,1
./datasets/Organised/20260306-handFlying-2/174024695.jpg,0,0.019171483622350674,0.0016377649325626203,0.013391136801541427,0
./datasets/Organised/20260306-handFlying-2/174024695.jpg,1,0.08458574181117534,0.002023121387283237,0.013198458574181117,0
./datasets/Organised/20260306-handFlying-2/174024695.jpg,2,0.7315992292870905,0.009730250481695568,0.08304431599229287,1
./datasets/Organised/20260306-handFlying-2/174158021.jpg,0,9.633911368015414e-05,9.633911368015414e-05,0.0,0
./datasets/Organised/20260306-handFlying-2/174158021.jpg,1,0.1674373795761079,0.0029865125240847784,0.016088631984585742,1
./datasets/Organised/20260306-handFlying-2/174158021.jpg,2,0.6521194605009634,0.010982658959537572,0.0779383429672447,1
./datasets/Organised/20260306-handFlying-2/174291363.jpg,0,0.0001926782273603083,9.633911368015414e-05,0.0007707129094412332,0
./datasets/Organised/20260306-handFlying-2/174291363.jpg,1,0.27369942196531793,0.005491329479768786,0.03641618497109827,1
./datasets/Organised/20260306-handFlying-2/174291363.jpg,2,0.6466281310211947,0.01021194605009634,0.08439306358381503,1
./datasets/Organised/20260306-handFlying-2/174424693.jpg,0,0.0,0.0,0.0,0
./datasets/Organised/20260306-handFlying-2/174424693.jpg,1,0.4253371868978805,0.008959537572254336,0.06310211946050097,1
./datasets/Organised/20260306-handFlying-2/174424693.jpg,2,0.6780346820809249,0.0076107899807321775,0.06666666666666667,1
./datasets/Organised/20260306-handFlying-2/174591358.jpg,0,0.07524084778420038,0.0012524084778420038,0.013776493256262042,0
./datasets/Organised/20260306-handFlying-2/174591358.jpg,1,0.873121387283237,0.005780346820809248,0.04749518304431599,1
./datasets/Organised/20260306-handFlying-2/174591358.jpg,2,0.48073217726396916,0.01599229287090559,0.11676300578034682,1
./datasets/Organised/20260306-handFlying-2/174724688.jpg,0,0.27870905587668593,0.005491329479768786,0.036223506743737956,1
./datasets/Organised/20260306-handFlying-2/174724688.jpg,1,0.7695568400770713,0.00789980732177264,0.06233140655105973,1
./datasets/Organised/20260306-handFlying-2/174724688.jpg,2,0.5789980732177264,0.01878612716763006,0.14335260115606938,1
./datasets/Organised/20260306-handFlying-2/174891378.jpg,0,0.41310211946050096,0.008285163776493257,0.061849710982658956,1
./datasets/Organised/20260306-handFlying-2/174891378.jpg,1,0.6252408477842004,0.007129094412331407,0.06358381502890173,1
./datasets/Organised/20260306-handFlying-2/174891378.jpg,2,0.6603082851637765,0.019460500963391136,0.14913294797687862,1
./datasets/Organised/20260306-handFlying-2/175024707.jpg,0,0.5158959537572254,0.008188824662813102,0.05645472061657033,1
./datasets/Organised/20260306-handFlying-2/175024707.jpg,1,0.5854527938342967,0.008959537572254336,0.07148362235067438,1
./datasets/Organised/20260306-handFlying-2/175024707.jpg,2,0.6523121387283237,0.018111753371868978,0.16059730250481696,1
./datasets/Organised/20260306-handFlying-2/175158021.jpg,0,0.5884393063583815,0.009152215799614644,0.0676300578034682,1
./datasets/Organised/20260306-handFlying-2/175158021.jpg,1,0.514354527938343,0.014065510597302504,0.0964354527938343,1
./datasets/Organised/20260306-handFlying-2/175158021.jpg,2,0.7207129094412331,0.01724470134874759,0.1565510597302505,1
./datasets/Organised/20260306-handFlying-2/175291349.jpg,0,0.6582851637764933,0.011078998073217727,0.07524084778420038,1
./datasets/Organised/20260306-handFlying-2/175291349.jpg,1,0.42254335260115605,0.011657032755298651,0.09845857418111753,1
./datasets/Organised/20260306-handFlying-2/175291349.jpg,2,0.7735067437379576,0.018015414258188825,0.14720616570327552,1
./datasets/Organised/20260306-handFlying-2/175458014.jpg,0,0.6617533718689788,0.012524084778420038,0.08410404624277457,1
./datasets/Organised/20260306-handFlying-2/175458014.jpg,1,0.3530828516377649,0.011946050096339113,0.10173410404624278,1
./datasets/Organised/20260306-handFlying-2/175458014.jpg,2,0.7712909441233141,0.016570327552986513,0.14479768786127167,1
./datasets/Organised/20260306-handFlying-2/175591351.jpg,0,0.561849710982659,0.013391136801541427,0.09499036608863198,1
./datasets/Organised/20260306-handFlying-2/175591351.jpg,1,0.5081888246628131,0.01628131021194605,0.12610789980732176,1
./datasets/Organised/20260306-handFlying-2/175591351.jpg,2,0.7683044315992292,0.017533718689788053,0.1478805394990366,1
./datasets/Organised/20260306-handFlying-2/175758020.jpg,0,0.44922928709055876,0.013102119460500963,0.09315992292870906,1
./datasets/Organised/20260306-handFlying-2/175758020.jpg,1,0.7014450867052023,0.016088631984585742,0.11782273603082852,1
./datasets/Organised/20260306-handFlying-2/175758020.jpg,2,0.7078034682080925,0.015895953757225433,0.1338150289017341,1
./datasets/Organised/20260306-handFlying-2/175891363.jpg,0,0.4605009633911368,0.011560693641618497,0.08699421965317919,1
./datasets/Organised/20260306-handFlying-2/175891363.jpg,1,0.7450867052023121,0.015414258188824663,0.12129094412331407,1
./datasets/Organised/20260306-handFlying-2/175891363.jpg,2,0.6690751445086706,0.019460500963391136,0.1508670520231214,1
./datasets/Organised/20260306-handFlying-2/176024678.jpg,0,0.47832369942196534,0.011657032755298651,0.09421965317919075,1
./datasets/Organised/20260306-handFlying-2/176024678.jpg,1,0.7249518304431599,0.014836223506743738,0.11926782273603083,1
./datasets/Organised/20260306-handFlying-2/176024678.jpg,2,0.6090558766859345,0.018689788053949902,0.15414258188824662,1
./datasets/Organised/20260306-handFlying-2/176158011.jpg,0,0.4394990366088632,0.013102119460500963,0.09797687861271677,1
./datasets/Organised/20260306-handFlying-2/176158011.jpg,1,0.8026974951830443,0.016570327552986513,0.12967244701348749,1
./datasets/Organised/20260306-handFlying-2/176158011.jpg,2,0.653179190751445,0.01724470134874759,0.15009633911368014,1
./datasets/Organised/20260306-handFlying-2/176324680.jpg,0,0.42013487475915223,0.015703275529865127,0.09460500963391137,1
./datasets/Organised/20260306-handFlying-2/176324680.jpg,1,0.7904624277456648,0.013583815028901734,0.11685934489402698,1
./datasets/Organised/20260306-handFlying-2/176324680.jpg,2,0.6132947976878613,0.019942196531791908,0.1510597302504817,1
./datasets/Organised/20260306-handFlying-2/176458009.jpg,0,0.40433526011560694,0.013872832369942197,0.10510597302504816,1
./datasets/Organised/20260306-handFlying-2/176458009.jpg,1,0.8197495183044315,0.013102119460500963,0.11936416184971098,1
./datasets/Organised/20260306-handFlying-2/176458009.jpg,2,0.5622350674373796,0.01859344894026975,0.13959537572254335,1
./datasets/Organised/20260306-handFlying-2/176624714.jpg,0,0.4996146435452794,0.014065510597302504,0.10202312138728324,1
./datasets/Organised/20260306-handFlying-2/176624714.jpg,1,0.8271676300578035,0.014450867052023121,0.12870905587668593,1
./datasets/Organised/20260306-handFlying-2/176624714.jpg,2,0.5830443159922929,0.01763005780346821,0.13371868978805396,1
./datasets/Organised/20260306-handFlying-2/176758003.jpg,0,0.49421965317919075,0.01599229287090559,0.10838150289017341,1
./datasets/Organised/20260306-handFlying-2/176758003.jpg,1,0.86878612716763,0.012524084778420038,0.11560693641618497,1
./datasets/Organised/20260306-handFlying-2/176758003.jpg,2,0.5373795761078998,0.018978805394990365,0.13872832369942195,1
./datasets/Organised/20260306-handFlying-2/176891354.jpg,0,0.5113680154142581,0.01599229287090559,0.10867052023121387,1
./datasets/Organised/20260306-handFlying-2/176891354.jpg,1,0.8496146435452794,0.0151252408477842,0.12418111753371869,1
./datasets/Organised/20260306-handFlying-2/176891354.jpg,2,0.514354527938343,0.01840077071290944,0.14219653179190753,1
./datasets/Organised/20260306-handFlying-2/177024667.jpg,0,0.4914258188824663,0.014739884393063583,0.11184971098265896,1
./datasets/Organised/20260306-handFlying-2/177024667.jpg,1,0.8443159922928709,0.013583815028901734,0.11502890173410404,1
./datasets/Organised/20260306-handFlying-2/177024667.jpg,2,0.5266859344894027,0.01763005780346821,0.14210019267822735,1
./datasets/Organised/20260306-handFlying-2/177191338.jpg,0,0.4689788053949904,0.016473988439306357,0.11772639691714837,1
./datasets/Organised/20260306-handFlying-2/177191338.jpg,1,0.8210982658959538,0.013102119460500963,0.10144508670520232,1
./datasets/Organised/20260306-handFlying-2/177191338.jpg,2,0.48747591522157996,0.018304431599229287,0.12928709055876686,1
./datasets/Organised/20260306-handFlying-2/177324673.jpg,0,0.4735067437379576,0.02023121387283237,0.13391136801541426,1
./datasets/Organised/20260306-handFlying-2/177324673.jpg,1,0.7878612716763006,0.015414258188824663,0.12909441233140656,1
./datasets/Organised/20260306-handFlying-2/177324673.jpg,2,0.49210019267822736,0.01724470134874759,0.125626204238921,1
./datasets/Organised/20260306-handFlying-2/177491352.jpg,0,0.46772639691714835,0.0197495183044316,0.14277456647398845,1
./datasets/Organised/20260306-handFlying-2/177491352.jpg,1,0.7656069364161849,0.015510597302504817,0.13641618497109825,1
./datasets/Organised/20260306-handFlying-2/177491352.jpg,2,0.4626204238921002,0.019267822736030827,0.13641618497109825,1
./datasets/Organised/20260306-handFlying-2/177624676.jpg,0,0.48053949903660886,0.02003853564547206,0.1252408477842004,1
./datasets/Organised/20260306-handFlying-2/177624676.jpg,1,0.7688824662813102,0.014258188824662813,0.12003853564547207,1
./datasets/Organised/20260306-handFlying-2/177624676.jpg,2,0.4884393063583815,0.0174373795761079,0.13314065510597303,1
./datasets/Organised/20260306-handFlying-2/177791329.jpg,0,0.4530828516377649,0.019267822736030827,0.12427745664739884,1
./datasets/Organised/20260306-handFlying-2/177791329.jpg,1,0.7624277456647399,0.014932562620423893,0.12080924855491329,1
./datasets/Organised/20260306-handFlying-2/177791329.jpg,2,0.5089595375722543,0.01676300578034682,0.13641618497109825,1
./datasets/Organised/20260306-handFlying-2/177924663.jpg,0,0.45173410404624276,0.018208092485549134,0.12389210019267823,1
./datasets/Organised/20260306-handFlying-2/177924663.jpg,1,0.8123314065510597,0.014836223506743738,0.11194605009633911,1
./datasets/Organised/20260306-handFlying-2/177924663.jpg,2,0.557514450867052,0.01599229287090559,0.12254335260115606,1
./datasets/Organised/20260306-handFlying-2/178057992.jpg,0,0.5035645472061657,0.018497109826589597,0.13111753371868978,1
./datasets/Organised/20260306-handFlying-2/178057992.jpg,1,0.8360308285163777,0.015317919075144508,0.11984585741811175,1
./datasets/Organised/20260306-handFlying-2/178057992.jpg,2,0.49894026974951833,0.017726396917148363,0.12447013487475915,1
./datasets/Organised/20260306-handFlying-2/178191364.jpg,0,0.5337186897880539,0.019364161849710983,0.12890173410404623,1
./datasets/Organised/20260306-handFlying-2/178191364.jpg,1,0.8523121387283237,0.012235067437379576,0.10404624277456648,1
./datasets/Organised/20260306-handFlying-2/178191364.jpg,2,0.5066473988439306,0.014547206165703276,0.1174373795761079,1
./datasets/Organised/20260306-handFlying-2/178358044.jpg,0,0.5659922928709056,0.017919075144508672,0.12591522157996146,1
./datasets/Organised/20260306-handFlying-2/178358044.jpg,1,0.8517341040462427,0.012427745664739885,0.10944123314065511,1
./datasets/Organised/20260306-handFlying-2/178358044.jpg,2,0.47418111753371867,0.016473988439306357,0.12312138728323699,1
./datasets/Organised/20260306-handFlying-2/178491328.jpg,0,0.5719653179190751,0.019267822736030827,0.12755298651252409,1
./datasets/Organised/20260306-handFlying-2/178491328.jpg,1,0.8527938342967245,0.014258188824662813,0.10221579961464354,1
./datasets/Organised/20260306-handFlying-2/178491328.jpg,2,0.4622350674373796,0.01695568400770713,0.12755298651252409,1
./datasets/Organised/20260306-handFlying-2/178657993.jpg,0,0.5969171483622351,0.017919075144508672,0.1220616570327553,1
./datasets/Organised/20260306-handFlying-2/178657993.jpg,1,0.8851637764932563,0.009730250481695568,0.0918111753371869,1
./datasets/Organised/20260306-handFlying-2/178657993.jpg,2,0.4081888246628131,0.01464354527938343,0.10770712909441234,1
./datasets/Organised/20260306-handFlying-2/178791320.jpg,0,0.5788053949903661,0.018882466281310212,0.1363198458574181,1
./datasets/Organised/20260306-handFlying-2/178791320.jpg,1,0.8373795761078998,0.011560693641618497,0.098747591522158,1
./datasets/Organised/20260306-handFlying-2/178791320.jpg,2,0.3838150289017341,0.01348747591522158,0.10067437379576108,1
./datasets/Organised/20260306-handFlying-2/178958116.jpg,0,0.5286127167630058,0.020712909441233142,0.1329479768786127,1
./datasets/Organised/20260306-handFlying-2/178958116.jpg,1,0.7868015414258189,0.015028901734104046,0.12398843930635838,1
./datasets/Organised/20260306-handFlying-2/178958116.jpg,2,0.3327552986512524,0.01348747591522158,0.10346820809248555,1
./datasets/Organised/20260306-handFlying-2/179091325.jpg,0,0.5043352601156069,0.017148362235067438,0.1199421965317919,1
./datasets/Organised/20260306-handFlying-2/179091325.jpg,1,0.754431599229287,0.013391136801541427,0.11473988439306358,1
./datasets/Organised/20260306-handFlying-2/179091325.jpg,2,0.32283236994219655,0.012138728323699421,0.0850674373795761,1
./datasets/Organised/20260306-handFlying-2/179224660.jpg,0,0.4603082851637765,0.0174373795761079,0.1210019267822736,1
./datasets/Organised/20260306-handFlying-2/179224660.jpg,1,0.7739884393063584,0.014354527938342966,0.10886319845857419,1
./datasets/Organised/20260306-handFlying-2/179224660.jpg,2,0.33236994219653176,0.012235067437379576,0.08940269749518305,1
./datasets/Organised/20260306-handFlying-2/179391348.jpg,0,0.4283236994219653,0.01579961464354528,0.1092485549132948,1
./datasets/Organised/20260306-handFlying-2/179391348.jpg,1,0.7581888246628131,0.015317919075144508,0.12177263969171484,1
./datasets/Organised/20260306-handFlying-2/179391348.jpg,2,0.29142581888246627,0.013102119460500963,0.0978805394990366,1
./datasets/Organised/20260306-handFlying-2/179524661.jpg,0,0.4296724470134875,0.017726396917148363,0.11541425818882466,1
./datasets/Organised/20260306-handFlying-2/179524661.jpg,1,0.7755298651252408,0.013872832369942197,0.11059730250481696,1
./datasets/Organised/20260306-handFlying-2/179524661.jpg,2,0.2825626204238921,0.010886319845857417,0.09826589595375723,1
./datasets/Organised/20260306-handFlying-2/179657983.jpg,0,0.41589595375722543,0.017533718689788053,0.11406551059730251,1
./datasets/Organised/20260306-handFlying-2/179657983.jpg,1,0.7807321772639692,0.0128131021194605,0.10510597302504816,1
./datasets/Organised/20260306-handFlying-2/179657983.jpg,2,0.26676300578034684,0.013391136801541427,0.10221579961464354,1
./datasets/Organised/20260306-handFlying-2/179824658.jpg,0,0.40433526011560694,0.01695568400770713,0.10857418111753372,1
./datasets/Organised/20260306-handFlying-2/179824658.jpg,1,0.7604046242774567,0.01599229287090559,0.1163776493256262,1
./datasets/Organised/20260306-handFlying-2/179824658.jpg,2,0.30221579961464357,0.012909441233140655,0.10163776493256262,1
./datasets/Organised/20260306-handFlying-2/179957982.jpg,0,0.49682080924855493,0.015895953757225433,0.10905587668593449,1
./datasets/Organised/20260306-handFlying-2/179957982.jpg,1,0.623795761078998,0.01069364161849711,0.08863198458574181,1
./datasets/Organised/20260306-handFlying-2/179957982.jpg,2,0.4026974951830443,0.01560693641618497,0.11801541425818883,1
./datasets/Organised/20260306-handFlying-2/180091311.jpg,0,0.5344894026974952,0.01859344894026975,0.12119460500963392,1
./datasets/Organised/20260306-handFlying-2/180091311.jpg,1,0.5321772639691715,0.012427745664739885,0.09576107899807322,1
./datasets/Organised/20260306-handFlying-2/180091311.jpg,2,0.42851637764932565,0.01579961464354528,0.1348747591522158,1
./datasets/Organised/20260306-handFlying-2/180224665.jpg,0,0.5533718689788054,0.015221579961464355,0.11657032755298652,1
./datasets/Organised/20260306-handFlying-2/180224665.jpg,1,0.4865125240847784,0.014354527938342966,0.10192678227360308,1
./datasets/Organised/20260306-handFlying-2/180224665.jpg,2,0.44884393063583816,0.01840077071290944,0.13121387283236993,1
./datasets/Organised/20260306-handFlying-2/180391309.jpg,0,0.5596339113680154,0.01676300578034682,0.11184971098265896,1
./datasets/Organised/20260306-handFlying-2/180391309.jpg,1,0.4758188824662813,0.014354527938342966,0.10028901734104047,1
./datasets/Organised/20260306-handFlying-2/180391309.jpg,2,0.4505780346820809,0.015028901734104046,0.11483622350674373,1
./datasets/Organised/20260306-handFlying-2/180524686.jpg,0,0.535645472061657,0.016473988439306357,0.11107899807321772,1
./datasets/Organised/20260306-handFlying-2/180524686.jpg,1,0.4804431599229287,0.01579961464354528,0.10057803468208093,1
./datasets/Organised/20260306-handFlying-2/180524686.jpg,2,0.4703275529865125,0.016377649325626204,0.11840077071290944,1
./datasets/Organised/20260306-handFlying-2/180657971.jpg,0,0.534971098265896,0.016666666666666666,0.11657032755298652,1
./datasets/Organised/20260306-handFlying-2/180657971.jpg,1,0.4258188824662813,0.014547206165703276,0.10366088631984585,1
./datasets/Organised/20260306-handFlying-2/180657971.jpg,2,0.5102119460500963,0.019364161849710983,0.13853564547206165,1
./datasets/Organised/20260306-handFlying-2/180791311.jpg,0,0.5666666666666667,0.019460500963391136,0.13304431599229288,1
./datasets/Organised/20260306-handFlying-2/180791311.jpg,1,0.3279383429672447,0.013583815028901734,0.10674373795761079,1
./datasets/Organised/20260306-handFlying-2/180791311.jpg,2,0.6426782273603083,0.016088631984585742,0.1338150289017341,1
./datasets/Organised/20260306-handFlying-2/180924654.jpg,0,0.5574181117533719,0.020616570327552985,0.1394990366088632,1
./datasets/Organised/20260306-handFlying-2/180924654.jpg,1,0.34296724470134876,0.014258188824662813,0.11252408477842003,1
./datasets/Organised/20260306-handFlying-2/180924654.jpg,2,0.694412331406551,0.017726396917148363,0.14132947976878613,1
./datasets/Organised/20260306-handFlying-2/181057973.jpg,0,0.5900770712909441,0.021965317919075144,0.13892100192678228,1
./datasets/Organised/20260306-handFlying-2/181057973.jpg,1,0.34739884393063586,0.014836223506743738,0.11647398843930636,1
./datasets/Organised/20260306-handFlying-2/181057973.jpg,2,0.6480732177263969,0.01840077071290944,0.14084778420038535,1
./datasets/Organised/20260306-handFlying-2/181224652.jpg,0,0.5771676300578035,0.022254335260115606,0.1441233140655106,1
./datasets/Organised/20260306-handFlying-2/181224652.jpg,1,0.39566473988439305,0.015317919075144508,0.11791907514450867,1
./datasets/Organised/20260306-handFlying-2/181224652.jpg,2,0.6684971098265896,0.020712909441233142,0.15057803468208092,1
./datasets/Organised/20260306-handFlying-2/181358028.jpg,0,0.578131021194605,0.021483622350674372,0.1350674373795761,1
./datasets/Organised/20260306-handFlying-2/181358028.jpg,1,0.3978805394990366,0.014836223506743738,0.12071290944123314,1
./datasets/Organised/20260306-handFlying-2/181358028.jpg,2,0.7022157996146435,0.018111753371868978,0.1327552986512524,1
./datasets/Organised/20260306-handFlying-2/181524659.jpg,0,0.5105973025048169,0.020712909441233142,0.14065510597302505,1
./datasets/Organised/20260306-handFlying-2/181524659.jpg,1,0.49065510597302503,0.011657032755298651,0.09961464354527938,1
./datasets/Organised/20260306-handFlying-2/181524659.jpg,2,0.5417148362235067,0.018304431599229287,0.13583815028901733,1
./datasets/Organised/20260306-handFlying-2/181657963.jpg,0,0.44460500963391136,0.021001926782273604,0.1478805394990366,1
./datasets/Organised/20260306-handFlying-2/181657963.jpg,1,0.4850674373795761,0.012909441233140655,0.10491329479768786,1
./datasets/Organised/20260306-handFlying-2/181657963.jpg,2,0.596820809248555,0.0174373795761079,0.13786127167630058,1
./datasets/Organised/20260306-handFlying-2/181791302.jpg,0,0.47427745664739884,0.02167630057803468,0.1533718689788054,1
./datasets/Organised/20260306-handFlying-2/181791302.jpg,1,0.5230250481695569,0.011753371868978806,0.1023121387283237,1
./datasets/Organised/20260306-handFlying-2/181791302.jpg,2,0.6078998073217726,0.01579961464354528,0.11820809248554913,1
./datasets/Organised/20260306-handFlying-2/181925147.jpg,0,0.4261078998073218,0.019942196531791908,0.14653179190751445,1
./datasets/Organised/20260306-handFlying-2/181925147.jpg,1,0.5701348747591523,0.011560693641618497,0.098747591522158,1
./datasets/Organised/20260306-handFlying-2/181925147.jpg,2,0.5609826589595376,0.009633911368015413,0.08053949903660887,1
./datasets/Organised/20260306-handFlying-2/182091298.jpg,0,0.49238921001926783,0.018882466281310212,0.14633911368015415,1
./datasets/Organised/20260306-handFlying-2/182091298.jpg,1,0.5997109826589595,0.014354527938342966,0.12167630057803468,1
./datasets/Organised/20260306-handFlying-2/182091298.jpg,2,0.5616570327552987,0.008959537572254336,0.07957610789980732,1
./datasets/Organised/20260306-handFlying-2/182224655.jpg,0,0.5471098265895954,0.020616570327552985,0.15057803468208092,1
./datasets/Organised/20260306-handFlying-2/182224655.jpg,1,0.61878612716763,0.013872832369942197,0.11223506743737957,1
./datasets/Organised/20260306-handFlying-2/182224655.jpg,2,0.5551059730250482,0.009441233140655106,0.07851637764932562,1
./datasets/Organised/20260306-handFlying-2/182391296.jpg,0,0.6376685934489402,0.02302504816955684,0.15770712909441234,1
./datasets/Organised/20260306-handFlying-2/182391296.jpg,1,0.6104046242774567,0.021772639691714835,0.1546242774566474,1
./datasets/Organised/20260306-handFlying-2/182391296.jpg,2,0.5651252408477841,0.008574181117533719,0.07071290944123314,1
./datasets/Organised/20260306-handFlying-2/182524653.jpg,0,0.6978805394990366,0.02186897880539499,0.1439306358381503,1
./datasets/Organised/20260306-handFlying-2/182524653.jpg,1,0.6685934489402697,0.02042389210019268,0.15703275529865124,1
./datasets/Organised/20260306-handFlying-2/182524653.jpg,2,0.5863198458574181,0.0076107899807321775,0.06425818882466282,1
./datasets/Organised/20260306-handFlying-2/182691296.jpg,0,0.7837186897880539,0.01724470134874759,0.12851637764932564,1
./datasets/Organised/20260306-handFlying-2/182691296.jpg,1,0.7158959537572255,0.02447013487475915,0.17129094412331405,1
./datasets/Organised/20260306-handFlying-2/182691296.jpg,2,0.5970134874759152,0.008959537572254336,0.07572254335260116,1
./datasets/Organised/20260306-handFlying-2/182824661.jpg,0,0.820038535645472,0.013680154142581889,0.0989402697495183,1
./datasets/Organised/20260306-handFlying-2/182824661.jpg,1,0.7263005780346821,0.021290944123314066,0.15096339113680154,1
./datasets/Organised/20260306-handFlying-2/182824661.jpg,2,0.666859344894027,0.008574181117533719,0.08063583815028902,1
./datasets/Organised/20260306-handFlying-2/182957957.jpg,0,0.8184007707129094,0.013872832369942197,0.10385356454720616,1
./datasets/Organised/20260306-handFlying-2/182957957.jpg,1,0.7034682080924856,0.020905587668593448,0.1688824662813102,1
./datasets/Organised/20260306-handFlying-2/182957957.jpg,2,0.6996146435452794,0.012235067437379576,0.09778420038535646,1
./datasets/Organised/20260306-handFlying-2/183124651.jpg,0,0.8148362235067438,0.01464354527938343,0.10963391136801541,1
./datasets/Organised/20260306-handFlying-2/183124651.jpg,1,0.709344894026975,0.02254335260115607,0.16772639691714836,1
./datasets/Organised/20260306-handFlying-2/183124651.jpg,2,0.6928709055876686,0.015221579961464355,0.12186897880539499,1
./datasets/Organised/20260306-handFlying-2/183257962.jpg,0,0.8000963391136802,0.015703275529865127,0.10635838150289018,1
./datasets/Organised/20260306-handFlying-2/183257962.jpg,1,0.6846820809248555,0.02321772639691715,0.18959537572254334,1
./datasets/Organised/20260306-handFlying-2/183257962.jpg,2,0.6608863198458574,0.016473988439306357,0.11791907514450867,1
./datasets/Organised/20260306-handFlying-2/183424643.jpg,0,0.7501926782273604,0.01560693641618497,0.11127167630057803,1
./datasets/Organised/20260306-handFlying-2/183424643.jpg,1,0.6051059730250482,0.023603082851637765,0.17418111753371868,1
./datasets/Organised/20260306-handFlying-2/183424643.jpg,2,0.6518304431599229,0.014739884393063583,0.11078998073217726,1
./datasets/Organised/20260306-handFlying-2/183557969.jpg,0,0.738728323699422,0.01695568400770713,0.1149325626204239,1
./datasets/Organised/20260306-handFlying-2/183557969.jpg,1,0.6040462427745664,0.021098265895953757,0.17186897880539498,1
./datasets/Organised/20260306-handFlying-2/183557969.jpg,2,0.6184007707129094,0.013776493256262042,0.10057803468208093,1
./datasets/Organised/20260306-handFlying-2/183691288.jpg,0,0.7801541425818882,0.01599229287090559,0.11377649325626205,1
./datasets/Organised/20260306-handFlying-2/183691288.jpg,1,0.6963391136801541,0.022350674373795763,0.18102119460500962,1
./datasets/Organised/20260306-handFlying-2/183691288.jpg,2,0.5988439306358382,0.014258188824662813,0.10761078998073217,1
./datasets/Organised/20260306-handFlying-2/183857953.jpg,0,0.7629094412331406,0.0174373795761079,0.10992292870905587,1
./datasets/Organised/20260306-handFlying-2/183857953.jpg,1,0.6129094412331406,0.025529865125240848,0.18333333333333332,1
./datasets/Organised/20260306-handFlying-2/183857953.jpg,2,0.5905587668593449,0.01599229287090559,0.11454720616570327,1
./datasets/Organised/20260306-handFlying-2/183991319.jpg,0,0.7751445086705202,0.01579961464354528,0.11878612716763005,1
./datasets/Organised/20260306-handFlying-2/183991319.jpg,1,0.6066473988439306,0.024951830443159923,0.17832369942196533,1
./datasets/Organised/20260306-handFlying-2/183991319.jpg,2,0.6084778420038536,0.016088631984585742,0.10635838150289018,1
./datasets/Organised/20260306-handFlying-2/184157947.jpg,0,0.7986512524084779,0.016184971098265895,0.10963391136801541,1
./datasets/Organised/20260306-handFlying-2/184157947.jpg,1,0.6940269749518304,0.022928709055876687,0.18102119460500962,1
./datasets/Organised/20260306-handFlying-2/184157947.jpg,2,0.6095375722543352,0.014065510597302504,0.11358381502890173,1
./datasets/Organised/20260306-handFlying-2/184291312.jpg,0,0.8052986512524085,0.013969171483622351,0.10308285163776493,1
./datasets/Organised/20260306-handFlying-2/184291312.jpg,1,0.6925818882466281,0.02302504816955684,0.17495183044315993,1
./datasets/Organised/20260306-handFlying-2/184291312.jpg,2,0.6328516377649326,0.016184971098265895,0.12283236994219653,1
./datasets/Organised/20260306-handFlying-2/184457947.jpg,0,0.8164739884393064,0.012427745664739885,0.0953757225433526,1
./datasets/Organised/20260306-handFlying-2/184457947.jpg,1,0.6223506743737958,0.02630057803468208,0.18660886319845857,1
./datasets/Organised/20260306-handFlying-2/184457947.jpg,2,0.6544315992292871,0.01599229287090559,0.1295761078998073,1
./datasets/Organised/20260306-handFlying-2/184591301.jpg,0,0.8360308285163777,0.01464354527938343,0.10077071290944123,1
./datasets/Organised/20260306-handFlying-2/184591301.jpg,1,0.6148362235067437,0.024373795761079,0.1724470134874759,1
./datasets/Organised/20260306-handFlying-2/184591301.jpg,2,0.6500963391136801,0.018015414258188825,0.1373795761078998,1
./datasets/Organised/20260306-handFlying-2/184724656.jpg,0,0.8421001926782273,0.014450867052023121,0.10645472061657033,1
./datasets/Organised/20260306-handFlying-2/184724656.jpg,1,0.5909441233140655,0.022157996146435453,0.17177263969171483,1
./datasets/Organised/20260306-handFlying-2/184724656.jpg,2,0.6195568400770712,0.02003853564547206,0.1432562620423892,1
./datasets/Organised/20260306-handFlying-2/184891305.jpg,0,0.863776493256262,0.012235067437379576,0.09922928709055877,1
./datasets/Organised/20260306-handFlying-2/184891305.jpg,1,0.5196531791907515,0.023506743737957612,0.18208092485549132,1
./datasets/Organised/20260306-handFlying-2/184891305.jpg,2,0.5652215799614644,0.01724470134874759,0.13082851637764933,1
./datasets/Organised/20260306-handFlying-2/185024660.jpg,0,0.8557803468208093,0.011368015414258189,0.10221579961464354,1
./datasets/Organised/20260306-handFlying-2/185024660.jpg,1,0.5022157996146436,0.026685934489402697,0.18766859344894027,1
./datasets/Organised/20260306-handFlying-2/185024660.jpg,2,0.5601156069364162,0.015221579961464355,0.11965317919075144,1
./datasets/Organised/20260306-handFlying-2/185157938.jpg,0,0.8615606936416185,0.010789980732177264,0.0873795761078998,1
./datasets/Organised/20260306-handFlying-2/185157938.jpg,1,0.5036608863198458,0.025722543352601157,0.17832369942196533,1
./datasets/Organised/20260306-handFlying-2/185157938.jpg,2,0.5697495183044315,0.016473988439306357,0.12071290944123314,1
./datasets/Organised/20260306-handFlying-2/185324630.jpg,0,0.8567437379576108,0.009730250481695568,0.07745664739884393,1
./datasets/Organised/20260306-handFlying-2/185324630.jpg,1,0.5229287090558767,0.026396917148362235,0.18872832369942197,1
./datasets/Organised/20260306-handFlying-2/185324630.jpg,2,0.5633911368015414,0.01724470134874759,0.12292870905587669,1
./datasets/Organised/20260306-handFlying-2/185457939.jpg,0,0.8297687861271676,0.0128131021194605,0.10394990366088631,1
./datasets/Organised/20260306-handFlying-2/185457939.jpg,1,0.5106936416184971,0.026396917148362235,0.18073217726396917,1
./datasets/Organised/20260306-handFlying-2/185457939.jpg,2,0.5827552986512524,0.016184971098265895,0.11907514450867052,1
./datasets/Organised/20260306-handFlying-2/185624628.jpg,0,0.8473025048169557,0.011464354527938344,0.09248554913294797,1
./datasets/Organised/20260306-handFlying-2/185624628.jpg,1,0.5002890173410405,0.027938342967244702,0.19219653179190752,1
./datasets/Organised/20260306-handFlying-2/185624628.jpg,2,0.5603082851637765,0.013969171483622351,0.09576107899807322,1
./datasets/Organised/20260306-handFlying-2/185757934.jpg,0,0.8417148362235067,0.011560693641618497,0.10115606936416185,1
./datasets/Organised/20260306-handFlying-2/185757934.jpg,1,0.48622350674373793,0.025626204238921,0.18631984585741812,1
./datasets/Organised/20260306-handFlying-2/185757934.jpg,2,0.5521194605009634,0.015317919075144508,0.11657032755298652,1
./datasets/Organised/20260306-handFlying-2/185924644.jpg,0,0.8000963391136802,0.014450867052023121,0.10086705202312139,1
./datasets/Organised/20260306-handFlying-2/185924644.jpg,1,0.4928709055876686,0.026493256262042388,0.17890173410404625,1
./datasets/Organised/20260306-handFlying-2/185924644.jpg,2,0.5497109826589596,0.015703275529865127,0.10761078998073217,1
./datasets/Organised/20260306-handFlying-2/186057933.jpg,0,0.7493256262042389,0.015028901734104046,0.12032755298651253,1
./datasets/Organised/20260306-handFlying-2/186057933.jpg,1,0.4451830443159923,0.027842003853564546,0.17697495183044315,1
./datasets/Organised/20260306-handFlying-2/186057933.jpg,2,0.5199421965317919,0.013198458574181117,0.09171483622350675,1
./datasets/Organised/20260306-handFlying-2/186224628.jpg,0,0.7415221579961464,0.014161849710982659,0.09691714836223507,1
./datasets/Organised/20260306-handFlying-2/186224628.jpg,1,0.46724470134874757,0.02581888246628131,0.16801541425818883,1
./datasets/Organised/20260306-handFlying-2/186224628.jpg,2,0.46502890173410405,0.011078998073217727,0.07813102119460501,1
./datasets/Organised/20260306-handFlying-2/186357930.jpg,0,0.7327552986512524,0.014739884393063583,0.11579961464354528,1
./datasets/Organised/20260306-handFlying-2/186357930.jpg,1,0.4841040462427746,0.023506743737957612,0.16936416184971098,1
./datasets/Organised/20260306-handFlying-2/186357930.jpg,2,0.5010597302504817,0.01001926782273603,0.07148362235067438,1
./datasets/Organised/20260306-handFlying-2/186491299.jpg,0,0.7236030828516378,0.014450867052023121,0.11069364161849711,1
./datasets/Organised/20260306-handFlying-2/186491299.jpg,1,0.4369942196531792,0.02630057803468208,0.16734104046242776,1
./datasets/Organised/20260306-handFlying-2/186491299.jpg,2,0.5173410404624278,0.00953757225433526,0.06965317919075145,1
./datasets/Organised/20260306-handFlying-2/186657960.jpg,0,0.7379576107899807,0.015414258188824663,0.11907514450867052,1
./datasets/Organised/20260306-handFlying-2/186657960.jpg,1,0.42456647398843933,0.02466281310211946,0.1554913294797688,1
./datasets/Organised/20260306-handFlying-2/186657960.jpg,2,0.5541425818882466,0.010982658959537572,0.07369942196531792,1
./datasets/Organised/20260306-handFlying-2/186791263.jpg,0,0.7841040462427745,0.015510597302504817,0.11175337186897881,1
./datasets/Organised/20260306-handFlying-2/186791263.jpg,1,0.43978805394990367,0.02447013487475915,0.1617533718689788,1
./datasets/Organised/20260306-handFlying-2/186791263.jpg,2,0.6107899807321773,0.009922928709055878,0.07687861271676301,1
./datasets/Organised/20260306-handFlying-2/186957942.jpg,0,0.8225433526011561,0.011849710982658959,0.08622350674373795,1
./datasets/Organised/20260306-handFlying-2/186957942.jpg,1,0.5040462427745664,0.023603082851637765,0.14759152215799615,1
./datasets/Organised/20260306-handFlying-2/186957942.jpg,2,0.6183044315992293,0.009633911368015413,0.07177263969171484,1
./datasets/Organised/20260306-handFlying-2/187091254.jpg,0,0.8089595375722544,0.012524084778420038,0.09527938342967245,1
./datasets/Organised/20260306-handFlying-2/187091254.jpg,1,0.4834296724470135,0.024084778420038536,0.16339113680154144,1
./datasets/Organised/20260306-handFlying-2/187091254.jpg,2,0.583140655105973,0.010308285163776493,0.073121387283237,1
./datasets/Organised/20260306-handFlying-2/187224625.jpg,0,0.7880539499036608,0.012235067437379576,0.09951830443159923,1
./datasets/Organised/20260306-handFlying-2/187224625.jpg,1,0.521868978805395,0.023121387283236993,0.15414258188824662,1
./datasets/Organised/20260306-handFlying-2/187224625.jpg,2,0.6155105973025048,0.008188824662813102,0.06685934489402698,1
./datasets/Organised/20260306-handFlying-2/187391279.jpg,0,0.7646435452793834,0.012716763005780347,0.09026974951830444,1
./datasets/Organised/20260306-handFlying-2/187391279.jpg,1,0.571290944123314,0.018978805394990365,0.1375722543352601,1
./datasets/Organised/20260306-handFlying-2/187391279.jpg,2,0.5850674373795761,0.009633911368015413,0.06339113680154143,1
./datasets/Organised/20260306-handFlying-2/187524632.jpg,0,0.7299614643545279,0.011657032755298651,0.09720616570327553,1
./datasets/Organised/20260306-handFlying-2/187524632.jpg,1,0.5892100192678227,0.01724470134874759,0.13805394990366088,1
./datasets/Organised/20260306-handFlying-2/187524632.jpg,2,0.530635838150289,0.009152215799614644,0.05539499036608863,1
./datasets/Organised/20260306-handFlying-2/187691259.jpg,0,0.7053949903660887,0.012042389210019268,0.09624277456647398,1
./datasets/Organised/20260306-handFlying-2/187691259.jpg,1,0.6673410404624277,0.019364161849710983,0.14026974951830443,1
./datasets/Organised/20260306-handFlying-2/187691259.jpg,2,0.5657032755298651,0.008477842003853564,0.06021194605009634,1
./datasets/Organised/20260306-handFlying-2/187824628.jpg,0,0.6952793834296724,0.011175337186897881,0.09364161849710982,1
./datasets/Organised/20260306-handFlying-2/187824628.jpg,1,0.7096339113680155,0.016570327552986513,0.12475915221579961,1
./datasets/Organised/20260306-handFlying-2/187824628.jpg,2,0.6076107899807321,0.00674373795761079,0.05019267822736031,1
./datasets/Organised/20260306-handFlying-2/187991296.jpg,0,0.7214836223506744,0.010308285163776493,0.08564547206165703,1
./datasets/Organised/20260306-handFlying-2/187991296.jpg,1,0.7571290944123314,0.018978805394990365,0.13333333333333333,1
./datasets/Organised/20260306-handFlying-2/187991296.jpg,2,0.6241811175337187,0.007707129094412331,0.0569364161849711,1
./datasets/Organised/20260306-handFlying-2/188124636.jpg,0,0.778805394990366,0.010404624277456647,0.08294797687861272,1
./datasets/Organised/20260306-handFlying-2/188124636.jpg,1,0.8448940269749519,0.013198458574181117,0.1081888246628131,1
./datasets/Organised/20260306-handFlying-2/188124636.jpg,2,0.7135838150289018,0.007707129094412331,0.0579961464354528,1
./datasets/Organised/20260306-handFlying-2/188257914.jpg,0,0.8647398843930636,0.008285163776493257,0.061464354527938345,1
./datasets/Organised/20260306-handFlying-2/188257914.jpg,1,0.8757225433526011,0.010404624277456647,0.08863198458574181,1
./datasets/Organised/20260306-handFlying-2/188257914.jpg,2,0.7056840077071291,0.008188824662813102,0.050385356454720615,1
./datasets/Organised/20260306-handFlying-2/188424647.jpg,0,0.8978805394990366,0.007032755298651252,0.0674373795761079,1
./datasets/Organised/20260306-handFlying-2/188424647.jpg,1,0.8477842003853564,0.010115606936416185,0.09104046242774566,1
./datasets/Organised/20260306-handFlying-2/188424647.jpg,2,0.6582851637764933,0.009152215799614644,0.05905587668593449,1
./datasets/Organised/20260306-handFlying-2/188557916.jpg,0,0.9342967244701349,0.007996146435452794,0.08208092485549133,1
./datasets/Organised/20260306-handFlying-2/188557916.jpg,1,0.820038535645472,0.011849710982658959,0.08689788053949904,1
./datasets/Organised/20260306-handFlying-2/188557916.jpg,2,0.6850674373795761,0.008285163776493257,0.06493256262042389,1
./datasets/Organised/20260306-handFlying-2/188691255.jpg,0,0.9548169556840077,0.0068400770712909445,0.059152215799614646,1
./datasets/Organised/20260306-handFlying-2/188691255.jpg,1,0.7876685934489402,0.011368015414258189,0.08747591522157996,1
./datasets/Organised/20260306-handFlying-2/188691255.jpg,2,0.6922928709055877,0.007129094412331407,0.049229287090558765,1
./datasets/Organised/20260306-handFlying-2/188857909.jpg,0,0.9720616570327553,0.0045279383429672445,0.04017341040462428,1
./datasets/Organised/20260306-handFlying-2/188857909.jpg,1,0.7258188824662813,0.011464354527938344,0.08930635838150289,1
./datasets/Organised/20260306-handFlying-2/188857909.jpg,2,0.6916184971098266,0.008092485549132947,0.05308285163776493,1
./datasets/Organised/20260306-handFlying-2/188991287.jpg,0,0.9797687861271677,0.004238921001926782,0.035838150289017344,1
./datasets/Organised/20260306-handFlying-2/188991287.jpg,1,0.6882466281310212,0.01069364161849711,0.08159922928709056,1
./datasets/Organised/20260306-handFlying-2/188991287.jpg,2,0.6840077071290944,0.007418111753371869,0.05510597302504817,1
./datasets/Organised/20260306-handFlying-2/189124627.jpg,0,0.9583815028901734,0.0038535645472061657,0.0441233140655106,1
./datasets/Organised/20260306-handFlying-2/189124627.jpg,1,0.635645472061657,0.011464354527938344,0.08304431599229287,1
./datasets/Organised/20260306-handFlying-2/189124627.jpg,2,0.6842967244701349,0.008863198458574181,0.059152215799614646,1
./datasets/Organised/20260306-handFlying-2/189257908.jpg,0,0.9379576107899807,0.005973025048169557,0.051541425818882464,1
./datasets/Organised/20260306-handFlying-2/189257908.jpg,1,0.5746628131021194,0.012138728323699421,0.09238921001926782,1
./datasets/Organised/20260306-handFlying-2/189257908.jpg,2,0.6659922928709056,0.009152215799614644,0.06252408477842004,1
./datasets/Organised/20260306-handFlying-2/189424615.jpg,0,0.9060693641618497,0.008188824662813102,0.05385356454720617,1
./datasets/Organised/20260306-handFlying-2/189424615.jpg,1,0.49653179190751445,0.01069364161849711,0.08169556840077072,1
./datasets/Organised/20260306-handFlying-2/189424615.jpg,2,0.7141618497109826,0.008188824662813102,0.06021194605009634,1
./datasets/Organised/20260306-handFlying-2/189557924.jpg,0,0.88121387283237,0.008959537572254336,0.06984585741811175,1
./datasets/Organised/20260306-handFlying-2/189557924.jpg,1,0.44065510597302504,0.011753371868978806,0.07890173410404624,1
./datasets/Organised/20260306-handFlying-2/189557924.jpg,2,0.7333333333333333,0.007514450867052023,0.05992292870905588,1
./datasets/Organised/20260306-handFlying-2/189691237.jpg,0,0.8835260115606937,0.009922928709055878,0.06946050096339114,1
./datasets/Organised/20260306-handFlying-2/189691237.jpg,1,0.3939306358381503,0.010789980732177264,0.08699421965317919,1
./datasets/Organised/20260306-handFlying-2/189691237.jpg,2,0.7433526011560694,0.007514450867052023,0.06628131021194605,1
./datasets/Organised/20260306-handFlying-2/189824570.jpg,0,0.8789017341040463,0.010308285163776493,0.06782273603082851,1
./datasets/Organised/20260306-handFlying-2/189824570.jpg,1,0.3629094412331407,0.01069364161849711,0.07003853564547206,1
./datasets/Organised/20260306-handFlying-2/189824570.jpg,2,0.7688824662813102,0.005876685934489403,0.05115606936416185,1
./datasets/Organised/20260306-handFlying-2/189957902.jpg,0,0.8657996146435453,0.008670520231213872,0.06464354527938343,1
./datasets/Organised/20260306-handFlying-2/189957902.jpg,1,0.39094412331406553,0.010886319845857417,0.0766859344894027,1
./datasets/Organised/20260306-handFlying-2/189957902.jpg,2,0.65626204238921,0.00838150289017341,0.06560693641618497,1
./datasets/Organised/20260306-handFlying-2/190091236.jpg,0,0.7992292870905587,0.010404624277456647,0.07514450867052024,1
./datasets/Organised/20260306-handFlying-2/190091236.jpg,1,0.46252408477842005,0.010115606936416185,0.06811175337186898,1
./datasets/Organised/20260306-handFlying-2/190091236.jpg,2,0.47610789980732177,0.008670520231213872,0.05838150289017341,1
./datasets/Organised/20260306-handFlying-2/190257912.jpg,0,0.7973025048169556,0.012427745664739885,0.08420038535645472,1
./datasets/Organised/20260306-handFlying-2/190257912.jpg,1,0.6508670520231213,0.007321772639691715,0.05944123314065511,1
./datasets/Organised/20260306-handFlying-2/190257912.jpg,2,0.3327552986512524,0.01001926782273603,0.06290944123314066,1
./datasets/Organised/20260306-handFlying-2/190391258.jpg,0,0.8350674373795761,0.009730250481695568,0.07909441233140656,1
./datasets/Organised/20260306-handFlying-2/190391258.jpg,1,0.7720616570327553,0.008959537572254336,0.07023121387283238,1
./datasets/Organised/20260306-handFlying-2/190391258.jpg,2,0.19402697495183044,0.007707129094412331,0.051830443159922926,1
./datasets/Organised/20260306-handFlying-2/190524568.jpg,0,0.757514450867052,0.007514450867052023,0.06204238921001927,1
./datasets/Organised/20260306-handFlying-2/190524568.jpg,1,0.9083815028901734,0.005876685934489403,0.0546242774566474,1
./datasets/Organised/20260306-handFlying-2/190524568.jpg,2,0.17196531791907516,0.007996146435452794,0.05867052023121387,1
./datasets/Organised/20260306-handFlying-2/190657898.jpg,0,0.6308285163776494,0.00674373795761079,0.05452793834296724,1
./datasets/Organised/20260306-handFlying-2/190657898.jpg,1,0.9366088631984586,0.004816955684007707,0.04836223506743738,1
./datasets/Organised/20260306-handFlying-2/190657898.jpg,2,0.23680154142581888,0.008188824662813102,0.061464354527938345,1
./datasets/Organised/20260306-handFlying-2/190824558.jpg,0,0.4842003853564547,0.002697495183044316,0.03044315992292871,1
./datasets/Organised/20260306-handFlying-2/190824558.jpg,1,0.9505780346820809,0.004431599229287091,0.044797687861271675,1
./datasets/Organised/20260306-handFlying-2/190824558.jpg,2,0.3177263969171484,0.008670520231213872,0.0663776493256262,1
./datasets/Organised/20260306-handFlying-2/190958422.jpg,0,0.41984585741811176,0.006551059730250481,0.057803468208092484,1
./datasets/Organised/20260306-handFlying-2/190958422.jpg,1,0.9508670520231214,0.0056840077071290945,0.051445086705202314,1
./datasets/Organised/20260306-handFlying-2/190958422.jpg,2,0.39990366088631984,0.009441233140655106,0.06791907514450866,1
./datasets/Organised/20260306-handFlying-2/191124564.jpg,0,0.37707129094412334,0.0072254335260115606,0.06724470134874759,1
./datasets/Organised/20260306-handFlying-2/191124564.jpg,1,0.9472061657032755,0.005973025048169557,0.05828516377649326,1
./datasets/Organised/20260306-handFlying-2/191124564.jpg,2,0.43583815028901735,0.00838150289017341,0.06165703275529865,1
./datasets/Organised/20260306-handFlying-2/191257894.jpg,0,0.37890173410404626,0.008959537572254336,0.07745664739884393,1
./datasets/Organised/20260306-handFlying-2/191257894.jpg,1,0.9332369942196532,0.008285163776493257,0.07466281310211946,1
./datasets/Organised/20260306-handFlying-2/191257894.jpg,2,0.4365125240847784,0.00953757225433526,0.06724470134874759,1
./datasets/Organised/20260306-handFlying-2/191424571.jpg,0,0.3981695568400771,0.010789980732177264,0.0789980732177264,1
./datasets/Organised/20260306-handFlying-2/191424571.jpg,1,0.9148362235067438,0.01001926782273603,0.08188824662813102,1
./datasets/Organised/20260306-handFlying-2/191424571.jpg,2,0.4326589595375723,0.008863198458574181,0.07533718689788053,1
./datasets/Organised/20260306-handFlying-2/191557906.jpg,0,0.4303468208092486,0.012042389210019268,0.08622350674373795,1
./datasets/Organised/20260306-handFlying-2/191557906.jpg,1,0.9067437379576108,0.007418111753371869,0.06782273603082851,1
./datasets/Organised/20260306-handFlying-2/191557906.jpg,2,0.4079961464354528,0.009344894026974951,0.07244701348747591,1
./datasets/Organised/20260306-handFlying-2/191691220.jpg,0,0.441233140655106,0.01001926782273603,0.08651252408477841,1
./datasets/Organised/20260306-handFlying-2/191691220.jpg,1,0.8842967244701349,0.007418111753371869,0.0733140655105973,1
./datasets/Organised/20260306-handFlying-2/191691220.jpg,2,0.38429672447013485,0.009730250481695568,0.07061657032755299,1
./datasets/Organised/20260306-handFlying-2/191824552.jpg,0,0.49152215799614646,0.014065510597302504,0.09990366088631984,1
./datasets/Organised/20260306-handFlying-2/191824552.jpg,1,0.8321772639691715,0.005491329479768786,0.052215799614643545,1
./datasets/Organised/20260306-handFlying-2/191824552.jpg,2,0.4159922928709056,0.008766859344894027,0.06946050096339114,1
./datasets/Organised/20260306-handFlying-2/191991217.jpg,0,0.5035645472061657,0.01560693641618497,0.13092485549132948,1
./datasets/Organised/20260306-handFlying-2/191991217.jpg,1,0.7805394990366089,0.006647398843930636,0.061849710982658956,1
./datasets/Organised/20260306-handFlying-2/191991217.jpg,2,0.4569364161849711,0.009248554913294798,0.07129094412331406,1
./datasets/Organised/20260306-handFlying-2/192124572.jpg,0,0.5857418111753372,0.01579961464354528,0.12928709055876686,1
./datasets/Organised/20260306-handFlying-2/192124572.jpg,1,0.7141618497109826,0.004624277456647399,0.04576107899807322,1
./datasets/Organised/20260306-handFlying-2/192124572.jpg,2,0.5129094412331406,0.009633911368015413,0.06271676300578034,1
./datasets/Organised/20260306-handFlying-2/192624656.jpg,0,0.8174373795761078,0.0128131021194605,0.11926782273603083,1
./datasets/Organised/20260306-handFlying-2/192624656.jpg,1,0.5417148362235067,0.010404624277456647,0.0871868978805395,1
./datasets/Organised/20260306-handFlying-2/192624656.jpg,2,0.710019267822736,0.009441233140655106,0.08236994219653179,1
./datasets/Organised/20260306-handFlying-2/192757884.jpg,0,0.8321772639691715,0.011560693641618497,0.11194605009633911,1
./datasets/Organised/20260306-handFlying-2/192757884.jpg,1,0.5486512524084779,0.009633911368015413,0.09277456647398843,1
./datasets/Organised/20260306-handFlying-2/192757884.jpg,2,0.7339113680154142,0.007514450867052023,0.07398843930635839,1
./datasets/Organised/20260306-handFlying-2/192891215.jpg,0,0.8305394990366088,0.012524084778420038,0.11348747591522158,1
./datasets/Organised/20260306-handFlying-2/192891215.jpg,1,0.5468208092485549,0.009922928709055878,0.09393063583815028,1
./datasets/Organised/20260306-handFlying-2/192891215.jpg,2,0.7482658959537573,0.009441233140655106,0.08352601156069364,1
./datasets/Organised/20260306-handFlying-2/193057878.jpg,0,0.7692678227360308,0.015028901734104046,0.12678227360308286,1
./datasets/Organised/20260306-handFlying-2/193057878.jpg,1,0.5682080924855492,0.010308285163776493,0.09383429672447013,1
./datasets/Organised/20260306-handFlying-2/193057878.jpg,2,0.6984585741811176,0.011464354527938344,0.08352601156069364,1
./datasets/Organised/20260306-handFlying-2/193191213.jpg,0,0.7283236994219653,0.018497109826589597,0.1336223506743738,1
./datasets/Organised/20260306-handFlying-2/193191213.jpg,1,0.5840077071290944,0.008477842003853564,0.08940269749518305,1
./datasets/Organised/20260306-handFlying-2/193191213.jpg,2,0.676878612716763,0.011368015414258189,0.10366088631984585,1
./datasets/Organised/20260306-handFlying-2/193324541.jpg,0,0.6786127167630058,0.018208092485549134,0.14219653179190753,1
./datasets/Organised/20260306-handFlying-2/193324541.jpg,1,0.5814065510597303,0.011560693641618497,0.10163776493256262,1
./datasets/Organised/20260306-handFlying-2/193324541.jpg,2,0.638150289017341,0.010308285163776493,0.07610789980732177,1
./datasets/Organised/20260306-handFlying-2/193491205.jpg,0,0.6810211946050096,0.016088631984585742,0.129383429672447,1
./datasets/Organised/20260306-handFlying-2/193491205.jpg,1,0.570038535645472,0.011464354527938344,0.10549132947976879,1
./datasets/Organised/20260306-handFlying-2/193491205.jpg,2,0.673121387283237,0.011078998073217727,0.09614643545279383,1
./datasets/Organised/20260306-handFlying-2/193624534.jpg,0,0.7590558766859344,0.012524084778420038,0.1092485549132948,1
./datasets/Organised/20260306-handFlying-2/193624534.jpg,1,0.5709055876685935,0.01464354527938343,0.11117533718689789,1
./datasets/Organised/20260306-handFlying-2/193624534.jpg,2,0.7260115606936416,0.009922928709055878,0.08786127167630058,1
./datasets/Organised/20260306-handFlying-2/193791226.jpg,0,0.7826589595375723,0.007996146435452794,0.07947976878612717,1
./datasets/Organised/20260306-handFlying-2/193791226.jpg,1,0.6845857418111754,0.014354527938342966,0.12976878612716763,1
./datasets/Organised/20260306-handFlying-2/193791226.jpg,2,0.6932562620423892,0.013198458574181117,0.10337186897880539,1
./datasets/Organised/20260306-handFlying-2/193924571.jpg,0,0.7716763005780347,0.008670520231213872,0.08082851637764933,1
./datasets/Organised/20260306-handFlying-2/193924571.jpg,1,0.7615606936416185,0.014258188824662813,0.13352601156069363,1
./datasets/Organised/20260306-handFlying-2/193924571.jpg,2,0.6215799614643546,0.0128131021194605,0.09990366088631984,1
./datasets/Organised/20260306-handFlying-2/194091202.jpg,0,0.8023121387283237,0.008670520231213872,0.07745664739884393,1
./datasets/Organised/20260306-handFlying-2/194091202.jpg,1,0.7947976878612717,0.017919075144508672,0.1655105973025048,1
./datasets/Organised/20260306-handFlying-2/194091202.jpg,2,0.5165703275529865,0.01001926782273603,0.08410404624277457,1
./datasets/Organised/20260306-handFlying-2/194224543.jpg,0,0.7506743737957611,0.007514450867052023,0.06570327552986513,1
./datasets/Organised/20260306-handFlying-2/194224543.jpg,1,0.7908477842003854,0.01840077071290944,0.16059730250481696,1
./datasets/Organised/20260306-handFlying-2/194224543.jpg,2,0.5440269749518304,0.009922928709055878,0.08969171483622351,1
./datasets/Organised/20260306-handFlying-2/194357870.jpg,0,0.7230250481695568,0.00789980732177264,0.06811175337186898,1
./datasets/Organised/20260306-handFlying-2/194357870.jpg,1,0.8128131021194605,0.015414258188824663,0.13420038535645473,1
./datasets/Organised/20260306-handFlying-2/194357870.jpg,2,0.5893063583815029,0.011849710982658959,0.10202312138728324,1
./datasets/Organised/20260306-handFlying-2/194491227.jpg,0,0.6058766859344894,0.006647398843930636,0.061464354527938345,1
./datasets/Organised/20260306-handFlying-2/194491227.jpg,1,0.8169556840077071,0.017726396917148363,0.13497109826589596,1
./datasets/Organised/20260306-handFlying-2/194491227.jpg,2,0.5683044315992293,0.013583815028901734,0.11483622350674373,1
./datasets/Organised/20260306-handFlying-2/194657867.jpg,0,0.5296724470134875,0.008863198458574181,0.06791907514450866,1
./datasets/Organised/20260306-handFlying-2/194657867.jpg,1,0.8178227360308286,0.01560693641618497,0.13217726396917148,1
./datasets/Organised/20260306-handFlying-2/194657867.jpg,2,0.5838150289017341,0.014547206165703276,0.13015414258188826,1
./datasets/Organised/20260306-handFlying-2/194791196.jpg,0,0.5796724470134875,0.00674373795761079,0.05240847784200385,1
./datasets/Organised/20260306-handFlying-2/194791196.jpg,1,0.8418111753371869,0.015028901734104046,0.13660886319845858,1
./datasets/Organised/20260306-handFlying-2/194791196.jpg,2,0.6033718689788053,0.016666666666666666,0.1338150289017341,1
./datasets/Organised/20260306-handFlying-2/194924537.jpg,0,0.49450867052023123,0.004913294797687861,0.04942196531791908,1
./datasets/Organised/20260306-handFlying-2/194924537.jpg,1,0.8555876685934489,0.012138728323699421,0.12360308285163776,1
./datasets/Organised/20260306-handFlying-2/194924537.jpg,2,0.5981695568400771,0.014161849710982659,0.12283236994219653,1
./datasets/Organised/20260306-handFlying-2/195057866.jpg,0,0.294990366088632,0.004431599229287091,0.045953757225433524,1
./datasets/Organised/20260306-handFlying-2/195057866.jpg,1,0.8136801541425819,0.016570327552986513,0.1396917148362235,1
./datasets/Organised/20260306-handFlying-2/195057866.jpg,2,0.5786127167630057,0.015317919075144508,0.125626204238921,1
./datasets/Organised/20260306-handFlying-2/195224530.jpg,0,0.3711946050096339,0.004720616570327553,0.04335260115606936,1
./datasets/Organised/20260306-handFlying-2/195224530.jpg,1,0.8424855491329479,0.015221579961464355,0.13034682080924856,1
./datasets/Organised/20260306-handFlying-2/195224530.jpg,2,0.5402697495183044,0.0174373795761079,0.14759152215799615,1
./datasets/Organised/20260306-handFlying-2/195357861.jpg,0,0.40472061657032754,0.004431599229287091,0.04576107899807322,1
./datasets/Organised/20260306-handFlying-2/195357861.jpg,1,0.8570327552986513,0.015414258188824663,0.12899807321772638,1
./datasets/Organised/20260306-handFlying-2/195357861.jpg,2,0.5688824662813102,0.015317919075144508,0.1315028901734104,1
./datasets/Organised/20260306-handFlying-2/195491203.jpg,0,0.39315992292870905,0.005394990366088632,0.048554913294797684,1
./datasets/Organised/20260306-handFlying-2/195491203.jpg,1,0.8918111753371869,0.013294797687861272,0.1105009633911368,1
./datasets/Organised/20260306-handFlying-2/195491203.jpg,2,0.623795761078998,0.01907514450867052,0.15202312138728324,1
./datasets/Organised/20260306-handFlying-2/195624521.jpg,0,0.2888246628131021,0.006358381502890174,0.04865125240847784,1
./datasets/Organised/20260306-handFlying-2/195624521.jpg,1,0.8558766859344894,0.01579961464354528,0.13795761078998073,1
./datasets/Organised/20260306-handFlying-2/195624521.jpg,2,0.6426782273603083,0.018689788053949902,0.15895953757225434,1
./datasets/Organised/20260306-handFlying-2/195791196.jpg,0,0.21242774566473988,0.0056840077071290945,0.04826589595375722,1
./datasets/Organised/20260306-handFlying-2/195791196.jpg,1,0.8683044315992293,0.015703275529865127,0.13978805394990365,1
./datasets/Organised/20260306-handFlying-2/195791196.jpg,2,0.6109826589595375,0.018882466281310212,0.175626204238921,1
./datasets/Organised/20260306-handFlying-2/195924518.jpg,0,0.09267822736030829,0.004142581888246628,0.032177263969171484,0
./datasets/Organised/20260306-handFlying-2/195924518.jpg,1,0.8978805394990366,0.013872832369942197,0.11734104046242774,1
./datasets/Organised/20260306-handFlying-2/195924518.jpg,2,0.6033718689788053,0.018978805394990365,0.16541425818882466,1
./datasets/Organised/20260306-handFlying-2/196091185.jpg,0,0.02861271676300578,0.004046242774566474,0.035838150289017344,0
./datasets/Organised/20260306-handFlying-2/196091185.jpg,1,0.8519267822736031,0.012042389210019268,0.12080924855491329,1
./datasets/Organised/20260306-handFlying-2/196091185.jpg,2,0.6109826589595375,0.021965317919075144,0.18034682080924855,1
./datasets/Organised/20260306-handFlying-2/196224520.jpg,0,0.03747591522157996,0.004335260115606936,0.04007707129094412,0
./datasets/Organised/20260306-handFlying-2/196224520.jpg,1,0.7786127167630058,0.011753371868978806,0.11348747591522158,1
./datasets/Organised/20260306-handFlying-2/196224520.jpg,2,0.6069364161849711,0.021772639691714835,0.18410404624277457,1
./datasets/Organised/20260306-handFlying-2/196357854.jpg,0,0.06242774566473988,0.004913294797687861,0.03930635838150289,0
./datasets/Organised/20260306-handFlying-2/196357854.jpg,1,0.6966281310211946,0.013198458574181117,0.10751445086705202,1
./datasets/Organised/20260306-handFlying-2/196357854.jpg,2,0.6127167630057804,0.019460500963391136,0.1800578034682081,1
./datasets/Organised/20260306-handFlying-2/196491193.jpg,0,0.1115606936416185,0.005202312138728324,0.04046242774566474,1
./datasets/Organised/20260306-handFlying-2/196491193.jpg,1,0.6284200385356454,0.01348747591522158,0.10780346820809249,1
./datasets/Organised/20260306-handFlying-2/196491193.jpg,2,0.6416184971098265,0.01878612716763006,0.17148362235067438,1
./datasets/Organised/20260306-handFlying-2/196657854.jpg,0,0.15028901734104047,0.004624277456647399,0.0405587668593449,1
./datasets/Organised/20260306-handFlying-2/196657854.jpg,1,0.6114643545279383,0.011560693641618497,0.098747591522158,1
./datasets/Organised/20260306-handFlying-2/196657854.jpg,2,0.6475915221579961,0.01907514450867052,0.16271676300578033,1
./datasets/Organised/20260306-handFlying-2/196791193.jpg,0,0.15934489402697496,0.005009633911368015,0.04836223506743738,1
./datasets/Organised/20260306-handFlying-2/196791193.jpg,1,0.5484585741811175,0.010982658959537572,0.10096339113680154,1
./datasets/Organised/20260306-handFlying-2/196791193.jpg,2,0.5989402697495183,0.018111753371868978,0.16329479768786126,1
./datasets/Organised/20260306-handFlying-2/196957857.jpg,0,0.2103082851637765,0.005973025048169557,0.05115606936416185,1
./datasets/Organised/20260306-handFlying-2/196957857.jpg,1,0.5363198458574181,0.009344894026974951,0.08988439306358381,1
./datasets/Organised/20260306-handFlying-2/196957857.jpg,2,0.6589595375722543,0.021001926782273604,0.1653179190751445,1
./datasets/Organised/20260306-handFlying-2/197157912.jpg,0,0.28285163776493255,0.0076107899807321775,0.06213872832369942,1
./datasets/Organised/20260306-handFlying-2/197157912.jpg,1,0.4576107899807322,0.0072254335260115606,0.0800578034682081,1
./datasets/Organised/20260306-handFlying-2/197157912.jpg,2,0.6914258188824662,0.018689788053949902,0.17157996146435453,1
./datasets/Organised/20260306-handFlying-2/197291190.jpg,0,0.3582851637764933,0.007514450867052023,0.06724470134874759,1
./datasets/Organised/20260306-handFlying-2/197291190.jpg,1,0.4276493256262042,0.009152215799614644,0.08294797687861272,1
./datasets/Organised/20260306-handFlying-2/197291190.jpg,2,0.7526974951830443,0.017726396917148363,0.16599229287090558,1
./datasets/Organised/20260306-handFlying-2/197491199.jpg,0,0.346242774566474,0.008863198458574181,0.06213872832369942,1
./datasets/Organised/20260306-handFlying-2/197491199.jpg,1,0.45009633911368013,0.008670520231213872,0.08053949903660887,1
./datasets/Organised/20260306-handFlying-2/197491199.jpg,2,0.738150289017341,0.024084778420038536,0.18208092485549132,1
./datasets/Organised/20260306-handFlying-2/197624508.jpg,0,0.3262042389210019,0.007129094412331407,0.06136801541425819,1
./datasets/Organised/20260306-handFlying-2/197624508.jpg,1,0.44421965317919077,0.008959537572254336,0.07716763005780347,1
./datasets/Organised/20260306-handFlying-2/197624508.jpg,2,0.7164739884393063,0.021001926782273604,0.1779383429672447,1
./datasets/Organised/20260306-handFlying-2/197791261.jpg,0,0.3061657032755299,0.0076107899807321775,0.0640655105973025,1
./datasets/Organised/20260306-handFlying-2/197791261.jpg,1,0.47591522157996147,0.009826589595375723,0.09335260115606936,1
./datasets/Organised/20260306-handFlying-2/197791261.jpg,2,0.6590558766859345,0.025144508670520233,0.2056840077071291,1
./datasets/Organised/20260306-handFlying-2/197924550.jpg,0,0.3235067437379576,0.007032755298651252,0.05356454720616571,1
./datasets/Organised/20260306-handFlying-2/197924550.jpg,1,0.4959537572254335,0.009055876685934489,0.07822736030828516,1
./datasets/Organised/20260306-handFlying-2/197924550.jpg,2,0.6898843930635838,0.019845857418111755,0.1624277456647399,1
./datasets/Organised/20260306-handFlying-2/198091171.jpg,0,0.26859344894026976,0.007129094412331407,0.058863198458574184,1
./datasets/Organised/20260306-handFlying-2/198091171.jpg,1,0.5245664739884393,0.009248554913294798,0.08131021194605009,1
./datasets/Organised/20260306-handFlying-2/198091171.jpg,2,0.6420038535645473,0.024951830443159923,0.20847784200385355,1
./datasets/Organised/20260306-handFlying-2/198224507.jpg,0,0.2794797687861272,0.0072254335260115606,0.05838150289017341,1
./datasets/Organised/20260306-handFlying-2/198224507.jpg,1,0.5137764932562621,0.009344894026974951,0.08535645472061656,1
./datasets/Organised/20260306-handFlying-2/198224507.jpg,2,0.647495183044316,0.02283236994219653,0.20134874759152216,1
./datasets/Organised/20260306-handFlying-2/198357843.jpg,0,0.2541425818882466,0.006165703275529865,0.05375722543352601,1
./datasets/Organised/20260306-handFlying-2/198357843.jpg,1,0.5232177263969171,0.01233140655105973,0.10327552986512524,1
./datasets/Organised/20260306-handFlying-2/198357843.jpg,2,0.6082851637764932,0.02321772639691715,0.17726396917148363,1
./datasets/Organised/20260306-handFlying-2/198524500.jpg,0,0.19884393063583816,0.00674373795761079,0.045857418111753374,1
./datasets/Organised/20260306-handFlying-2/198524500.jpg,1,0.557514450867052,0.008670520231213872,0.07909441233140656,1
./datasets/Organised/20260306-handFlying-2/198524500.jpg,2,0.5828516377649325,0.02533718689788054,0.19017341040462427,1
./datasets/Organised/20260306-handFlying-2/198657847.jpg,0,0.27379576107899806,0.005587668593448941,0.05510597302504817,1
./datasets/Organised/20260306-handFlying-2/198657847.jpg,1,0.5553949903660886,0.013102119460500963,0.10472061657032755,1
./datasets/Organised/20260306-handFlying-2/198657847.jpg,2,0.49845857418111755,0.020905587668593448,0.1663776493256262,1
./datasets/Organised/20260306-handFlying-2/198824510.jpg,0,0.2048169556840077,0.005973025048169557,0.048458574181117535,1
./datasets/Organised/20260306-handFlying-2/198824510.jpg,1,0.5889210019267823,0.009633911368015413,0.0882466281310212,1
./datasets/Organised/20260306-handFlying-2/198824510.jpg,2,0.5317919075144508,0.020712909441233142,0.1827552986512524,1
./datasets/Organised/20260306-handFlying-2/198991164.jpg,0,0.16897880539499036,0.004431599229287091,0.04017341040462428,1
./datasets/Organised/20260306-handFlying-2/198991164.jpg,1,0.586897880539499,0.011560693641618497,0.09710982658959537,1
./datasets/Organised/20260306-handFlying-2/198991164.jpg,2,0.5498073217726397,0.0220616570327553,0.17947976878612718,1
./datasets/Organised/20260306-handFlying-2/199124496.jpg,0,0.11772639691714837,0.005587668593448941,0.03998073217726397,1
./datasets/Organised/20260306-handFlying-2/199124496.jpg,1,0.6360308285163776,0.009922928709055878,0.08198458574181118,1
./datasets/Organised/20260306-handFlying-2/199124496.jpg,2,0.5156069364161849,0.02321772639691715,0.17861271676300577,1
./datasets/Organised/20260306-handFlying-2/199291175.jpg,0,0.049614643545279384,0.003371868978805395,0.03159922928709056,0
./datasets/Organised/20260306-handFlying-2/199291175.jpg,1,0.6710982658959538,0.014739884393063583,0.1151252408477842,1
./datasets/Organised/20260306-handFlying-2/199291175.jpg,2,0.49441233140655105,0.023603082851637765,0.1947013487475915,1
./datasets/Organised/20260306-handFlying-2/199424491.jpg,0,0.03901734104046243,0.003468208092485549,0.030539499036608863,0
./datasets/Organised/20260306-handFlying-2/199424491.jpg,1,0.7046242774566474,0.0151252408477842,0.11358381502890173,1
./datasets/Organised/20260306-handFlying-2/199424491.jpg,2,0.5105009633911368,0.02321772639691715,0.1891136801541426,1
./datasets/Organised/20260306-handFlying-2/199591161.jpg,0,0.05019267822736031,0.004720616570327553,0.03978805394990366,0
./datasets/Organised/20260306-handFlying-2/199591161.jpg,1,0.7128131021194605,0.01348747591522158,0.11204238921001927,1
./datasets/Organised/20260306-handFlying-2/199591161.jpg,2,0.5063583815028901,0.025722543352601157,0.18583815028901735,1
./datasets/Organised/20260306-handFlying-2/199724485.jpg,0,0.0964354527938343,0.004335260115606936,0.03651252408477842,0
./datasets/Organised/20260306-handFlying-2/199724485.jpg,1,0.6880539499036609,0.013294797687861272,0.10038535645472062,1
./datasets/Organised/20260306-handFlying-2/199724485.jpg,2,0.6011560693641619,0.022157996146435453,0.1779383429672447,1
./datasets/Organised/20260306-handFlying-2/199891158.jpg,0,0.1628131021194605,0.004720616570327553,0.036608863198458574,1
./datasets/Organised/20260306-handFlying-2/199891158.jpg,1,0.6546242774566474,0.006936416184971098,0.06878612716763005,1
./datasets/Organised/20260306-handFlying-2/199891158.jpg,2,0.7461464354527938,0.021483622350674372,0.17302504816955683,1
./datasets/Organised/20260306-handFlying-2/200024490.jpg,0,0.2610789980732177,0.005202312138728324,0.040269749518304435,1
./datasets/Organised/20260306-handFlying-2/200024490.jpg,1,0.6162813102119461,0.008670520231213872,0.07504816955684007,1
./datasets/Organised/20260306-handFlying-2/200024490.jpg,2,0.7943159922928709,0.019364161849710983,0.15163776493256262,1
./datasets/Organised/20260306-handFlying-2/200157819.jpg,0,0.37976878612716763,0.00674373795761079,0.054046242774566475,1
./datasets/Organised/20260306-handFlying-2/200157819.jpg,1,0.5674373795761078,0.010982658959537572,0.10077071290944123,1
./datasets/Organised/20260306-handFlying-2/200157819.jpg,2,0.8160886319845857,0.01763005780346821,0.14845857418111755,1
./datasets/Organised/20260306-handFlying-2/200324489.jpg,0,0.5520231213872833,0.007129094412331407,0.06088631984585742,1
./datasets/Organised/20260306-handFlying-2/200324489.jpg,1,0.5382466281310212,0.011464354527938344,0.1103082851637765,1
./datasets/Organised/20260306-handFlying-2/200324489.jpg,2,0.8842967244701349,0.010500963391136802,0.09210019267822736,1
./datasets/Organised/20260306-handFlying-2/200457822.jpg,0,0.6611753371868979,0.0068400770712909445,0.06926782273603083,1
./datasets/Organised/20260306-handFlying-2/200457822.jpg,1,0.5452793834296724,0.011753371868978806,0.10578034682080925,1
./datasets/Organised/20260306-handFlying-2/200457822.jpg,2,0.8377649325626204,0.013198458574181117,0.10915221579961465,1
./datasets/Organised/20260306-handFlying-2/200591149.jpg,0,0.7517341040462427,0.008477842003853564,0.08526011560693642,1
./datasets/Organised/20260306-handFlying-2/200591149.jpg,1,0.529961464354528,0.011849710982658959,0.10886319845857419,1
./datasets/Organised/20260306-handFlying-2/200591149.jpg,2,0.8228323699421966,0.011657032755298651,0.09402697495183045,1
./datasets/Organised/20260306-handFlying-2/200757835.jpg,0,0.8047206165703276,0.010404624277456647,0.09826589595375723,1
./datasets/Organised/20260306-handFlying-2/200757835.jpg,1,0.520616570327553,0.011464354527938344,0.11589595375722543,1
./datasets/Organised/20260306-handFlying-2/200757835.jpg,2,0.8016377649325627,0.012524084778420038,0.09922928709055877,1
./datasets/Organised/20260306-handFlying-2/200891152.jpg,0,0.8058766859344894,0.012235067437379576,0.10057803468208093,1
./datasets/Organised/20260306-handFlying-2/200891152.jpg,1,0.546242774566474,0.011464354527938344,0.10712909441233141,1
./datasets/Organised/20260306-handFlying-2/200891152.jpg,2,0.8251445086705202,0.013583815028901734,0.10645472061657033,1
./datasets/Organised/20260306-handFlying-2/201057817.jpg,0,0.7584778420038536,0.01348747591522158,0.11416184971098266,1
./datasets/Organised/20260306-handFlying-2/201057817.jpg,1,0.5360308285163776,0.010886319845857417,0.0930635838150289,1
./datasets/Organised/20260306-handFlying-2/201057817.jpg,2,0.8653179190751445,0.010597302504816955,0.08699421965317919,1
./datasets/Organised/20260306-handFlying-2/201191140.jpg,0,0.7421965317919075,0.014354527938342966,0.11473988439306358,1
./datasets/Organised/20260306-handFlying-2/201191140.jpg,1,0.53121387283237,0.011753371868978806,0.09662813102119461,1
./datasets/Organised/20260306-handFlying-2/201191140.jpg,2,0.894990366088632,0.011368015414258189,0.09094412331406551,1
./datasets/Organised/20260306-handFlying-2/201357808.jpg,0,0.7347784200385357,0.011849710982658959,0.10279383429672447,1
./datasets/Organised/20260306-handFlying-2/201357808.jpg,1,0.5275529865125241,0.010308285163776493,0.09248554913294797,1
./datasets/Organised/20260306-handFlying-2/201357808.jpg,2,0.8968208092485549,0.010500963391136802,0.10183044315992293,1
./datasets/Organised/20260306-handFlying-2/201491178.jpg,0,0.7074181117533719,0.013776493256262042,0.11753371868978806,1
./datasets/Organised/20260306-handFlying-2/201491178.jpg,1,0.5314065510597302,0.013391136801541427,0.10780346820809249,1
./datasets/Organised/20260306-handFlying-2/201491178.jpg,2,0.9147398843930635,0.009730250481695568,0.10028901734104047,1
./datasets/Organised/20260306-handFlying-2/201624477.jpg,0,0.7159922928709056,0.013680154142581889,0.11339113680154142,1
./datasets/Organised/20260306-handFlying-2/201624477.jpg,1,0.5379576107899807,0.009922928709055878,0.0825626204238921,1
./datasets/Organised/20260306-handFlying-2/201624477.jpg,2,0.9044315992292871,0.011175337186897881,0.10712909441233141,1
./datasets/Organised/20260306-handFlying-2/201791167.jpg,0,0.7630057803468208,0.013198458574181117,0.11204238921001927,1
./datasets/Organised/20260306-handFlying-2/201791167.jpg,1,0.5591522157996146,0.00789980732177264,0.08159922928709056,1
./datasets/Organised/20260306-handFlying-2/201791167.jpg,2,0.9128131021194605,0.010982658959537572,0.10202312138728324,1
./datasets/Organised/20260306-handFlying-2/201924472.jpg,0,0.7719653179190752,0.013969171483622351,0.11252408477842003,1
./datasets/Organised/20260306-handFlying-2/201924472.jpg,1,0.5473988439306359,0.00789980732177264,0.07890173410404624,1
./datasets/Organised/20260306-handFlying-2/201924472.jpg,2,0.9071290944123314,0.009826589595375723,0.09364161849710982,1
./datasets/Organised/20260306-handFlying-2/202057812.jpg,0,0.8016377649325627,0.014354527938342966,0.11290944123314066,1
./datasets/Organised/20260306-handFlying-2/202057812.jpg,1,0.5319845857418112,0.01069364161849711,0.09113680154142582,1
./datasets/Organised/20260306-handFlying-2/202057812.jpg,2,0.8534682080924856,0.011464354527938344,0.09720616570327553,1
./datasets/Organised/20260306-handFlying-2/202224467.jpg,0,0.785645472061657,0.014932562620423893,0.12302504816955684,1
./datasets/Organised/20260306-handFlying-2/202224467.jpg,1,0.5272639691714837,0.009441233140655106,0.07967244701348748,1
./datasets/Organised/20260306-handFlying-2/202224467.jpg,2,0.8220616570327552,0.010404624277456647,0.0905587668593449,1
./datasets/Organised/20260306-handFlying-2/202357808.jpg,0,0.7605973025048169,0.016859344894026976,0.12986512524084778,1
./datasets/Organised/20260306-handFlying-2/202357808.jpg,1,0.5214836223506744,0.01001926782273603,0.08622350674373795,1
./datasets/Organised/20260306-handFlying-2/202357808.jpg,2,0.8404624277456647,0.010404624277456647,0.08034682080924856,1
./datasets/Organised/20260306-handFlying-2/202524500.jpg,0,0.7787090558766859,0.015510597302504817,0.1233140655105973,1
./datasets/Organised/20260306-handFlying-2/202524500.jpg,1,0.5204238921001927,0.007996146435452794,0.08034682080924856,1
./datasets/Organised/20260306-handFlying-2/202524500.jpg,2,0.8267822736030829,0.012909441233140655,0.10154142581888247,1
./datasets/Organised/20260306-handFlying-2/202657803.jpg,0,0.7609826589595375,0.015317919075144508,0.13554913294797688,1
./datasets/Organised/20260306-handFlying-2/202657803.jpg,1,0.5153179190751445,0.009055876685934489,0.0850674373795761,1
./datasets/Organised/20260306-handFlying-2/202657803.jpg,2,0.8289017341040462,0.011368015414258189,0.09845857418111753,1
./datasets/Organised/20260306-handFlying-2/202824465.jpg,0,0.803757225433526,0.013680154142581889,0.1245664739884393,1
./datasets/Organised/20260306-handFlying-2/202824465.jpg,1,0.5187861271676301,0.008092485549132947,0.07755298651252408,1
./datasets/Organised/20260306-handFlying-2/202824465.jpg,2,0.7894990366088632,0.012042389210019268,0.09730250481695568,1
./datasets/Organised/20260306-handFlying-2/202957799.jpg,0,0.7489402697495183,0.015510597302504817,0.13217726396917148,1
./datasets/Organised/20260306-handFlying-2/202957799.jpg,1,0.5829479768786127,0.007418111753371869,0.07186897880539499,1
./datasets/Organised/20260306-handFlying-2/202957799.jpg,2,0.766281310211946,0.0128131021194605,0.10423892100192678,1
./datasets/Organised/20260306-handFlying-2/203124463.jpg,0,0.7442196531791907,0.018015414258188825,0.14267822736030827,1
./datasets/Organised/20260306-handFlying-2/203124463.jpg,1,0.5864161849710983,0.009344894026974951,0.09219653179190751,1
./datasets/Organised/20260306-handFlying-2/203124463.jpg,2,0.7720616570327553,0.012620423892100193,0.09951830443159923,1
./datasets/Organised/20260306-handFlying-2/203257798.jpg,0,0.7648362235067437,0.014932562620423893,0.1199421965317919,1
./datasets/Organised/20260306-handFlying-2/203257798.jpg,1,0.6005780346820809,0.008285163776493257,0.06984585741811175,1
./datasets/Organised/20260306-handFlying-2/203257798.jpg,2,0.766859344894027,0.011753371868978806,0.09951830443159923,1
./datasets/Organised/20260306-handFlying-2/203424463.jpg,0,0.7882466281310212,0.015510597302504817,0.1327552986512524,1
./datasets/Organised/20260306-handFlying-2/203424463.jpg,1,0.6102119460500963,0.00789980732177264,0.06897880539499036,1
./datasets/Organised/20260306-handFlying-2/203424463.jpg,2,0.7582851637764932,0.01233140655105973,0.09595375722543352,1
./datasets/Organised/20260306-handFlying-2/203557797.jpg,0,0.7880539499036608,0.014932562620423893,0.11888246628131022,1
./datasets/Organised/20260306-handFlying-2/203557797.jpg,1,0.6094412331406551,0.007803468208092485,0.06589595375722543,1
./datasets/Organised/20260306-handFlying-2/203557797.jpg,2,0.7047206165703276,0.013391136801541427,0.09951830443159923,1
./datasets/Organised/20260306-handFlying-2/203724463.jpg,0,0.7871868978805395,0.015895953757225433,0.11502890173410404,1
./datasets/Organised/20260306-handFlying-2/203724463.jpg,1,0.5910404624277457,0.008959537572254336,0.07283236994219654,1
./datasets/Organised/20260306-handFlying-2/203724463.jpg,2,0.65,0.012524084778420038,0.1103082851637765,1
./datasets/Organised/20260306-handFlying-2/203857816.jpg,0,0.8036608863198459,0.016570327552986513,0.10915221579961465,1
./datasets/Organised/20260306-handFlying-2/203857816.jpg,1,0.630635838150289,0.007707129094412331,0.06021194605009634,1
./datasets/Organised/20260306-handFlying-2/203857816.jpg,2,0.6710019267822736,0.011271676300578034,0.10096339113680154,1
./datasets/Organised/20260306-handFlying-2/204024502.jpg,0,0.8211946050096339,0.01348747591522158,0.11348747591522158,1
./datasets/Organised/20260306-handFlying-2/204024502.jpg,1,0.6884393063583815,0.009826589595375723,0.08670520231213873,1
./datasets/Organised/20260306-handFlying-2/204024502.jpg,2,0.6246628131021195,0.012138728323699421,0.10491329479768786,1
./datasets/Organised/20260306-handFlying-2/204157797.jpg,0,0.8152215799614644,0.015510597302504817,0.11897880539499037,1
./datasets/Organised/20260306-handFlying-2/204157797.jpg,1,0.727456647398844,0.008092485549132947,0.07755298651252408,1
./datasets/Organised/20260306-handFlying-2/204157797.jpg,2,0.5224470134874759,0.011464354527938344,0.09479768786127167,1
./datasets/Organised/20260306-handFlying-2/204324453.jpg,0,0.7839113680154143,0.013680154142581889,0.10443159922928709,1
./datasets/Organised/20260306-handFlying-2/204324453.jpg,1,0.8353564547206166,0.008188824662813102,0.07678227360308285,1
./datasets/Organised/20260306-handFlying-2/204324453.jpg,2,0.4352601156069364,0.010308285163776493,0.08988439306358381,1
./datasets/Organised/20260306-handFlying-2/204457800.jpg,0,0.779383429672447,0.013969171483622351,0.10867052023121387,1
./datasets/Organised/20260306-handFlying-2/204457800.jpg,1,0.8566473988439306,0.009441233140655106,0.09065510597302505,1
./datasets/Organised/20260306-handFlying-2/204457800.jpg,2,0.43998073217726397,0.0128131021194605,0.10433526011560694,1
./datasets/Organised/20260306-handFlying-2/204624452.jpg,0,0.7423892100192678,0.016473988439306357,0.12119460500963392,1
./datasets/Organised/20260306-handFlying-2/204624452.jpg,1,0.8394990366088632,0.00674373795761079,0.06579961464354528,1
./datasets/Organised/20260306-handFlying-2/204624452.jpg,2,0.479383429672447,0.011657032755298651,0.10404624277456648,1
./datasets/Organised/20260306-handFlying-2/204757785.jpg,0,0.7876685934489402,0.015414258188824663,0.10857418111753372,1
./datasets/Organised/20260306-handFlying-2/204757785.jpg,1,0.7840077071290944,0.007996146435452794,0.07466281310211946,1
./datasets/Organised/20260306-handFlying-2/204757785.jpg,2,0.5428709055876686,0.012620423892100193,0.11454720616570327,1
./datasets/Organised/20260306-handFlying-2/204924453.jpg,0,0.6833333333333333,0.017341040462427744,0.11078998073217726,1
./datasets/Organised/20260306-handFlying-2/204924453.jpg,1,0.7493256262042389,0.004913294797687861,0.04614643545279384,1
./datasets/Organised/20260306-handFlying-2/204924453.jpg,2,0.5769749518304431,0.014836223506743738,0.12909441233140656,1
./datasets/Organised/20260306-handFlying-2/205057785.jpg,0,0.6922928709055877,0.014932562620423893,0.10722543352601156,1
./datasets/Organised/20260306-handFlying-2/205057785.jpg,1,0.6848747591522159,0.006262042389210019,0.05905587668593449,1
./datasets/Organised/20260306-handFlying-2/205057785.jpg,2,0.5449903660886319,0.012524084778420038,0.11117533718689789,1
./datasets/Organised/20260306-handFlying-2/205224448.jpg,0,0.6692678227360308,0.013198458574181117,0.09672447013487476,1
./datasets/Organised/20260306-handFlying-2/205224448.jpg,1,0.6991329479768786,0.006647398843930636,0.06396917148362236,1
./datasets/Organised/20260306-handFlying-2/205224448.jpg,2,0.565606936416185,0.00953757225433526,0.08439306358381503,1
./datasets/Organised/20260306-handFlying-2/205357778.jpg,0,0.7267822736030829,0.012138728323699421,0.09161849710982659,1
./datasets/Organised/20260306-handFlying-2/205357778.jpg,1,0.713102119460501,0.009152215799614644,0.07119460500963391,1
./datasets/Organised/20260306-handFlying-2/205357778.jpg,2,0.6119460500963391,0.008092485549132947,0.07658959537572255,1
./datasets/Organised/20260306-handFlying-2/205524447.jpg,0,0.6456647398843931,0.014932562620423893,0.1,1
./datasets/Organised/20260306-handFlying-2/205524447.jpg,1,0.7755298651252408,0.009344894026974951,0.07418111753371869,1
./datasets/Organised/20260306-handFlying-2/205524447.jpg,2,0.6467244701348748,0.010404624277456647,0.09123314065510597,1
./datasets/Organised/20260306-handFlying-2/205657785.jpg,0,0.7057803468208093,0.013969171483622351,0.10732177263969171,1
./datasets/Organised/20260306-handFlying-2/205657785.jpg,1,0.8210982658959538,0.0076107899807321775,0.06878612716763005,1
./datasets/Organised/20260306-handFlying-2/205657785.jpg,2,0.6363198458574181,0.011657032755298651,0.09865125240847784,1
./datasets/Organised/20260306-handFlying-2/205824455.jpg,0,0.6641618497109827,0.01579961464354528,0.11242774566473988,1
./datasets/Organised/20260306-handFlying-2/205824455.jpg,1,0.9041425818882466,0.006262042389210019,0.06608863198458574,1
./datasets/Organised/20260306-handFlying-2/205824455.jpg,2,0.6001926782273603,0.012427745664739885,0.10905587668593449,1
./datasets/Organised/20260306-handFlying-2/205957796.jpg,0,0.6457610789980732,0.013776493256262042,0.10655105973025049,1
./datasets/Organised/20260306-handFlying-2/205957796.jpg,1,0.905009633911368,0.008959537572254336,0.07639691714836223,1
./datasets/Organised/20260306-handFlying-2/205957796.jpg,2,0.6383429672447013,0.011271676300578034,0.09296724470134875,1
./datasets/Organised/20260306-handFlying-2/206091106.jpg,0,0.6511560693641618,0.013391136801541427,0.1,1
./datasets/Organised/20260306-handFlying-2/206091106.jpg,1,0.9083815028901734,0.008188824662813102,0.06936416184971098,1
./datasets/Organised/20260306-handFlying-2/206091106.jpg,2,0.6250481695568401,0.011175337186897881,0.10183044315992293,1
./datasets/Organised/20260306-handFlying-2/206224440.jpg,0,0.6526974951830443,0.015221579961464355,0.09903660886319846,1
./datasets/Organised/20260306-handFlying-2/206224440.jpg,1,0.886897880539499,0.007321772639691715,0.06377649325626204,1
./datasets/Organised/20260306-handFlying-2/206224440.jpg,2,0.6000963391136801,0.011368015414258189,0.09123314065510597,1
./datasets/Organised/20260306-handFlying-2/206391105.jpg,0,0.7758188824662813,0.012138728323699421,0.09142581888246629,1
./datasets/Organised/20260306-handFlying-2/206391105.jpg,1,0.8968208092485549,0.0060693641618497106,0.048458574181117535,1
./datasets/Organised/20260306-handFlying-2/206391105.jpg,2,0.5400770712909442,0.006551059730250481,0.06011560693641618,1
./datasets/Organised/20260306-handFlying-2/206524484.jpg,0,0.8314065510597303,0.013102119460500963,0.09248554913294797,1
./datasets/Organised/20260306-handFlying-2/206524484.jpg,1,0.9043352601156069,0.008959537572254336,0.07292870905587669,1
./datasets/Organised/20260306-handFlying-2/206524484.jpg,2,0.5210982658959538,0.008574181117533719,0.0640655105973025,1
./datasets/Organised/20260306-handFlying-2/206691141.jpg,0,0.8552023121387283,0.009730250481695568,0.09614643545279383,1
./datasets/Organised/20260306-handFlying-2/206691141.jpg,1,0.9130057803468208,0.008092485549132947,0.06820809248554913,1
./datasets/Organised/20260306-handFlying-2/206691141.jpg,2,0.5291907514450868,0.01021194605009634,0.08121387283236994,1
./datasets/Organised/20260306-handFlying-2/206824438.jpg,0,0.838150289017341,0.01300578034682081,0.09277456647398843,1
./datasets/Organised/20260306-handFlying-2/206824438.jpg,1,0.9070327552986512,0.006551059730250481,0.048458574181117535,1
./datasets/Organised/20260306-handFlying-2/206824438.jpg,2,0.5454720616570328,0.009826589595375723,0.0788053949903661,1
./datasets/Organised/20260306-handFlying-2/206991101.jpg,0,0.8042389210019267,0.013102119460500963,0.0989402697495183,1
./datasets/Organised/20260306-handFlying-2/206991101.jpg,1,0.9167630057803469,0.007129094412331407,0.0581888246628131,1
./datasets/Organised/20260306-handFlying-2/206991101.jpg,2,0.5707129094412331,0.010404624277456647,0.07870905587668593,1
./datasets/Organised/20260306-handFlying-2/207124435.jpg,0,0.7815992292870906,0.01300578034682081,0.09460500963391137,1
./datasets/Organised/20260306-handFlying-2/207124435.jpg,1,0.9038535645472061,0.00674373795761079,0.061849710982658956,1
./datasets/Organised/20260306-handFlying-2/207124435.jpg,2,0.5697495183044315,0.012620423892100193,0.09614643545279383,1
./datasets/Organised/20260306-handFlying-2/207257766.jpg,0,0.7943159922928709,0.012235067437379576,0.10009633911368016,1
./datasets/Organised/20260306-handFlying-2/207257766.jpg,1,0.8925818882466281,0.008188824662813102,0.060404624277456645,1
./datasets/Organised/20260306-handFlying-2/207257766.jpg,2,0.5351637764932563,0.011657032755298651,0.0838150289017341,1
./datasets/Organised/20260306-handFlying-2/207424459.jpg,0,0.8655105973025048,0.009922928709055878,0.08314065510597303,1
./datasets/Organised/20260306-handFlying-2/207424459.jpg,1,0.8928709055876686,0.008092485549132947,0.06570327552986513,1
./datasets/Organised/20260306-handFlying-2/207424459.jpg,2,0.4476878612716763,0.00838150289017341,0.074373795761079,1
./datasets/Organised/20260306-handFlying-2/207557763.jpg,0,0.868111753371869,0.00953757225433526,0.07716763005780347,1
./datasets/Organised/20260306-handFlying-2/207557763.jpg,1,0.88747591522158,0.008092485549132947,0.07610789980732177,1
./datasets/Organised/20260306-handFlying-2/207557763.jpg,2,0.37524084778420036,0.009922928709055878,0.06358381502890173,1
./datasets/Organised/20260306-handFlying-2/207691097.jpg,0,0.7583815028901734,0.010404624277456647,0.07138728323699423,1
./datasets/Organised/20260306-handFlying-2/207691097.jpg,1,0.8588631984585742,0.007032755298651252,0.06445086705202312,1
./datasets/Organised/20260306-handFlying-2/207691097.jpg,2,0.3577071290944123,0.0064547206165703275,0.05423892100192678,1
./datasets/Organised/20260306-handFlying-2/207857754.jpg,0,0.7282273603082852,0.011368015414258189,0.08323699421965318,1
./datasets/Organised/20260306-handFlying-2/207857754.jpg,1,0.8543352601156069,0.006165703275529865,0.061078998073217726,1
./datasets/Organised/20260306-handFlying-2/207857754.jpg,2,0.3471098265895954,0.004816955684007707,0.0407514450867052,1
./datasets/Organised/20260306-handFlying-2/207991106.jpg,0,0.8073217726396917,0.012235067437379576,0.08227360308285164,1
./datasets/Organised/20260306-handFlying-2/207991106.jpg,1,0.8742774566473989,0.006262042389210019,0.060308285163776496,1
./datasets/Organised/20260306-handFlying-2/207991106.jpg,2,0.2833333333333333,0.004142581888246628,0.032177263969171484,1
./datasets/Organised/20260306-handFlying-2/208157780.jpg,0,0.8458574181117534,0.007032755298651252,0.060308285163776496,1
./datasets/Organised/20260306-handFlying-2/208157780.jpg,1,0.8547206165703276,0.008863198458574181,0.06782273603082851,1
./datasets/Organised/20260306-handFlying-2/208157780.jpg,2,0.20317919075144508,0.005009633911368015,0.03631984585741811,1
./datasets/Organised/20260306-handFlying-2/208291090.jpg,0,0.8397880539499036,0.0076107899807321775,0.062235067437379575,1
./datasets/Organised/20260306-handFlying-2/208291090.jpg,1,0.855009633911368,0.010308285163776493,0.07475915221579961,1
./datasets/Organised/20260306-handFlying-2/208291090.jpg,2,0.13815028901734103,0.002697495183044316,0.023410404624277455,1
./datasets/Organised/20260306-handFlying-2/208457754.jpg,0,0.8341040462427746,0.008766859344894027,0.0640655105973025,1
./datasets/Organised/20260306-handFlying-2/208457754.jpg,1,0.8526011560693642,0.00789980732177264,0.06859344894026975,1
./datasets/Organised/20260306-handFlying-2/208457754.jpg,2,0.13978805394990365,0.004431599229287091,0.032947976878612714,1
./datasets/Organised/20260306-handFlying-2/208591087.jpg,0,0.8253371868978805,0.007996146435452794,0.06348747591522158,1
./datasets/Organised/20260306-handFlying-2/208591087.jpg,1,0.8386319845857418,0.00789980732177264,0.0651252408477842,1
./datasets/Organised/20260306-handFlying-2/208591087.jpg,2,0.11657032755298652,0.004335260115606936,0.03574181117533719,1
./datasets/Organised/20260306-handFlying-2/208891095.jpg,0,0.8315992292870905,0.007803468208092485,0.07157996146435452,1
./datasets/Organised/20260306-handFlying-2/208891095.jpg,1,0.7378612716763006,0.009826589595375723,0.08304431599229287,1
./datasets/Organised/20260306-handFlying-2/208891095.jpg,2,0.02764932562620424,0.0022157996146435453,0.02003853564547206,0
./datasets/Organised/20260306-handFlying-2/209024449.jpg,0,0.7826589595375723,0.009441233140655106,0.08998073217726398,1
./datasets/Organised/20260306-handFlying-2/209024449.jpg,1,0.6894990366088632,0.01069364161849711,0.09248554913294797,1
./datasets/Organised/20260306-handFlying-2/209024449.jpg,2,0.035838150289017344,0.0036608863198458576,0.026589595375722544,0
./datasets/Organised/20260306-handFlying-2/209157754.jpg,0,0.8139691714836224,0.008574181117533719,0.07745664739884393,1
./datasets/Organised/20260306-handFlying-2/209157754.jpg,1,0.7052986512524084,0.009730250481695568,0.08631984585741811,1
./datasets/Organised/20260306-handFlying-2/209157754.jpg,2,0.041714836223506746,0.0032755298651252407,0.02861271676300578,0
./datasets/Organised/20260306-handFlying-2/209291100.jpg,0,0.8371868978805395,0.008959537572254336,0.0777456647398844,1
./datasets/Organised/20260306-handFlying-2/209291100.jpg,1,0.6688824662813102,0.009248554913294798,0.08554913294797688,1
./datasets/Organised/20260306-handFlying-2/209291100.jpg,2,0.030828516377649325,0.002697495183044316,0.02302504816955684,0
./datasets/Organised/20260306-handFlying-2/209457795.jpg,0,0.8634874759152216,0.009441233140655106,0.08082851637764933,1
./datasets/Organised/20260306-handFlying-2/209457795.jpg,1,0.6168593448940269,0.010500963391136802,0.09499036608863198,1
./datasets/Organised/20260306-handFlying-2/209457795.jpg,2,0.01878612716763006,0.0023121387283236996,0.020809248554913295,0
./datasets/Organised/20260306-handFlying-2/209591084.jpg,0,0.8029865125240848,0.010308285163776493,0.08689788053949904,1
./datasets/Organised/20260306-handFlying-2/209591084.jpg,1,0.5352601156069364,0.011753371868978806,0.10761078998073217,1
./datasets/Organised/20260306-handFlying-2/209591084.jpg,2,0.012042389210019268,0.0022157996146435453,0.020712909441233142,0
./datasets/Organised/20260306-handFlying-2/209757746.jpg,0,0.6264932562620424,0.010115606936416185,0.07514450867052024,1
./datasets/Organised/20260306-handFlying-2/209757746.jpg,1,0.46040462427745665,0.012524084778420038,0.09450867052023121,1
./datasets/Organised/20260306-handFlying-2/209757746.jpg,2,0.015317919075144508,0.0032755298651252407,0.02447013487475915,0
./datasets/Organised/20260306-handFlying-2/209891085.jpg,0,0.5395953757225433,0.012620423892100193,0.08689788053949904,1
./datasets/Organised/20260306-handFlying-2/209891085.jpg,1,0.4166666666666667,0.011175337186897881,0.09971098265895954,1
./datasets/Organised/20260306-handFlying-2/209891085.jpg,2,0.013680154142581889,0.0024084778420038534,0.022254335260115606,0
./datasets/Organised/20260306-handFlying-2/210057758.jpg,0,0.8292870905587668,0.011175337186897881,0.08526011560693642,1
./datasets/Organised/20260306-handFlying-2/210057758.jpg,1,0.5526011560693641,0.011753371868978806,0.10780346820809249,1
./datasets/Organised/20260306-handFlying-2/210057758.jpg,2,0.07013487475915221,0.003468208092485549,0.026107899807321772,0
./datasets/Organised/20260306-handFlying-2/210191077.jpg,0,0.8158959537572255,0.011464354527938344,0.08333333333333333,1
./datasets/Organised/20260306-handFlying-2/210191077.jpg,1,0.5297687861271676,0.010115606936416185,0.08217726396917148,1
./datasets/Organised/20260306-handFlying-2/210191077.jpg,2,0.14046242774566475,0.004816955684007707,0.040269749518304435,1
./datasets/Organised/20260306-handFlying-2/210357739.jpg,0,0.7673410404624278,0.011849710982658959,0.09826589595375723,1
./datasets/Organised/20260306-handFlying-2/210357739.jpg,1,0.46464354527938345,0.009344894026974951,0.09026974951830444,1
./datasets/Organised/20260306-handFlying-2/210357739.jpg,2,0.1443159922928709,0.007803468208092485,0.055202312138728324,1
./datasets/Organised/20260306-handFlying-2/210491107.jpg,0,0.7730250481695569,0.012716763005780347,0.09595375722543352,1
./datasets/Organised/20260306-handFlying-2/210491107.jpg,1,0.4432562620423892,0.009344894026974951,0.08304431599229287,1
./datasets/Organised/20260306-handFlying-2/210491107.jpg,2,0.1151252408477842,0.005491329479768786,0.04421965317919075,1
./datasets/Organised/20260306-handFlying-2/210624406.jpg,0,0.484393063583815,0.012138728323699421,0.08670520231213873,1
./datasets/Organised/20260306-handFlying-2/210624406.jpg,1,0.5107899807321773,0.009248554913294798,0.08805394990366089,1
./datasets/Organised/20260306-handFlying-2/210624406.jpg,2,0.06936416184971098,0.006165703275529865,0.04393063583815029,0
./datasets/Organised/20260306-handFlying-2/210757738.jpg,0,0.4456647398843931,0.009633911368015413,0.07148362235067438,1
./datasets/Organised/20260306-handFlying-2/210757738.jpg,1,0.6546242774566474,0.014547206165703276,0.10982658959537572,1
./datasets/Organised/20260306-handFlying-2/210757738.jpg,2,0.05934489402697495,0.004431599229287091,0.03709055876685934,0
./datasets/Organised/20260306-handFlying-2/210924405.jpg,0,0.18015414258188825,0.005394990366088632,0.04094412331406551,1
./datasets/Organised/20260306-handFlying-2/210924405.jpg,1,0.5979768786127168,0.014739884393063583,0.10963391136801541,1
./datasets/Organised/20260306-handFlying-2/210924405.jpg,2,0.044026974951830444,0.002890173410404624,0.0325626204238921,0
./datasets/Organised/20260306-handFlying-2/211091072.jpg,0,0.14701348747591522,0.004816955684007707,0.03506743737957611,1
./datasets/Organised/20260306-handFlying-2/211091072.jpg,1,0.5252408477842004,0.015028901734104046,0.11339113680154142,1
./datasets/Organised/20260306-handFlying-2/211091072.jpg,2,0.0394990366088632,0.0045279383429672445,0.03342967244701349,0
./datasets/Organised/20260306-handFlying-2/211224408.jpg,0,0.15183044315992292,0.002697495183044316,0.030154142581888248,1
./datasets/Organised/20260306-handFlying-2/211224408.jpg,1,0.5576107899807322,0.014354527938342966,0.097495183044316,1
./datasets/Organised/20260306-handFlying-2/211224408.jpg,2,0.10789980732177264,0.006262042389210019,0.041811175337186895,1
./datasets/Organised/20260306-handFlying-2/211391067.jpg,0,0.0640655105973025,0.004335260115606936,0.030635838150289016,0
./datasets/Organised/20260306-handFlying-2/211391067.jpg,1,0.41579961464354526,0.012716763005780347,0.0968208092485549,1
./datasets/Organised/20260306-handFlying-2/211391067.jpg,2,0.16387283236994218,0.00789980732177264,0.07321772639691715,1
./datasets/Organised/20260306-handFlying-2/211524396.jpg,0,0.05317919075144509,0.002890173410404624,0.019845857418111755,0
./datasets/Organised/20260306-handFlying-2/211524396.jpg,1,0.4478805394990366,0.01464354527938343,0.10346820809248555,1
./datasets/Organised/20260306-handFlying-2/211524396.jpg,2,0.2642581888246628,0.01021194605009634,0.08699421965317919,1
./datasets/Organised/20260306-handFlying-2/211657730.jpg,0,0.03689788053949904,0.002023121387283237,0.010597302504816955,0
./datasets/Organised/20260306-handFlying-2/211657730.jpg,1,0.4804431599229287,0.014739884393063583,0.10616570327552986,1
./datasets/Organised/20260306-handFlying-2/211657730.jpg,2,0.2896917148362235,0.013294797687861272,0.09373795761078998,1
./datasets/Organised/20260306-handFlying-2/211791055.jpg,0,0.014836223506743738,0.0007707129094412332,0.005202312138728324,0
./datasets/Organised/20260306-handFlying-2/211791055.jpg,1,0.6661849710982659,0.013872832369942197,0.102504816955684,1
./datasets/Organised/20260306-handFlying-2/211791055.jpg,2,0.3494219653179191,0.012620423892100193,0.09219653179190751,1
./datasets/Organised/20260306-handFlying-2/211924441.jpg,0,0.07716763005780347,0.0016377649325626203,0.012524084778420038,0
./datasets/Organised/20260306-handFlying-2/211924441.jpg,1,0.7685934489402697,0.010404624277456647,0.09258188824662814,1
./datasets/Organised/20260306-handFlying-2/211924441.jpg,2,0.33901734104046244,0.011271676300578034,0.08121387283236994,1
./datasets/Organised/20260306-handFlying-2/212091066.jpg,0,0.07870905587668593,0.0019267822736030828,0.016570327552986513,0
./datasets/Organised/20260306-handFlying-2/212091066.jpg,1,0.7803468208092486,0.012138728323699421,0.09161849710982659,1
./datasets/Organised/20260306-handFlying-2/212091066.jpg,2,0.27157996146435454,0.009730250481695568,0.0630057803468208,1
./datasets/Organised/20260306-handFlying-2/212224393.jpg,0,0.05279383429672447,0.0012524084778420038,0.011849710982658959,0
./datasets/Organised/20260306-handFlying-2/212224393.jpg,1,0.7533718689788054,0.011849710982658959,0.09200385356454721,1
./datasets/Organised/20260306-handFlying-2/212224393.jpg,2,0.2126204238921002,0.007514450867052023,0.05163776493256262,1
./datasets/Organised/20260306-handFlying-2/212357728.jpg,0,0.08082851637764933,0.0027938342967244703,0.016859344894026976,0
./datasets/Organised/20260306-handFlying-2/212357728.jpg,1,0.8024084778420039,0.010404624277456647,0.08680154142581888,1
./datasets/Organised/20260306-handFlying-2/212357728.jpg,2,0.24971098265895952,0.009730250481695568,0.06657032755298652,1
./datasets/Organised/20260306-handFlying-2/212491054.jpg,0,0.075626204238921,0.0022157996146435453,0.02119460500963391,0
./datasets/Organised/20260306-handFlying-2/212491054.jpg,1,0.8539499036608863,0.005202312138728324,0.04518304431599229,1
./datasets/Organised/20260306-handFlying-2/212491054.jpg,2,0.3529865125240848,0.010982658959537572,0.08102119460500963,1
./datasets/Organised/20260306-handFlying-2/212657722.jpg,0,0.0754335260115607,0.0023121387283236996,0.018689788053949902,0
./datasets/Organised/20260306-handFlying-2/212657722.jpg,1,0.8294797687861272,0.008188824662813102,0.06098265895953757,1
./datasets/Organised/20260306-handFlying-2/212657722.jpg,2,0.43140655105973025,0.014354527938342966,0.09142581888246629,1
./datasets/Organised/20260306-handFlying-2/212791066.jpg,0,0.039595375722543354,0.0010597302504816955,0.007803468208092485,0
./datasets/Organised/20260306-handFlying-2/212791066.jpg,1,0.9003853564547206,0.0068400770712909445,0.05057803468208093,1
./datasets/Organised/20260306-handFlying-2/212791066.jpg,2,0.519364161849711,0.01464354527938343,0.11011560693641619,1
./datasets/Organised/20260306-handFlying-2/212957729.jpg,0,0.01859344894026975,0.0004816955684007707,0.004720616570327553,0
./datasets/Organised/20260306-handFlying-2/212957729.jpg,1,0.9232177263969171,0.0045279383429672445,0.03757225433526012,1
./datasets/Organised/20260306-handFlying-2/212957729.jpg,2,0.6826589595375723,0.011078998073217727,0.0804431599229287,1
./datasets/Organised/20260306-handFlying-2/213091053.jpg,0,0.01907514450867052,0.0012524084778420038,0.008670520231213872,0
./datasets/Organised/20260306-handFlying-2/213091053.jpg,1,0.9191714836223507,0.004238921001926782,0.04431599229287091,1
./datasets/Organised/20260306-handFlying-2/213091053.jpg,2,0.7298651252408478,0.011560693641618497,0.08805394990366089,1
./datasets/Organised/20260306-handFlying-2/213224384.jpg,0,0.1151252408477842,0.0027938342967244703,0.026782273603082853,1
./datasets/Organised/20260306-handFlying-2/213224384.jpg,1,0.864354527938343,0.007803468208092485,0.05578034682080925,1
./datasets/Organised/20260306-handFlying-2/213224384.jpg,2,0.6932562620423892,0.012138728323699421,0.08988439306358381,1
./datasets/Organised/20260306-handFlying-2/213357723.jpg,0,0.2048169556840077,0.004913294797687861,0.03593448940269749,1
./datasets/Organised/20260306-handFlying-2/213357723.jpg,1,0.8576107899807321,0.005491329479768786,0.05606936416184971,1
./datasets/Organised/20260306-handFlying-2/213357723.jpg,2,0.707514450867052,0.011464354527938344,0.08477842003853564,1
./datasets/Organised/20260306-handFlying-2/213524383.jpg,0,0.31040462427745663,0.007996146435452794,0.05905587668593449,1
./datasets/Organised/20260306-handFlying-2/213524383.jpg,1,0.8739884393063584,0.008285163776493257,0.06753371868978805,1
./datasets/Organised/20260306-handFlying-2/213524383.jpg,2,0.7425818882466282,0.012716763005780347,0.09691714836223507,1
./datasets/Organised/20260306-handFlying-2/213657715.jpg,0,0.3692678227360308,0.011849710982658959,0.0861271676300578,1
./datasets/Organised/20260306-handFlying-2/213657715.jpg,1,0.8451830443159923,0.01001926782273603,0.07427745664739885,1
./datasets/Organised/20260306-handFlying-2/213657715.jpg,2,0.7420038535645472,0.012909441233140655,0.08776493256262043,1
./datasets/Organised/20260306-handFlying-2/213824396.jpg,0,0.5766859344894028,0.014932562620423893,0.11348747591522158,1
./datasets/Organised/20260306-handFlying-2/213824396.jpg,1,0.8986512524084779,0.0076107899807321775,0.05905587668593449,1
./datasets/Organised/20260306-handFlying-2/213824396.jpg,2,0.7357418111753372,0.012042389210019268,0.09315992292870906,1
./datasets/Organised/20260306-handFlying-2/213957710.jpg,0,0.6826589595375723,0.018978805394990365,0.13670520231213873,1
./datasets/Organised/20260306-handFlying-2/213957710.jpg,1,0.8759152215799615,0.006936416184971098,0.05423892100192678,1
./datasets/Organised/20260306-handFlying-2/213957710.jpg,2,0.65626204238921,0.011946050096339113,0.08265895953757225,1
./datasets/Organised/20260306-handFlying-2/214124395.jpg,0,0.6444123314065511,0.016666666666666666,0.12514450867052024,1
./datasets/Organised/20260306-handFlying-2/214124395.jpg,1,0.7963391136801542,0.0076107899807321775,0.0630057803468208,1
./datasets/Organised/20260306-handFlying-2/214124395.jpg,2,0.6340077071290944,0.013294797687861272,0.09210019267822736,1
./datasets/Organised/20260306-handFlying-2/214257706.jpg,0,0.5878612716763005,0.019267822736030827,0.15597302504816957,1
./datasets/Organised/20260306-handFlying-2/214257706.jpg,1,0.7436416184971099,0.011368015414258189,0.09816955684007707,1
./datasets/Organised/20260306-handFlying-2/214257706.jpg,2,0.6202312138728324,0.013872832369942197,0.08699421965317919,1
./datasets/Organised/20260306-handFlying-2/214391037.jpg,0,0.6710982658959538,0.018015414258188825,0.12967244701348749,1
./datasets/Organised/20260306-handFlying-2/214391037.jpg,1,0.869364161849711,0.006358381502890174,0.058863198458574184,1
./datasets/Organised/20260306-handFlying-2/214391037.jpg,2,0.7388246628131021,0.010886319845857417,0.07225433526011561,1
./datasets/Organised/20260306-handFlying-2/214524387.jpg,0,0.7622350674373796,0.019267822736030827,0.14132947976878613,1
./datasets/Organised/20260306-handFlying-2/214524387.jpg,1,0.8659922928709056,0.009441233140655106,0.08073217726396917,1
./datasets/Organised/20260306-handFlying-2/214524387.jpg,2,0.7263005780346821,0.009730250481695568,0.07861271676300578,1
./datasets/Organised/20260306-handFlying-2/214691050.jpg,0,0.6644508670520232,0.019267822736030827,0.1416184971098266,1
./datasets/Organised/20260306-handFlying-2/214691050.jpg,1,0.8264932562620424,0.008766859344894027,0.07552986512524085,1
./datasets/Organised/20260306-handFlying-2/214691050.jpg,2,0.7686897880539499,0.009826589595375723,0.07610789980732177,1
./datasets/Organised/20260306-handFlying-2/214824382.jpg,0,0.5556840077071291,0.017726396917148363,0.13497109826589596,1
./datasets/Organised/20260306-handFlying-2/214824382.jpg,1,0.7563583815028901,0.011078998073217727,0.09248554913294797,1
./datasets/Organised/20260306-handFlying-2/214824382.jpg,2,0.7980732177263969,0.009826589595375723,0.07726396917148362,1
./datasets/Organised/20260306-handFlying-2/214957706.jpg,0,0.40211946050096337,0.022639691714836225,0.157514450867052,1
./datasets/Organised/20260306-handFlying-2/214957706.jpg,1,0.7582851637764932,0.012620423892100193,0.09065510597302505,1
./datasets/Organised/20260306-handFlying-2/214957706.jpg,2,0.8626204238921001,0.009344894026974951,0.08497109826589595,1
./datasets/Organised/20260306-handFlying-2/215091039.jpg,0,0.33911368015414256,0.01840077071290944,0.12610789980732176,1
./datasets/Organised/20260306-handFlying-2/215091039.jpg,1,0.7010597302504817,0.01021194605009634,0.07283236994219654,1
./datasets/Organised/20260306-handFlying-2/215091039.jpg,2,0.8403660886319846,0.011368015414258189,0.08554913294797688,1
./datasets/Organised/20260306-handFlying-2/215257715.jpg,0,0.12080924855491329,0.011368015414258189,0.07909441233140656,1
./datasets/Organised/20260306-handFlying-2/215257715.jpg,1,0.5084778420038536,0.015895953757225433,0.09499036608863198,1
./datasets/Organised/20260306-handFlying-2/215257715.jpg,2,0.8922928709055876,0.01021194605009634,0.06608863198458574,1
./datasets/Organised/20260306-handFlying-2/215391034.jpg,0,0.2092485549132948,0.015895953757225433,0.11136801541425818,1
./datasets/Organised/20260306-handFlying-2/215391034.jpg,1,0.6688824662813102,0.012909441233140655,0.10944123314065511,1
./datasets/Organised/20260306-handFlying-2/215391034.jpg,2,0.9541425818882466,0.0038535645472061657,0.0476878612716763,1
./datasets/Organised/20260306-handFlying-2/215524370.jpg,0,0.1316955684007707,0.012716763005780347,0.08265895953757225,1
./datasets/Organised/20260306-handFlying-2/215524370.jpg,1,0.594412331406551,0.013680154142581889,0.11473988439306358,1
./datasets/Organised/20260306-handFlying-2/215524370.jpg,2,0.95626204238921,0.004335260115606936,0.045857418111753374,1
./datasets/Organised/20260306-handFlying-2/215657697.jpg,0,0.1601156069364162,0.016377649325626204,0.10886319845857419,1
./datasets/Organised/20260306-handFlying-2/215657697.jpg,1,0.6289017341040463,0.012909441233140655,0.11714836223506744,1
./datasets/Organised/20260306-handFlying-2/215657697.jpg,2,0.9471098265895954,0.005780346820809248,0.06319845857418112,1
./datasets/Organised/20260306-handFlying-2/215824377.jpg,0,0.1159922928709056,0.012716763005780347,0.09364161849710982,1
./datasets/Organised/20260306-handFlying-2/215824377.jpg,1,0.5141618497109827,0.013294797687861272,0.10780346820809249,1
./datasets/Organised/20260306-handFlying-2/215824377.jpg,2,0.9052023121387284,0.008092485549132947,0.060308285163776496,1
./datasets/Organised/20260306-handFlying-2/215957702.jpg,0,0.15635838150289016,0.016570327552986513,0.11233140655105973,1
./datasets/Organised/20260306-handFlying-2/215957702.jpg,1,0.49922928709055875,0.01579961464354528,0.1151252408477842,1
./datasets/Organised/20260306-handFlying-2/215957702.jpg,2,0.8564547206165704,0.012235067437379576,0.08728323699421965,1
./datasets/Organised/20260306-handFlying-2/216091026.jpg,0,0.19566473988439306,0.019460500963391136,0.13391136801541426,1
./datasets/Organised/20260306-handFlying-2/216091026.jpg,1,0.504431599229287,0.013680154142581889,0.11570327552986512,1
./datasets/Organised/20260306-handFlying-2/216091026.jpg,2,0.7382466281310212,0.013583815028901734,0.10626204238921001,1
./datasets/Organised/20260306-handFlying-2/216224360.jpg,0,0.21146435452793835,0.01878612716763006,0.1258188824662813,1
./datasets/Organised/20260306-handFlying-2/216224360.jpg,1,0.43795761078998074,0.014836223506743738,0.11127167630057803,1
./datasets/Organised/20260306-handFlying-2/216224360.jpg,2,0.4382466281310212,0.014065510597302504,0.0918111753371869,1
./datasets/Organised/20260306-handFlying-2/216391036.jpg,0,0.23208092485549134,0.014932562620423893,0.10269749518304432,1
./datasets/Organised/20260306-handFlying-2/216391036.jpg,1,0.36734104046242777,0.01705202312138728,0.12533718689788054,1
./datasets/Organised/20260306-handFlying-2/216391036.jpg,2,0.06493256262042389,0.0045279383429672445,0.032947976878612714,0
./datasets/Organised/20260306-handFlying-2/216524378.jpg,0,0.3263969171483622,0.013102119460500963,0.10578034682080925,1
./datasets/Organised/20260306-handFlying-2/216524378.jpg,1,0.4439306358381503,0.016088631984585742,0.12186897880539499,1
./datasets/Organised/20260306-handFlying-2/216524378.jpg,2,0.09932562620423892,0.005009633911368015,0.04132947976878613,0
./datasets/Organised/20260306-handFlying-2/216657697.jpg,0,0.3760115606936416,0.01001926782273603,0.08294797687861272,1
./datasets/Organised/20260306-handFlying-2/216657697.jpg,1,0.5415221579961464,0.018882466281310212,0.14046242774566475,1
./datasets/Organised/20260306-handFlying-2/216657697.jpg,2,0.09084778420038536,0.00674373795761079,0.04373795761078998,0
./datasets/Organised/20260306-handFlying-2/216791022.jpg,0,0.31271676300578033,0.010500963391136802,0.09354527938342967,1
./datasets/Organised/20260306-handFlying-2/216791022.jpg,1,0.4954720616570328,0.022254335260115606,0.16772639691714836,1
./datasets/Organised/20260306-handFlying-2/216791022.jpg,2,0.07090558766859345,0.004624277456647399,0.03641618497109827,0
./datasets/Organised/20260306-handFlying-2/216957703.jpg,0,0.30048169556840076,0.007032755298651252,0.06464354527938343,1
./datasets/Organised/20260306-handFlying-2/216957703.jpg,1,0.48689788053949906,0.020520231213872833,0.15828516377649327,1
./datasets/Organised/20260306-handFlying-2/216957703.jpg,2,0.10308285163776493,0.007321772639691715,0.04489402697495183,1
./datasets/Organised/20260306-handFlying-2/217157693.jpg,0,0.15973025048169556,0.0032755298651252407,0.03824662813102119,1
./datasets/Organised/20260306-handFlying-2/217157693.jpg,1,0.47186897880539497,0.016184971098265895,0.15163776493256262,1
./datasets/Organised/20260306-handFlying-2/217157693.jpg,2,0.21579961464354527,0.011078998073217727,0.07389210019267822,1
./datasets/Organised/20260306-handFlying-2/217291018.jpg,0,0.10529865125240848,0.004335260115606936,0.04132947976878613,1
./datasets/Organised/20260306-handFlying-2/217291018.jpg,1,0.48323699421965316,0.01955684007707129,0.15173410404624277,1
./datasets/Organised/20260306-handFlying-2/217291018.jpg,2,0.19971098265895953,0.013102119460500963,0.08391136801541425,1
./datasets/Organised/20260306-handFlying-2/217424353.jpg,0,0.146242774566474,0.004431599229287091,0.04566473988439306,1
./datasets/Organised/20260306-handFlying-2/217424353.jpg,1,0.5073217726396917,0.019460500963391136,0.15414258188824662,1
./datasets/Organised/20260306-handFlying-2/217424353.jpg,2,0.20385356454720616,0.012138728323699421,0.07967244701348748,1
./datasets/Organised/20260306-handFlying-2/217557706.jpg,0,0.2153179190751445,0.0038535645472061657,0.03834296724470135,1
./datasets/Organised/20260306-handFlying-2/217557706.jpg,1,0.513102119460501,0.016088631984585742,0.151252408477842,1
./datasets/Organised/20260306-handFlying-2/217557706.jpg,2,0.2208092485549133,0.012524084778420038,0.0850674373795761,1
./datasets/Organised/20260306-handFlying-2/217691020.jpg,0,0.270616570327553,0.005491329479768786,0.048458574181117535,1
./datasets/Organised/20260306-handFlying-2/217691020.jpg,1,0.5178227360308285,0.018497109826589597,0.16021194605009634,1
./datasets/Organised/20260306-handFlying-2/217691020.jpg,2,0.22254335260115607,0.011271676300578034,0.08448940269749518,1
./datasets/Organised/20260306-handFlying-2/217857679.jpg,0,0.45221579961464353,0.006165703275529865,0.05934489402697495,1
./datasets/Organised/20260306-handFlying-2/217857679.jpg,1,0.7005780346820809,0.01763005780346821,0.14046242774566475,1
./datasets/Organised/20260306-handFlying-2/217857679.jpg,2,0.3225433526011561,0.01300578034682081,0.09460500963391137,1
./datasets/Organised/20260306-handFlying-2/217991011.jpg,0,0.4910404624277457,0.008477842003853564,0.07514450867052024,1
./datasets/Organised/20260306-handFlying-2/217991011.jpg,1,0.7073217726396918,0.01840077071290944,0.1711946050096339,1
./datasets/Organised/20260306-handFlying-2/217991011.jpg,2,0.3976878612716763,0.014258188824662813,0.10876685934489402,1
./datasets/Organised/20260306-handFlying-2/218124364.jpg,0,0.5058766859344894,0.00789980732177264,0.06570327552986513,1
./datasets/Organised/20260306-handFlying-2/218124364.jpg,1,0.8132947976878613,0.015510597302504817,0.1315028901734104,1
./datasets/Organised/20260306-handFlying-2/218124364.jpg,2,0.5612716763005781,0.013680154142581889,0.1126204238921002,1
./datasets/Organised/20260306-handFlying-2/218257678.jpg,0,0.47803468208092487,0.005394990366088632,0.05674373795761079,1
./datasets/Organised/20260306-handFlying-2/218257678.jpg,1,0.8419075144508671,0.01300578034682081,0.12292870905587669,1
./datasets/Organised/20260306-handFlying-2/218257678.jpg,2,0.5771676300578035,0.018015414258188825,0.1375722543352601,1
./datasets/Organised/20260306-handFlying-2/218424353.jpg,0,0.5157996146435453,0.004816955684007707,0.04653179190751445,1
./datasets/Organised/20260306-handFlying-2/218424353.jpg,1,0.905009633911368,0.009055876685934489,0.09826589595375723,1
./datasets/Organised/20260306-handFlying-2/218424353.jpg,2,0.5605009633911368,0.018015414258188825,0.1546242774566474,1
./datasets/Organised/20260306-handFlying-2/218557703.jpg,0,0.6521194605009634,0.007129094412331407,0.06310211946050097,1
./datasets/Organised/20260306-handFlying-2/218557703.jpg,1,0.9187861271676301,0.009826589595375723,0.0930635838150289,1
./datasets/Organised/20260306-handFlying-2/218557703.jpg,2,0.6098265895953757,0.017919075144508672,0.14913294797687862,1
./datasets/Organised/20260306-handFlying-2/218691014.jpg,0,0.6271676300578035,0.00838150289017341,0.06753371868978805,1
./datasets/Organised/20260306-handFlying-2/218691014.jpg,1,0.9205202312138728,0.010500963391136802,0.10828516377649326,1
./datasets/Organised/20260306-handFlying-2/218691014.jpg,2,0.6577071290944123,0.017822736030828516,0.1578034682080925,1
./datasets/Organised/20260306-handFlying-2/218857683.jpg,0,0.6365125240847784,0.008863198458574181,0.07244701348747591,1
./datasets/Organised/20260306-handFlying-2/218857683.jpg,1,0.9189788053949903,0.010789980732177264,0.10982658959537572,1
./datasets/Organised/20260306-handFlying-2/218857683.jpg,2,0.7050096339113681,0.021965317919075144,0.1655105973025048,1
./datasets/Organised/20260306-handFlying-2/218991004.jpg,0,0.6416184971098265,0.007707129094412331,0.0710019267822736,1
./datasets/Organised/20260306-handFlying-2/218991004.jpg,1,0.9322736030828517,0.009055876685934489,0.09248554913294797,1
./datasets/Organised/20260306-handFlying-2/218991004.jpg,2,0.7117533718689788,0.018689788053949902,0.15366088631984587,1
./datasets/Organised/20260306-handFlying-2/219157694.jpg,0,0.6036608863198458,0.00674373795761079,0.06098265895953757,1
./datasets/Organised/20260306-handFlying-2/219157694.jpg,1,0.9147398843930635,0.010404624277456647,0.10809248554913295,1
./datasets/Organised/20260306-handFlying-2/219157694.jpg,2,0.7369942196531792,0.015703275529865127,0.13622350674373795,1
./datasets/Organised/20260306-handFlying-2/219291002.jpg,0,0.5400770712909442,0.0060693641618497106,0.05279383429672447,1
./datasets/Organised/20260306-handFlying-2/219291002.jpg,1,0.830635838150289,0.014354527938342966,0.13159922928709056,1
./datasets/Organised/20260306-handFlying-2/219291002.jpg,2,0.7275529865125241,0.016473988439306357,0.13978805394990365,1
./datasets/Organised/20260306-handFlying-2/219424337.jpg,0,0.5396917148362235,0.007514450867052023,0.0676300578034682,1
./datasets/Organised/20260306-handFlying-2/219424337.jpg,1,0.809344894026975,0.018111753371868978,0.15308285163776494,1
./datasets/Organised/20260306-handFlying-2/219424337.jpg,2,0.704335260115607,0.01599229287090559,0.14104046242774568,1
./datasets/Organised/20260306-handFlying-2/219590997.jpg,0,0.5611753371868978,0.008285163776493257,0.07321772639691715,1
./datasets/Organised/20260306-handFlying-2/219590997.jpg,1,0.791907514450867,0.018497109826589597,0.1585741811175337,1
./datasets/Organised/20260306-handFlying-2/219590997.jpg,2,0.6212909441233141,0.015895953757225433,0.12254335260115606,1
./datasets/Organised/20260306-handFlying-2/219724335.jpg,0,0.5294797687861271,0.01021194605009634,0.08477842003853564,1
./datasets/Organised/20260306-handFlying-2/219724335.jpg,1,0.7826589595375723,0.01907514450867052,0.15838150289017341,1
./datasets/Organised/20260306-handFlying-2/219724335.jpg,2,0.598747591522158,0.013198458574181117,0.11204238921001927,1
./datasets/Organised/20260306-handFlying-2/219857665.jpg,0,0.4983622350674374,0.010115606936416185,0.09152215799614644,1
./datasets/Organised/20260306-handFlying-2/219857665.jpg,1,0.7832369942196532,0.017533718689788053,0.15481695568400772,1
./datasets/Organised/20260306-handFlying-2/219857665.jpg,2,0.5805394990366088,0.017726396917148363,0.12418111753371869,1
./datasets/Organised/20260306-handFlying-2/219991014.jpg,0,0.398747591522158,0.008863198458574181,0.07745664739884393,1
./datasets/Organised/20260306-handFlying-2/219991014.jpg,1,0.7671483622350674,0.020809248554913295,0.16926782273603083,1
./datasets/Organised/20260306-handFlying-2/219991014.jpg,2,0.6283236994219653,0.016377649325626204,0.12591522157996146,1
./datasets/Organised/20260306-handFlying-2/220157663.jpg,0,0.3340077071290944,0.009344894026974951,0.0630057803468208,1
./datasets/Organised/20260306-handFlying-2/220157663.jpg,1,0.7702312138728323,0.01907514450867052,0.16936416184971098,1
./datasets/Organised/20260306-handFlying-2/220157663.jpg,2,0.6682080924855491,0.014932562620423893,0.1186897880539499,1
./datasets/Organised/20260306-handFlying-2/220290992.jpg,0,0.2861271676300578,0.00674373795761079,0.06339113680154143,1
./datasets/Organised/20260306-handFlying-2/220290992.jpg,1,0.7905587668593449,0.018111753371868978,0.15385356454720617,1
./datasets/Organised/20260306-handFlying-2/220290992.jpg,2,0.7095375722543352,0.013776493256262042,0.11445086705202312,1
./datasets/Organised/20260306-handFlying-2/220457662.jpg,0,0.27976878612716766,0.007321772639691715,0.06541425818882467,1
./datasets/Organised/20260306-handFlying-2/220457662.jpg,1,0.8013487475915222,0.017341040462427744,0.14884393063583815,1
./datasets/Organised/20260306-handFlying-2/220457662.jpg,2,0.729383429672447,0.014161849710982659,0.11204238921001927,1
./datasets/Organised/20260306-handFlying-2/220592409.jpg,0,0.2631984585741811,0.005394990366088632,0.047784200385356454,1
./datasets/Organised/20260306-handFlying-2/220592409.jpg,1,0.8154142581888246,0.016377649325626204,0.14171483622350675,1
./datasets/Organised/20260306-handFlying-2/220592409.jpg,2,0.7305394990366089,0.013198458574181117,0.11454720616570327,1
./datasets/Organised/20260306-handFlying-2/220724333.jpg,0,0.22196531791907514,0.005973025048169557,0.051541425818882464,1
./datasets/Organised/20260306-handFlying-2/220724333.jpg,1,0.7975915221579961,0.01907514450867052,0.16262042389210019,1
./datasets/Organised/20260306-handFlying-2/220724333.jpg,2,0.7570327552986512,0.015317919075144508,0.11290944123314066,1
./datasets/Organised/20260306-handFlying-2/220890997.jpg,0,0.24845857418111753,0.004816955684007707,0.041040462427745665,1
./datasets/Organised/20260306-handFlying-2/220890997.jpg,1,0.7886319845857418,0.016666666666666666,0.15510597302504817,1
./datasets/Organised/20260306-handFlying-2/220890997.jpg,2,0.8295761078998073,0.011849710982658959,0.09913294797687862,1
./datasets/Organised/20260306-handFlying-2/221024322.jpg,0,0.23574181117533718,0.005587668593448941,0.047013487475915224,1
./datasets/Organised/20260306-handFlying-2/221024322.jpg,1,0.8091522157996146,0.01859344894026975,0.14778420038535645,1
./datasets/Organised/20260306-handFlying-2/221024322.jpg,2,0.8549132947976879,0.010886319845857417,0.10963391136801541,1
./datasets/Organised/20260306-handFlying-2/221157658.jpg,0,0.25317919075144507,0.0060693641618497106,0.04633911368015414,1
./datasets/Organised/20260306-handFlying-2/221157658.jpg,1,0.801926782273603,0.021965317919075144,0.16676300578034683,1
./datasets/Organised/20260306-handFlying-2/221157658.jpg,2,0.8635838150289017,0.011464354527938344,0.09730250481695568,1
./datasets/Organised/20260306-handFlying-2/221324321.jpg,0,0.20761078998073218,0.006165703275529865,0.04633911368015414,1
./datasets/Organised/20260306-handFlying-2/221324321.jpg,1,0.8140655105973025,0.017148362235067438,0.1478805394990366,1
./datasets/Organised/20260306-handFlying-2/221324321.jpg,2,0.8322736030828516,0.013102119460500963,0.11223506743737957,1
./datasets/Organised/20260306-handFlying-2/221457656.jpg,0,0.17552986512524085,0.004624277456647399,0.04007707129094412,1
./datasets/Organised/20260306-handFlying-2/221457656.jpg,1,0.7828516377649326,0.022157996146435453,0.18102119460500962,1
./datasets/Organised/20260306-handFlying-2/221457656.jpg,2,0.823121387283237,0.015028901734104046,0.12177263969171484,1
./datasets/Organised/20260306-handFlying-2/221624316.jpg,0,0.1788053949903661,0.006358381502890174,0.04605009633911368,1
./datasets/Organised/20260306-handFlying-2/221624316.jpg,1,0.8106936416184971,0.01763005780346821,0.1578034682080925,1
./datasets/Organised/20260306-handFlying-2/221624316.jpg,2,0.8201348747591523,0.014739884393063583,0.12302504816955684,1
./datasets/Organised/20260306-handFlying-2/221757650.jpg,0,0.15433526011560694,0.0045279383429672445,0.040655105973025046,1
./datasets/Organised/20260306-handFlying-2/221757650.jpg,1,0.7853564547206165,0.019653179190751446,0.16358381502890174,1
./datasets/Organised/20260306-handFlying-2/221757650.jpg,2,0.8242774566473988,0.016088631984585742,0.13892100192678228,1
./datasets/Organised/20260306-handFlying-2/221890984.jpg,0,0.12080924855491329,0.004913294797687861,0.03824662813102119,1
./datasets/Organised/20260306-handFlying-2/221890984.jpg,1,0.799325626204239,0.018689788053949902,0.15154142581888247,1
./datasets/Organised/20260306-handFlying-2/221890984.jpg,2,0.8149325626204239,0.016473988439306357,0.12678227360308286,1
./datasets/Organised/20260306-handFlying-2/222024311.jpg,0,0.11753371868978806,0.00394990366088632,0.041040462427745665,1
./datasets/Organised/20260306-handFlying-2/222024311.jpg,1,0.7779383429672447,0.02003853564547206,0.1601156069364162,1
./datasets/Organised/20260306-handFlying-2/222024311.jpg,2,0.7973025048169556,0.01579961464354528,0.1407514450867052,1
./datasets/Organised/20260306-handFlying-2/222190989.jpg,0,0.07649325626204238,0.004624277456647399,0.0371868978805395,0
./datasets/Organised/20260306-handFlying-2/222190989.jpg,1,0.7936416184971098,0.015703275529865127,0.1405587668593449,1
./datasets/Organised/20260306-handFlying-2/222190989.jpg,2,0.7640655105973025,0.01676300578034682,0.1430635838150289,1
./datasets/Organised/20260306-handFlying-2/222324311.jpg,0,0.10240847784200385,0.005876685934489403,0.04499036608863199,1
./datasets/Organised/20260306-handFlying-2/222324311.jpg,1,0.7696531791907515,0.019460500963391136,0.16377649325626203,1
./datasets/Organised/20260306-handFlying-2/222324311.jpg,2,0.7403660886319846,0.017148362235067438,0.15240847784200384,1
./datasets/Organised/20260306-handFlying-2/222490980.jpg,0,0.17524084778420038,0.005780346820809248,0.047398843930635835,1
./datasets/Organised/20260306-handFlying-2/222490980.jpg,1,0.7569364161849711,0.021001926782273604,0.16107899807321774,1
./datasets/Organised/20260306-handFlying-2/222490980.jpg,2,0.7369942196531792,0.018304431599229287,0.14373795761078997,1
./datasets/Organised/20260306-handFlying-2/222624312.jpg,0,0.15269749518304432,0.0068400770712909445,0.05260115606936416,1
./datasets/Organised/20260306-handFlying-2/222624312.jpg,1,0.7707129094412332,0.021965317919075144,0.16502890173410403,1
./datasets/Organised/20260306-handFlying-2/222624312.jpg,2,0.7470134874759152,0.01695568400770713,0.14865125240847785,1
./datasets/Organised/20260306-handFlying-2/222790973.jpg,0,0.18179190751445087,0.005973025048169557,0.048843930635838154,1
./datasets/Organised/20260306-handFlying-2/222790973.jpg,1,0.7855491329479769,0.018497109826589597,0.1601156069364162,1
./datasets/Organised/20260306-handFlying-2/222790973.jpg,2,0.7603082851637765,0.014739884393063583,0.1373795761078998,1
./datasets/Organised/20260306-handFlying-2/222924309.jpg,0,0.1789980732177264,0.005587668593448941,0.04614643545279384,1
./datasets/Organised/20260306-handFlying-2/222924309.jpg,1,0.789402697495183,0.01859344894026975,0.1585741811175337,1
./datasets/Organised/20260306-handFlying-2/222924309.jpg,2,0.7428709055876686,0.017341040462427744,0.13477842003853566,1
./datasets/Organised/20260306-handFlying-2/223057675.jpg,0,0.23901734104046243,0.004816955684007707,0.053371868978805394,1
./datasets/Organised/20260306-handFlying-2/223057675.jpg,1,0.7945086705202312,0.01705202312138728,0.14730250481695567,1
./datasets/Organised/20260306-handFlying-2/223057675.jpg,2,0.6930635838150289,0.0174373795761079,0.1439306358381503,1
./datasets/Organised/20260306-handFlying-2/223191054.jpg,0,0.3058766859344894,0.007418111753371869,0.06666666666666667,1
./datasets/Organised/20260306-handFlying-2/223191054.jpg,1,0.7738921001926782,0.019364161849710983,0.15606936416184972,1
./datasets/Organised/20260306-handFlying-2/223191054.jpg,2,0.6728323699421965,0.01560693641618497,0.13766859344894028,1
./datasets/Organised/20260306-handFlying-2/223357640.jpg,0,0.27890173410404623,0.00510597302504817,0.05346820809248555,1
./datasets/Organised/20260306-handFlying-2/223357640.jpg,1,0.778131021194605,0.01878612716763006,0.1588631984585742,1
./datasets/Organised/20260306-handFlying-2/223357640.jpg,2,0.6211946050096339,0.016859344894026976,0.14007707129094413,1
./datasets/Organised/20260306-handFlying-2/223491000.jpg,0,0.26310211946050094,0.005202312138728324,0.047784200385356454,1
./datasets/Organised/20260306-handFlying-2/223491000.jpg,1,0.8189788053949904,0.01599229287090559,0.14479768786127167,1
./datasets/Organised/20260306-handFlying-2/223491000.jpg,2,0.6609826589595376,0.018111753371868978,0.13978805394990365,1
./datasets/Organised/20260306-handFlying-2/223624300.jpg,0,0.19104046242774567,0.00394990366088632,0.03978805394990366,1
./datasets/Organised/20260306-handFlying-2/223624300.jpg,1,0.8079961464354528,0.016088631984585742,0.15269749518304432,1
./datasets/Organised/20260306-handFlying-2/223624300.jpg,2,0.6922928709055877,0.018111753371868978,0.14084778420038535,1
./datasets/Organised/20260306-handFlying-2/223790966.jpg,0,0.10086705202312139,0.0030828516377649326,0.024951830443159923,1
./datasets/Organised/20260306-handFlying-2/223790966.jpg,1,0.8170520231213872,0.017726396917148363,0.15684007707129094,1
./datasets/Organised/20260306-handFlying-2/223790966.jpg,2,0.6027938342967245,0.020134874759152217,0.1644508670520231,1
./datasets/Organised/20260306-handFlying-2/223924302.jpg,0,0.0873795761078998,0.0037572254335260114,0.03005780346820809,0
./datasets/Organised/20260306-handFlying-2/223924302.jpg,1,0.8314065510597303,0.01599229287090559,0.14653179190751445,1
./datasets/Organised/20260306-handFlying-2/223924302.jpg,2,0.5716763005780346,0.016859344894026976,0.15202312138728324,1
./datasets/Organised/20260306-handFlying-2/224057641.jpg,0,0.08053949903660887,0.004913294797687861,0.04017341040462428,0
./datasets/Organised/20260306-handFlying-2/224057641.jpg,1,0.8309248554913294,0.01628131021194605,0.14315992292870905,1
./datasets/Organised/20260306-handFlying-2/224057641.jpg,2,0.5536608863198459,0.02167630057803468,0.16522157996146436,1
./datasets/Organised/20260306-handFlying-2/224224305.jpg,0,0.15028901734104047,0.005780346820809248,0.04383429672447013,1
./datasets/Organised/20260306-handFlying-2/224224305.jpg,1,0.8497109826589595,0.017341040462427744,0.1489402697495183,1
./datasets/Organised/20260306-handFlying-2/224224305.jpg,2,0.5592485549132948,0.01859344894026975,0.16262042389210019,1
./datasets/Organised/20260306-handFlying-2/224357637.jpg,0,0.15366088631984587,0.004624277456647399,0.04450867052023121,1
./datasets/Organised/20260306-handFlying-2/224357637.jpg,1,0.826878612716763,0.01676300578034682,0.14046242774566475,1
./datasets/Organised/20260306-handFlying-2/224357637.jpg,2,0.5404624277456648,0.020134874759152217,0.16358381502890174,1
./datasets/Organised/20260306-handFlying-2/224524291.jpg,0,0.18458574181117535,0.0068400770712909445,0.0628131021194605,1
./datasets/Organised/20260306-handFlying-2/224524291.jpg,1,0.8402697495183045,0.013583815028901734,0.13786127167630058,1
./datasets/Organised/20260306-handFlying-2/224524291.jpg,2,0.5350674373795761,0.018015414258188825,0.1579961464354528,1
./datasets/Organised/20260306-handFlying-2/224657627.jpg,0,0.24393063583815028,0.007514450867052023,0.05973025048169557,1
./datasets/Organised/20260306-handFlying-2/224657627.jpg,1,0.8482658959537572,0.01233140655105973,0.1252408477842004,1
./datasets/Organised/20260306-handFlying-2/224657627.jpg,2,0.5279383429672447,0.015895953757225433,0.14354527938342967,1
./datasets/Organised/20260306-handFlying-2/224824304.jpg,0,0.15712909441233142,0.006647398843930636,0.054046242774566475,1
./datasets/Organised/20260306-handFlying-2/224824304.jpg,1,0.827456647398844,0.014450867052023121,0.13978805394990365,1
./datasets/Organised/20260306-handFlying-2/224824304.jpg,2,0.5511560693641618,0.02042389210019268,0.15578034682080924,1
./datasets/Organised/20260306-handFlying-2/224957657.jpg,0,0.0827552986512524,0.004238921001926782,0.037379576107899805,0
./datasets/Organised/20260306-handFlying-2/224957657.jpg,1,0.8178227360308286,0.013583815028901734,0.12186897880539499,1
./datasets/Organised/20260306-handFlying-2/224957657.jpg,2,0.5380539499036608,0.017726396917148363,0.14922928709055877,1
./datasets/Organised/20260306-handFlying-2/225090961.jpg,0,0.028227360308285165,0.002601156069364162,0.023410404624277455,0
./datasets/Organised/20260306-handFlying-2/225090961.jpg,1,0.6339113680154143,0.01464354527938343,0.11454720616570327,1
./datasets/Organised/20260306-handFlying-2/225090961.jpg,2,0.4873795761078998,0.015703275529865127,0.15375722543352602,1
./datasets/Organised/20260306-handFlying-2/225224288.jpg,0,0.048747591522158,0.005587668593448941,0.03911368015414258,0
./datasets/Organised/20260306-handFlying-2/225224288.jpg,1,0.7035645472061657,0.01560693641618497,0.12379576107899808,1
./datasets/Organised/20260306-handFlying-2/225224288.jpg,2,0.48709055876685936,0.018882466281310212,0.15375722543352602,1
./datasets/Organised/20260306-handFlying-2/225390954.jpg,0,0.029383429672447014,0.0030828516377649326,0.027842003853564546,0
./datasets/Organised/20260306-handFlying-2/225390954.jpg,1,0.6016377649325626,0.010597302504816955,0.10433526011560694,1
./datasets/Organised/20260306-handFlying-2/225390954.jpg,2,0.49190751445086706,0.01695568400770713,0.15944123314065511,1
./datasets/Organised/20260306-handFlying-2/225524285.jpg,0,0.024277456647398842,0.004431599229287091,0.03940269749518305,0
./datasets/Organised/20260306-handFlying-2/225524285.jpg,1,0.5957610789980732,0.012427745664739885,0.10741811175337188,1
./datasets/Organised/20260306-handFlying-2/225524285.jpg,2,0.5633911368015414,0.01955684007707129,0.1722543352601156,1
./datasets/Organised/20260306-handFlying-2/225690952.jpg,0,0.021001926782273604,0.005009633911368015,0.04200385356454721,0
./datasets/Organised/20260306-handFlying-2/225690952.jpg,1,0.5547206165703276,0.014065510597302504,0.10857418111753372,1
./datasets/Organised/20260306-handFlying-2/225690952.jpg,2,0.5602119460500964,0.024373795761079,0.1960500963391137,1
./datasets/Organised/20260306-handFlying-2/225824296.jpg,0,0.03159922928709056,0.004913294797687861,0.0441233140655106,0
./datasets/Organised/20260306-handFlying-2/225824296.jpg,1,0.5255298651252408,0.01300578034682081,0.1081888246628131,1
./datasets/Organised/20260306-handFlying-2/225824296.jpg,2,0.572447013487476,0.021098265895953757,0.17369942196531793,1
./datasets/Organised/20260306-handFlying-2/225957621.jpg,0,0.05973025048169557,0.005973025048169557,0.04816955684007707,0
./datasets/Organised/20260306-handFlying-2/225957621.jpg,1,0.4710019267822736,0.010789980732177264,0.09238921001926782,1
./datasets/Organised/20260306-handFlying-2/225957621.jpg,2,0.5521194605009634,0.020327552986512523,0.1701348747591522,1
./datasets/Organised/20260306-handFlying-2/226090947.jpg,0,0.08458574181117534,0.0068400770712909445,0.06011560693641618,0
./datasets/Organised/20260306-handFlying-2/226090947.jpg,1,0.48583815028901733,0.010789980732177264,0.08766859344894026,1
./datasets/Organised/20260306-handFlying-2/226090947.jpg,2,0.529961464354528,0.01878612716763006,0.1599229287090559,1
./datasets/Organised/20260306-handFlying-2/226257643.jpg,0,0.04373795761078998,0.004431599229287091,0.03747591522157996,0
./datasets/Organised/20260306-handFlying-2/226257643.jpg,1,0.4032755298651252,0.007707129094412331,0.06445086705202312,1
./datasets/Organised/20260306-handFlying-2/226257643.jpg,2,0.4771676300578035,0.01840077071290944,0.1569364161849711,1
./datasets/Organised/20260306-handFlying-2/226390944.jpg,0,0.040269749518304435,0.007321772639691715,0.05828516377649326,0
./datasets/Organised/20260306-handFlying-2/226390944.jpg,1,0.24499036608863198,0.008670520231213872,0.07129094412331406,1
./datasets/Organised/20260306-handFlying-2/226390944.jpg,2,0.40664739884393064,0.01878612716763006,0.15048169556840077,1
./datasets/Organised/20260306-handFlying-2/226557609.jpg,0,0.042485549132947976,0.006165703275529865,0.057321772639691716,0
./datasets/Organised/20260306-handFlying-2/226557609.jpg,1,0.12235067437379576,0.0060693641618497106,0.04518304431599229,1
./datasets/Organised/20260306-handFlying-2/226557609.jpg,2,0.27803468208092486,0.012620423892100193,0.11040462427745665,1
./datasets/Organised/20260306-handFlying-2/226690948.jpg,0,0.08131021194605009,0.008574181117533719,0.0802504816955684,0
./datasets/Organised/20260306-handFlying-2/226690948.jpg,1,0.18477842003853565,0.006165703275529865,0.05192678227360308,1
./datasets/Organised/20260306-handFlying-2/226690948.jpg,2,0.3152215799614644,0.013969171483622351,0.11290944123314066,1
./datasets/Organised/20260306-handFlying-2/226858170.jpg,0,0.17764932562620425,0.012427745664739885,0.09142581888246629,1
./datasets/Organised/20260306-handFlying-2/226858170.jpg,1,0.19778420038535646,0.009344894026974951,0.06734104046242774,1
./datasets/Organised/20260306-handFlying-2/226858170.jpg,2,0.25741811175337187,0.013391136801541427,0.10269749518304432,1
./datasets/Organised/20260306-handFlying-2/227057610.jpg,0,0.17976878612716762,0.00953757225433526,0.0710019267822736,1
./datasets/Organised/20260306-handFlying-2/227057610.jpg,1,0.052890173410404626,0.004142581888246628,0.0289980732177264,0
./datasets/Organised/20260306-handFlying-2/227057610.jpg,2,0.04865125240847784,0.0052986512524084775,0.040269749518304435,0
./datasets/Organised/20260306-handFlying-2/227224271.jpg,0,0.294990366088632,0.01233140655105973,0.09277456647398843,1
./datasets/Organised/20260306-handFlying-2/227224271.jpg,1,0.042485549132947976,0.003468208092485549,0.03497109826589596,0
./datasets/Organised/20260306-handFlying-2/227224271.jpg,2,0.026878612716763006,0.004913294797687861,0.03901734104046243,0
./datasets/Organised/20260306-handFlying-2/227390940.jpg,0,0.425626204238921,0.011657032755298651,0.08882466281310213,1
./datasets/Organised/20260306-handFlying-2/227390940.jpg,1,0.14778420038535645,0.007129094412331407,0.052215799614643545,1
./datasets/Organised/20260306-handFlying-2/227390940.jpg,2,0.0873795761078998,0.007321772639691715,0.0571290944123314,0
./datasets/Organised/20260306-handFlying-2/227557638.jpg,0,0.49402697495183046,0.014932562620423893,0.09720616570327553,1
./datasets/Organised/20260306-handFlying-2/227557638.jpg,1,0.19258188824662814,0.007707129094412331,0.06136801541425819,1
./datasets/Organised/20260306-handFlying-2/227557638.jpg,2,0.09190751445086705,0.008092485549132947,0.06416184971098265,0
./datasets/Organised/20260306-handFlying-2/227690948.jpg,0,0.573121387283237,0.01348747591522158,0.09653179190751444,1
./datasets/Organised/20260306-handFlying-2/227690948.jpg,1,0.17447013487475915,0.009441233140655106,0.07360308285163776,1
./datasets/Organised/20260306-handFlying-2/227690948.jpg,2,0.04258188824662813,0.0064547206165703275,0.05953757225433526,0
./datasets/Organised/20260306-handFlying-2/227857611.jpg,0,0.8115606936416185,0.00953757225433526,0.07938342967244702,1
./datasets/Organised/20260306-handFlying-2/227857611.jpg,1,0.17784200385356455,0.007032755298651252,0.049229287090558765,1
./datasets/Organised/20260306-handFlying-2/227857611.jpg,2,0.011368015414258189,0.0017341040462427746,0.013198458574181117,0
./datasets/Organised/20260306-handFlying-2/228024267.jpg,0,0.9803468208092485,0.003371868978805395,0.033622350674373795,1
./datasets/Organised/20260306-handFlying-2/228024267.jpg,1,0.5021194605009633,0.0151252408477842,0.10626204238921001,1
./datasets/Organised/20260306-handFlying-2/228024267.jpg,2,0.05838150289017341,0.003179190751445087,0.026685934489402697,0
./datasets/Organised/20260306-handFlying-2/228157602.jpg,0,0.9821772639691715,0.002601156069364162,0.029190751445086704,1
./datasets/Organised/20260306-handFlying-2/228157602.jpg,1,0.5772639691714836,0.01300578034682081,0.10221579961464354,1
./datasets/Organised/20260306-handFlying-2/228157602.jpg,2,0.09797687861271677,0.004431599229287091,0.039210019267822735,0
./datasets/Organised/20260306-handFlying-2/228324374.jpg,0,0.9789980732177264,0.0029865125240847784,0.028323699421965318,1
./datasets/Organised/20260306-handFlying-2/228324374.jpg,1,0.655587668593449,0.014258188824662813,0.11368015414258188,1
./datasets/Organised/20260306-handFlying-2/228324374.jpg,2,0.21907514450867052,0.0076107899807321775,0.052986512524084775,1
./datasets/Organised/20260306-handFlying-2/228457598.jpg,0,0.9573217726396918,0.005009633911368015,0.05096339113680154,1
./datasets/Organised/20260306-handFlying-2/228457598.jpg,1,0.5518304431599229,0.012427745664739885,0.097495183044316,1
./datasets/Organised/20260306-handFlying-2/228457598.jpg,2,0.1476878612716763,0.006647398843930636,0.048843930635838154,1
./datasets/Organised/20260306-handFlying-2/228624261.jpg,0,0.8027938342967245,0.011657032755298651,0.07639691714836223,1
./datasets/Organised/20260306-handFlying-2/228624261.jpg,1,0.32784200385356455,0.009344894026974951,0.0674373795761079,1
./datasets/Organised/20260306-handFlying-2/228624261.jpg,2,0.0489402697495183,0.004142581888246628,0.03901734104046243,0
./datasets/Organised/20260306-handFlying-2/228791022.jpg,0,0.5935452793834297,0.014450867052023121,0.09672447013487476,1
./datasets/Organised/20260306-handFlying-2/228791022.jpg,1,0.19566473988439306,0.006647398843930636,0.05568400770712909,1
./datasets/Organised/20260306-handFlying-2/228791022.jpg,2,0.009055876685934489,0.001348747591522158,0.014258188824662813,0
./datasets/Organised/20260306-handFlying-2/228924260.jpg,0,0.5132947976878612,0.014354527938342966,0.1001926782273603,1
./datasets/Organised/20260306-handFlying-2/228924260.jpg,1,0.17861271676300577,0.006936416184971098,0.055973025048169554,1
./datasets/Organised/20260306-handFlying-2/228924260.jpg,2,0.008477842003853564,0.0019267822736030828,0.01859344894026975,0
./datasets/Organised/20260306-handFlying-2/229057590.jpg,0,0.44499036608863196,0.014547206165703276,0.09778420038535646,1
./datasets/Organised/20260306-handFlying-2/229057590.jpg,1,0.22244701348747592,0.007418111753371869,0.060789980732177264,1
./datasets/Organised/20260306-handFlying-2/229057590.jpg,2,0.026685934489402697,0.003179190751445087,0.029479768786127167,0
./datasets/Organised/20260306-handFlying-2/229224271.jpg,0,0.5467244701348748,0.012138728323699421,0.08728323699421965,1
./datasets/Organised/20260306-handFlying-2/229224271.jpg,1,0.4713872832369942,0.00953757225433526,0.07456647398843931,1
./datasets/Organised/20260306-handFlying-2/229224271.jpg,2,0.3285163776493256,0.007321772639691715,0.06319845857418112,1
./datasets/Organised/20260306-handFlying-2/229390922.jpg,0,0.4816955684007707,0.013583815028901734,0.09797687861271677,1
./datasets/Organised/20260306-handFlying-2/229390922.jpg,1,0.5776493256262042,0.009248554913294798,0.08391136801541425,1
./datasets/Organised/20260306-handFlying-2/229390922.jpg,2,0.5501926782273603,0.009922928709055878,0.08034682080924856,1
./datasets/Organised/20260306-handFlying-2/229524264.jpg,0,0.5009633911368016,0.0128131021194605,0.09123314065510597,1
./datasets/Organised/20260306-handFlying-2/229524264.jpg,1,0.6411368015414258,0.012138728323699421,0.10134874759152215,1
./datasets/Organised/20260306-handFlying-2/229524264.jpg,2,0.6371868978805395,0.012909441233140655,0.10867052023121387,1
./datasets/Organised/20260306-handFlying-2/229657598.jpg,0,0.48371868978805393,0.011657032755298651,0.09007707129094412,1
./datasets/Organised/20260306-handFlying-2/229657598.jpg,1,0.6824662813102119,0.011464354527938344,0.09739884393063585,1
./datasets/Organised/20260306-handFlying-2/229657598.jpg,2,0.688150289017341,0.013294797687861272,0.10394990366088631,1
./datasets/Organised/20260306-handFlying-2/229824251.jpg,0,0.6249518304431599,0.013680154142581889,0.09633911368015415,1
./datasets/Organised/20260306-handFlying-2/229824251.jpg,1,0.723121387283237,0.009441233140655106,0.08053949903660887,1
./datasets/Organised/20260306-handFlying-2/229824251.jpg,2,0.7344894026974952,0.00953757225433526,0.08545279383429673,1
./datasets/Organised/20260306-handFlying-2/229990947.jpg,0,0.8544315992292871,0.00789980732177264,0.06695568400770713,1
./datasets/Organised/20260306-handFlying-2/229990947.jpg,1,0.7603082851637765,0.011560693641618497,0.09441233140655106,1
./datasets/Organised/20260306-handFlying-2/229990947.jpg,2,0.6396917148362236,0.008092485549132947,0.07389210019267822,1
./datasets/Organised/20260306-handFlying-2/230124250.jpg,0,0.8452793834296725,0.01001926782273603,0.07321772639691715,1
./datasets/Organised/20260306-handFlying-2/230124250.jpg,1,0.7703275529865126,0.009441233140655106,0.08015414258188824,1
./datasets/Organised/20260306-handFlying-2/230124250.jpg,2,0.5201348747591522,0.010115606936416185,0.08198458574181118,1
./datasets/Organised/20260306-handFlying-2/230290918.jpg,0,0.7338150289017341,0.01300578034682081,0.09585741811175337,1
./datasets/Organised/20260306-handFlying-2/230290918.jpg,1,0.7188824662813103,0.008766859344894027,0.06175337186897881,1
./datasets/Organised/20260306-handFlying-2/230290918.jpg,2,0.46001926782273606,0.008863198458574181,0.06705202312138728,1
./datasets/Organised/20260306-handFlying-2/230424247.jpg,0,0.7473988439306358,0.012620423892100193,0.0884393063583815,1
./datasets/Organised/20260306-handFlying-2/230424247.jpg,1,0.7691714836223507,0.009922928709055878,0.07620423892100192,1
./datasets/Organised/20260306-handFlying-2/230424247.jpg,2,0.5816955684007707,0.009633911368015413,0.07601156069364162,1
./datasets/Organised/20260306-handFlying-2/230590915.jpg,0,0.6468208092485549,0.015317919075144508,0.10443159922928709,1
./datasets/Organised/20260306-handFlying-2/230590915.jpg,1,0.6455684007707129,0.007996146435452794,0.07129094412331406,1
./datasets/Organised/20260306-handFlying-2/230590915.jpg,2,0.4257225433526012,0.008863198458574181,0.06560693641618497,1
./datasets/Organised/20260306-handFlying-2/230758413.jpg,0,0.5695568400770713,0.013391136801541427,0.09460500963391137,1
./datasets/Organised/20260306-handFlying-2/230758413.jpg,1,0.7465317919075144,0.009248554913294798,0.06917148362235068,1
./datasets/Organised/20260306-handFlying-2/230758413.jpg,2,0.2394990366088632,0.0072254335260115606,0.05684007707129094,1
./datasets/Organised/20260306-handFlying-2/230890907.jpg,0,0.591233140655106,0.01300578034682081,0.09210019267822736,1
./datasets/Organised/20260306-handFlying-2/230890907.jpg,1,0.8122350674373796,0.007803468208092485,0.07302504816955684,1
./datasets/Organised/20260306-handFlying-2/230890907.jpg,2,0.1976878612716763,0.005202312138728324,0.0430635838150289,1
./datasets/Organised/20260306-handFlying-2/231057573.jpg,0,0.7739884393063584,0.009826589595375723,0.07919075144508671,1
./datasets/Organised/20260306-handFlying-2/231057573.jpg,1,0.9052986512524085,0.00674373795761079,0.0674373795761079,1
./datasets/Organised/20260306-handFlying-2/231057573.jpg,2,0.21859344894026975,0.008574181117533719,0.059248554913294796,1
./datasets/Organised/20260306-handFlying-2/231224283.jpg,0,0.7138728323699421,0.010886319845857417,0.07938342967244702,1
./datasets/Organised/20260306-handFlying-2/231224283.jpg,1,0.9070327552986512,0.0064547206165703275,0.06204238921001927,1
./datasets/Organised/20260306-handFlying-2/231224283.jpg,2,0.27427745664739883,0.008092485549132947,0.0630057803468208,1
./datasets/Organised/20260306-handFlying-2/231357586.jpg,0,0.7322736030828516,0.010115606936416185,0.07263969171483622,1
./datasets/Organised/20260306-handFlying-2/231357586.jpg,1,0.9071290944123314,0.005780346820809248,0.05973025048169557,1
./datasets/Organised/20260306-handFlying-2/231357586.jpg,2,0.2943159922928709,0.006358381502890174,0.05491329479768786,1
./datasets/Organised/20260306-handFlying-2/231524243.jpg,0,0.8234104046242775,0.009055876685934489,0.07389210019267822,1
./datasets/Organised/20260306-handFlying-2/231524243.jpg,1,0.8995183044315992,0.0056840077071290945,0.06127167630057803,1
./datasets/Organised/20260306-handFlying-2/231524243.jpg,2,0.330635838150289,0.007707129094412331,0.0628131021194605,1
./datasets/Organised/20260306-handFlying-2/231657571.jpg,0,0.8863198458574181,0.006647398843930636,0.05809248554913295,1
./datasets/Organised/20260306-handFlying-2/231657571.jpg,1,0.9059730250481696,0.005394990366088632,0.0651252408477842,1
./datasets/Organised/20260306-handFlying-2/231657571.jpg,2,0.38872832369942195,0.006936416184971098,0.05828516377649326,1
./datasets/Organised/20260306-handFlying-2/231824240.jpg,0,0.8142581888246628,0.008285163776493257,0.07552986512524085,1
./datasets/Organised/20260306-handFlying-2/231824240.jpg,1,0.8132947976878613,0.010404624277456647,0.08660886319845858,1
./datasets/Organised/20260306-handFlying-2/231824240.jpg,2,0.318111753371869,0.008477842003853564,0.0733140655105973,1
./datasets/Organised/20260306-handFlying-2/231957616.jpg,0,0.86252408477842,0.008285163776493257,0.0710019267822736,1
./datasets/Organised/20260306-handFlying-2/231957616.jpg,1,0.8246628131021194,0.010597302504816955,0.09710982658959537,1
./datasets/Organised/20260306-handFlying-2/231957616.jpg,2,0.321868978805395,0.009826589595375723,0.07273603082851637,1
./datasets/Organised/20260306-handFlying-2/232124234.jpg,0,0.9304431599229287,0.005780346820809248,0.06339113680154143,1
./datasets/Organised/20260306-handFlying-2/232124234.jpg,1,0.9226396917148362,0.0035645472061657034,0.053275529865125244,1
./datasets/Organised/20260306-handFlying-2/232124234.jpg,2,0.43815028901734104,0.0056840077071290945,0.05953757225433526,1
./datasets/Organised/20260306-handFlying-2/232257567.jpg,0,0.9122350674373796,0.008092485549132947,0.06088631984585742,1
./datasets/Organised/20260306-handFlying-2/232257567.jpg,1,0.8819845857418112,0.007996146435452794,0.07678227360308285,1
./datasets/Organised/20260306-handFlying-2/232257567.jpg,2,0.4544315992292871,0.010115606936416185,0.07726396917148362,1
./datasets/Organised/20260306-handFlying-2/232424227.jpg,0,0.8572254335260115,0.007803468208092485,0.06416184971098265,1
./datasets/Organised/20260306-handFlying-2/232424227.jpg,1,0.884393063583815,0.007514450867052023,0.0815028901734104,1
./datasets/Organised/20260306-handFlying-2/232424227.jpg,2,0.4840077071290944,0.009633911368015413,0.08670520231213873,1
./datasets/Organised/20260306-handFlying-2/232557564.jpg,0,0.8490366088631984,0.005780346820809248,0.04566473988439306,1
./datasets/Organised/20260306-handFlying-2/232557564.jpg,1,0.9182080924855491,0.004335260115606936,0.06069364161849711,1
./datasets/Organised/20260306-handFlying-2/232557564.jpg,2,0.5316955684007707,0.009055876685934489,0.07572254335260116,1
./datasets/Organised/20260306-handFlying-2/232724235.jpg,0,0.7595375722543353,0.005973025048169557,0.04942196531791908,1
./datasets/Organised/20260306-handFlying-2/232724235.jpg,1,0.9060693641618497,0.00674373795761079,0.07023121387283238,1
./datasets/Organised/20260306-handFlying-2/232724235.jpg,2,0.5689788053949904,0.010308285163776493,0.0930635838150289,1
./datasets/Organised/20260306-handFlying-2/232857572.jpg,0,0.6992292870905588,0.005780346820809248,0.05067437379576108,1
./datasets/Organised/20260306-handFlying-2/232857572.jpg,1,0.880635838150289,0.00789980732177264,0.08179190751445087,1
./datasets/Organised/20260306-handFlying-2/232857572.jpg,2,0.5601156069364162,0.012138728323699421,0.10423892100192678,1
./datasets/Organised/20260306-handFlying-2/233024227.jpg,0,0.6160886319845857,0.007707129094412331,0.061078998073217726,1
./datasets/Organised/20260306-handFlying-2/233024227.jpg,1,0.8008670520231214,0.009441233140655106,0.08410404624277457,1
./datasets/Organised/20260306-handFlying-2/233024227.jpg,2,0.47341040462427747,0.014065510597302504,0.101252408477842,1
./datasets/Organised/20260306-handFlying-2/233157559.jpg,0,0.5938342967244702,0.008766859344894027,0.0708092485549133,1
./datasets/Organised/20260306-handFlying-2/233157559.jpg,1,0.8452793834296725,0.008863198458574181,0.06695568400770713,1
./datasets/Organised/20260306-handFlying-2/233157559.jpg,2,0.47427745664739884,0.013776493256262042,0.09691714836223507,1
./datasets/Organised/20260306-handFlying-2/233324225.jpg,0,0.6089595375722543,0.010115606936416185,0.07630057803468208,1
./datasets/Organised/20260306-handFlying-2/233324225.jpg,1,0.8340077071290944,0.008188824662813102,0.07244701348747591,1
./datasets/Organised/20260306-handFlying-2/233324225.jpg,2,0.4592485549132948,0.013776493256262042,0.10857418111753372,1
./datasets/Organised/20260306-handFlying-2/233457560.jpg,0,0.5739884393063583,0.010500963391136802,0.07928709055876686,1
./datasets/Organised/20260306-handFlying-2/233457560.jpg,1,0.7717726396917148,0.00953757225433526,0.0894990366088632,1
./datasets/Organised/20260306-handFlying-2/233457560.jpg,2,0.44210019267822737,0.015221579961464355,0.10626204238921001,1
./datasets/Organised/20260306-handFlying-2/233624218.jpg,0,0.575626204238921,0.01233140655105973,0.08497109826589595,1
./datasets/Organised/20260306-handFlying-2/233624218.jpg,1,0.7353564547206166,0.012909441233140655,0.10443159922928709,1
./datasets/Organised/20260306-handFlying-2/233624218.jpg,2,0.4183044315992293,0.013680154142581889,0.0968208092485549,1
./datasets/Organised/20260306-handFlying-2/233757554.jpg,0,0.560597302504817,0.011078998073217727,0.08015414258188824,1
./datasets/Organised/20260306-handFlying-2/233757554.jpg,1,0.6970134874759152,0.010597302504816955,0.0873795761078998,1
./datasets/Organised/20260306-handFlying-2/233757554.jpg,2,0.38140655105973026,0.0151252408477842,0.10578034682080925,1
./datasets/Organised/20260306-handFlying-2/233924213.jpg,0,0.5129094412331406,0.012042389210019268,0.07996146435452794,1
./datasets/Organised/20260306-handFlying-2/233924213.jpg,1,0.596820809248555,0.011175337186897881,0.0978805394990366,1
./datasets/Organised/20260306-handFlying-2/233924213.jpg,2,0.34315992292870906,0.013680154142581889,0.10096339113680154,1
./datasets/Organised/20260306-handFlying-2/234057555.jpg,0,0.528805394990366,0.011271676300578034,0.08458574181117534,1
./datasets/Organised/20260306-handFlying-2/234057555.jpg,1,0.6986512524084778,0.011560693641618497,0.0928709055876686,1
./datasets/Organised/20260306-handFlying-2/234057555.jpg,2,0.4502890173410405,0.011946050096339113,0.09701348747591522,1
./datasets/Organised/20260306-handFlying-2/234224228.jpg,0,0.5089595375722543,0.01464354527938343,0.09759152215799614,1
./datasets/Organised/20260306-handFlying-2/234224228.jpg,1,0.7276493256262042,0.012042389210019268,0.08631984585741811,1
./datasets/Organised/20260306-handFlying-2/234224228.jpg,2,0.47552986512524087,0.012427745664739885,0.10992292870905587,1
./datasets/Organised/20260306-handFlying-2/234390891.jpg,0,0.5782273603082851,0.010404624277456647,0.08169556840077072,1
./datasets/Organised/20260306-handFlying-2/234390891.jpg,1,0.9042389210019268,0.007032755298651252,0.07947976878612717,1
./datasets/Organised/20260306-handFlying-2/234390891.jpg,2,0.6184971098265896,0.01233140655105973,0.10260115606936417,1
./datasets/Organised/20260306-handFlying-2/234557566.jpg,0,0.5666666666666667,0.014258188824662813,0.09315992292870906,1
./datasets/Organised/20260306-handFlying-2/234557566.jpg,1,0.9086705202312139,0.007321772639691715,0.07225433526011561,1
./datasets/Organised/20260306-handFlying-2/234557566.jpg,2,0.5939306358381503,0.009922928709055878,0.08911368015414259,1
./datasets/Organised/20260306-handFlying-2/234690878.jpg,0,0.5838150289017341,0.010886319845857417,0.08304431599229287,1
./datasets/Organised/20260306-handFlying-2/234690878.jpg,1,0.9405587668593449,0.007032755298651252,0.05867052023121387,1
./datasets/Organised/20260306-handFlying-2/234690878.jpg,2,0.5559730250481696,0.008477842003853564,0.07639691714836223,1
./datasets/Organised/20260306-handFlying-2/234857560.jpg,0,0.5981695568400771,0.011753371868978806,0.07244701348747591,1
./datasets/Organised/20260306-handFlying-2/234857560.jpg,1,0.9458574181117534,0.004816955684007707,0.0489402697495183,1
./datasets/Organised/20260306-handFlying-2/234857560.jpg,2,0.5900770712909441,0.0064547206165703275,0.07418111753371869,1
./datasets/Organised/20260306-handFlying-2/234990876.jpg,0,0.5971098265895953,0.01300578034682081,0.07890173410404624,1
./datasets/Organised/20260306-handFlying-2/234990876.jpg,1,0.930635838150289,0.006647398843930636,0.05,1
./datasets/Organised/20260306-handFlying-2/234990876.jpg,2,0.5928709055876686,0.0076107899807321775,0.0766859344894027,1
./datasets/Organised/20260306-handFlying-2/235157539.jpg,0,0.6607899807321773,0.010982658959537572,0.07813102119460501,1
./datasets/Organised/20260306-handFlying-2/235157539.jpg,1,0.9113680154142582,0.006262042389210019,0.05838150289017341,1
./datasets/Organised/20260306-handFlying-2/235157539.jpg,2,0.6071290944123314,0.009152215799614644,0.07745664739884393,1
./datasets/Organised/20260306-handFlying-2/235290925.jpg,0,0.7222543352601156,0.012235067437379576,0.07466281310211946,1
./datasets/Organised/20260306-handFlying-2/235290925.jpg,1,0.9035645472061657,0.007707129094412331,0.061078998073217726,1
./datasets/Organised/20260306-handFlying-2/235290925.jpg,2,0.5986512524084778,0.008092485549132947,0.07861271676300578,1
./datasets/Organised/20260306-handFlying-2/235457548.jpg,0,0.7595375722543353,0.010886319845857417,0.08121387283236994,1
./datasets/Organised/20260306-handFlying-2/235457548.jpg,1,0.8961464354527938,0.009344894026974951,0.0708092485549133,1
./datasets/Organised/20260306-handFlying-2/235457548.jpg,2,0.5997109826589595,0.008670520231213872,0.0789980732177264,1
./datasets/Organised/20260306-handFlying-2/235590904.jpg,0,0.7670520231213873,0.012524084778420038,0.07784200385356455,1
./datasets/Organised/20260306-handFlying-2/235590904.jpg,1,0.9152215799614644,0.008574181117533719,0.06685934489402698,1
./datasets/Organised/20260306-handFlying-2/235590904.jpg,2,0.6236030828516378,0.010500963391136802,0.08554913294797688,1
./datasets/Organised/20260306-handFlying-2/235757545.jpg,0,0.7382466281310212,0.011560693641618497,0.0811175337186898,1
./datasets/Organised/20260306-handFlying-2/235757545.jpg,1,0.8962427745664739,0.010886319845857417,0.07697495183044316,1
./datasets/Organised/20260306-handFlying-2/235757545.jpg,2,0.6588631984585742,0.011271676300578034,0.08901734104046242,1
./datasets/Organised/20260306-handFlying-2/235890867.jpg,0,0.6910404624277456,0.013391136801541427,0.07996146435452794,1
./datasets/Organised/20260306-handFlying-2/235890867.jpg,1,0.9124277456647398,0.0072254335260115606,0.06059730250481696,1
./datasets/Organised/20260306-handFlying-2/235890867.jpg,2,0.6676300578034682,0.011078998073217727,0.0928709055876686,1
./datasets/Organised/20260306-handFlying-2/236057536.jpg,0,0.7402697495183044,0.010789980732177264,0.07861271676300578,1
./datasets/Organised/20260306-handFlying-2/236057536.jpg,1,0.9158959537572254,0.009055876685934489,0.07601156069364162,1
./datasets/Organised/20260306-handFlying-2/236057536.jpg,2,0.7049132947976878,0.01021194605009634,0.09951830443159923,1
./datasets/Organised/20260306-handFlying-2/236190869.jpg,0,0.7234104046242774,0.009633911368015413,0.07283236994219654,1
./datasets/Organised/20260306-handFlying-2/236190869.jpg,1,0.90626204238921,0.009826589595375723,0.07938342967244702,1
./datasets/Organised/20260306-handFlying-2/236190869.jpg,2,0.7070327552986513,0.011946050096339113,0.09990366088631984,1
./datasets/Organised/20260306-handFlying-2/236357549.jpg,0,0.7057803468208093,0.010404624277456647,0.08477842003853564,1
./datasets/Organised/20260306-handFlying-2/236357549.jpg,1,0.9093448940269749,0.010115606936416185,0.07601156069364162,1
./datasets/Organised/20260306-handFlying-2/236357549.jpg,2,0.7014450867052023,0.012620423892100193,0.10337186897880539,1
./datasets/Organised/20260306-handFlying-2/236490863.jpg,0,0.6938342967244702,0.010886319845857417,0.07726396917148362,1
./datasets/Organised/20260306-handFlying-2/236490863.jpg,1,0.8896917148362236,0.010404624277456647,0.07533718689788053,1
./datasets/Organised/20260306-handFlying-2/236490863.jpg,2,0.7032755298651252,0.011657032755298651,0.08670520231213873,1
./datasets/Organised/20260306-handFlying-2/236657533.jpg,0,0.6284200385356454,0.011078998073217727,0.07976878612716763,1
./datasets/Organised/20260306-handFlying-2/236657533.jpg,1,0.8822736030828516,0.012042389210019268,0.08294797687861272,1
./datasets/Organised/20260306-handFlying-2/236657533.jpg,2,0.6526974951830443,0.01001926782273603,0.09248554913294797,1
./datasets/Organised/20260306-handFlying-2/236790864.jpg,0,0.599421965317919,0.012524084778420038,0.07947976878612717,1
./datasets/Organised/20260306-handFlying-2/236790864.jpg,1,0.8805394990366089,0.010308285163776493,0.07938342967244702,1
./datasets/Organised/20260306-handFlying-2/236790864.jpg,2,0.6589595375722543,0.009633911368015413,0.09393063583815028,1
./datasets/Organised/20260306-handFlying-2/236957549.jpg,0,0.5948940269749519,0.01348747591522158,0.08304431599229287,1
./datasets/Organised/20260306-handFlying-2/236957549.jpg,1,0.9039499036608863,0.006936416184971098,0.05674373795761079,1
./datasets/Organised/20260306-handFlying-2/236957549.jpg,2,0.6172447013487475,0.011175337186897881,0.08526011560693642,1
./datasets/Organised/20260306-handFlying-2/237090894.jpg,0,0.6140655105973025,0.012138728323699421,0.07755298651252408,1
./datasets/Organised/20260306-handFlying-2/237090894.jpg,1,0.9044315992292871,0.0076107899807321775,0.06319845857418112,1
./datasets/Organised/20260306-handFlying-2/237090894.jpg,2,0.6029865125240848,0.010308285163776493,0.0873795761078998,1
./datasets/Organised/20260306-handFlying-2/237257528.jpg,0,0.5825626204238921,0.011271676300578034,0.0827552986512524,1
./datasets/Organised/20260306-handFlying-2/237257528.jpg,1,0.8901734104046243,0.008188824662813102,0.08304431599229287,1
./datasets/Organised/20260306-handFlying-2/237257528.jpg,2,0.5560693641618497,0.009730250481695568,0.08554913294797688,1
./datasets/Organised/20260306-handFlying-2/237390856.jpg,0,0.5314065510597302,0.012620423892100193,0.08236994219653179,1
./datasets/Organised/20260306-handFlying-2/237390856.jpg,1,0.894990366088632,0.008188824662813102,0.0827552986512524,1
./datasets/Organised/20260306-handFlying-2/237390856.jpg,2,0.4775529865125241,0.010789980732177264,0.09325626204238921,1
./datasets/Organised/20260306-handFlying-2/237557532.jpg,0,0.4908477842003854,0.012620423892100193,0.08853564547206166,1
./datasets/Organised/20260306-handFlying-2/237557532.jpg,1,0.8266859344894028,0.008574181117533719,0.09547206165703276,1
./datasets/Organised/20260306-handFlying-2/237557532.jpg,2,0.434971098265896,0.012427745664739885,0.0905587668593449,1
./datasets/Organised/20260306-handFlying-2/237690858.jpg,0,0.47109826589595377,0.014258188824662813,0.09142581888246629,1
./datasets/Organised/20260306-handFlying-2/237690858.jpg,1,0.7870905587668593,0.012235067437379576,0.08872832369942196,1
./datasets/Organised/20260306-handFlying-2/237690858.jpg,2,0.39123314065510595,0.012524084778420038,0.09556840077071291,1
./datasets/Organised/20260306-handFlying-2/237857537.jpg,0,0.5233140655105973,0.013969171483622351,0.0905587668593449,1
./datasets/Organised/20260306-handFlying-2/237857537.jpg,1,0.7465317919075144,0.01069364161849711,0.09364161849710982,1
./datasets/Organised/20260306-handFlying-2/237857537.jpg,2,0.32967244701348747,0.010886319845857417,0.08776493256262043,1
./datasets/Organised/20260306-handFlying-2/237990857.jpg,0,0.45635838150289015,0.013776493256262042,0.0894990366088632,1
./datasets/Organised/20260306-handFlying-2/237990857.jpg,1,0.6046242774566474,0.009055876685934489,0.08420038535645472,1
./datasets/Organised/20260306-handFlying-2/237990857.jpg,2,0.23102119460500964,0.010597302504816955,0.07832369942196532,1
./datasets/Organised/20260306-handFlying-2/238124191.jpg,0,0.46502890173410405,0.013198458574181117,0.09633911368015415,1
./datasets/Organised/20260306-handFlying-2/238124191.jpg,1,0.6297687861271676,0.011368015414258189,0.08853564547206166,1
./datasets/Organised/20260306-handFlying-2/238124191.jpg,2,0.24951830443159922,0.01001926782273603,0.07851637764932562,1
./datasets/Organised/20260306-handFlying-2/238257523.jpg,0,0.45144508670520234,0.014258188824662813,0.09768786127167631,1
./datasets/Organised/20260306-handFlying-2/238257523.jpg,1,0.6692678227360308,0.010982658959537572,0.0905587668593449,1
./datasets/Organised/20260306-handFlying-2/238257523.jpg,2,0.30048169556840076,0.008959537572254336,0.074373795761079,1
./datasets/Organised/20260306-handFlying-2/238424183.jpg,0,0.4914258188824663,0.0128131021194605,0.08179190751445087,1
./datasets/Organised/20260306-handFlying-2/238424183.jpg,1,0.7311175337186898,0.012042389210019268,0.08564547206165703,1
./datasets/Organised/20260306-handFlying-2/238424183.jpg,2,0.33680154142581886,0.009055876685934489,0.07890173410404624,1
./datasets/Organised/20260306-handFlying-2/238590880.jpg,0,0.5069364161849711,0.013583815028901734,0.0907514450867052,1
./datasets/Organised/20260306-handFlying-2/238590880.jpg,1,0.7238921001926782,0.010982658959537572,0.08092485549132948,1
./datasets/Organised/20260306-handFlying-2/238590880.jpg,2,0.321868978805395,0.011175337186897881,0.07533718689788053,1
./datasets/Organised/20260306-handFlying-2/238724188.jpg,0,0.5296724470134875,0.013102119460500963,0.08872832369942196,1
./datasets/Organised/20260306-handFlying-2/238724188.jpg,1,0.695664739884393,0.010404624277456647,0.08102119460500963,1
./datasets/Organised/20260306-handFlying-2/238724188.jpg,2,0.3044315992292871,0.010115606936416185,0.07418111753371869,1
./datasets/Organised/20260306-handFlying-2/238890856.jpg,0,0.49479768786127165,0.014739884393063583,0.09942196531791908,1
./datasets/Organised/20260306-handFlying-2/238890856.jpg,1,0.61252408477842,0.010308285163776493,0.09267822736030829,1
./datasets/Organised/20260306-handFlying-2/238890856.jpg,2,0.26165703275529867,0.00953757225433526,0.07398843930635839,1
./datasets/Organised/20260306-handFlying-2/239024182.jpg,0,0.48921001926782276,0.014739884393063583,0.09836223506743738,1
./datasets/Organised/20260306-handFlying-2/239024182.jpg,1,0.5976878612716763,0.011271676300578034,0.0848747591522158,1
./datasets/Organised/20260306-handFlying-2/239024182.jpg,2,0.26252408477842004,0.010404624277456647,0.07678227360308285,1
./datasets/Organised/20260306-handFlying-2/239157511.jpg,0,0.46233140655105975,0.013872832369942197,0.09816955684007707,1
./datasets/Organised/20260306-handFlying-2/239157511.jpg,1,0.5603082851637765,0.011175337186897881,0.08699421965317919,1
./datasets/Organised/20260306-handFlying-2/239157511.jpg,2,0.26001926782273604,0.01069364161849711,0.0894990366088632,1
./datasets/Organised/20260306-handFlying-2/239324179.jpg,0,0.3991329479768786,0.014450867052023121,0.1001926782273603,1
./datasets/Organised/20260306-handFlying-2/239324179.jpg,1,0.5205202312138728,0.01021194605009634,0.08304431599229287,1
./datasets/Organised/20260306-handFlying-2/239324179.jpg,2,0.25327552986512525,0.010597302504816955,0.08477842003853564,1
./datasets/Organised/20260306-handFlying-2/239457520.jpg,0,0.34788053949903663,0.014258188824662813,0.09739884393063585,1
./datasets/Organised/20260306-handFlying-2/239457520.jpg,1,0.48998073217726396,0.010789980732177264,0.07408477842003854,1
./datasets/Organised/20260306-handFlying-2/239457520.jpg,2,0.22967244701348746,0.012235067437379576,0.08998073217726398,1
./datasets/Organised/20260306-handFlying-2/239624177.jpg,0,0.3172447013487476,0.01599229287090559,0.09961464354527938,1
./datasets/Organised/20260306-handFlying-2/239624177.jpg,1,0.48998073217726396,0.011175337186897881,0.08766859344894026,1
./datasets/Organised/20260306-handFlying-2/239624177.jpg,2,0.2508670520231214,0.014932562620423893,0.10539499036608863,1
./datasets/Organised/20260306-handFlying-2/239757513.jpg,0,0.3868015414258189,0.013969171483622351,0.09132947976878612,1
./datasets/Organised/20260306-handFlying-2/239757513.jpg,1,0.5938342967244702,0.009730250481695568,0.08545279383429673,1
./datasets/Organised/20260306-handFlying-2/239757513.jpg,2,0.34778420038535646,0.012909441233140655,0.09797687861271677,1
./datasets/Organised/20260306-handFlying-2/239924169.jpg,0,0.3533718689788054,0.01560693641618497,0.10712909441233141,1
./datasets/Organised/20260306-handFlying-2/239924169.jpg,1,0.6491329479768786,0.010982658959537572,0.09132947976878612,1
./datasets/Organised/20260306-handFlying-2/239924169.jpg,2,0.4190751445086705,0.013583815028901734,0.11021194605009633,1
./datasets/Organised/20260306-handFlying-2/240057506.jpg,0,0.43574181117533717,0.014354527938342966,0.09807321772639692,1
./datasets/Organised/20260306-handFlying-2/240057506.jpg,1,0.7621387283236994,0.010404624277456647,0.08265895953757225,1
./datasets/Organised/20260306-handFlying-2/240057506.jpg,2,0.541907514450867,0.01348747591522158,0.10327552986512524,1
./datasets/Organised/20260306-handFlying-2/240224172.jpg,0,0.4405587668593449,0.012524084778420038,0.09373795761078998,1
./datasets/Organised/20260306-handFlying-2/240224172.jpg,1,0.7393063583815029,0.01001926782273603,0.08246628131021194,1
./datasets/Organised/20260306-handFlying-2/240224172.jpg,2,0.5313102119460501,0.012042389210019268,0.10375722543352602,1
./datasets/Organised/20260306-handFlying-2/240357499.jpg,0,0.43583815028901735,0.01579961464354528,0.11136801541425818,1
./datasets/Organised/20260306-handFlying-2/240357499.jpg,1,0.7428709055876686,0.009248554913294798,0.07485549132947977,1
./datasets/Organised/20260306-handFlying-2/240357499.jpg,2,0.5557803468208092,0.011753371868978806,0.1,1
./datasets/Organised/20260306-handFlying-2/240524170.jpg,0,0.41984585741811176,0.010404624277456647,0.07292870905587669,1
./datasets/Organised/20260306-handFlying-2/240524170.jpg,1,0.6938342967244702,0.011753371868978806,0.08766859344894026,1
./datasets/Organised/20260306-handFlying-2/240524170.jpg,2,0.510019267822736,0.013391136801541427,0.1159922928709056,1
./datasets/Organised/20260306-handFlying-2/240657500.jpg,0,0.5280346820809249,0.009152215799614644,0.06608863198458574,1
./datasets/Organised/20260306-handFlying-2/240657500.jpg,1,0.7707129094412332,0.010404624277456647,0.0873795761078998,1
./datasets/Organised/20260306-handFlying-2/240657500.jpg,2,0.53747591522158,0.0128131021194605,0.0861271676300578,1
./datasets/Organised/20260306-handFlying-2/240824222.jpg,0,0.572447013487476,0.00838150289017341,0.06435452793834297,1
./datasets/Organised/20260306-handFlying-2/240824222.jpg,1,0.7422928709055877,0.012235067437379576,0.098747591522158,1
./datasets/Organised/20260306-handFlying-2/240824222.jpg,2,0.500578034682081,0.01021194605009634,0.08410404624277457,1
./datasets/Organised/20260306-handFlying-2/241124149.jpg,0,0.5934489402697495,0.010886319845857417,0.08468208092485549,1
./datasets/Organised/20260306-handFlying-2/241124149.jpg,1,0.8195568400770713,0.009152215799614644,0.09190751445086705,1
./datasets/Organised/20260306-handFlying-2/241124149.jpg,2,0.32928709055876687,0.007321772639691715,0.055202312138728324,1
./datasets/Organised/20260306-handFlying-2/241257497.jpg,0,0.5757225433526012,0.012620423892100193,0.08535645472061656,1
./datasets/Organised/20260306-handFlying-2/241257497.jpg,1,0.8578998073217726,0.009344894026974951,0.07976878612716763,1
./datasets/Organised/20260306-handFlying-2/241257497.jpg,2,0.31628131021194605,0.005876685934489403,0.051734104046242776,1
./datasets/Organised/20260306-handFlying-2/241390825.jpg,0,0.5713872832369942,0.012716763005780347,0.08689788053949904,1
./datasets/Organised/20260306-handFlying-2/241390825.jpg,1,0.8691714836223506,0.007996146435452794,0.08169556840077072,1
./datasets/Organised/20260306-handFlying-2/241390825.jpg,2,0.26059730250481694,0.007803468208092485,0.055202312138728324,1
./datasets/Organised/20260306-handFlying-2/241557488.jpg,0,0.447495183044316,0.0128131021194605,0.08882466281310213,1
./datasets/Organised/20260306-handFlying-2/241557488.jpg,1,0.8119460500963391,0.009152215799614644,0.08477842003853564,1
./datasets/Organised/20260306-handFlying-2/241557488.jpg,2,0.2060693641618497,0.0064547206165703275,0.05346820809248555,1
./datasets/Organised/20260306-handFlying-2/241690821.jpg,0,0.39739884393063585,0.014739884393063583,0.09942196531791908,1
./datasets/Organised/20260306-handFlying-2/241690821.jpg,1,0.8089595375722544,0.009730250481695568,0.0871868978805395,1
./datasets/Organised/20260306-handFlying-2/241690821.jpg,2,0.21213872832369943,0.00674373795761079,0.05645472061657033,1
./datasets/Organised/20260306-handFlying-2/241824168.jpg,0,0.396242774566474,0.01300578034682081,0.0930635838150289,1
./datasets/Organised/20260306-handFlying-2/241824168.jpg,1,0.7650289017341041,0.013198458574181117,0.10221579961464354,1
./datasets/Organised/20260306-handFlying-2/241824168.jpg,2,0.27321772639691716,0.0072254335260115606,0.06290944123314066,1
./datasets/Organised/20260306-handFlying-2/241990852.jpg,0,0.38410404624277455,0.016473988439306357,0.10944123314065511,1
./datasets/Organised/20260306-handFlying-2/241990852.jpg,1,0.6724470134874759,0.012716763005780347,0.09672447013487476,1
./datasets/Organised/20260306-handFlying-2/241990852.jpg,2,0.2898843930635838,0.008863198458574181,0.06859344894026975,1
./datasets/Organised/20260306-handFlying-2/242124151.jpg,0,0.37697495183044316,0.013102119460500963,0.0951830443159923,1
./datasets/Organised/20260306-handFlying-2/242124151.jpg,1,0.5834296724470135,0.010886319845857417,0.07504816955684007,1
./datasets/Organised/20260306-handFlying-2/242124151.jpg,2,0.34797687861271676,0.008092485549132947,0.06926782273603083,1
./datasets/Organised/20260306-handFlying-2/242290821.jpg,0,0.424373795761079,0.012524084778420038,0.08660886319845858,1
./datasets/Organised/20260306-handFlying-2/242290821.jpg,1,0.5844894026974952,0.011271676300578034,0.08323699421965318,1
./datasets/Organised/20260306-handFlying-2/242290821.jpg,2,0.4480732177263969,0.007418111753371869,0.06628131021194605,1
./datasets/Organised/20260306-handFlying-2/242424149.jpg,0,0.4595375722543353,0.01001926782273603,0.07620423892100192,1
./datasets/Organised/20260306-handFlying-2/242424149.jpg,1,0.5611753371868978,0.009441233140655106,0.06753371868978805,1
./datasets/Organised/20260306-handFlying-2/242424149.jpg,2,0.5210982658959538,0.01001926782273603,0.07447013487475915,1
./datasets/Organised/20260306-handFlying-2/242590864.jpg,0,0.47658959537572254,0.014161849710982659,0.08747591522157996,1
./datasets/Organised/20260306-handFlying-2/242590864.jpg,1,0.5257225433526012,0.011175337186897881,0.0789980732177264,1
./datasets/Organised/20260306-handFlying-2/242590864.jpg,2,0.600674373795761,0.010404624277456647,0.08429672447013488,1
./datasets/Organised/20260306-handFlying-2/242724152.jpg,0,0.5433526011560693,0.013294797687861272,0.09768786127167631,1
./datasets/Organised/20260306-handFlying-2/242724152.jpg,1,0.5324662813102119,0.012042389210019268,0.08641618497109826,1
./datasets/Organised/20260306-handFlying-2/242724152.jpg,2,0.7591522157996147,0.010789980732177264,0.08959537572254335,1
./datasets/Organised/20260306-handFlying-2/242857481.jpg,0,0.5959537572254335,0.016184971098265895,0.10346820809248555,1
./datasets/Organised/20260306-handFlying-2/242857481.jpg,1,0.526878612716763,0.012716763005780347,0.09942196531791908,1
./datasets/Organised/20260306-handFlying-2/242857481.jpg,2,0.7868015414258189,0.01001926782273603,0.0918111753371869,1
./datasets/Organised/20260306-handFlying-2/243024164.jpg,0,0.5534682080924855,0.012620423892100193,0.09248554913294797,1
./datasets/Organised/20260306-handFlying-2/243024164.jpg,1,0.4866088631984586,0.01300578034682081,0.09315992292870906,1
./datasets/Organised/20260306-handFlying-2/243024164.jpg,2,0.8001926782273603,0.011753371868978806,0.10635838150289018,1
./datasets/Organised/20260306-handFlying-2/243157481.jpg,0,0.5448940269749518,0.011368015414258189,0.0789980732177264,1
./datasets/Organised/20260306-handFlying-2/243157481.jpg,1,0.5476878612716763,0.009922928709055878,0.0861271676300578,1
./datasets/Organised/20260306-handFlying-2/243157481.jpg,2,0.8760115606936416,0.010115606936416185,0.11984585741811175,1
./datasets/Organised/20260306-handFlying-2/243290817.jpg,0,0.3859344894026975,0.011560693641618497,0.07456647398843931,1
./datasets/Organised/20260306-handFlying-2/243290817.jpg,1,0.6340077071290944,0.010308285163776493,0.08477842003853564,1
./datasets/Organised/20260306-handFlying-2/243290817.jpg,2,0.8395953757225434,0.012235067437379576,0.12466281310211946,1
./datasets/Organised/20260306-handFlying-2/243457476.jpg,0,0.1476878612716763,0.008959537572254336,0.06445086705202312,1
./datasets/Organised/20260306-handFlying-2/243457476.jpg,1,0.703757225433526,0.013102119460500963,0.09691714836223507,1
./datasets/Organised/20260306-handFlying-2/243457476.jpg,2,0.7859344894026975,0.015317919075144508,0.14229287090558768,1
./datasets/Organised/20260306-handFlying-2/243590815.jpg,0,0.1624277456647399,0.004816955684007707,0.04113680154142582,1
./datasets/Organised/20260306-handFlying-2/243590815.jpg,1,0.8119460500963391,0.009633911368015413,0.08709055876685934,1
./datasets/Organised/20260306-handFlying-2/243590815.jpg,2,0.7762042389210019,0.016666666666666666,0.1498073217726397,1
./datasets/Organised/20260306-handFlying-2/243724143.jpg,0,0.18169556840077072,0.0072254335260115606,0.05163776493256262,1
./datasets/Organised/20260306-handFlying-2/243724143.jpg,1,0.8164739884393064,0.012620423892100193,0.10154142581888247,1
./datasets/Organised/20260306-handFlying-2/243724143.jpg,2,0.7329479768786127,0.018111753371868978,0.16647398843930636,1
./datasets/Organised/20260306-handFlying-2/243857474.jpg,0,0.2313102119460501,0.006165703275529865,0.05346820809248555,1
./datasets/Organised/20260306-handFlying-2/243857474.jpg,1,0.8636801541425819,0.010404624277456647,0.09132947976878612,1
./datasets/Organised/20260306-handFlying-2/243857474.jpg,2,0.7009633911368015,0.020134874759152217,0.17861271676300577,1
./datasets/Organised/20260306-handFlying-2/244024234.jpg,0,0.230635838150289,0.005587668593448941,0.04267822736030828,1
./datasets/Organised/20260306-handFlying-2/244024234.jpg,1,0.849421965317919,0.01348747591522158,0.1081888246628131,1
./datasets/Organised/20260306-handFlying-2/244024234.jpg,2,0.7167630057803468,0.017919075144508672,0.1688824662813102,1
./datasets/Organised/20260306-handFlying-2/244157490.jpg,0,0.27533718689788056,0.0045279383429672445,0.03709055876685934,1
./datasets/Organised/20260306-handFlying-2/244157490.jpg,1,0.8842003853564547,0.009344894026974951,0.0811175337186898,1
./datasets/Organised/20260306-handFlying-2/244157490.jpg,2,0.6776493256262043,0.02023121387283237,0.1684971098265896,1
./datasets/Organised/20260306-handFlying-2/244324135.jpg,0,0.46705202312138727,0.005876685934489403,0.054046242774566475,1
./datasets/Organised/20260306-handFlying-2/244324135.jpg,1,0.8695568400770712,0.012235067437379576,0.10375722543352602,1
./datasets/Organised/20260306-handFlying-2/244324135.jpg,2,0.673121387283237,0.01840077071290944,0.1603082851637765,1
./datasets/Organised/20260306-handFlying-2/244457467.jpg,0,0.47109826589595377,0.0060693641618497106,0.04267822736030828,1
./datasets/Organised/20260306-handFlying-2/244457467.jpg,1,0.8589595375722543,0.015028901734104046,0.11377649325626205,1
./datasets/Organised/20260306-handFlying-2/244457467.jpg,2,0.6865125240847785,0.01955684007707129,0.1655105973025048,1
./datasets/Organised/20260306-handFlying-2/244590803.jpg,0,0.49017341040462425,0.00674373795761079,0.05163776493256262,1
./datasets/Organised/20260306-handFlying-2/244590803.jpg,1,0.8455684007707129,0.011560693641618497,0.09961464354527938,1
./datasets/Organised/20260306-handFlying-2/244590803.jpg,2,0.7289980732177264,0.017533718689788053,0.15240847784200384,1
./datasets/Organised/20260306-handFlying-2/244724135.jpg,0,0.49450867052023123,0.008188824662813102,0.06252408477842004,1
./datasets/Organised/20260306-handFlying-2/244724135.jpg,1,0.8147398843930636,0.014932562620423893,0.130635838150289,1
./datasets/Organised/20260306-handFlying-2/244724135.jpg,2,0.6685934489402697,0.015414258188824663,0.13217726396917148,1
./datasets/Organised/20260306-handFlying-2/244890803.jpg,0,0.5482658959537572,0.007321772639691715,0.05838150289017341,1
./datasets/Organised/20260306-handFlying-2/244890803.jpg,1,0.7649325626204239,0.0197495183044316,0.14441233140655105,1
./datasets/Organised/20260306-handFlying-2/244890803.jpg,2,0.5773603082851638,0.013102119460500963,0.1092485549132948,1
./datasets/Organised/20260306-handFlying-2/245024145.jpg,0,0.5830443159922929,0.006165703275529865,0.06117533718689788,1
./datasets/Organised/20260306-handFlying-2/245024145.jpg,1,0.7394990366088632,0.01840077071290944,0.1420038535645472,1
./datasets/Organised/20260306-handFlying-2/245024145.jpg,2,0.5754335260115607,0.00953757225433526,0.0871868978805395,1
./datasets/Organised/20260306-handFlying-2/245524165.jpg,0,0.6250481695568401,0.013969171483622351,0.11657032755298652,1
./datasets/Organised/20260306-handFlying-2/245524165.jpg,1,0.7447976878612717,0.020905587668593448,0.1576107899807322,1
./datasets/Organised/20260306-handFlying-2/245524165.jpg,2,0.5980732177263969,0.010982658959537572,0.08583815028901734,1
./datasets/Organised/20260306-handFlying-2/246057456.jpg,0,0.7165703275529866,0.008766859344894027,0.08978805394990366,1
./datasets/Organised/20260306-handFlying-2/246057456.jpg,1,0.7603082851637765,0.020712909441233142,0.1653179190751445,1
./datasets/Organised/20260306-handFlying-2/246057456.jpg,2,0.6639691714836223,0.015028901734104046,0.10905587668593449,1
./datasets/Organised/20260306-handFlying-2/246457577.jpg,0,0.749421965317919,0.012427745664739885,0.1161849710982659,1
./datasets/Organised/20260306-handFlying-2/246457577.jpg,1,0.7907514450867053,0.020616570327552985,0.17177263969171483,1
./datasets/Organised/20260306-handFlying-2/246457577.jpg,2,0.7533718689788054,0.017919075144508672,0.13111753371868978,1
./datasets/Organised/20260306-handFlying-2/246990816.jpg,0,0.6920038535645472,0.011560693641618497,0.09942196531791908,1
./datasets/Organised/20260306-handFlying-2/246990816.jpg,1,0.8312138728323699,0.018111753371868978,0.15173410404624277,1
./datasets/Organised/20260306-handFlying-2/246990816.jpg,2,0.796242774566474,0.01464354527938343,0.10433526011560694,1
./datasets/Organised/20260306-handFlying-2/247424419.jpg,0,0.5526011560693641,0.011271676300578034,0.09662813102119461,1
./datasets/Organised/20260306-handFlying-2/247424419.jpg,1,0.7776493256262043,0.02003853564547206,0.16329479768786126,1
./datasets/Organised/20260306-handFlying-2/247424419.jpg,2,0.880057803468208,0.010982658959537572,0.09836223506743738,1
./datasets/Organised/20260306-handFlying-2/247957429.jpg,0,0.5685934489402698,0.00953757225433526,0.08603082851637765,1
./datasets/Organised/20260306-handFlying-2/247957429.jpg,1,0.8242774566473988,0.013102119460500963,0.11579961464354528,1
./datasets/Organised/20260306-handFlying-2/247957429.jpg,2,0.8920038535645473,0.005876685934489403,0.07003853564547206,1
./datasets/Organised/20260306-handFlying-2/248490760.jpg,0,0.3766859344894027,0.007514450867052023,0.07071290944123314,1
./datasets/Organised/20260306-handFlying-2/248490760.jpg,1,0.8092485549132948,0.01878612716763006,0.1585741811175337,1
./datasets/Organised/20260306-handFlying-2/248490760.jpg,2,0.9269749518304432,0.008188824662813102,0.07398843930635839,1
./datasets/Organised/20260306-handFlying-2/249024089.jpg,0,0.4298651252408478,0.009152215799614644,0.08265895953757225,1
./datasets/Organised/20260306-handFlying-2/249024089.jpg,1,0.8091522157996146,0.019653179190751446,0.14807321772639692,1
./datasets/Organised/20260306-handFlying-2/249024089.jpg,2,0.8964354527938343,0.009633911368015413,0.08631984585741811,1
./datasets/Organised/20260306-handFlying-2/249557424.jpg,0,0.8129094412331407,0.013391136801541427,0.12138728323699421,1
./datasets/Organised/20260306-handFlying-2/249557424.jpg,1,0.8085741811175338,0.013583815028901734,0.11522157996146436,1
./datasets/Organised/20260306-handFlying-2/249557424.jpg,2,0.9445086705202312,0.005587668593448941,0.058959537572254334,1
./datasets/Organised/20260306-handFlying-2/250090747.jpg,0,0.7234104046242774,0.01840077071290944,0.14585741811175337,1
./datasets/Organised/20260306-handFlying-2/250090747.jpg,1,0.6891136801541425,0.013294797687861272,0.10934489402697495,1
./datasets/Organised/20260306-handFlying-2/250090747.jpg,2,0.8250481695568401,0.011078998073217727,0.08786127167630058,1
./datasets/Organised/20260306-handFlying-2/250624081.jpg,0,0.707514450867052,0.01676300578034682,0.12013487475915222,1
./datasets/Organised/20260306-handFlying-2/250624081.jpg,1,0.617533718689788,0.010115606936416185,0.0811175337186898,1
./datasets/Organised/20260306-handFlying-2/250624081.jpg,2,0.796242774566474,0.01001926782273603,0.0800578034682081,1
./datasets/Organised/20260306-handFlying-2/251124071.jpg,0,0.7010597302504817,0.013680154142581889,0.09778420038535646,1
./datasets/Organised/20260306-handFlying-2/251124071.jpg,1,0.588728323699422,0.011175337186897881,0.08323699421965318,1
./datasets/Organised/20260306-handFlying-2/251124071.jpg,2,0.9045279383429673,0.007514450867052023,0.05934489402697495,1
./datasets/Organised/20260306-handFlying-2/251690739.jpg,0,0.8353564547206166,0.008959537572254336,0.08236994219653179,1
./datasets/Organised/20260306-handFlying-2/251690739.jpg,1,0.8251445086705202,0.008863198458574181,0.0653179190751445,1
./datasets/Organised/20260306-handFlying-2/251690739.jpg,2,0.6577071290944123,0.010308285163776493,0.09046242774566474,1
./datasets/Organised/20260306-handFlying-2/252224074.jpg,0,0.8166666666666667,0.013198458574181117,0.11117533718689789,1
./datasets/Organised/20260306-handFlying-2/252224074.jpg,1,0.9258188824662813,0.008863198458574181,0.07369942196531792,1
./datasets/Organised/20260306-handFlying-2/252224074.jpg,2,0.9148362235067438,0.00674373795761079,0.06483622350674374,1
./datasets/Organised/20260306-handFlying-2/252757400.jpg,0,0.876204238921002,0.008188824662813102,0.07610789980732177,1
./datasets/Organised/20260306-handFlying-2/252757400.jpg,1,0.863102119460501,0.005587668593448941,0.05009633911368015,1
./datasets/Organised/20260306-handFlying-2/252757400.jpg,2,0.7695568400770713,0.009730250481695568,0.08969171483622351,1
./datasets/Organised/20260306-handFlying-2/253290720.jpg,0,0.2800578034682081,0.012235067437379576,0.07254335260115607,1
./datasets/Organised/20260306-handFlying-2/253290720.jpg,1,0.8483622350674374,0.008092485549132947,0.07687861271676301,1
./datasets/Organised/20260306-handFlying-2/253290720.jpg,2,0.37485549132947976,0.014065510597302504,0.09807321772639692,1
./datasets/Organised/20260306-handFlying-2/253457399.jpg,0,0.3532755298651252,0.012427745664739885,0.08131021194605009,1
./datasets/Organised/20260306-handFlying-2/253457399.jpg,1,0.9348747591522159,0.005780346820809248,0.06425818882466282,1
./datasets/Organised/20260306-handFlying-2/253457399.jpg,2,0.5327552986512524,0.01599229287090559,0.10664739884393064,1
./datasets/Organised/20260306-handFlying-2/253624064.jpg,0,0.5013487475915221,0.011464354527938344,0.07167630057803469,1
./datasets/Organised/20260306-handFlying-2/253624064.jpg,1,0.9620423892100193,0.004046242774566474,0.042196531791907514,1
./datasets/Organised/20260306-handFlying-2/253624064.jpg,2,0.6543352601156069,0.015317919075144508,0.10809248554913295,1
./datasets/Organised/20260306-handFlying-2/253757396.jpg,0,0.5307321772639692,0.010404624277456647,0.06820809248554913,1
./datasets/Organised/20260306-handFlying-2/253757396.jpg,1,0.9617533718689788,0.0036608863198458576,0.034007707129094414,1
./datasets/Organised/20260306-handFlying-2/253757396.jpg,2,0.6373795761078999,0.015028901734104046,0.10048169556840077,1
./datasets/Organised/20260306-handFlying-2/253924060.jpg,0,0.642485549132948,0.007996146435452794,0.05452793834296724,1
./datasets/Organised/20260306-handFlying-2/253924060.jpg,1,0.9675337186897881,0.004046242774566474,0.036127167630057806,1
./datasets/Organised/20260306-handFlying-2/253924060.jpg,2,0.591233140655106,0.014258188824662813,0.11753371868978806,1
./datasets/Organised/20260306-handFlying-2/254057403.jpg,0,0.7887283236994219,0.0064547206165703275,0.0464354527938343,1
./datasets/Organised/20260306-handFlying-2/254057403.jpg,1,0.9649325626204239,0.0045279383429672445,0.0453757225433526,1
./datasets/Organised/20260306-handFlying-2/254057403.jpg,2,0.5185934489402697,0.016473988439306357,0.11146435452793835,1
./datasets/Organised/20260306-handFlying-2/254190726.jpg,0,0.8112716763005781,0.009441233140655106,0.056647398843930635,1
./datasets/Organised/20260306-handFlying-2/254190726.jpg,1,0.9240847784200386,0.006551059730250481,0.0546242774566474,1
./datasets/Organised/20260306-handFlying-2/254190726.jpg,2,0.4054913294797688,0.014258188824662813,0.10394990366088631,1
./datasets/Organised/20260306-handFlying-2/254324058.jpg,0,0.5340077071290944,0.013969171483622351,0.09238921001926782,1
./datasets/Organised/20260306-handFlying-2/254324058.jpg,1,0.706936416184971,0.010982658959537572,0.08063583815028902,1
./datasets/Organised/20260306-handFlying-2/254324058.jpg,2,0.14605009633911367,0.008766859344894027,0.05626204238921002,1
./datasets/Organised/20260306-handFlying-2/254490722.jpg,0,0.6728323699421965,0.012620423892100193,0.07552986512524085,1
./datasets/Organised/20260306-handFlying-2/254490722.jpg,1,0.6090558766859345,0.011849710982658959,0.08641618497109826,1
./datasets/Organised/20260306-handFlying-2/254490722.jpg,2,0.013102119460500963,0.001445086705202312,0.013102119460500963,0
./datasets/Organised/20260306-handFlying-2/254624088.jpg,0,0.7950867052023122,0.011464354527938344,0.0788053949903661,1
./datasets/Organised/20260306-handFlying-2/254624088.jpg,1,0.6173410404624278,0.011753371868978806,0.08092485549132948,1
./datasets/Organised/20260306-handFlying-2/254624088.jpg,2,0.004624277456647399,0.0011560693641618498,0.008766859344894027,0
./datasets/Organised/20260306-handFlying-2/254757392.jpg,0,0.7164739884393063,0.010404624277456647,0.07138728323699423,1
./datasets/Organised/20260306-handFlying-2/254757392.jpg,1,0.6673410404624277,0.010789980732177264,0.08053949903660887,1
./datasets/Organised/20260306-handFlying-2/254757392.jpg,2,0.010886319845857417,0.0027938342967244703,0.015317919075144508,0
./datasets/Organised/20260306-handFlying-2/254890734.jpg,0,0.40173410404624277,0.011078998073217727,0.07302504816955684,1
./datasets/Organised/20260306-handFlying-2/254890734.jpg,1,0.7097302504816956,0.008766859344894027,0.06859344894026975,1
./datasets/Organised/20260306-handFlying-2/254890734.jpg,2,0.0405587668593449,0.003371868978805395,0.023603082851637765,0
./datasets/Organised/20260306-handFlying-2/255057386.jpg,0,0.41146435452793834,0.01348747591522158,0.08439306358381503,1
./datasets/Organised/20260306-handFlying-2/255057386.jpg,1,0.8660886319845857,0.00674373795761079,0.054816955684007705,1
./datasets/Organised/20260306-handFlying-2/255057386.jpg,2,0.06647398843930635,0.005587668593448941,0.043641618497109826,0
./datasets/Organised/20260306-handFlying-2/255190718.jpg,0,0.18998073217726397,0.01021194605009634,0.05992292870905588,1
./datasets/Organised/20260306-handFlying-2/255190718.jpg,1,0.8356454720616571,0.007996146435452794,0.059248554913294796,1
./datasets/Organised/20260306-handFlying-2/255190718.jpg,2,0.10038535645472062,0.007514450867052023,0.0523121387283237,1
./datasets/Organised/20260306-handFlying-2/255357394.jpg,0,0.49470134874759153,0.010308285163776493,0.06358381502890173,1
./datasets/Organised/20260306-handFlying-2/255357394.jpg,1,0.9107899807321773,0.008863198458574181,0.06136801541425819,1
./datasets/Organised/20260306-handFlying-2/255357394.jpg,2,0.24007707129094413,0.010308285163776493,0.06541425818882467,1
./datasets/Organised/20260306-handFlying-2/255490729.jpg,0,0.4411368015414258,0.010789980732177264,0.06994219653179191,1
./datasets/Organised/20260306-handFlying-2/255490729.jpg,1,0.9117533718689788,0.008574181117533719,0.06213872832369942,1
./datasets/Organised/20260306-handFlying-2/255490729.jpg,2,0.20934489402697495,0.009441233140655106,0.05905587668593449,1
./datasets/Organised/20260306-handFlying-2/255624085.jpg,0,0.4027938342967245,0.010308285163776493,0.07292870905587669,1
./datasets/Organised/20260306-handFlying-2/255624085.jpg,1,0.911849710982659,0.007803468208092485,0.05606936416184971,1
./datasets/Organised/20260306-handFlying-2/255624085.jpg,2,0.2581888246628131,0.009922928709055878,0.06685934489402698,1
./datasets/Organised/20260306-handFlying-2/255790741.jpg,0,0.3653179190751445,0.010308285163776493,0.06994219653179191,1
./datasets/Organised/20260306-handFlying-2/255790741.jpg,1,0.9029865125240848,0.009826589595375723,0.0579961464354528,1
./datasets/Organised/20260306-handFlying-2/255790741.jpg,2,0.3136801541425819,0.011175337186897881,0.07870905587668593,1
./datasets/Organised/20260306-handFlying-2/255924040.jpg,0,0.38159922928709056,0.009730250481695568,0.06570327552986513,1
./datasets/Organised/20260306-handFlying-2/255924040.jpg,1,0.8847784200385357,0.009633911368015413,0.06194605009633911,1
./datasets/Organised/20260306-handFlying-2/255924040.jpg,2,0.3090558766859345,0.009826589595375723,0.07254335260115607,1
./datasets/Organised/20260306-handFlying-2/256057378.jpg,0,0.42283236994219653,0.010789980732177264,0.07398843930635839,1
./datasets/Organised/20260306-handFlying-2/256057378.jpg,1,0.8821772639691715,0.011078998073217727,0.0697495183044316,1
./datasets/Organised/20260306-handFlying-2/256057378.jpg,2,0.2686897880539499,0.009826589595375723,0.07167630057803469,1
./datasets/Organised/20260306-handFlying-2/256190711.jpg,0,0.4603082851637765,0.01069364161849711,0.06695568400770713,1
./datasets/Organised/20260306-handFlying-2/256190711.jpg,1,0.8665703275529865,0.010886319845857417,0.06685934489402698,1
./datasets/Organised/20260306-handFlying-2/256190711.jpg,2,0.20751445086705203,0.008863198458574181,0.05934489402697495,1
./datasets/Organised/20260306-handFlying-2/256324047.jpg,0,0.466859344894027,0.010597302504816955,0.06724470134874759,1
./datasets/Organised/20260306-handFlying-2/256324047.jpg,1,0.8578998073217726,0.011753371868978806,0.08323699421965318,1
./datasets/Organised/20260306-handFlying-2/256324047.jpg,2,0.20183044315992293,0.006936416184971098,0.05346820809248555,1
./datasets/Organised/20260306-handFlying-2/256490716.jpg,0,0.4644508670520231,0.011078998073217727,0.0710019267822736,1
./datasets/Organised/20260306-handFlying-2/256490716.jpg,1,0.8426782273603083,0.011271676300578034,0.07610789980732177,1
./datasets/Organised/20260306-handFlying-2/256490716.jpg,2,0.20529865125240848,0.0056840077071290945,0.04344894026974952,1
./datasets/Organised/20260306-handFlying-2/256624072.jpg,0,0.5176300578034682,0.010982658959537572,0.06820809248554913,1
./datasets/Organised/20260306-handFlying-2/256624072.jpg,1,0.8388246628131021,0.011849710982658959,0.07639691714836223,1
./datasets/Organised/20260306-handFlying-2/256624072.jpg,2,0.24624277456647398,0.005202312138728324,0.03872832369942197,1
./datasets/Organised/20260306-handFlying-2/256757382.jpg,0,0.5579961464354528,0.008959537572254336,0.06907514450867051,1
./datasets/Organised/20260306-handFlying-2/256757382.jpg,1,0.8388246628131021,0.009922928709055878,0.0640655105973025,1
./datasets/Organised/20260306-handFlying-2/256757382.jpg,2,0.13323699421965318,0.003468208092485549,0.026878612716763006,1
./datasets/Organised/20260306-handFlying-2/256890706.jpg,0,0.6547206165703275,0.009633911368015413,0.07707129094412331,1
./datasets/Organised/20260306-handFlying-2/256890706.jpg,1,0.8145472061657033,0.0056840077071290945,0.044701348747591525,1
./datasets/Organised/20260306-handFlying-2/256890706.jpg,2,0.04421965317919075,0.003179190751445087,0.026107899807321772,0
./datasets/Organised/20260306-handFlying-2/257057401.jpg,0,0.8178227360308286,0.01069364161849711,0.0720616570327553,1
./datasets/Organised/20260306-handFlying-2/257057401.jpg,1,0.5453757225433526,0.005587668593448941,0.040655105973025046,1
./datasets/Organised/20260306-handFlying-2/257057401.jpg,2,0.06946050096339114,0.004624277456647399,0.05009633911368015,0
./datasets/Organised/20260306-handFlying-2/257190698.jpg,0,0.7116570327552987,0.011368015414258189,0.06753371868978805,1
./datasets/Organised/20260306-handFlying-2/257190698.jpg,1,0.2880539499036609,0.005394990366088632,0.038824662813102116,1
./datasets/Organised/20260306-handFlying-2/257190698.jpg,2,0.1035645472061657,0.0056840077071290945,0.04094412331406551,1
./datasets/Organised/20260306-handFlying-2/257357367.jpg,0,0.7078034682080925,0.01021194605009634,0.07167630057803469,1
./datasets/Organised/20260306-handFlying-2/257357367.jpg,1,0.18516377649325627,0.0045279383429672445,0.034296724470134876,1
./datasets/Organised/20260306-handFlying-2/257357367.jpg,2,0.1521194605009634,0.009152215799614644,0.07032755298651253,1
./datasets/Organised/20260306-handFlying-2/257557371.jpg,0,0.6607899807321773,0.008477842003853564,0.0630057803468208,1
./datasets/Organised/20260306-handFlying-2/257557371.jpg,1,0.1420038535645472,0.0038535645472061657,0.03516377649325626,1
./datasets/Organised/20260306-handFlying-2/257557371.jpg,2,0.14807321772639692,0.008574181117533719,0.05452793834296724,1
./datasets/Organised/20260306-handFlying-2/257724040.jpg,0,0.5703275529865125,0.007321772639691715,0.048073217726396916,1
./datasets/Organised/20260306-handFlying-2/257724040.jpg,1,0.09508670520231213,0.00510597302504817,0.03872832369942197,0
./datasets/Organised/20260306-handFlying-2/257724040.jpg,2,0.14210019267822735,0.007129094412331407,0.04836223506743738,1
./datasets/Organised/20260306-handFlying-2/257857369.jpg,0,0.505009633911368,0.008477842003853564,0.048458574181117535,1
./datasets/Organised/20260306-handFlying-2/257857369.jpg,1,0.07263969171483622,0.004913294797687861,0.038824662813102116,0
./datasets/Organised/20260306-handFlying-2/257857369.jpg,2,0.15703275529865124,0.01001926782273603,0.06714836223506744,1
./datasets/Organised/20260306-handFlying-2/257990697.jpg,0,0.555009633911368,0.005973025048169557,0.048458574181117535,1
./datasets/Organised/20260306-handFlying-2/257990697.jpg,1,0.07398843930635839,0.005394990366088632,0.04354527938342967,0
./datasets/Organised/20260306-handFlying-2/257990697.jpg,2,0.13285163776493256,0.005876685934489403,0.04605009633911368,1
./datasets/Organised/20260306-handFlying-2/258124038.jpg,0,0.7216763005780347,0.00510597302504817,0.04441233140655106,1
./datasets/Organised/20260306-handFlying-2/258124038.jpg,1,0.10780346820809249,0.006936416184971098,0.05279383429672447,1
./datasets/Organised/20260306-handFlying-2/258124038.jpg,2,0.13834296724470135,0.010404624277456647,0.06117533718689788,1
./datasets/Organised/20260306-handFlying-2/258290697.jpg,0,0.7872832369942196,0.005973025048169557,0.04633911368015414,1
./datasets/Organised/20260306-handFlying-2/258290697.jpg,1,0.12976878612716763,0.008285163776493257,0.06127167630057803,1
./datasets/Organised/20260306-handFlying-2/258290697.jpg,2,0.15973025048169556,0.010308285163776493,0.06387283236994219,1
./datasets/Organised/20260306-handFlying-2/258424025.jpg,0,0.7346820809248555,0.005876685934489403,0.04614643545279384,1
./datasets/Organised/20260306-handFlying-2/258424025.jpg,1,0.10443159922928709,0.008959537572254336,0.06329479768786127,1
./datasets/Organised/20260306-handFlying-2/258424025.jpg,2,0.148747591522158,0.012042389210019268,0.07475915221579961,1
./datasets/Organised/20260306-handFlying-2/258557368.jpg,0,0.5976878612716763,0.008285163776493257,0.05414258188824663,1
./datasets/Organised/20260306-handFlying-2/258557368.jpg,1,0.08410404624277457,0.006936416184971098,0.05,0
./datasets/Organised/20260306-handFlying-2/258557368.jpg,2,0.13728323699421965,0.010115606936416185,0.07052023121387284,1
./datasets/Organised/20260306-handFlying-2/258690723.jpg,0,0.5549132947976878,0.006262042389210019,0.04605009633911368,1
./datasets/Organised/20260306-handFlying-2/258690723.jpg,1,0.07736030828516377,0.0064547206165703275,0.0523121387283237,0
./datasets/Organised/20260306-handFlying-2/258690723.jpg,2,0.12302504816955684,0.01001926782273603,0.06348747591522158,1
./datasets/Organised/20260306-handFlying-2/258857357.jpg,0,0.45664739884393063,0.006551059730250481,0.051541425818882464,1
./datasets/Organised/20260306-handFlying-2/258857357.jpg,1,0.07244701348747591,0.007418111753371869,0.05211946050096339,0
./datasets/Organised/20260306-handFlying-2/258857357.jpg,2,0.10982658959537572,0.009441233140655106,0.055202312138728324,1
./datasets/Organised/20260306-handFlying-2/258990691.jpg,0,0.7091522157996146,0.00789980732177264,0.05905587668593449,1
./datasets/Organised/20260306-handFlying-2/258990691.jpg,1,0.11782273603082852,0.008670520231213872,0.06175337186897881,1
./datasets/Organised/20260306-handFlying-2/258990691.jpg,2,0.13140655105973026,0.011464354527938344,0.0640655105973025,1
./datasets/Organised/20260306-handFlying-2/259124060.jpg,0,0.6954720616570328,0.007996146435452794,0.05838150289017341,1
./datasets/Organised/20260306-handFlying-2/259124060.jpg,1,0.14441233140655105,0.008188824662813102,0.06358381502890173,1
./datasets/Organised/20260306-handFlying-2/259124060.jpg,2,0.08554913294797688,0.007418111753371869,0.04980732177263969,0
./datasets/Organised/20260306-handFlying-2/259257359.jpg,0,0.494990366088632,0.006936416184971098,0.051059730250481696,1
./datasets/Organised/20260306-handFlying-2/259257359.jpg,1,0.08872832369942196,0.005394990366088632,0.049132947976878616,0
./datasets/Organised/20260306-handFlying-2/259257359.jpg,2,0.12341040462427745,0.01021194605009634,0.06088631984585742,1
./datasets/Organised/20260306-handFlying-2/259424014.jpg,0,0.4233140655105973,0.008092485549132947,0.04942196531791908,1
./datasets/Organised/20260306-handFlying-2/259424014.jpg,1,0.07129094412331406,0.0036608863198458576,0.03188824662813102,0
./datasets/Organised/20260306-handFlying-2/259424014.jpg,2,0.06473988439306358,0.005491329479768786,0.04132947976878613,0
./datasets/Organised/20260306-handFlying-2/259557371.jpg,0,0.3248554913294798,0.008959537572254336,0.04518304431599229,1
./datasets/Organised/20260306-handFlying-2/259557371.jpg,1,0.04277456647398844,0.00394990366088632,0.03371868978805395,0
./datasets/Organised/20260306-handFlying-2/259557371.jpg,2,0.0546242774566474,0.0068400770712909445,0.04865125240847784,0
./datasets/Organised/20260306-handFlying-2/259690689.jpg,0,0.25626204238921,0.0060693641618497106,0.04258188824662813,1
./datasets/Organised/20260306-handFlying-2/259690689.jpg,1,0.015028901734104046,0.0025048169556840076,0.02254335260115607,0
./datasets/Organised/20260306-handFlying-2/259690689.jpg,2,0.07870905587668593,0.00838150289017341,0.057803468208092484,0
./datasets/Organised/20260306-handFlying-2/259824014.jpg,0,0.14065510597302505,0.0036608863198458576,0.027552986512524084,1
./datasets/Organised/20260306-handFlying-2/259824014.jpg,1,0.020616570327552985,0.0035645472061657034,0.028516377649325627,0
./datasets/Organised/20260306-handFlying-2/259824014.jpg,2,0.10096339113680154,0.009922928709055878,0.06917148362235068,1
./datasets/Organised/20260306-handFlying-2/259990713.jpg,0,0.12148362235067438,0.003468208092485549,0.025529865125240848,1
./datasets/Organised/20260306-handFlying-2/259990713.jpg,1,0.01676300578034682,0.0022157996146435453,0.019653179190751446,0
./datasets/Organised/20260306-handFlying-2/259990713.jpg,2,0.15134874759152217,0.011946050096339113,0.08034682080924856,1
./datasets/Organised/20260306-handFlying-2/260124053.jpg,0,0.10240847784200385,0.0037572254335260114,0.022928709055876687,1
./datasets/Organised/20260306-handFlying-2/260124053.jpg,1,0.036223506743737956,0.0045279383429672445,0.03747591522157996,0
./datasets/Organised/20260306-handFlying-2/260124053.jpg,2,0.1663776493256262,0.015414258188824663,0.0884393063583815,1
./datasets/Organised/20260306-handFlying-2/260257349.jpg,0,0.05269749518304431,0.004431599229287091,0.024759152215799614,0
./datasets/Organised/20260306-handFlying-2/260257349.jpg,1,0.018015414258188825,0.004046242774566474,0.03342967244701349,0
./datasets/Organised/20260306-handFlying-2/260257349.jpg,2,0.17302504816955683,0.01560693641618497,0.10096339113680154,1
./datasets/Organised/20260306-handFlying-2/260424063.jpg,0,0.012138728323699421,0.002697495183044316,0.01579961464354528,0
./datasets/Organised/20260306-handFlying-2/260424063.jpg,1,0.023699421965317918,0.0045279383429672445,0.03651252408477842,0
./datasets/Organised/20260306-handFlying-2/260424063.jpg,2,0.1947976878612717,0.0151252408477842,0.10423892100192678,1
./datasets/Organised/20260306-handFlying-2/260557352.jpg,0,0.02186897880539499,0.00394990366088632,0.02630057803468208,0
./datasets/Organised/20260306-handFlying-2/260557352.jpg,1,0.020616570327552985,0.003179190751445087,0.027360308285163778,0
./datasets/Organised/20260306-handFlying-2/260557352.jpg,2,0.21339113680154143,0.018978805394990365,0.11040462427745665,1
./datasets/Organised/20260306-handFlying-2/260690681.jpg,0,0.020905587668593448,0.0045279383429672445,0.030732177263969172,0
./datasets/Organised/20260306-handFlying-2/260690681.jpg,1,0.012620423892100193,0.0029865125240847784,0.025529865125240848,0
./datasets/Organised/20260306-handFlying-2/260690681.jpg,2,0.20616570327552985,0.01763005780346821,0.12013487475915222,1
./datasets/Organised/20260306-handFlying-2/260857340.jpg,0,0.022447013487475916,0.0052986512524084775,0.03044315992292871,0
./datasets/Organised/20260306-handFlying-2/260857340.jpg,1,0.02447013487475915,0.003468208092485549,0.0338150289017341,0
./datasets/Organised/20260306-handFlying-2/260857340.jpg,2,0.2184971098265896,0.01907514450867052,0.11685934489402698,1
./datasets/Organised/20260306-handFlying-2/260990670.jpg,0,0.027552986512524084,0.006647398843930636,0.044701348747591525,0
./datasets/Organised/20260306-handFlying-2/260990670.jpg,1,0.018015414258188825,0.0045279383429672445,0.03815028901734104,0
./datasets/Organised/20260306-handFlying-2/260990670.jpg,2,0.22225433526011562,0.02119460500963391,0.12447013487475915,1
./datasets/Organised/20260306-handFlying-2/261157841.jpg,0,0.021772639691714835,0.004720616570327553,0.037283236994219655,0
./datasets/Organised/20260306-handFlying-2/261157841.jpg,1,0.024566473988439308,0.004624277456647399,0.04094412331406551,0
./datasets/Organised/20260306-handFlying-2/261157841.jpg,2,0.22870905587668594,0.020809248554913295,0.12870905587668593,1
./datasets/Organised/20260306-handFlying-2/261290708.jpg,0,0.02764932562620424,0.0060693641618497106,0.04238921001926782,0
./datasets/Organised/20260306-handFlying-2/261290708.jpg,1,0.01859344894026975,0.0035645472061657034,0.03044315992292871,0
./datasets/Organised/20260306-handFlying-2/261290708.jpg,2,0.2502890173410405,0.020134874759152217,0.11936416184971098,1
./datasets/Organised/20260306-handFlying-2/261457333.jpg,0,0.02466281310211946,0.00510597302504817,0.036223506743737956,0
./datasets/Organised/20260306-handFlying-2/261457333.jpg,1,0.022639691714836225,0.005009633911368015,0.04450867052023121,0
./datasets/Organised/20260306-handFlying-2/261457333.jpg,2,0.2365125240847784,0.02023121387283237,0.11878612716763005,1
./datasets/Organised/20260306-handFlying-2/261590670.jpg,0,0.028323699421965318,0.0060693641618497106,0.041425818882466284,0
./datasets/Organised/20260306-handFlying-2/261590670.jpg,1,0.02321772639691715,0.0038535645472061657,0.03815028901734104,0
./datasets/Organised/20260306-handFlying-2/261590670.jpg,2,0.24364161849710983,0.019364161849710983,0.12447013487475915,1
./datasets/Organised/20260306-handFlying-2/261757337.jpg,0,0.03208092485549133,0.004816955684007707,0.0407514450867052,0
./datasets/Organised/20260306-handFlying-2/261757337.jpg,1,0.017919075144508672,0.0037572254335260114,0.03680154142581888,0
./datasets/Organised/20260306-handFlying-2/261757337.jpg,2,0.2428709055876686,0.019171483622350674,0.12842003853564546,1
./datasets/Organised/20260306-handFlying-2/261890663.jpg,0,0.027745664739884393,0.004335260115606936,0.037379576107899805,0
./datasets/Organised/20260306-handFlying-2/261890663.jpg,1,0.020327552986512523,0.0045279383429672445,0.035838150289017344,0
./datasets/Organised/20260306-handFlying-2/261890663.jpg,2,0.2445086705202312,0.022157996146435453,0.13217726396917148,1
./datasets/Organised/20260306-handFlying-2/262091215.jpg,0,0.01676300578034682,0.0029865125240847784,0.02716763005780347,0
./datasets/Organised/20260306-handFlying-2/262091215.jpg,1,0.016377649325626204,0.0032755298651252407,0.02909441233140655,0
./datasets/Organised/20260306-handFlying-2/262091215.jpg,2,0.2394990366088632,0.02157996146435453,0.13102119460500963,1
./datasets/Organised/20260306-handFlying-2/262257335.jpg,0,0.012235067437379576,0.0032755298651252407,0.019171483622350674,0
./datasets/Organised/20260306-handFlying-2/262257335.jpg,1,0.02186897880539499,0.0037572254335260114,0.0313102119460501,0
./datasets/Organised/20260306-handFlying-2/262257335.jpg,2,0.23892100192678228,0.020327552986512523,0.12398843930635838,1
./datasets/Organised/20260306-handFlying-2/262423992.jpg,0,0.014739884393063583,0.0022157996146435453,0.016088631984585742,0
./datasets/Organised/20260306-handFlying-2/262423992.jpg,1,0.02023121387283237,0.004238921001926782,0.03651252408477842,0
./datasets/Organised/20260306-handFlying-2/262423992.jpg,2,0.23689788053949903,0.018497109826589597,0.11946050096339114,1
./datasets/Organised/20260306-handFlying-2/262557327.jpg,0,0.014739884393063583,0.0032755298651252407,0.020905587668593448,0
./datasets/Organised/20260306-handFlying-2/262557327.jpg,1,0.02447013487475915,0.005587668593448941,0.04277456647398844,0
./datasets/Organised/20260306-handFlying-2/262557327.jpg,2,0.21859344894026975,0.017726396917148363,0.1149325626204239,1
./datasets/Organised/20260306-handFlying-2/262723992.jpg,0,0.014739884393063583,0.0032755298651252407,0.018689788053949902,0
./datasets/Organised/20260306-handFlying-2/262723992.jpg,1,0.020905587668593448,0.004142581888246628,0.04113680154142582,0
./datasets/Organised/20260306-handFlying-2/262723992.jpg,2,0.21213872832369943,0.016377649325626204,0.11165703275529865,1
./datasets/Organised/20260306-handFlying-2/262890683.jpg,0,0.010115606936416185,0.0024084778420038534,0.016088631984585742,0
./datasets/Organised/20260306-handFlying-2/262890683.jpg,1,0.017822736030828516,0.0027938342967244703,0.026204238921001925,0
./datasets/Organised/20260306-handFlying-2/262890683.jpg,2,0.1523121387283237,0.01300578034682081,0.07890173410404624,1
./datasets/Organised/20260306-handFlying-2/263024025.jpg,0,0.014547206165703276,0.002890173410404624,0.022157996146435453,0
./datasets/Organised/20260306-handFlying-2/263024025.jpg,1,0.023892100192678227,0.0038535645472061657,0.03699421965317919,0
./datasets/Organised/20260306-handFlying-2/263024025.jpg,2,0.1079961464354528,0.008863198458574181,0.06194605009633911,1
./datasets/Organised/20260306-handFlying-2/263157325.jpg,0,0.022639691714836225,0.0037572254335260114,0.025144508670520233,0
./datasets/Organised/20260306-handFlying-2/263157325.jpg,1,0.02167630057803468,0.004142581888246628,0.03930635838150289,0
./datasets/Organised/20260306-handFlying-2/263157325.jpg,2,0.06493256262042389,0.007514450867052023,0.04942196531791908,0
./datasets/Organised/20260306-handFlying-2/263323985.jpg,0,0.0174373795761079,0.002697495183044316,0.02485549132947977,0
./datasets/Organised/20260306-handFlying-2/263323985.jpg,1,0.021483622350674372,0.004142581888246628,0.03795761078998073,0
./datasets/Organised/20260306-handFlying-2/263323985.jpg,2,0.025433526011560695,0.0027938342967244703,0.02138728323699422,0
./datasets/Organised/20260306-handFlying-2/263457318.jpg,0,0.014932562620423893,0.002697495183044316,0.019171483622350674,0
./datasets/Organised/20260306-handFlying-2/263457318.jpg,1,0.010500963391136802,0.003179190751445087,0.026589595375722544,0
./datasets/Organised/20260306-handFlying-2/263457318.jpg,2,0.01069364161849711,0.0009633911368015414,0.013680154142581889,0
./datasets/Organised/20260306-handFlying-2/263623983.jpg,0,0.021483622350674372,0.004142581888246628,0.03651252408477842,0
./datasets/Organised/20260306-handFlying-2/263623983.jpg,1,0.02283236994219653,0.004431599229287091,0.038053949903660886,0
./datasets/Organised/20260306-handFlying-2/263623983.jpg,2,0.008477842003853564,0.0015414258188824663,0.018111753371868978,0
./datasets/Organised/20260306-handFlying-2/263757314.jpg,0,0.01859344894026975,0.003468208092485549,0.027745664739884393,0
./datasets/Organised/20260306-handFlying-2/263757314.jpg,1,0.026204238921001925,0.005009633911368015,0.05163776493256262,0
./datasets/Organised/20260306-handFlying-2/263757314.jpg,2,0.007803468208092485,0.002023121387283237,0.014932562620423893,0
./datasets/Organised/20260306-handFlying-2/263890680.jpg,0,0.019171483622350674,0.004431599229287091,0.03930635838150289,0
./datasets/Organised/20260306-handFlying-2/263890680.jpg,1,0.021290944123314066,0.004142581888246628,0.041040462427745665,0
./datasets/Organised/20260306-handFlying-2/263890680.jpg,2,0.0052986512524084775,0.0015414258188824663,0.014161849710982659,0
./datasets/Organised/20260306-handFlying-2/264057341.jpg,0,0.038053949903660886,0.007996146435452794,0.06849710982658959,0
./datasets/Organised/20260306-handFlying-2/264057341.jpg,1,0.027071290944123316,0.004720616570327553,0.04980732177263969,0
./datasets/Organised/20260306-handFlying-2/264057341.jpg,2,0.010308285163776493,0.0015414258188824663,0.016377649325626204,0
./datasets/Organised/20260306-handFlying-2/264190647.jpg,0,0.0571290944123314,0.01001926782273603,0.08410404624277457,0
./datasets/Organised/20260306-handFlying-2/264190647.jpg,1,0.038824662813102116,0.0064547206165703275,0.07042389210019268,0
./datasets/Organised/20260306-handFlying-2/264190647.jpg,2,0.0064547206165703275,0.0009633911368015414,0.009344894026974951,0
./datasets/Organised/20260306-handFlying-2/264323978.jpg,0,0.06059730250481696,0.010115606936416185,0.08352601156069364,0
./datasets/Organised/20260306-handFlying-2/264323978.jpg,1,0.028901734104046242,0.005009633911368015,0.04932562620423892,0
./datasets/Organised/20260306-handFlying-2/264323978.jpg,2,0.007321772639691715,0.0017341040462427746,0.015221579961464355,0
./datasets/Organised/20260306-handFlying-2/264490641.jpg,0,0.0640655105973025,0.010500963391136802,0.08198458574181118,0
./datasets/Organised/20260306-handFlying-2/264490641.jpg,1,0.02533718689788054,0.004913294797687861,0.05375722543352601,0
./datasets/Organised/20260306-handFlying-2/264490641.jpg,2,0.012235067437379576,0.0016377649325626203,0.01579961464354528,0
./datasets/Organised/20260306-handFlying-2/264623976.jpg,0,0.06175337186897881,0.010500963391136802,0.08564547206165703,0
./datasets/Organised/20260306-handFlying-2/264623976.jpg,1,0.03371868978805395,0.006165703275529865,0.06001926782273603,0
./datasets/Organised/20260306-handFlying-2/264623976.jpg,2,0.005973025048169557,0.0017341040462427746,0.015895953757225433,0
./datasets/Organised/20260306-handFlying-2/264790657.jpg,0,0.02418111753371869,0.0060693641618497106,0.0476878612716763,0
./datasets/Organised/20260306-handFlying-2/264790657.jpg,1,0.02880539499036609,0.005394990366088632,0.050289017341040465,0
./datasets/Organised/20260306-handFlying-2/264790657.jpg,2,0.011464354527938344,0.0016377649325626203,0.015895953757225433,0
./datasets/Organised/20260306-handFlying-2/264923994.jpg,0,0.016859344894026976,0.004142581888246628,0.028516377649325627,0
./datasets/Organised/20260306-handFlying-2/264923994.jpg,1,0.02716763005780347,0.004816955684007707,0.04672447013487476,0
./datasets/Organised/20260306-handFlying-2/264923994.jpg,2,0.0076107899807321775,0.001348747591522158,0.014739884393063583,0
./datasets/Organised/20260306-handFlying-2/265057313.jpg,0,0.010500963391136802,0.0023121387283236996,0.021772639691714835,0
./datasets/Organised/20260306-handFlying-2/265057313.jpg,1,0.022254335260115606,0.004335260115606936,0.04518304431599229,0
./datasets/Organised/20260306-handFlying-2/265057313.jpg,2,0.009441233140655106,0.0019267822736030828,0.012716763005780347,0
./datasets/Organised/20260306-handFlying-2/265190682.jpg,0,0.01599229287090559,0.0037572254335260114,0.02861271676300578,0
./datasets/Organised/20260306-handFlying-2/265190682.jpg,1,0.027938342967244702,0.004913294797687861,0.04614643545279384,0
./datasets/Organised/20260306-handFlying-2/265190682.jpg,2,0.005973025048169557,0.002023121387283237,0.014065510597302504,0
./datasets/Organised/20260306-handFlying-2/265357314.jpg,0,0.012235067437379576,0.0022157996146435453,0.02003853564547206,0
./datasets/Organised/20260306-handFlying-2/265357314.jpg,1,0.015414258188824663,0.0023121387283236996,0.027071290944123316,0
./datasets/Organised/20260306-handFlying-2/265357314.jpg,2,0.010886319845857417,0.001445086705202312,0.0151252408477842,0
./datasets/Organised/20260306-handFlying-2/265490635.jpg,0,0.01628131021194605,0.0035645472061657034,0.02321772639691715,0
./datasets/Organised/20260306-handFlying-2/265490635.jpg,1,0.015414258188824663,0.003371868978805395,0.02716763005780347,0
./datasets/Organised/20260306-handFlying-2/265490635.jpg,2,0.009152215799614644,0.002119460500963391,0.015895953757225433,0
./datasets/Organised/20260306-handFlying-2/265657312.jpg,0,0.017822736030828516,0.0032755298651252407,0.022736030828516378,0
./datasets/Organised/20260306-handFlying-2/265657312.jpg,1,0.01695568400770713,0.002890173410404624,0.024566473988439308,0
./datasets/Organised/20260306-handFlying-2/265657312.jpg,2,0.022639691714836225,0.0025048169556840076,0.021290944123314066,0
./datasets/Organised/20260306-handFlying-2/265790636.jpg,0,0.012716763005780347,0.0024084778420038534,0.018882466281310212,0
./datasets/Organised/20260306-handFlying-2/265790636.jpg,1,0.01560693641618497,0.0022157996146435453,0.025048169556840076,0
./datasets/Organised/20260306-handFlying-2/265790636.jpg,2,0.04460500963391137,0.004142581888246628,0.033622350674373795,0
./datasets/Organised/20260306-handFlying-2/265923979.jpg,0,0.01001926782273603,0.001348747591522158,0.013583815028901734,0
./datasets/Organised/20260306-handFlying-2/265923979.jpg,1,0.013102119460500963,0.002023121387283237,0.019845857418111755,0
./datasets/Organised/20260306-handFlying-2/265923979.jpg,2,0.041714836223506746,0.005202312138728324,0.03670520231213873,0
./datasets/Organised/20260306-handFlying-2/266090645.jpg,0,0.011464354527938344,0.002119460500963391,0.015317919075144508,0
./datasets/Organised/20260306-handFlying-2/266090645.jpg,1,0.015895953757225433,0.002601156069364162,0.024951830443159923,0
./datasets/Organised/20260306-handFlying-2/266090645.jpg,2,0.022447013487475916,0.0032755298651252407,0.02716763005780347,0
./datasets/Organised/20260306-handFlying-2/266223961.jpg,0,0.012235067437379576,0.0022157996146435453,0.016377649325626204,0
./datasets/Organised/20260306-handFlying-2/266223961.jpg,1,0.023892100192678227,0.0036608863198458576,0.0302504816955684,0
./datasets/Organised/20260306-handFlying-2/266223961.jpg,2,0.029479768786127167,0.0037572254335260114,0.02764932562620424,0
./datasets/Organised/20260306-handFlying-2/266357294.jpg,0,0.01069364161849711,0.0015414258188824663,0.012138728323699421,0
./datasets/Organised/20260306-handFlying-2/266357294.jpg,1,0.02880539499036609,0.005009633911368015,0.03352601156069364,0
./datasets/Organised/20260306-handFlying-2/266357294.jpg,2,0.13834296724470135,0.008766859344894027,0.06098265895953757,1
./datasets/Organised/20260306-handFlying-2/266524017.jpg,0,0.007129094412331407,0.0018304431599229288,0.011946050096339113,0
./datasets/Organised/20260306-handFlying-2/266524017.jpg,1,0.052890173410404626,0.005587668593448941,0.03998073217726397,0
./datasets/Organised/20260306-handFlying-2/266524017.jpg,2,0.2233140655105973,0.011368015414258189,0.0766859344894027,1
./datasets/Organised/20260306-handFlying-2/266723957.jpg,0,0.12389210019267823,0.007032755298651252,0.0405587668593449,1
./datasets/Organised/20260306-handFlying-2/266723957.jpg,1,0.23545279383429674,0.009922928709055878,0.06878612716763005,1
./datasets/Organised/20260306-handFlying-2/266723957.jpg,2,0.4834296724470135,0.01955684007707129,0.1258188824662813,1
./datasets/Organised/20260306-handFlying-2/266857292.jpg,0,0.19951830443159924,0.006358381502890174,0.03863198458574181,1
./datasets/Organised/20260306-handFlying-2/266857292.jpg,1,0.2976878612716763,0.012427745664739885,0.07678227360308285,1
./datasets/Organised/20260306-handFlying-2/266857292.jpg,2,0.43872832369942194,0.018111753371868978,0.12928709055876686,1
./datasets/Organised/20260306-handFlying-2/266990630.jpg,0,0.33429672447013487,0.0076107899807321775,0.04267822736030828,1
./datasets/Organised/20260306-handFlying-2/266990630.jpg,1,0.4544315992292871,0.012524084778420038,0.08535645472061656,1
./datasets/Organised/20260306-handFlying-2/266990630.jpg,2,0.6169556840077072,0.017919075144508672,0.128131021194605,1
./datasets/Organised/20260306-handFlying-2/267157293.jpg,0,0.6773603082851638,0.0076107899807321775,0.04161849710982659,1
./datasets/Organised/20260306-handFlying-2/267157293.jpg,1,0.7932562620423892,0.014932562620423893,0.11146435452793835,1
./datasets/Organised/20260306-handFlying-2/267157293.jpg,2,0.8041425818882466,0.014739884393063583,0.10549132947976879,1
./datasets/Organised/20260306-handFlying-2/267290632.jpg,0,0.808188824662813,0.00789980732177264,0.0636801541425819,1
./datasets/Organised/20260306-handFlying-2/267290632.jpg,1,0.8353564547206166,0.013102119460500963,0.10876685934489402,1
./datasets/Organised/20260306-handFlying-2/267290632.jpg,2,0.7884393063583816,0.01464354527938343,0.11502890173410404,1
./datasets/Organised/20260306-handFlying-2/267423967.jpg,0,0.9137764932562621,0.005973025048169557,0.05240847784200385,1
./datasets/Organised/20260306-handFlying-2/267423967.jpg,1,0.8858381502890174,0.011946050096339113,0.10722543352601156,1
./datasets/Organised/20260306-handFlying-2/267423967.jpg,2,0.766281310211946,0.015317919075144508,0.12148362235067438,1
./datasets/Organised/20260306-handFlying-2/267557287.jpg,0,0.9320809248554913,0.0036608863198458576,0.04749518304431599,1
./datasets/Organised/20260306-handFlying-2/267557287.jpg,1,0.8789980732177264,0.011946050096339113,0.09200385356454721,1
./datasets/Organised/20260306-handFlying-2/267557287.jpg,2,0.7865125240847785,0.014547206165703276,0.11454720616570327,1
./datasets/Organised/20260306-handFlying-2/267690625.jpg,0,0.9482658959537572,0.004238921001926782,0.0441233140655106,1
./datasets/Organised/20260306-handFlying-2/267690625.jpg,1,0.8785163776493257,0.010886319845857417,0.08872832369942196,1
./datasets/Organised/20260306-handFlying-2/267690625.jpg,2,0.7854527938342967,0.013872832369942197,0.12061657032755299,1
./datasets/Organised/20260306-handFlying-2/267823949.jpg,0,0.9435452793834297,0.005876685934489403,0.055202312138728324,1
./datasets/Organised/20260306-handFlying-2/267823949.jpg,1,0.8676300578034682,0.011753371868978806,0.10828516377649326,1
./datasets/Organised/20260306-handFlying-2/267823949.jpg,2,0.7903660886319845,0.013102119460500963,0.10915221579961465,1
./datasets/Organised/20260306-handFlying-2/267990615.jpg,0,0.9295761078998073,0.004913294797687861,0.05491329479768786,1
./datasets/Organised/20260306-handFlying-2/267990615.jpg,1,0.8659922928709056,0.010404624277456647,0.09836223506743738,1
./datasets/Organised/20260306-handFlying-2/267990615.jpg,2,0.7797687861271676,0.015317919075144508,0.12157996146435453,1
./datasets/Organised/20260306-handFlying-2/268123968.jpg,0,0.9222543352601156,0.0056840077071290945,0.055973025048169554,1
./datasets/Organised/20260306-handFlying-2/268123968.jpg,1,0.7983622350674374,0.014547206165703276,0.11657032755298652,1
./datasets/Organised/20260306-handFlying-2/268123968.jpg,2,0.6528901734104047,0.0174373795761079,0.13371868978805396,1
./datasets/Organised/20260306-handFlying-2/268257295.jpg,0,0.9167630057803469,0.005973025048169557,0.05770712909441233,1
./datasets/Organised/20260306-handFlying-2/268257295.jpg,1,0.7837186897880539,0.014547206165703276,0.11541425818882466,1
./datasets/Organised/20260306-handFlying-2/268257295.jpg,2,0.7149325626204239,0.0197495183044316,0.14653179190751445,1
./datasets/Organised/20260306-handFlying-2/268390613.jpg,0,0.9312138728323699,0.004913294797687861,0.05423892100192678,1
./datasets/Organised/20260306-handFlying-2/268390613.jpg,1,0.8326589595375723,0.012427745664739885,0.0953757225433526,1
./datasets/Organised/20260306-handFlying-2/268390613.jpg,2,0.7514450867052023,0.01579961464354528,0.11608863198458574,1
./datasets/Organised/20260306-handFlying-2/268557279.jpg,0,0.958766859344894,0.003371868978805395,0.0407514450867052,1
./datasets/Organised/20260306-handFlying-2/268557279.jpg,1,0.9147398843930635,0.007321772639691715,0.075626204238921,1
./datasets/Organised/20260306-handFlying-2/268557279.jpg,2,0.783140655105973,0.014450867052023121,0.11445086705202312,1
./datasets/Organised/20260306-handFlying-2/268690627.jpg,0,0.9350674373795761,0.005202312138728324,0.04797687861271676,1
./datasets/Organised/20260306-handFlying-2/268690627.jpg,1,0.8647398843930636,0.008574181117533719,0.07369942196531792,1
./datasets/Organised/20260306-handFlying-2/268690627.jpg,2,0.7610789980732178,0.018978805394990365,0.12109826589595375,1
./datasets/Organised/20260306-handFlying-2/268823939.jpg,0,0.8633911368015414,0.006358381502890174,0.057032755298651254,1
./datasets/Organised/20260306-handFlying-2/268823939.jpg,1,0.8442196531791908,0.011464354527938344,0.08892100192678228,1
./datasets/Organised/20260306-handFlying-2/268823939.jpg,2,0.7876685934489402,0.015028901734104046,0.12398843930635838,1
./datasets/Organised/20260306-handFlying-2/268957269.jpg,0,0.7619460500963391,0.009441233140655106,0.06666666666666667,1
./datasets/Organised/20260306-handFlying-2/268957269.jpg,1,0.7955684007707129,0.011464354527938344,0.102504816955684,1
./datasets/Organised/20260306-handFlying-2/268957269.jpg,2,0.7317919075144509,0.016859344894026976,0.12928709055876686,1
./datasets/Organised/20260306-handFlying-2/269123940.jpg,0,0.7071290944123314,0.00838150289017341,0.0653179190751445,1
./datasets/Organised/20260306-handFlying-2/269123940.jpg,1,0.7553949903660886,0.01348747591522158,0.10115606936416185,1
./datasets/Organised/20260306-handFlying-2/269123940.jpg,2,0.7154142581888246,0.01907514450867052,0.1405587668593449,1
./datasets/Organised/20260306-handFlying-2/269257281.jpg,0,0.7623314065510597,0.008188824662813102,0.0636801541425819,1
./datasets/Organised/20260306-handFlying-2/269257281.jpg,1,0.7435452793834296,0.011464354527938344,0.09113680154142582,1
./datasets/Organised/20260306-handFlying-2/269257281.jpg,2,0.6033718689788053,0.019460500963391136,0.13709055876685936,1
./datasets/Organised/20260306-handFlying-2/269390605.jpg,0,0.8361271676300578,0.005780346820809248,0.051445086705202314,1
./datasets/Organised/20260306-handFlying-2/269390605.jpg,1,0.8500963391136801,0.008863198458574181,0.08217726396917148,1
./datasets/Organised/20260306-handFlying-2/269390605.jpg,2,0.4863198458574181,0.0151252408477842,0.11782273603082852,1
./datasets/Organised/20260306-handFlying-2/269523944.jpg,0,0.7136801541425819,0.0076107899807321775,0.06493256262042389,1
./datasets/Organised/20260306-handFlying-2/269523944.jpg,1,0.9659922928709056,0.0027938342967244703,0.03554913294797688,1
./datasets/Organised/20260306-handFlying-2/269523944.jpg,2,0.49017341040462425,0.014354527938342966,0.10317919075144509,1
./datasets/Organised/20260306-handFlying-2/269657324.jpg,0,0.4542389210019268,0.011078998073217727,0.07813102119460501,1
./datasets/Organised/20260306-handFlying-2/269657324.jpg,1,0.9838150289017341,0.0022157996146435453,0.021001926782273604,1
./datasets/Organised/20260306-handFlying-2/269657324.jpg,2,0.47601156069364164,0.007707129094412331,0.07263969171483622,1
./datasets/Organised/20260306-handFlying-2/269790606.jpg,0,0.5344894026974952,0.012909441233140655,0.08131021194605009,1
./datasets/Organised/20260306-handFlying-2/269790606.jpg,1,0.9216763005780347,0.006647398843930636,0.04518304431599229,1
./datasets/Organised/20260306-handFlying-2/269790606.jpg,2,0.5797687861271676,0.0068400770712909445,0.04942196531791908,1
./datasets/Organised/20260306-handFlying-2/269957268.jpg,0,0.7480732177263969,0.011175337186897881,0.07687861271676301,1
./datasets/Organised/20260306-handFlying-2/269957268.jpg,1,0.8329479768786127,0.010404624277456647,0.06926782273603083,1
./datasets/Organised/20260306-handFlying-2/269957268.jpg,2,0.6564547206165703,0.007321772639691715,0.04980732177263969,1
./datasets/Organised/20260306-handFlying-2/270090621.jpg,0,0.8304431599229287,0.008863198458574181,0.057418111753371866,1
./datasets/Organised/20260306-handFlying-2/270090621.jpg,1,0.7935452793834297,0.010982658959537572,0.07842003853564547,1
./datasets/Organised/20260306-handFlying-2/270090621.jpg,2,0.6337186897880539,0.0076107899807321775,0.048843930635838154,1
./datasets/Organised/20260306-handFlying-2/270223938.jpg,0,0.7980732177263969,0.011560693641618497,0.06926782273603083,1
./datasets/Organised/20260306-handFlying-2/270223938.jpg,1,0.7638728323699422,0.011464354527938344,0.07938342967244702,1
./datasets/Organised/20260306-handFlying-2/270223938.jpg,2,0.5840077071290944,0.00789980732177264,0.05317919075144509,1
./datasets/Organised/20260306-handFlying-2/270357261.jpg,0,0.7883429672447013,0.00953757225433526,0.07071290944123314,1
./datasets/Organised/20260306-handFlying-2/270357261.jpg,1,0.7421001926782274,0.012620423892100193,0.08448940269749518,1
./datasets/Organised/20260306-handFlying-2/270357261.jpg,2,0.5861271676300578,0.006551059730250481,0.04672447013487476,1
./datasets/Organised/20260306-handFlying-2/270490598.jpg,0,0.8338150289017341,0.007803468208092485,0.0476878612716763,1
./datasets/Organised/20260306-handFlying-2/270490598.jpg,1,0.7179190751445087,0.011078998073217727,0.07552986512524085,1
./datasets/Organised/20260306-handFlying-2/270490598.jpg,2,0.555009633911368,0.007129094412331407,0.0476878612716763,1
./datasets/Organised/20260306-handFlying-2/270623945.jpg,0,0.7577071290944123,0.008863198458574181,0.060789980732177264,1
./datasets/Organised/20260306-handFlying-2/270623945.jpg,1,0.6144508670520231,0.01300578034682081,0.09325626204238921,1
./datasets/Organised/20260306-handFlying-2/270623945.jpg,2,0.5136801541425818,0.0072254335260115606,0.051059730250481696,1
./datasets/Organised/20260306-handFlying-2/270757262.jpg,0,0.7609826589595375,0.00953757225433526,0.0663776493256262,1
./datasets/Organised/20260306-handFlying-2/270757262.jpg,1,0.5488439306358381,0.011657032755298651,0.0905587668593449,1
./datasets/Organised/20260306-handFlying-2/270757262.jpg,2,0.5413294797687861,0.0072254335260115606,0.05096339113680154,1
./datasets/Organised/20260306-handFlying-2/270890590.jpg,0,0.7986512524084779,0.009441233140655106,0.06348747591522158,1
./datasets/Organised/20260306-handFlying-2/270890590.jpg,1,0.4674373795761079,0.014161849710982659,0.09393063583815028,1
./datasets/Organised/20260306-handFlying-2/270890590.jpg,2,0.548747591522158,0.00838150289017341,0.0605009633911368,1
./datasets/Organised/20260306-handFlying-2/271023949.jpg,0,0.790655105973025,0.00953757225433526,0.06859344894026975,1
./datasets/Organised/20260306-handFlying-2/271023949.jpg,1,0.425626204238921,0.011946050096339113,0.08159922928709056,1
./datasets/Organised/20260306-handFlying-2/271023949.jpg,2,0.6035645472061657,0.00838150289017341,0.0626204238921002,1
./datasets/Organised/20260306-handFlying-2/271157294.jpg,0,0.7916184971098266,0.009826589595375723,0.0581888246628131,1
./datasets/Organised/20260306-handFlying-2/271157294.jpg,1,0.3539499036608863,0.012524084778420038,0.08169556840077072,1
./datasets/Organised/20260306-handFlying-2/271157294.jpg,2,0.5422928709055876,0.007803468208092485,0.05433526011560694,1
./datasets/Organised/20260306-handFlying-2/271290596.jpg,0,0.7246628131021194,0.010982658959537572,0.06522157996146435,1
./datasets/Organised/20260306-handFlying-2/271290596.jpg,1,0.2001926782273603,0.008766859344894027,0.06454720616570328,1
./datasets/Organised/20260306-handFlying-2/271290596.jpg,2,0.5473988439306359,0.007321772639691715,0.053275529865125244,1
./datasets/Organised/20260306-handFlying-2/271423934.jpg,0,0.6993256262042389,0.012716763005780347,0.08063583815028902,1
./datasets/Organised/20260306-handFlying-2/271423934.jpg,1,0.14142581888246628,0.008670520231213872,0.061078998073217726,1
./datasets/Organised/20260306-handFlying-2/271423934.jpg,2,0.5558766859344894,0.0072254335260115606,0.059152215799614646,1
./datasets/Organised/20260306-handFlying-2/271557253.jpg,0,0.6479768786127168,0.013969171483622351,0.073121387283237,1
./datasets/Organised/20260306-handFlying-2/271557253.jpg,1,0.1485549132947977,0.006551059730250481,0.053660886319845856,1
./datasets/Organised/20260306-handFlying-2/271557253.jpg,2,0.5091522157996147,0.008188824662813102,0.06117533718689788,1
./datasets/Organised/20260306-handFlying-2/271690622.jpg,0,0.7217726396917148,0.013102119460500963,0.08670520231213873,1
./datasets/Organised/20260306-handFlying-2/271690622.jpg,1,0.18082851637764932,0.008863198458574181,0.062235067437379575,1
./datasets/Organised/20260306-handFlying-2/271690622.jpg,2,0.48554913294797686,0.009730250481695568,0.07552986512524085,1
./datasets/Organised/20260306-handFlying-2/271857268.jpg,0,0.7106936416184971,0.012042389210019268,0.07736030828516377,1
./datasets/Organised/20260306-handFlying-2/271857268.jpg,1,0.151252408477842,0.008574181117533719,0.06387283236994219,1
./datasets/Organised/20260306-handFlying-2/271857268.jpg,2,0.4552986512524085,0.009730250481695568,0.07283236994219654,1
./datasets/Organised/20260306-handFlying-2/271990593.jpg,0,0.7345857418111753,0.011849710982658959,0.07967244701348748,1
./datasets/Organised/20260306-handFlying-2/271990593.jpg,1,0.1565510597302505,0.009441233140655106,0.07090558766859345,1
./datasets/Organised/20260306-handFlying-2/271990593.jpg,2,0.4122350674373796,0.01021194605009634,0.06907514450867051,1
./datasets/Organised/20260306-handFlying-2/272123915.jpg,0,0.6631984585741811,0.011753371868978806,0.07495183044315992,1
./datasets/Organised/20260306-handFlying-2/272123915.jpg,1,0.1382466281310212,0.0076107899807321775,0.05385356454720617,1
./datasets/Organised/20260306-handFlying-2/272123915.jpg,2,0.43410404624277454,0.008863198458574181,0.07061657032755299,1
./datasets/Organised/20260306-handFlying-2/272257252.jpg,0,0.6315992292870906,0.012524084778420038,0.07784200385356455,1
./datasets/Organised/20260306-handFlying-2/272257252.jpg,1,0.14354527938342967,0.007129094412331407,0.0546242774566474,1
./datasets/Organised/20260306-handFlying-2/272257252.jpg,2,0.43622350674373794,0.008477842003853564,0.06290944123314066,1
./datasets/Organised/20260306-handFlying-2/272390595.jpg,0,0.5531791907514451,0.01069364161849711,0.07244701348747591,1
./datasets/Organised/20260306-handFlying-2/272390595.jpg,1,0.12321772639691715,0.007418111753371869,0.055491329479768786,1
./datasets/Organised/20260306-handFlying-2/272390595.jpg,2,0.44489402697495184,0.010597302504816955,0.07157996146435452,1
./datasets/Organised/20260306-handFlying-2/272523941.jpg,0,0.5233140655105973,0.012235067437379576,0.07736030828516377,1
./datasets/Organised/20260306-handFlying-2/272523941.jpg,1,0.12235067437379576,0.007321772639691715,0.058863198458574184,1
./datasets/Organised/20260306-handFlying-2/272523941.jpg,2,0.4908477842003854,0.009344894026974951,0.0789980732177264,1
./datasets/Organised/20260306-handFlying-2/272657244.jpg,0,0.5119460500963391,0.011464354527938344,0.07408477842003854,1
./datasets/Organised/20260306-handFlying-2/272657244.jpg,1,0.14672447013487475,0.0056840077071290945,0.05539499036608863,1
./datasets/Organised/20260306-handFlying-2/272657244.jpg,2,0.4416184971098266,0.01069364161849711,0.07697495183044316,1
./datasets/Organised/20260306-handFlying-2/272790595.jpg,0,0.5631984585741812,0.011078998073217727,0.073121387283237,1
./datasets/Organised/20260306-handFlying-2/272790595.jpg,1,0.17803468208092485,0.007418111753371869,0.0636801541425819,1
./datasets/Organised/20260306-handFlying-2/272790595.jpg,2,0.3764932562620424,0.011657032755298651,0.07986512524084778,1
./datasets/Organised/20260306-handFlying-2/272923958.jpg,0,0.49017341040462425,0.011271676300578034,0.07167630057803469,1
./datasets/Organised/20260306-handFlying-2/272923958.jpg,1,0.148747591522158,0.005876685934489403,0.05394990366088632,1
./datasets/Organised/20260306-handFlying-2/272923958.jpg,2,0.3556840077071291,0.010982658959537572,0.08342967244701349,1
./datasets/Organised/20260306-handFlying-2/273057277.jpg,0,0.5378612716763006,0.011368015414258189,0.06965317919075145,1
./datasets/Organised/20260306-handFlying-2/273057277.jpg,1,0.2071290944123314,0.00953757225433526,0.0733140655105973,1
./datasets/Organised/20260306-handFlying-2/273057277.jpg,2,0.301252408477842,0.009055876685934489,0.07042389210019268,1
./datasets/Organised/20260306-handFlying-2/273190578.jpg,0,0.5864161849710983,0.010982658959537572,0.06175337186897881,1
./datasets/Organised/20260306-handFlying-2/273190578.jpg,1,0.2825626204238921,0.011175337186897881,0.08526011560693642,1
./datasets/Organised/20260306-handFlying-2/273190578.jpg,2,0.2966281310211946,0.009441233140655106,0.07302504816955684,1
./datasets/Organised/20260306-handFlying-2/273323916.jpg,0,0.5988439306358382,0.009055876685934489,0.05655105973025048,1
./datasets/Organised/20260306-handFlying-2/273323916.jpg,1,0.3043352601156069,0.012427745664739885,0.0861271676300578,1
./datasets/Organised/20260306-handFlying-2/273323916.jpg,2,0.31464354527938343,0.009633911368015413,0.07524084778420038,1
./datasets/Organised/20260306-handFlying-2/273457240.jpg,0,0.5792870905587668,0.010308285163776493,0.06358381502890173,1
./datasets/Organised/20260306-handFlying-2/273457240.jpg,1,0.2884393063583815,0.012235067437379576,0.0907514450867052,1
./datasets/Organised/20260306-handFlying-2/273457240.jpg,2,0.33198458574181117,0.011271676300578034,0.08352601156069364,1
./datasets/Organised/20260306-handFlying-2/273590571.jpg,0,0.5227360308285164,0.009344894026974951,0.061078998073217726,1
./datasets/Organised/20260306-handFlying-2/273590571.jpg,1,0.3015414258188825,0.014836223506743738,0.10751445086705202,1
./datasets/Organised/20260306-handFlying-2/273590571.jpg,2,0.33005780346820807,0.0128131021194605,0.09807321772639692,1
./datasets/Organised/20260306-handFlying-2/273723904.jpg,0,0.46724470134874757,0.008766859344894027,0.057418111753371866,1
./datasets/Organised/20260306-handFlying-2/273723904.jpg,1,0.29190751445086704,0.013969171483622351,0.10240847784200385,1
./datasets/Organised/20260306-handFlying-2/273723904.jpg,2,0.34826589595375723,0.013680154142581889,0.1,1
./datasets/Organised/20260306-handFlying-2/273857241.jpg,0,0.4576107899807322,0.009055876685934489,0.05770712909441233,1
./datasets/Organised/20260306-handFlying-2/273857241.jpg,1,0.2882466281310212,0.014354527938342966,0.09884393063583816,1
./datasets/Organised/20260306-handFlying-2/273857241.jpg,2,0.41078998073217726,0.012524084778420038,0.097495183044316,1
./datasets/Organised/20260306-handFlying-2/273990567.jpg,0,0.4508670520231214,0.008574181117533719,0.05838150289017341,1
./datasets/Organised/20260306-handFlying-2/273990567.jpg,1,0.30529865125240846,0.013583815028901734,0.10067437379576108,1
./datasets/Organised/20260306-handFlying-2/273990567.jpg,2,0.452504816955684,0.013391136801541427,0.09354527938342967,1
./datasets/Organised/20260306-handFlying-2/274123896.jpg,0,0.44913294797687864,0.009922928709055878,0.05655105973025048,1
./datasets/Organised/20260306-handFlying-2/274123896.jpg,1,0.40028901734104044,0.015028901734104046,0.10741811175337188,1
./datasets/Organised/20260306-handFlying-2/274123896.jpg,2,0.49017341040462425,0.013872832369942197,0.10626204238921001,1
./datasets/Organised/20260306-handFlying-2/274257229.jpg,0,0.42639691714836225,0.008092485549132947,0.04489402697495183,1
./datasets/Organised/20260306-handFlying-2/274257229.jpg,1,0.4479768786127168,0.014547206165703276,0.09903660886319846,1
./datasets/Organised/20260306-handFlying-2/274257229.jpg,2,0.4857418111753372,0.012427745664739885,0.09816955684007707,1
./datasets/Organised/20260306-handFlying-2/274390578.jpg,0,0.3517341040462428,0.008574181117533719,0.049229287090558765,1
./datasets/Organised/20260306-handFlying-2/274390578.jpg,1,0.4414258188824663,0.013969171483622351,0.10520231213872833,1
./datasets/Organised/20260306-handFlying-2/274390578.jpg,2,0.4799614643545279,0.011946050096339113,0.09364161849710982,1
./datasets/Organised/20260306-handFlying-2/274523897.jpg,0,0.2635838150289017,0.005876685934489403,0.04258188824662813,1
./datasets/Organised/20260306-handFlying-2/274523897.jpg,1,0.41078998073217726,0.013583815028901734,0.101252408477842,1
./datasets/Organised/20260306-handFlying-2/274523897.jpg,2,0.497495183044316,0.013102119460500963,0.09210019267822736,1
./datasets/Organised/20260306-handFlying-2/274657243.jpg,0,0.24624277456647398,0.006647398843930636,0.044701348747591525,1
./datasets/Organised/20260306-handFlying-2/274657243.jpg,1,0.3736030828516378,0.01348747591522158,0.09739884393063585,1
./datasets/Organised/20260306-handFlying-2/274657243.jpg,2,0.5585741811175338,0.011560693641618497,0.08901734104046242,1
./datasets/Organised/20260306-handFlying-2/274790562.jpg,0,0.21782273603082852,0.0068400770712909445,0.03930635838150289,1
./datasets/Organised/20260306-handFlying-2/274790562.jpg,1,0.3287090558766859,0.015221579961464355,0.09942196531791908,1
./datasets/Organised/20260306-handFlying-2/274790562.jpg,2,0.5901734104046242,0.012427745664739885,0.0918111753371869,1
./datasets/Organised/20260306-handFlying-2/274923967.jpg,0,0.21811175337186897,0.007321772639691715,0.04441233140655106,1
./datasets/Organised/20260306-handFlying-2/274923967.jpg,1,0.2904624277456647,0.015317919075144508,0.10173410404624278,1
./datasets/Organised/20260306-handFlying-2/274923967.jpg,2,0.6023121387283237,0.011753371868978806,0.08969171483622351,1
./datasets/Organised/20260306-handFlying-2/275057247.jpg,0,0.27321772639691716,0.0076107899807321775,0.050289017341040465,1
./datasets/Organised/20260306-handFlying-2/275057247.jpg,1,0.29778420038535647,0.014258188824662813,0.09672447013487476,1
./datasets/Organised/20260306-handFlying-2/275057247.jpg,2,0.7345857418111753,0.008959537572254336,0.0733140655105973,1
./datasets/Organised/20260306-handFlying-2/275190563.jpg,0,0.2852601156069364,0.008477842003853564,0.05953757225433526,1
./datasets/Organised/20260306-handFlying-2/275190563.jpg,1,0.3684971098265896,0.015703275529865127,0.10761078998073217,1
./datasets/Organised/20260306-handFlying-2/275190563.jpg,2,0.8136801541425819,0.00953757225433526,0.06676300578034682,1
./datasets/Organised/20260306-handFlying-2/275323899.jpg,0,0.28978805394990365,0.01069364161849711,0.06840077071290944,1
./datasets/Organised/20260306-handFlying-2/275323899.jpg,1,0.4275529865125241,0.015028901734104046,0.10635838150289018,1
./datasets/Organised/20260306-handFlying-2/275323899.jpg,2,0.8522157996146436,0.009344894026974951,0.07273603082851637,1
./datasets/Organised/20260306-handFlying-2/275457223.jpg,0,0.24672447013487475,0.009152215799614644,0.06541425818882467,1
./datasets/Organised/20260306-handFlying-2/275457223.jpg,1,0.36830443159922926,0.015221579961464355,0.0978805394990366,1
./datasets/Organised/20260306-handFlying-2/275457223.jpg,2,0.8341040462427746,0.007996146435452794,0.07167630057803469,1
./datasets/Organised/20260306-handFlying-2/275590612.jpg,0,0.2906551059730251,0.010500963391136802,0.07042389210019268,1
./datasets/Organised/20260306-handFlying-2/275590612.jpg,1,0.4428709055876686,0.01233140655105973,0.08998073217726398,1
./datasets/Organised/20260306-handFlying-2/275590612.jpg,2,0.8732177263969172,0.007514450867052023,0.06348747591522158,1
./datasets/Organised/20260306-handFlying-2/275723888.jpg,0,0.3140655105973025,0.01001926782273603,0.0571290944123314,1
./datasets/Organised/20260306-handFlying-2/275723888.jpg,1,0.4794797687861272,0.01348747591522158,0.10134874759152215,1
./datasets/Organised/20260306-handFlying-2/275723888.jpg,2,0.8607899807321773,0.008574181117533719,0.06984585741811175,1
./datasets/Organised/20260306-handFlying-2/275857227.jpg,0,0.36329479768786127,0.009633911368015413,0.05529865125240848,1
./datasets/Organised/20260306-handFlying-2/275857227.jpg,1,0.4348747591522158,0.013872832369942197,0.09633911368015415,1
./datasets/Organised/20260306-handFlying-2/275857227.jpg,2,0.7661849710982659,0.011368015414258189,0.0811175337186898,1
./datasets/Organised/20260306-handFlying-2/275990556.jpg,0,0.4003853564547206,0.01001926782273603,0.05655105973025048,1
./datasets/Organised/20260306-handFlying-2/275990556.jpg,1,0.3846820809248555,0.01560693641618497,0.10751445086705202,1
./datasets/Organised/20260306-handFlying-2/275990556.jpg,2,0.636897880539499,0.0128131021194605,0.10732177263969171,1
./datasets/Organised/20260306-handFlying-2/276157231.jpg,0,0.40684007707129094,0.008477842003853564,0.05279383429672447,1
./datasets/Organised/20260306-handFlying-2/276157231.jpg,1,0.45472061657032753,0.015703275529865127,0.10780346820809249,1
./datasets/Organised/20260306-handFlying-2/276157231.jpg,2,0.474373795761079,0.014836223506743738,0.10394990366088631,1
./datasets/Organised/20260306-handFlying-2/276323911.jpg,0,0.7142581888246629,0.005876685934489403,0.04113680154142582,1
./datasets/Organised/20260306-handFlying-2/276323911.jpg,1,0.7014450867052023,0.011271676300578034,0.08468208092485549,1
./datasets/Organised/20260306-handFlying-2/276323911.jpg,2,0.34614643545279383,0.012524084778420038,0.09662813102119461,1
./datasets/Organised/20260306-handFlying-2/276457214.jpg,0,0.7653179190751445,0.007129094412331407,0.04277456647398844,1
./datasets/Organised/20260306-handFlying-2/276457214.jpg,1,0.7578998073217726,0.014450867052023121,0.08795761078998073,1
./datasets/Organised/20260306-handFlying-2/276457214.jpg,2,0.308766859344894,0.01628131021194605,0.1105009633911368,1
./datasets/Organised/20260306-handFlying-2/276590558.jpg,0,0.7653179190751445,0.004431599229287091,0.03574181117533719,1
./datasets/Organised/20260306-handFlying-2/276590558.jpg,1,0.8259152215799614,0.010115606936416185,0.07745664739884393,1
./datasets/Organised/20260306-handFlying-2/276590558.jpg,2,0.19238921001926781,0.013102119460500963,0.10279383429672447,1
./datasets/Organised/20260306-handFlying-2/276757214.jpg,0,0.7498073217726396,0.0037572254335260114,0.02138728323699422,1
./datasets/Organised/20260306-handFlying-2/276757214.jpg,1,0.8051059730250482,0.009826589595375723,0.06560693641618497,1
./datasets/Organised/20260306-handFlying-2/276757214.jpg,2,0.1834296724470135,0.013776493256262042,0.11184971098265896,1
./datasets/Organised/20260306-handFlying-2/276857213.jpg,0,0.7146435452793835,0.004335260115606936,0.023314065510597302,1
./datasets/Organised/20260306-handFlying-2/276857213.jpg,1,0.6763969171483623,0.008959537572254336,0.06579961464354528,1
./datasets/Organised/20260306-handFlying-2/276857213.jpg,2,0.19296724470134874,0.014450867052023121,0.10394990366088631,1
./datasets/Organised/20260306-handFlying-2/277023883.jpg,0,0.6523121387283237,0.007321772639691715,0.05202312138728324,1
./datasets/Organised/20260306-handFlying-2/277023883.jpg,1,0.8273603082851638,0.005876685934489403,0.035452793834296725,1
./datasets/Organised/20260306-handFlying-2/277023883.jpg,2,0.22726396917148362,0.01907514450867052,0.15115606936416184,1
./datasets/Organised/20260306-handFlying-2/277157228.jpg,0,0.7786127167630058,0.004431599229287091,0.0394990366088632,1
./datasets/Organised/20260306-handFlying-2/277157228.jpg,1,0.9214836223506744,0.003468208092485549,0.02745664739884393,1
./datasets/Organised/20260306-handFlying-2/277157228.jpg,2,0.28901734104046245,0.01763005780346821,0.14836223506743737,1
./datasets/Organised/20260306-handFlying-2/277323883.jpg,0,0.9187861271676301,0.00510597302504817,0.0394990366088632,1
./datasets/Organised/20260306-handFlying-2/277323883.jpg,1,0.7943159922928709,0.005876685934489403,0.05394990366088632,1
./datasets/Organised/20260306-handFlying-2/277323883.jpg,2,0.7923892100192679,0.00510597302504817,0.042967244701348745,1
./datasets/Organised/20260306-handFlying-2/277457210.jpg,0,0.9232177263969171,0.005202312138728324,0.0489402697495183,1
./datasets/Organised/20260306-handFlying-2/277457210.jpg,1,0.991907514450867,0.002119460500963391,0.020134874759152217,1
./datasets/Organised/20260306-handFlying-2/277457210.jpg,2,0.5420038535645472,0.004816955684007707,0.038053949903660886,1
./datasets/Organised/20260306-handFlying-2/277623871.jpg,0,0.9272639691714836,0.007707129094412331,0.06859344894026975,1
./datasets/Organised/20260306-handFlying-2/277623871.jpg,1,0.9779383429672447,0.002601156069364162,0.03044315992292871,1
./datasets/Organised/20260306-handFlying-2/277623871.jpg,2,0.7177263969171483,0.0052986512524084775,0.04682080924855491,1
./datasets/Organised/20260306-handFlying-2/277723886.jpg,0,0.9313102119460501,0.006551059730250481,0.06618497109826589,1
./datasets/Organised/20260306-handFlying-2/277723886.jpg,1,0.9773603082851637,0.0038535645472061657,0.04441233140655106,1
./datasets/Organised/20260306-handFlying-2/277723886.jpg,2,0.7739884393063584,0.005009633911368015,0.041425818882466284,1
./datasets/Organised/20260306-handFlying-2/277890534.jpg,0,0.928131021194605,0.0068400770712909445,0.06618497109826589,1
./datasets/Organised/20260306-handFlying-2/277890534.jpg,1,0.9696531791907514,0.0060693641618497106,0.05635838150289017,1
./datasets/Organised/20260306-handFlying-2/277890534.jpg,2,0.8312138728323699,0.006551059730250481,0.04971098265895954,1
./datasets/Organised/20260306-handFlying-2/278023867.jpg,0,0.9141618497109827,0.007707129094412331,0.07109826589595376,1
./datasets/Organised/20260306-handFlying-2/278023867.jpg,1,0.9800578034682081,0.004238921001926782,0.039595375722543354,1
./datasets/Organised/20260306-handFlying-2/278023867.jpg,2,0.7931599229287091,0.006551059730250481,0.05558766859344894,1
./datasets/Organised/20260306-handFlying-2/278157198.jpg,0,0.8097302504816956,0.010115606936416185,0.08805394990366089,1
./datasets/Organised/20260306-handFlying-2/278157198.jpg,1,0.9787090558766859,0.0035645472061657034,0.03815028901734104,1
./datasets/Organised/20260306-handFlying-2/278157198.jpg,2,0.8428709055876686,0.0064547206165703275,0.051445086705202314,1
./datasets/Organised/20260306-handFlying-2/278290539.jpg,0,0.8789980732177264,0.006551059730250481,0.06348747591522158,1
./datasets/Organised/20260306-handFlying-2/278290539.jpg,1,0.965606936416185,0.005394990366088632,0.05346820809248555,1
./datasets/Organised/20260306-handFlying-2/278290539.jpg,2,0.9433526011560693,0.002601156069364162,0.029190751445086704,1
./datasets/Organised/20260306-handFlying-2/278457204.jpg,0,0.8834296724470135,0.008477842003853564,0.09026974951830444,1
./datasets/Organised/20260306-handFlying-2/278457204.jpg,1,0.9616570327552987,0.0072254335260115606,0.06647398843930635,1
./datasets/Organised/20260306-handFlying-2/278457204.jpg,2,0.9461464354527939,0.004238921001926782,0.04605009633911368,1
./datasets/Organised/20260306-handFlying-2/278590540.jpg,0,0.886897880539499,0.010500963391136802,0.08882466281310213,1
./datasets/Organised/20260306-handFlying-2/278590540.jpg,1,0.9485549132947977,0.009152215799614644,0.08314065510597303,1
./datasets/Organised/20260306-handFlying-2/278590540.jpg,2,0.9120423892100192,0.005973025048169557,0.060789980732177264,1
./datasets/Organised/20260306-handFlying-2/278723874.jpg,0,0.8766859344894027,0.010404624277456647,0.09499036608863198,1
./datasets/Organised/20260306-handFlying-2/278723874.jpg,1,0.9446050096339114,0.01021194605009634,0.08477842003853564,1
./datasets/Organised/20260306-handFlying-2/278723874.jpg,2,0.8809248554913295,0.007129094412331407,0.07023121387283238,1
./datasets/Organised/20260306-handFlying-2/278857195.jpg,0,0.8823699421965318,0.010886319845857417,0.09691714836223507,1
./datasets/Organised/20260306-handFlying-2/278857195.jpg,1,0.9339113680154143,0.009152215799614644,0.09267822736030829,1
./datasets/Organised/20260306-handFlying-2/278857195.jpg,2,0.8715799614643546,0.007418111753371869,0.07967244701348748,1
./datasets/Organised/20260306-handFlying-2/279023868.jpg,0,0.8875722543352601,0.010886319845857417,0.08805394990366089,1
./datasets/Organised/20260306-handFlying-2/279023868.jpg,1,0.9551059730250482,0.007032755298651252,0.06396917148362236,1
./datasets/Organised/20260306-handFlying-2/279023868.jpg,2,0.8498073217726397,0.008285163776493257,0.06907514450867051,1
./datasets/Organised/20260306-handFlying-2/279157214.jpg,0,0.8692678227360309,0.012138728323699421,0.10105973025048169,1
./datasets/Organised/20260306-handFlying-2/279157214.jpg,1,0.9511560693641619,0.007418111753371869,0.06772639691714837,1
./datasets/Organised/20260306-handFlying-2/279157214.jpg,2,0.8397880539499036,0.008188824662813102,0.07109826589595376,1
./datasets/Organised/20260306-handFlying-2/279290530.jpg,0,0.9115606936416185,0.009152215799614644,0.08294797687861272,1
./datasets/Organised/20260306-handFlying-2/279290530.jpg,1,0.9499036608863198,0.00838150289017341,0.07572254335260116,1
./datasets/Organised/20260306-handFlying-2/279290530.jpg,2,0.8223506743737957,0.009633911368015413,0.08265895953757225,1
./datasets/Organised/20260306-handFlying-2/279423857.jpg,0,0.9304431599229287,0.009248554913294798,0.09036608863198459,1
./datasets/Organised/20260306-handFlying-2/279423857.jpg,1,0.9454720616570328,0.007514450867052023,0.07533718689788053,1
./datasets/Organised/20260306-handFlying-2/279423857.jpg,2,0.8286127167630057,0.008670520231213872,0.0788053949903661,1
./datasets/Organised/20260306-handFlying-2/279557235.jpg,0,0.9440269749518304,0.007803468208092485,0.0788053949903661,1
./datasets/Organised/20260306-handFlying-2/279557235.jpg,1,0.9584778420038536,0.006262042389210019,0.06059730250481696,1
./datasets/Organised/20260306-handFlying-2/279557235.jpg,2,0.9035645472061657,0.004624277456647399,0.04518304431599229,1
./datasets/Organised/20260306-handFlying-2/279690525.jpg,0,0.8775529865125241,0.012138728323699421,0.10597302504816955,1
./datasets/Organised/20260306-handFlying-2/279690525.jpg,1,0.9540462427745665,0.004624277456647399,0.04720616570327553,1
./datasets/Organised/20260306-handFlying-2/279690525.jpg,2,0.9129094412331407,0.006358381502890174,0.0579961464354528,1
./datasets/Organised/20260306-handFlying-2/279857186.jpg,0,0.8686897880539499,0.014258188824662813,0.1163776493256262,1
./datasets/Organised/20260306-handFlying-2/279857186.jpg,1,0.9446050096339114,0.007129094412331407,0.06936416184971098,1
./datasets/Organised/20260306-handFlying-2/279857186.jpg,2,0.9491329479768786,0.004431599229287091,0.044026974951830444,1
./datasets/Organised/20260306-handFlying-2/279990522.jpg,0,0.9038535645472061,0.009826589595375723,0.09768786127167631,1
./datasets/Organised/20260306-handFlying-2/279990522.jpg,1,0.9466281310211946,0.0072254335260115606,0.05953757225433526,1
./datasets/Organised/20260306-handFlying-2/279990522.jpg,2,0.9397880539499036,0.006358381502890174,0.05645472061657033,1
./datasets/Organised/20260306-handFlying-2/280123858.jpg,0,0.936223506743738,0.005876685934489403,0.07186897880539499,1
./datasets/Organised/20260306-handFlying-2/280123858.jpg,1,0.9686897880539499,0.004720616570327553,0.05115606936416185,1
./datasets/Organised/20260306-handFlying-2/280123858.jpg,2,0.9202312138728324,0.006262042389210019,0.06454720616570328,1
./datasets/Organised/20260306-handFlying-2/280257185.jpg,0,0.8535645472061657,0.010115606936416185,0.08477842003853564,1
./datasets/Organised/20260306-handFlying-2/280257185.jpg,1,0.9428709055876686,0.008766859344894027,0.09094412331406551,1
./datasets/Organised/20260306-handFlying-2/280257185.jpg,2,0.9130057803468208,0.007996146435452794,0.06657032755298652,1
./datasets/Organised/20260306-handFlying-2/280423849.jpg,0,0.8461464354527939,0.009922928709055878,0.07957610789980732,1
./datasets/Organised/20260306-handFlying-2/280423849.jpg,1,0.9408477842003854,0.009441233140655106,0.08448940269749518,1
./datasets/Organised/20260306-handFlying-2/280423849.jpg,2,0.8905587668593449,0.009922928709055878,0.08853564547206166,1
./datasets/Organised/20260306-handFlying-2/280557223.jpg,0,0.9145472061657033,0.009055876685934489,0.07755298651252408,1
./datasets/Organised/20260306-handFlying-2/280557223.jpg,1,0.9511560693641619,0.007129094412331407,0.0754335260115607,1
./datasets/Organised/20260306-handFlying-2/280557223.jpg,2,0.8552023121387283,0.00953757225433526,0.08747591522157996,1
./datasets/Organised/20260306-handFlying-2/280723848.jpg,0,0.8834296724470135,0.009826589595375723,0.0848747591522158,1
./datasets/Organised/20260306-handFlying-2/280723848.jpg,1,0.9377649325626204,0.009633911368015413,0.08988439306358381,1
./datasets/Organised/20260306-handFlying-2/280723848.jpg,2,0.8455684007707129,0.009055876685934489,0.07832369942196532,1
./datasets/Organised/20260306-handFlying-2/280857183.jpg,0,0.7858381502890174,0.012427745664739885,0.08998073217726398,1
./datasets/Organised/20260306-handFlying-2/280857183.jpg,1,0.9136801541425819,0.009922928709055878,0.10048169556840077,1
./datasets/Organised/20260306-handFlying-2/280857183.jpg,2,0.838150289017341,0.01021194605009634,0.08660886319845858,1
./datasets/Organised/20260306-handFlying-2/281023849.jpg,0,0.8133911368015414,0.011368015414258189,0.08468208092485549,1
./datasets/Organised/20260306-handFlying-2/281023849.jpg,1,0.8821772639691715,0.01233140655105973,0.11926782273603083,1
./datasets/Organised/20260306-handFlying-2/281023849.jpg,2,0.8436416184971098,0.011271676300578034,0.09884393063583816,1
./datasets/Organised/20260306-handFlying-2/281157177.jpg,0,0.8804431599229288,0.009248554913294798,0.07148362235067438,1
./datasets/Organised/20260306-handFlying-2/281157177.jpg,1,0.855684007707129,0.01599229287090559,0.12408477842003854,1
./datasets/Organised/20260306-handFlying-2/281157177.jpg,2,0.8215799614643545,0.011753371868978806,0.10183044315992293,1
./datasets/Organised/20260306-handFlying-2/281323877.jpg,0,0.9177263969171484,0.009152215799614644,0.07986512524084778,1
./datasets/Organised/20260306-handFlying-2/281323877.jpg,1,0.8299614643545279,0.014739884393063583,0.13208092485549133,1
./datasets/Organised/20260306-handFlying-2/281323877.jpg,2,0.7616570327552986,0.01676300578034682,0.13246628131021196,1
./datasets/Organised/20260306-handFlying-2/281457178.jpg,0,0.9596339113680155,0.0052986512524084775,0.05260115606936416,1
./datasets/Organised/20260306-handFlying-2/281457178.jpg,1,0.7651252408477842,0.0151252408477842,0.12851637764932564,1
./datasets/Organised/20260306-handFlying-2/281457178.jpg,2,0.7994219653179191,0.014547206165703276,0.13342967244701348,1
./datasets/Organised/20260306-handFlying-2/281623840.jpg,0,0.9727360308285163,0.0027938342967244703,0.03188824662813102,1
./datasets/Organised/20260306-handFlying-2/281623840.jpg,1,0.8194605009633912,0.01069364161849711,0.0953757225433526,1
./datasets/Organised/20260306-handFlying-2/281623840.jpg,2,0.8216763005780346,0.013294797687861272,0.1352601156069364,1
./datasets/Organised/20260306-handFlying-2/281757174.jpg,0,0.6499036608863199,0.00394990366088632,0.04277456647398844,1
./datasets/Organised/20260306-handFlying-2/281757174.jpg,1,0.8869942196531792,0.008477842003853564,0.06936416184971098,1
./datasets/Organised/20260306-handFlying-2/281757174.jpg,2,0.8164739884393064,0.012620423892100193,0.1313102119460501,1
./datasets/Organised/20260306-handFlying-2/281890509.jpg,0,0.6160886319845857,0.004142581888246628,0.03391136801541426,1
./datasets/Organised/20260306-handFlying-2/281890509.jpg,1,0.965606936416185,0.004913294797687861,0.04836223506743738,1
./datasets/Organised/20260306-handFlying-2/281890509.jpg,2,0.7910404624277456,0.013776493256262042,0.11946050096339114,1
./datasets/Organised/20260306-handFlying-2/282057217.jpg,0,0.886223506743738,0.005973025048169557,0.04210019267822736,1
./datasets/Organised/20260306-handFlying-2/282057217.jpg,1,0.829383429672447,0.005876685934489403,0.05751445086705202,1
./datasets/Organised/20260306-handFlying-2/282057217.jpg,2,0.8151252408477841,0.01001926782273603,0.09508670520231213,1
./datasets/Organised/20260306-handFlying-2/282223839.jpg,0,0.6320809248554913,0.01233140655105973,0.06878612716763005,1
./datasets/Organised/20260306-handFlying-2/282223839.jpg,1,0.653179190751445,0.00394990366088632,0.025529865125240848,1
./datasets/Organised/20260306-handFlying-2/282223839.jpg,2,0.8588631984585742,0.009248554913294798,0.0804431599229287,1
./datasets/Organised/20260306-handFlying-2/282357174.jpg,0,0.6014450867052024,0.013102119460500963,0.08208092485549133,1
./datasets/Organised/20260306-handFlying-2/282357174.jpg,1,0.9862235067437379,0.0007707129094412332,0.010115606936416185,0
./datasets/Organised/20260306-handFlying-2/282357174.jpg,2,0.6611753371868979,0.008574181117533719,0.07071290944123314,1
./datasets/Organised/20260306-handFlying-2/282523831.jpg,0,0.5499036608863198,0.013872832369942197,0.08535645472061656,1
./datasets/Organised/20260306-handFlying-2/282523831.jpg,1,0.9657032755298651,0.002890173410404624,0.02533718689788054,1
./datasets/Organised/20260306-handFlying-2/282523831.jpg,2,0.6488439306358381,0.004335260115606936,0.042967244701348745,1
./datasets/Organised/20260306-handFlying-2/282657165.jpg,0,0.7191714836223507,0.009922928709055878,0.0630057803468208,1
./datasets/Organised/20260306-handFlying-2/282657165.jpg,1,0.9738921001926782,0.0019267822736030828,0.021965317919075144,1
./datasets/Organised/20260306-handFlying-2/282657165.jpg,2,0.6671483622350675,0.00394990366088632,0.04344894026974952,1
./datasets/Organised/20260306-handFlying-2/282790502.jpg,0,0.7597302504816956,0.008863198458574181,0.06194605009633911,1
./datasets/Organised/20260306-handFlying-2/282790502.jpg,1,0.9776493256262042,0.0025048169556840076,0.021001926782273604,1
./datasets/Organised/20260306-handFlying-2/282790502.jpg,2,0.6954720616570328,0.004046242774566474,0.036127167630057806,1
./datasets/Organised/20260306-handFlying-2/282923846.jpg,0,0.7133911368015414,0.008766859344894027,0.06445086705202312,1
./datasets/Organised/20260306-handFlying-2/282923846.jpg,1,0.9590558766859345,0.004431599229287091,0.03815028901734104,1
./datasets/Organised/20260306-handFlying-2/282923846.jpg,2,0.6888246628131022,0.005587668593448941,0.04865125240847784,1
./datasets/Organised/20260306-handFlying-2/283090494.jpg,0,0.6822736030828517,0.008574181117533719,0.05433526011560694,1
./datasets/Organised/20260306-handFlying-2/283090494.jpg,1,0.9410404624277456,0.007129094412331407,0.05423892100192678,1
./datasets/Organised/20260306-handFlying-2/283090494.jpg,2,0.6770712909441233,0.005394990366088632,0.04518304431599229,1
./datasets/Organised/20260306-handFlying-2/283223838.jpg,0,0.7447976878612717,0.006936416184971098,0.04335260115606936,1
./datasets/Organised/20260306-handFlying-2/283223838.jpg,1,0.9703275529865125,0.0025048169556840076,0.029479768786127167,1
./datasets/Organised/20260306-handFlying-2/283223838.jpg,2,0.6686897880539499,0.005973025048169557,0.05250481695568401,1
./datasets/Organised/20260306-handFlying-2/283357162.jpg,0,0.7177263969171483,0.0076107899807321775,0.05635838150289017,1
./datasets/Organised/20260306-handFlying-2/283357162.jpg,1,0.9763969171483622,0.0029865125240847784,0.02842003853564547,1
./datasets/Organised/20260306-handFlying-2/283357162.jpg,2,0.6909441233140655,0.005394990366088632,0.05443159922928709,1
./datasets/Organised/20260306-handFlying-2/283490496.jpg,0,0.618111753371869,0.008477842003853564,0.05655105973025048,1
./datasets/Organised/20260306-handFlying-2/283490496.jpg,1,0.933140655105973,0.0052986512524084775,0.04450867052023121,1
./datasets/Organised/20260306-handFlying-2/283490496.jpg,2,0.6896917148362235,0.006165703275529865,0.05635838150289017,1
./datasets/Organised/20260306-handFlying-2/283657180.jpg,0,0.524373795761079,0.010597302504816955,0.05578034682080925,1
./datasets/Organised/20260306-handFlying-2/283657180.jpg,1,0.7953757225433526,0.009248554913294798,0.06714836223506744,1
./datasets/Organised/20260306-handFlying-2/283657180.jpg,2,0.6245664739884393,0.006936416184971098,0.055973025048169554,1
./datasets/Organised/20260306-handFlying-2/283790494.jpg,0,0.5603082851637765,0.008092485549132947,0.043641618497109826,1
./datasets/Organised/20260306-handFlying-2/283790494.jpg,1,0.8170520231213872,0.007707129094412331,0.06117533718689788,1
./datasets/Organised/20260306-handFlying-2/283790494.jpg,2,0.6067437379576108,0.007803468208092485,0.06917148362235068,1
./datasets/Organised/20260306-handFlying-2/283923824.jpg,0,0.6197495183044316,0.007129094412331407,0.05317919075144509,1
./datasets/Organised/20260306-handFlying-2/283923824.jpg,1,0.8847784200385357,0.00838150289017341,0.05452793834296724,1
./datasets/Organised/20260306-handFlying-2/283923824.jpg,2,0.6257225433526011,0.0068400770712909445,0.060789980732177264,1
./datasets/Organised/20260306-handFlying-2/284090877.jpg,0,0.5101156069364162,0.006551059730250481,0.04325626204238921,1
./datasets/Organised/20260306-handFlying-2/284090877.jpg,1,0.7470134874759152,0.00953757225433526,0.07947976878612717,1
./datasets/Organised/20260306-handFlying-2/284090877.jpg,2,0.5710982658959538,0.008959537572254336,0.07552986512524085,1
./datasets/Organised/20260306-handFlying-2/284290491.jpg,0,0.3586705202312139,0.0068400770712909445,0.047013487475915224,1
./datasets/Organised/20260306-handFlying-2/284290491.jpg,1,0.6099229287090558,0.008477842003853564,0.07504816955684007,1
./datasets/Organised/20260306-handFlying-2/284290491.jpg,2,0.49903660886319845,0.010404624277456647,0.07755298651252408,1
./datasets/Organised/20260306-handFlying-2/284423817.jpg,0,0.38246628131021193,0.0068400770712909445,0.04508670520231214,1
./datasets/Organised/20260306-handFlying-2/284423817.jpg,1,0.6252408477842004,0.011946050096339113,0.08227360308285164,1
./datasets/Organised/20260306-handFlying-2/284423817.jpg,2,0.5095375722543353,0.010982658959537572,0.08497109826589595,1
./datasets/Organised/20260306-handFlying-2/284590491.jpg,0,0.3567437379576108,0.007707129094412331,0.05375722543352601,1
./datasets/Organised/20260306-handFlying-2/284590491.jpg,1,0.6637764932562621,0.01233140655105973,0.08217726396917148,1
./datasets/Organised/20260306-handFlying-2/284590491.jpg,2,0.5300578034682081,0.009344894026974951,0.08689788053949904,1
./datasets/Organised/20260306-handFlying-2/284723824.jpg,0,0.41184971098265893,0.0076107899807321775,0.046628131021194605,1
./datasets/Organised/20260306-handFlying-2/284723824.jpg,1,0.7870905587668593,0.010597302504816955,0.07032755298651253,1
./datasets/Organised/20260306-handFlying-2/284723824.jpg,2,0.6013487475915221,0.008863198458574181,0.07552986512524085,1
./datasets/Organised/20260306-handFlying-2/284857153.jpg,0,0.39710982658959537,0.009826589595375723,0.05086705202312139,1
./datasets/Organised/20260306-handFlying-2/284857153.jpg,1,0.7897880539499037,0.011849710982658959,0.08265895953757225,1
./datasets/Organised/20260306-handFlying-2/284857153.jpg,2,0.5973025048169557,0.007996146435452794,0.08188824662813102,1
./datasets/Organised/20260306-handFlying-2/285090487.jpg,0,0.4008670520231214,0.007129094412331407,0.04576107899807322,1
./datasets/Organised/20260306-handFlying-2/285090487.jpg,1,0.8657032755298651,0.01021194605009634,0.07475915221579961,1
./datasets/Organised/20260306-handFlying-2/285090487.jpg,2,0.7138728323699421,0.007996146435452794,0.08073217726396917,1
./datasets/Organised/20260306-handFlying-2/285257166.jpg,0,0.3932562620423892,0.008188824662813102,0.05048169556840077,1
./datasets/Organised/20260306-handFlying-2/285257166.jpg,1,0.8696531791907515,0.009344894026974951,0.06878612716763005,1
./datasets/Organised/20260306-handFlying-2/285257166.jpg,2,0.7423892100192678,0.007032755298651252,0.0800578034682081,1
./datasets/Organised/20260306-handFlying-2/285390484.jpg,0,0.36897880539499034,0.007996146435452794,0.0523121387283237,1
./datasets/Organised/20260306-handFlying-2/285390484.jpg,1,0.8817919075144509,0.009152215799614644,0.0628131021194605,1
./datasets/Organised/20260306-handFlying-2/285390484.jpg,2,0.7764932562620424,0.00789980732177264,0.07658959537572255,1
./datasets/Organised/20260306-handFlying-2/285590480.jpg,0,0.3064547206165703,0.00838150289017341,0.051541425818882464,1
./datasets/Organised/20260306-handFlying-2/285590480.jpg,1,0.7238921001926782,0.008959537572254336,0.06522157996146435,1
./datasets/Organised/20260306-handFlying-2/285590480.jpg,2,0.8505780346820809,0.009441233140655106,0.08969171483622351,1
./datasets/Organised/20260306-handFlying-2/285723821.jpg,0,0.2549132947976879,0.007707129094412331,0.049903660886319846,1
./datasets/Organised/20260306-handFlying-2/285723821.jpg,1,0.6683044315992293,0.008574181117533719,0.07090558766859345,1
./datasets/Organised/20260306-handFlying-2/285723821.jpg,2,0.8864161849710983,0.008670520231213872,0.07244701348747591,1
./datasets/Organised/20260306-handFlying-2/285890484.jpg,0,0.19961464354527939,0.006647398843930636,0.04325626204238921,1
./datasets/Organised/20260306-handFlying-2/285890484.jpg,1,0.6979768786127167,0.009633911368015413,0.07813102119460501,1
./datasets/Organised/20260306-handFlying-2/285890484.jpg,2,0.8746628131021195,0.009055876685934489,0.0882466281310212,1
./datasets/Organised/20260306-handFlying-2/286057154.jpg,0,0.11608863198458574,0.005973025048169557,0.048458574181117535,1
./datasets/Organised/20260306-handFlying-2/286057154.jpg,1,0.5479768786127167,0.007514450867052023,0.07032755298651253,1
./datasets/Organised/20260306-handFlying-2/286057154.jpg,2,0.6971098265895954,0.01069364161849711,0.07813102119460501,1
./datasets/Organised/20260306-handFlying-2/286224193.jpg,0,0.10491329479768786,0.006647398843930636,0.051734104046242776,1
./datasets/Organised/20260306-handFlying-2/286224193.jpg,1,0.6491329479768786,0.01021194605009634,0.07870905587668593,1
./datasets/Organised/20260306-handFlying-2/286224193.jpg,2,0.5526974951830443,0.008285163776493257,0.06165703275529865,1
./datasets/Organised/20260306-handFlying-2/286357141.jpg,0,0.3046242774566474,0.005780346820809248,0.046242774566473986,1
./datasets/Organised/20260306-handFlying-2/286357141.jpg,1,0.8490366088631984,0.007418111753371869,0.06377649325626204,1
./datasets/Organised/20260306-handFlying-2/286357141.jpg,2,0.7553949903660886,0.008670520231213872,0.09065510597302505,1
./datasets/Organised/20260306-handFlying-2/286523807.jpg,0,0.3106936416184971,0.0128131021194605,0.08834296724470135,1
./datasets/Organised/20260306-handFlying-2/286523807.jpg,1,0.7778420038535645,0.007032755298651252,0.05626204238921002,1
./datasets/Organised/20260306-handFlying-2/286523807.jpg,2,0.8350674373795761,0.013583815028901734,0.1405587668593449,1
./datasets/Organised/20260306-handFlying-2/286657133.jpg,0,0.1176300578034682,0.004238921001926782,0.03342967244701349,1
./datasets/Organised/20260306-handFlying-2/286657133.jpg,1,0.5651252408477841,0.0076107899807321775,0.06589595375722543,1
./datasets/Organised/20260306-handFlying-2/286657133.jpg,2,0.5275529865125241,0.020134874759152217,0.15404624277456647,1
./datasets/Organised/20260306-handFlying-2/286790464.jpg,0,0.124373795761079,0.004431599229287091,0.040269749518304435,1
./datasets/Organised/20260306-handFlying-2/286790464.jpg,1,0.4850674373795761,0.009922928709055878,0.09104046242774566,1
./datasets/Organised/20260306-handFlying-2/286790464.jpg,2,0.2464354527938343,0.0151252408477842,0.11676300578034682,1
./datasets/Organised/20260306-handFlying-2/287157772.jpg,0,0.39335260115606935,0.009055876685934489,0.06878612716763005,1
./datasets/Organised/20260306-handFlying-2/287157772.jpg,1,0.3623314065510597,0.01705202312138728,0.1325626204238921,1
./datasets/Organised/20260306-handFlying-2/287157772.jpg,2,0.1172447013487476,0.010886319845857417,0.0802504816955684,1
./datasets/Organised/20260306-handFlying-2/287690999.jpg,0,0.36628131021194604,0.007996146435452794,0.062235067437379575,1
./datasets/Organised/20260306-handFlying-2/287690999.jpg,1,0.21782273603082852,0.012524084778420038,0.10414258188824663,1
./datasets/Organised/20260306-handFlying-2/287690999.jpg,2,0.03526011560693642,0.0064547206165703275,0.05500963391136802,0
./datasets/Organised/20260306-handFlying-2/288157160.jpg,0,0.488728323699422,0.007129094412331407,0.06493256262042389,1
./datasets/Organised/20260306-handFlying-2/288157160.jpg,1,0.2567437379576108,0.013102119460500963,0.10992292870905587,1
./datasets/Organised/20260306-handFlying-2/288157160.jpg,2,0.03564547206165703,0.007129094412331407,0.04499036608863199,0
./datasets/Organised/20260306-handFlying-2/288690985.jpg,0,0.03198458574181118,0.004142581888246628,0.03265895953757225,0
./datasets/Organised/20260306-handFlying-2/288690985.jpg,1,0.030346820809248554,0.0060693641618497106,0.047784200385356454,0
./datasets/Organised/20260306-handFlying-2/288690985.jpg,2,0.022736030828516378,0.00510597302504817,0.0371868978805395,0
./datasets/Organised/20260306-handFlying-2/289190978.jpg,0,0.036223506743737956,0.003371868978805395,0.032177263969171484,0
./datasets/Organised/20260306-handFlying-2/289190978.jpg,1,0.022736030828516378,0.004335260115606936,0.03516377649325626,0
./datasets/Organised/20260306-handFlying-2/289190978.jpg,2,0.019653179190751446,0.004335260115606936,0.03420038535645472,0
./datasets/Organised/20260306-handFlying-2/289724189.jpg,0,0.3585741811175337,0.0035645472061657034,0.02842003853564547,1
./datasets/Organised/20260306-handFlying-2/289724189.jpg,1,0.04749518304431599,0.0052986512524084775,0.04393063583815029,0
./datasets/Organised/20260306-handFlying-2/289724189.jpg,2,0.02447013487475915,0.0045279383429672445,0.028709055876685933,0
./datasets/Organised/20260306-handFlying-2/290224183.jpg,0,0.5097302504816956,0.010115606936416185,0.07842003853564547,1
./datasets/Organised/20260306-handFlying-2/290224183.jpg,1,0.14258188824662812,0.011753371868978806,0.09402697495183045,1
./datasets/Organised/20260306-handFlying-2/290224183.jpg,2,0.024566473988439308,0.004913294797687861,0.03275529865125241,0
./datasets/Organised/20260306-handFlying-2/290724178.jpg,0,0.7921001926782274,0.012909441233140655,0.11666666666666667,1
./datasets/Organised/20260306-handFlying-2/290724178.jpg,1,0.061078998073217726,0.007996146435452794,0.06329479768786127,0
./datasets/Organised/20260306-handFlying-2/290724178.jpg,2,0.015317919075144508,0.003371868978805395,0.027071290944123316,0
./datasets/Organised/20260306-handFlying-2/291257408.jpg,0,0.4964354527938343,0.013583815028901734,0.10982658959537572,1
./datasets/Organised/20260306-handFlying-2/291257408.jpg,1,0.009922928709055878,0.0032755298651252407,0.022736030828516378,0
./datasets/Organised/20260306-handFlying-2/291257408.jpg,2,0.004431599229287091,0.000674373795761079,0.007129094412331407,0
./datasets/Organised/20260306-handFlying-2/291757394.jpg,0,0.6658959537572254,0.012524084778420038,0.11955684007707129,1
./datasets/Organised/20260306-handFlying-2/291757394.jpg,1,0.027938342967244702,0.004431599229287091,0.031791907514450865,0
./datasets/Organised/20260306-handFlying-2/291757394.jpg,2,0.01348747591522158,0.002697495183044316,0.02186897880539499,0
./datasets/Organised/20260306-handFlying-2/292257385.jpg,0,0.903757225433526,0.011753371868978806,0.1,1
./datasets/Organised/20260306-handFlying-2/292257385.jpg,1,0.3694605009633911,0.011946050096339113,0.11194605009633911,1
./datasets/Organised/20260306-handFlying-2/292257385.jpg,2,0.0289980732177264,0.0045279383429672445,0.03198458574181118,0
./datasets/Organised/20260306-handFlying-2/292790608.jpg,0,0.8503853564547206,0.009248554913294798,0.08179190751445087,1
./datasets/Organised/20260306-handFlying-2/292790608.jpg,1,0.15096339113680154,0.009826589595375723,0.08660886319845858,1
./datasets/Organised/20260306-handFlying-2/292790608.jpg,2,0.045857418111753374,0.008766859344894027,0.060308285163776496,0
./datasets/Organised/20260306-handFlying-2/293057085.jpg,0,0.8932562620423892,0.010597302504816955,0.09017341040462427,1
./datasets/Organised/20260306-handFlying-2/293057085.jpg,1,0.20192678227360308,0.011464354527938344,0.09990366088631984,1
./datasets/Organised/20260306-handFlying-2/293057085.jpg,2,0.018208092485549134,0.0037572254335260114,0.028901734104046242,0
./datasets/Organised/20260306-handFlying-2/293223767.jpg,0,0.8880539499036609,0.00838150289017341,0.08853564547206166,1
./datasets/Organised/20260306-handFlying-2/293223767.jpg,1,0.18053949903660887,0.011657032755298651,0.0953757225433526,1
./datasets/Organised/20260306-handFlying-2/293223767.jpg,2,0.02928709055876686,0.0056840077071290945,0.04354527938342967,0
./datasets/Organised/20260306-handFlying-2/40592474.jpg,0,0.8641618497109826,0.006262042389210019,0.04903660886319846,1
./datasets/Organised/20260306-handFlying-2/40592474.jpg,1,0.33439306358381504,0.0025048169556840076,0.02003853564547206,1
./datasets/Organised/20260306-handFlying-2/40592474.jpg,2,0.044026974951830444,0.009055876685934489,0.06339113680154143,0
./datasets/Organised/20260306-handFlying-2/40925758.jpg,0,0.9514450867052023,0.002890173410404624,0.028901734104046242,1
./datasets/Organised/20260306-handFlying-2/40925758.jpg,1,0.13622350674373795,0.0036608863198458576,0.0315028901734104,1
./datasets/Organised/20260306-handFlying-2/40925758.jpg,2,0.03333333333333333,0.008477842003853564,0.04951830443159923,0
./datasets/Organised/20260306-handFlying-2/41059080.jpg,0,0.9652215799614644,0.0045279383429672445,0.038439306358381505,1
./datasets/Organised/20260306-handFlying-2/41059080.jpg,1,0.059152215799614646,0.0052986512524084775,0.04123314065510597,0
./datasets/Organised/20260306-handFlying-2/41059080.jpg,2,0.024951830443159923,0.006165703275529865,0.04123314065510597,0
./datasets/Organised/20260306-handFlying-2/41225745.jpg,0,0.9009633911368016,0.005587668593448941,0.0325626204238921,1
./datasets/Organised/20260306-handFlying-2/41225745.jpg,1,0.05260115606936416,0.006551059730250481,0.04335260115606936,0
./datasets/Organised/20260306-handFlying-2/41225745.jpg,2,0.02119460500963391,0.006262042389210019,0.03998073217726397,0
./datasets/Organised/20260306-handFlying-2/41359087.jpg,0,0.8328516377649325,0.004046242774566474,0.031117533718689788,1
./datasets/Organised/20260306-handFlying-2/41359087.jpg,1,0.10173410404624278,0.00953757225433526,0.06329479768786127,1
./datasets/Organised/20260306-handFlying-2/41359087.jpg,2,0.023121387283236993,0.005394990366088632,0.041040462427745665,0
./datasets/Organised/20260306-handFlying-2/41492459.jpg,0,0.7488439306358381,0.0035645472061657034,0.02716763005780347,1
./datasets/Organised/20260306-handFlying-2/41492459.jpg,1,0.12909441233140656,0.009826589595375723,0.07947976878612717,1
./datasets/Organised/20260306-handFlying-2/41492459.jpg,2,0.022736030828516378,0.004816955684007707,0.03689788053949904,0
./datasets/Organised/20260306-handFlying-2/41625748.jpg,0,0.665606936416185,0.004046242774566474,0.034296724470134876,1
./datasets/Organised/20260306-handFlying-2/41625748.jpg,1,0.15269749518304432,0.011271676300578034,0.08333333333333333,1
./datasets/Organised/20260306-handFlying-2/41625748.jpg,2,0.013969171483622351,0.0038535645472061657,0.027071290944123316,0
./datasets/Organised/20260306-handFlying-2/41792420.jpg,0,0.3851637764932563,0.0022157996146435453,0.016377649325626204,1
./datasets/Organised/20260306-handFlying-2/41792420.jpg,1,0.2526011560693642,0.013391136801541427,0.10895953757225434,1
./datasets/Organised/20260306-handFlying-2/41792420.jpg,2,0.0197495183044316,0.00510597302504817,0.03314065510597303,0
./datasets/Organised/20260306-handFlying-2/41925769.jpg,0,0.10876685934489402,0.0064547206165703275,0.047398843930635835,1
./datasets/Organised/20260306-handFlying-2/41925769.jpg,1,0.34296724470134876,0.010115606936416185,0.08131021194605009,1
./datasets/Organised/20260306-handFlying-2/41925769.jpg,2,0.017822736030828516,0.003371868978805395,0.02581888246628131,0
./datasets/Organised/20260306-handFlying-2/42059084.jpg,0,0.06734104046242774,0.008863198458574181,0.06088631984585742,0
./datasets/Organised/20260306-handFlying-2/42059084.jpg,1,0.49200385356454723,0.013102119460500963,0.10847784200385356,1
./datasets/Organised/20260306-handFlying-2/42059084.jpg,2,0.019942196531791908,0.004913294797687861,0.03497109826589596,0
./datasets/Organised/20260306-handFlying-2/42192407.jpg,0,0.07755298651252408,0.009633911368015413,0.0653179190751445,0
./datasets/Organised/20260306-handFlying-2/42192407.jpg,1,0.5692678227360308,0.01579961464354528,0.12697495183044316,1
./datasets/Organised/20260306-handFlying-2/42192407.jpg,2,0.022639691714836225,0.0056840077071290945,0.04094412331406551,0
./datasets/Organised/20260306-handFlying-2/42325740.jpg,0,0.07273603082851637,0.010115606936416185,0.07090558766859345,0
./datasets/Organised/20260306-handFlying-2/42325740.jpg,1,0.6596339113680154,0.020905587668593448,0.1554913294797688,1
./datasets/Organised/20260306-handFlying-2/42325740.jpg,2,0.022447013487475916,0.006358381502890174,0.040655105973025046,0
./datasets/Organised/20260306-handFlying-2/42459081.jpg,0,0.21204238921001928,0.010308285163776493,0.06782273603082851,1
./datasets/Organised/20260306-handFlying-2/42459081.jpg,1,0.7401734104046243,0.014547206165703276,0.11377649325626205,1
./datasets/Organised/20260306-handFlying-2/42459081.jpg,2,0.020327552986512523,0.004913294797687861,0.041811175337186895,0
./datasets/Organised/20260306-handFlying-2/42625771.jpg,0,0.37967244701348746,0.009730250481695568,0.07013487475915221,1
./datasets/Organised/20260306-handFlying-2/42625771.jpg,1,0.7173410404624277,0.016377649325626204,0.11300578034682081,1
./datasets/Organised/20260306-handFlying-2/42625771.jpg,2,0.02302504816955684,0.005394990366088632,0.03709055876685934,0
./datasets/Organised/20260306-handFlying-2/42825731.jpg,0,0.4124277456647399,0.008863198458574181,0.06136801541425819,1
./datasets/Organised/20260306-handFlying-2/42825731.jpg,1,0.7473025048169557,0.013872832369942197,0.10770712909441234,1
./datasets/Organised/20260306-handFlying-2/42825731.jpg,2,0.017148362235067438,0.0045279383429672445,0.03005780346820809,0
./datasets/Organised/20260306-handFlying-2/42959076.jpg,0,0.38564547206165706,0.011078998073217727,0.06705202312138728,1
./datasets/Organised/20260306-handFlying-2/42959076.jpg,1,0.7577071290944123,0.01763005780346821,0.12784200385356453,1
./datasets/Organised/20260306-handFlying-2/42959076.jpg,2,0.022350674373795763,0.005394990366088632,0.043641618497109826,0
./datasets/Organised/20260306-handFlying-2/43092473.jpg,0,0.3802504816955684,0.007707129094412331,0.0571290944123314,1
./datasets/Organised/20260306-handFlying-2/43092473.jpg,1,0.786897880539499,0.01878612716763006,0.12639691714836224,1
./datasets/Organised/20260306-handFlying-2/43092473.jpg,2,0.019942196531791908,0.005009633911368015,0.03766859344894027,0
./datasets/Organised/20260306-handFlying-2/43225732.jpg,0,0.41021194605009637,0.007803468208092485,0.045857418111753374,1
./datasets/Organised/20260306-handFlying-2/43225732.jpg,1,0.7921001926782274,0.015895953757225433,0.11570327552986512,1
./datasets/Organised/20260306-handFlying-2/43225732.jpg,2,0.016377649325626204,0.004816955684007707,0.029576107899807323,0
./datasets/Organised/20260306-handFlying-2/43359074.jpg,0,0.5316955684007707,0.005491329479768786,0.03709055876685934,1
./datasets/Organised/20260306-handFlying-2/43359074.jpg,1,0.7665703275529865,0.012042389210019268,0.10337186897880539,1
./datasets/Organised/20260306-handFlying-2/43359074.jpg,2,0.017148362235067438,0.004238921001926782,0.031695568400770716,0
./datasets/Organised/20260306-handFlying-2/43525801.jpg,0,0.6319845857418112,0.008863198458574181,0.05828516377649326,1
./datasets/Organised/20260306-handFlying-2/43525801.jpg,1,0.75,0.011753371868978806,0.09884393063583816,1
./datasets/Organised/20260306-handFlying-2/43525801.jpg,2,0.017919075144508672,0.0056840077071290945,0.03516377649325626,0
./datasets/Organised/20260306-handFlying-2/43659059.jpg,0,0.7361271676300578,0.011271676300578034,0.07745664739884393,1
./datasets/Organised/20260306-handFlying-2/43659059.jpg,1,0.7158959537572255,0.015221579961464355,0.12235067437379576,1
./datasets/Organised/20260306-handFlying-2/43659059.jpg,2,0.02716763005780347,0.006262042389210019,0.04672447013487476,0
./datasets/Organised/20260306-handFlying-2/43825723.jpg,0,0.9639691714836224,0.0072254335260115606,0.04190751445086705,1
./datasets/Organised/20260306-handFlying-2/43825723.jpg,1,0.6785163776493256,0.01840077071290944,0.12967244701348749,1
./datasets/Organised/20260306-handFlying-2/43825723.jpg,2,0.02157996146435453,0.005587668593448941,0.03564547206165703,0
./datasets/Organised/20260306-handFlying-2/43959091.jpg,0,0.9863198458574182,0.004238921001926782,0.02697495183044316,1
./datasets/Organised/20260306-handFlying-2/43959091.jpg,1,0.630057803468208,0.017148362235067438,0.12408477842003854,1
./datasets/Organised/20260306-handFlying-2/43959091.jpg,2,0.01464354527938343,0.004238921001926782,0.033622350674373795,0
./datasets/Organised/20260306-handFlying-2/44092389.jpg,0,0.9811175337186898,0.004624277456647399,0.03275529865125241,1
./datasets/Organised/20260306-handFlying-2/44092389.jpg,1,0.619942196531792,0.01859344894026975,0.14132947976878613,1
./datasets/Organised/20260306-handFlying-2/44092389.jpg,2,0.023795761078998074,0.005009633911368015,0.039210019267822735,0
./datasets/Organised/20260306-handFlying-2/44259058.jpg,0,0.9884393063583815,0.0023121387283236996,0.022350674373795763,1
./datasets/Organised/20260306-handFlying-2/44259058.jpg,1,0.6760115606936417,0.018015414258188825,0.13208092485549133,1
./datasets/Organised/20260306-handFlying-2/44259058.jpg,2,0.019845857418111755,0.004720616570327553,0.03535645472061657,0
./datasets/Organised/20260306-handFlying-2/44392391.jpg,0,0.9894990366088632,0.002890173410404624,0.023603082851637765,1
./datasets/Organised/20260306-handFlying-2/44392391.jpg,1,0.7208092485549132,0.017533718689788053,0.1350674373795761,1
./datasets/Organised/20260306-handFlying-2/44392391.jpg,2,0.02254335260115607,0.004913294797687861,0.03901734104046243,0
./datasets/Organised/20260306-handFlying-2/44525720.jpg,0,0.9954720616570327,0.0027938342967244703,0.01907514450867052,1
./datasets/Organised/20260306-handFlying-2/44525720.jpg,1,0.7415221579961464,0.016088631984585742,0.1371868978805395,1
./datasets/Organised/20260306-handFlying-2/44525720.jpg,2,0.01676300578034682,0.004913294797687861,0.031021194605009635,0
./datasets/Organised/20260306-handFlying-2/44692381.jpg,0,0.9894990366088632,0.0038535645472061657,0.023699421965317918,1
./datasets/Organised/20260306-handFlying-2/44692381.jpg,1,0.7676300578034682,0.017726396917148363,0.13391136801541426,1
./datasets/Organised/20260306-handFlying-2/44692381.jpg,2,0.012524084778420038,0.0027938342967244703,0.02003853564547206,0
./datasets/Organised/20260306-handFlying-2/44825715.jpg,0,0.9820809248554914,0.007129094412331407,0.038535645472061654,1
./datasets/Organised/20260306-handFlying-2/44825715.jpg,1,0.7599229287090559,0.02138728323699422,0.1508670520231214,1
./datasets/Organised/20260306-handFlying-2/44825715.jpg,2,0.019460500963391136,0.0037572254335260114,0.028323699421965318,0
./datasets/Organised/20260306-handFlying-2/44992435.jpg,0,0.9859344894026975,0.004142581888246628,0.03371868978805395,1
./datasets/Organised/20260306-handFlying-2/44992435.jpg,1,0.7439306358381503,0.024566473988439308,0.16791907514450868,1
./datasets/Organised/20260306-handFlying-2/44992435.jpg,2,0.017726396917148363,0.0045279383429672445,0.03448940269749518,0
./datasets/Organised/20260306-handFlying-2/45125717.jpg,0,0.9907514450867052,0.0029865125240847784,0.026685934489402697,1
./datasets/Organised/20260306-handFlying-2/45125717.jpg,1,0.7992292870905587,0.016473988439306357,0.14605009633911367,1
./datasets/Organised/20260306-handFlying-2/45125717.jpg,2,0.020712909441233142,0.004335260115606936,0.03352601156069364,0
./datasets/Organised/20260306-handFlying-2/45292378.jpg,0,0.9943159922928709,0.001445086705202312,0.014836223506743738,0
./datasets/Organised/20260306-handFlying-2/45292378.jpg,1,0.9,0.01069364161849711,0.09210019267822736,1
./datasets/Organised/20260306-handFlying-2/45292378.jpg,2,0.05982658959537572,0.005009633911368015,0.027552986512524084,0
./datasets/Organised/20260306-handFlying-2/45425718.jpg,0,0.9953757225433526,0.0016377649325626203,0.015221579961464355,1
./datasets/Organised/20260306-handFlying-2/45425718.jpg,1,0.86878612716763,0.01069364161849711,0.09730250481695568,1
./datasets/Organised/20260306-handFlying-2/45425718.jpg,2,0.02447013487475915,0.0024084778420038534,0.02023121387283237,0
./datasets/Organised/20260306-handFlying-2/45592381.jpg,0,0.9232177263969171,0.008092485549132947,0.06849710982658959,1
./datasets/Organised/20260306-handFlying-2/45592381.jpg,1,0.7107899807321773,0.018304431599229287,0.1439306358381503,1
./datasets/Organised/20260306-handFlying-2/45592381.jpg,2,0.008188824662813102,0.0019267822736030828,0.012235067437379576,0
./datasets/Organised/20260306-handFlying-2/45725710.jpg,0,0.9221579961464355,0.00953757225433526,0.07861271676300578,1
./datasets/Organised/20260306-handFlying-2/45725710.jpg,1,0.6111753371868979,0.0197495183044316,0.13246628131021196,1
./datasets/Organised/20260306-handFlying-2/45725710.jpg,2,0.004238921001926782,0.0015414258188824663,0.008863198458574181,0
./datasets/Organised/20260306-handFlying-2/45892388.jpg,0,0.9305394990366088,0.00789980732177264,0.0605009633911368,1
./datasets/Organised/20260306-handFlying-2/45892388.jpg,1,0.7412331406551059,0.01599229287090559,0.12880539499036608,1
./datasets/Organised/20260306-handFlying-2/45892388.jpg,2,0.01069364161849711,0.0023121387283236996,0.013680154142581889,0
./datasets/Organised/20260306-handFlying-2/46025709.jpg,0,0.9929672447013488,0.0012524084778420038,0.013969171483622351,0
./datasets/Organised/20260306-handFlying-2/46025709.jpg,1,0.8971098265895954,0.010308285163776493,0.08391136801541425,1
./datasets/Organised/20260306-handFlying-2/46025709.jpg,2,0.0605009633911368,0.002890173410404624,0.022928709055876687,0
./datasets/Organised/20260306-handFlying-2/46192377.jpg,0,0.8980732177263969,0.002601156069364162,0.022447013487475916,1
./datasets/Organised/20260306-handFlying-2/46192377.jpg,1,0.9088631984585742,0.00953757225433526,0.08314065510597303,1
./datasets/Organised/20260306-handFlying-2/46192377.jpg,2,0.2491329479768786,0.007129094412331407,0.04759152215799615,1
./datasets/Organised/20260306-handFlying-2/46325704.jpg,0,0.761271676300578,0.010789980732177264,0.07533718689788053,1
./datasets/Organised/20260306-handFlying-2/46325704.jpg,1,0.8260115606936416,0.02138728323699422,0.14633911368015415,1
./datasets/Organised/20260306-handFlying-2/46325704.jpg,2,0.26290944123314064,0.012042389210019268,0.08728323699421965,1
./datasets/Organised/20260306-handFlying-2/46492390.jpg,0,0.876878612716763,0.0030828516377649326,0.02466281310211946,1
./datasets/Organised/20260306-handFlying-2/46492390.jpg,1,0.911849710982659,0.008188824662813102,0.0779383429672447,1
./datasets/Organised/20260306-handFlying-2/46492390.jpg,2,0.26445086705202314,0.007514450867052023,0.05616570327552987,1
./datasets/Organised/20260306-handFlying-2/46625723.jpg,0,0.9963391136801542,0.001445086705202312,0.011464354527938344,0
./datasets/Organised/20260306-handFlying-2/46625723.jpg,1,0.9121387283236995,0.010597302504816955,0.09171483622350675,1
./datasets/Organised/20260306-handFlying-2/46625723.jpg,2,0.12697495183044316,0.0038535645472061657,0.031021194605009635,1
./datasets/Organised/20260306-handFlying-2/46759030.jpg,0,0.992485549132948,0.0019267822736030828,0.02003853564547206,1
./datasets/Organised/20260306-handFlying-2/46759030.jpg,1,0.8555876685934489,0.012138728323699421,0.09633911368015415,1
./datasets/Organised/20260306-handFlying-2/46759030.jpg,2,0.03265895953757225,0.002601156069364162,0.0197495183044316,0
./datasets/Organised/20260306-handFlying-2/46925731.jpg,0,0.994412331406551,0.002023121387283237,0.020134874759152217,1
./datasets/Organised/20260306-handFlying-2/46925731.jpg,1,0.8688824662813102,0.012042389210019268,0.09393063583815028,1
./datasets/Organised/20260306-handFlying-2/46925731.jpg,2,0.026878612716763006,0.003179190751445087,0.021772639691714835,0
./datasets/Organised/20260306-handFlying-2/47059036.jpg,0,0.9935452793834296,0.002023121387283237,0.014739884393063583,1
./datasets/Organised/20260306-handFlying-2/47059036.jpg,1,0.8888246628131021,0.01021194605009634,0.08988439306358381,1
./datasets/Organised/20260306-handFlying-2/47059036.jpg,2,0.08699421965317919,0.00394990366088632,0.02996146435452794,0
./datasets/Organised/20260306-handFlying-2/47192366.jpg,0,0.9878612716763006,0.0038535645472061657,0.02813102119460501,1
./datasets/Organised/20260306-handFlying-2/47192366.jpg,1,0.8782273603082852,0.011946050096339113,0.10048169556840077,1
./datasets/Organised/20260306-handFlying-2/47192366.jpg,2,0.15134874759152217,0.004816955684007707,0.04797687861271676,1
./datasets/Organised/20260306-handFlying-2/47359041.jpg,0,0.988728323699422,0.0025048169556840076,0.027552986512524084,1
./datasets/Organised/20260306-handFlying-2/47359041.jpg,1,0.8590558766859345,0.015414258188824663,0.12071290944123314,1
./datasets/Organised/20260306-handFlying-2/47359041.jpg,2,0.06801541425818883,0.004624277456647399,0.0348747591522158,0
./datasets/Organised/20260306-handFlying-2/47492370.jpg,0,0.994412331406551,0.0019267822736030828,0.014932562620423893,1
./datasets/Organised/20260306-handFlying-2/47492370.jpg,1,0.8566473988439306,0.013102119460500963,0.11252408477842003,1
./datasets/Organised/20260306-handFlying-2/47492370.jpg,2,0.015510597302504817,0.003468208092485549,0.026685934489402697,0
./datasets/Organised/20260306-handFlying-2/47659041.jpg,0,0.9894026974951831,0.002119460500963391,0.022736030828516378,1
./datasets/Organised/20260306-handFlying-2/47659041.jpg,1,0.7334296724470135,0.015317919075144508,0.12235067437379576,1
./datasets/Organised/20260306-handFlying-2/47659041.jpg,2,0.01579961464354528,0.004335260115606936,0.029672447013487476,0
./datasets/Organised/20260306-handFlying-2/47792364.jpg,0,0.9891136801541426,0.0030828516377649326,0.028709055876685933,1
./datasets/Organised/20260306-handFlying-2/47792364.jpg,1,0.7028901734104046,0.01763005780346821,0.12639691714836224,1
./datasets/Organised/20260306-handFlying-2/47792364.jpg,2,0.01579961464354528,0.003371868978805395,0.030924855491329478,0
./datasets/Organised/20260306-handFlying-2/47925695.jpg,0,0.989980732177264,0.0024084778420038534,0.022639691714836225,1
./datasets/Organised/20260306-handFlying-2/47925695.jpg,1,0.7458574181117533,0.015317919075144508,0.12880539499036608,1
./datasets/Organised/20260306-handFlying-2/47925695.jpg,2,0.020905587668593448,0.004335260115606936,0.03333333333333333,0
./datasets/Organised/20260306-handFlying-2/48059022.jpg,0,0.9942196531791907,0.0015414258188824663,0.019171483622350674,1
./datasets/Organised/20260306-handFlying-2/48059022.jpg,1,0.8476878612716763,0.013583815028901734,0.11435452793834297,1
./datasets/Organised/20260306-handFlying-2/48059022.jpg,2,0.012716763005780347,0.0032755298651252407,0.02321772639691715,0
./datasets/Organised/20260306-handFlying-2/48225731.jpg,0,0.9870905587668594,0.002601156069364162,0.02418111753371869,1
./datasets/Organised/20260306-handFlying-2/48225731.jpg,1,0.8553949903660887,0.013680154142581889,0.11473988439306358,1
./datasets/Organised/20260306-handFlying-2/48225731.jpg,2,0.05578034682080925,0.0037572254335260114,0.02813102119460501,0
./datasets/Organised/20260306-handFlying-2/48359037.jpg,0,0.9863198458574182,0.0023121387283236996,0.026878612716763006,1
./datasets/Organised/20260306-handFlying-2/48359037.jpg,1,0.9093448940269749,0.01021194605009634,0.08448940269749518,1
./datasets/Organised/20260306-handFlying-2/48359037.jpg,2,0.11714836223506744,0.00510597302504817,0.039210019267822735,1
./datasets/Organised/20260306-handFlying-2/48525704.jpg,0,0.8905587668593449,0.002697495183044316,0.023314065510597302,1
./datasets/Organised/20260306-handFlying-2/48525704.jpg,1,0.9341040462427745,0.005009633911368015,0.06290944123314066,1
./datasets/Organised/20260306-handFlying-2/48525704.jpg,2,0.21184971098265895,0.008285163776493257,0.0571290944123314,1
./datasets/Organised/20260306-handFlying-2/48659031.jpg,0,0.7821772639691715,0.004624277456647399,0.03872832369942197,1
./datasets/Organised/20260306-handFlying-2/48659031.jpg,1,0.9119460500963391,0.007418111753371869,0.07148362235067438,1
./datasets/Organised/20260306-handFlying-2/48659031.jpg,2,0.2518304431599229,0.008092485549132947,0.06695568400770713,1
./datasets/Organised/20260306-handFlying-2/48792352.jpg,0,0.6897880539499036,0.005202312138728324,0.048458574181117535,1
./datasets/Organised/20260306-handFlying-2/48792352.jpg,1,0.9511560693641619,0.005973025048169557,0.0605009633911368,1
./datasets/Organised/20260306-handFlying-2/48792352.jpg,2,0.29855491329479766,0.011560693641618497,0.09171483622350675,1
./datasets/Organised/20260306-handFlying-2/48959042.jpg,0,0.6460500963391137,0.0035645472061657034,0.0405587668593449,1
./datasets/Organised/20260306-handFlying-2/48959042.jpg,1,0.9624277456647399,0.004816955684007707,0.03940269749518305,1
./datasets/Organised/20260306-handFlying-2/48959042.jpg,2,0.32090558766859345,0.015221579961464355,0.11271676300578035,1
./datasets/Organised/20260306-handFlying-2/49092351.jpg,0,0.6418111753371869,0.0035645472061657034,0.035838150289017344,1
./datasets/Organised/20260306-handFlying-2/49092351.jpg,1,0.963102119460501,0.004913294797687861,0.04489402697495183,1
./datasets/Organised/20260306-handFlying-2/49092351.jpg,2,0.33179190751445087,0.017341040462427744,0.1254335260115607,1
./datasets/Organised/20260306-handFlying-2/49259025.jpg,0,0.6782273603082851,0.0052986512524084775,0.03497109826589596,1
./datasets/Organised/20260306-handFlying-2/49259025.jpg,1,0.9514450867052023,0.007129094412331407,0.058477842003853565,1
./datasets/Organised/20260306-handFlying-2/49259025.jpg,2,0.3476878612716763,0.014065510597302504,0.11657032755298652,1
./datasets/Organised/20260306-handFlying-2/49392360.jpg,0,0.7007707129094413,0.0024084778420038534,0.018208092485549134,1
./datasets/Organised/20260306-handFlying-2/49392360.jpg,1,0.9771676300578035,0.002601156069364162,0.028034682080924855,1
./datasets/Organised/20260306-handFlying-2/49392360.jpg,2,0.3938342967244701,0.012524084778420038,0.10144508670520232,1
./datasets/Organised/20260306-handFlying-2/49559016.jpg,0,0.6782273603082851,0.0027938342967244703,0.03391136801541426,1
./datasets/Organised/20260306-handFlying-2/49559016.jpg,1,0.9917148362235068,0.0017341040462427746,0.017726396917148363,1
./datasets/Organised/20260306-handFlying-2/49559016.jpg,2,0.36734104046242777,0.013872832369942197,0.10867052023121387,1
./datasets/Organised/20260306-handFlying-2/49725730.jpg,0,0.6797687861271676,0.004431599229287091,0.051734104046242776,1
./datasets/Organised/20260306-handFlying-2/49725730.jpg,1,0.9828516377649326,0.003179190751445087,0.032177263969171484,1
./datasets/Organised/20260306-handFlying-2/49725730.jpg,2,0.3786127167630058,0.014354527938342966,0.11695568400770713,1
./datasets/Organised/20260306-handFlying-2/49859019.jpg,0,0.7593448940269749,0.004238921001926782,0.04007707129094412,1
./datasets/Organised/20260306-handFlying-2/49859019.jpg,1,0.9705202312138729,0.0060693641618497106,0.05067437379576108,1
./datasets/Organised/20260306-handFlying-2/49859019.jpg,2,0.3716763005780347,0.016666666666666666,0.12466281310211946,1
./datasets/Organised/20260306-handFlying-2/50025677.jpg,0,0.8452793834296725,0.006358381502890174,0.05635838150289017,1
./datasets/Organised/20260306-handFlying-2/50025677.jpg,1,0.9591522157996146,0.007032755298651252,0.058959537572254334,1
./datasets/Organised/20260306-handFlying-2/50025677.jpg,2,0.4074181117533719,0.017533718689788053,0.13766859344894028,1
./datasets/Organised/20260306-handFlying-2/50159033.jpg,0,0.9128131021194605,0.0064547206165703275,0.06522157996146435,1
./datasets/Organised/20260306-handFlying-2/50159033.jpg,1,0.9614643545279383,0.007032755298651252,0.0653179190751445,1
./datasets/Organised/20260306-handFlying-2/50159033.jpg,2,0.45154142581888246,0.018015414258188825,0.1279383429672447,1
./datasets/Organised/20260306-handFlying-2/50325678.jpg,0,0.9515414258188825,0.0060693641618497106,0.05317919075144509,1
./datasets/Organised/20260306-handFlying-2/50325678.jpg,1,0.9552986512524084,0.005780346820809248,0.05684007707129094,1
./datasets/Organised/20260306-handFlying-2/50325678.jpg,2,0.4270712909441233,0.01579961464354528,0.12157996146435453,1
./datasets/Organised/20260306-handFlying-2/50459007.jpg,0,0.9376685934489403,0.006262042389210019,0.0546242774566474,1
./datasets/Organised/20260306-handFlying-2/50459007.jpg,1,0.9568400770712909,0.0052986512524084775,0.054046242774566475,1
./datasets/Organised/20260306-handFlying-2/50459007.jpg,2,0.436897880539499,0.01840077071290944,0.1313102119460501,1
./datasets/Organised/20260306-handFlying-2/50625709.jpg,0,0.9516377649325626,0.007032755298651252,0.06695568400770713,1
./datasets/Organised/20260306-handFlying-2/50625709.jpg,1,0.9439306358381503,0.00789980732177264,0.07215799614643545,1
./datasets/Organised/20260306-handFlying-2/50625709.jpg,2,0.41782273603082853,0.015895953757225433,0.12427745664739884,1
./datasets/Organised/20260306-handFlying-2/50792351.jpg,0,0.9709055876685935,0.004816955684007707,0.046242774566473986,1
./datasets/Organised/20260306-handFlying-2/50792351.jpg,1,0.9737957610789981,0.0038535645472061657,0.04672447013487476,1
./datasets/Organised/20260306-handFlying-2/50792351.jpg,2,0.48102119460500964,0.015221579961464355,0.1233140655105973,1
./datasets/Organised/20260306-handFlying-2/50959029.jpg,0,0.9827552986512524,0.002601156069364162,0.026204238921001925,1
./datasets/Organised/20260306-handFlying-2/50959029.jpg,1,0.9845857418111753,0.0030828516377649326,0.03236994219653179,1
./datasets/Organised/20260306-handFlying-2/50959029.jpg,2,0.5166666666666667,0.01560693641618497,0.12052023121387283,1
./datasets/Organised/20260306-handFlying-2/51092341.jpg,0,0.9729287090558767,0.004046242774566474,0.0405587668593449,1
./datasets/Organised/20260306-handFlying-2/51092341.jpg,1,0.9677263969171483,0.005202312138728324,0.05385356454720617,1
./datasets/Organised/20260306-handFlying-2/51092341.jpg,2,0.4617533718689788,0.020327552986512523,0.13198458574181118,1
./datasets/Organised/20260306-handFlying-2/51259004.jpg,0,0.9250481695568401,0.0068400770712909445,0.06589595375722543,1
./datasets/Organised/20260306-handFlying-2/51259004.jpg,1,0.9435452793834297,0.00510597302504817,0.05096339113680154,1
./datasets/Organised/20260306-handFlying-2/51259004.jpg,2,0.44210019267822737,0.018111753371868978,0.12986512524084778,1
./datasets/Organised/20260306-handFlying-2/51392340.jpg,0,0.8767822736030828,0.010404624277456647,0.08631984585741811,1
./datasets/Organised/20260306-handFlying-2/51392340.jpg,1,0.9009633911368016,0.008285163776493257,0.0848747591522158,1
./datasets/Organised/20260306-handFlying-2/51392340.jpg,2,0.3236994219653179,0.01579961464354528,0.11888246628131022,1
./datasets/Organised/20260306-handFlying-2/51559003.jpg,0,0.9205202312138728,0.0076107899807321775,0.07148362235067438,1
./datasets/Organised/20260306-handFlying-2/51559003.jpg,1,0.9160886319845858,0.009922928709055878,0.08448940269749518,1
./datasets/Organised/20260306-handFlying-2/51559003.jpg,2,0.3735067437379576,0.01859344894026975,0.1359344894026975,1
./datasets/Organised/20260306-handFlying-2/51692333.jpg,0,0.926878612716763,0.006262042389210019,0.06820809248554913,1
./datasets/Organised/20260306-handFlying-2/51692333.jpg,1,0.9466281310211946,0.0064547206165703275,0.0674373795761079,1
./datasets/Organised/20260306-handFlying-2/51692333.jpg,2,0.4713872832369942,0.01907514450867052,0.1386319845857418,1
./datasets/Organised/20260306-handFlying-2/51858997.jpg,0,0.9499036608863198,0.005973025048169557,0.06628131021194605,1
./datasets/Organised/20260306-handFlying-2/51858997.jpg,1,0.9682080924855492,0.006165703275529865,0.05500963391136802,1
./datasets/Organised/20260306-handFlying-2/51858997.jpg,2,0.5848747591522158,0.018497109826589597,0.13497109826589596,1
./datasets/Organised/20260306-handFlying-2/52025706.jpg,0,0.9416184971098266,0.006936416184971098,0.0676300578034682,1
./datasets/Organised/20260306-handFlying-2/52025706.jpg,1,0.9554913294797688,0.006165703275529865,0.06994219653179191,1
./datasets/Organised/20260306-handFlying-2/52025706.jpg,2,0.6470134874759152,0.018111753371868978,0.14238921001926783,1
./datasets/Organised/20260306-handFlying-2/52158997.jpg,0,0.9250481695568401,0.007996146435452794,0.074373795761079,1
./datasets/Organised/20260306-handFlying-2/52158997.jpg,1,0.9649325626204239,0.006358381502890174,0.06136801541425819,1
./datasets/Organised/20260306-handFlying-2/52158997.jpg,2,0.6566473988439306,0.016859344894026976,0.12947976878612716,1
./datasets/Organised/20260306-handFlying-2/52325663.jpg,0,0.9554913294797688,0.006936416184971098,0.062235067437379575,1
./datasets/Organised/20260306-handFlying-2/52325663.jpg,1,0.9657032755298651,0.006647398843930636,0.06859344894026975,1
./datasets/Organised/20260306-handFlying-2/52325663.jpg,2,0.6283236994219653,0.018689788053949902,0.1348747591522158,1
./datasets/Organised/20260306-handFlying-2/52458993.jpg,0,0.9533718689788054,0.0056840077071290945,0.05423892100192678,1
./datasets/Organised/20260306-handFlying-2/52458993.jpg,1,0.9566473988439307,0.0072254335260115606,0.06801541425818883,1
./datasets/Organised/20260306-handFlying-2/52458993.jpg,2,0.6633911368015414,0.01628131021194605,0.13352601156069363,1
./datasets/Organised/20260306-handFlying-2/52625700.jpg,0,0.9588631984585742,0.006647398843930636,0.06310211946050097,1
./datasets/Organised/20260306-handFlying-2/52625700.jpg,1,0.9685934489402698,0.007707129094412331,0.05905587668593449,1
./datasets/Organised/20260306-handFlying-2/52625700.jpg,2,0.703082851637765,0.01628131021194605,0.1359344894026975,1
./datasets/Organised/20260306-handFlying-2/52792325.jpg,0,0.9779383429672447,0.004142581888246628,0.03236994219653179,1
./datasets/Organised/20260306-handFlying-2/52792325.jpg,1,0.9678227360308285,0.008285163776493257,0.06445086705202312,1
./datasets/Organised/20260306-handFlying-2/52792325.jpg,2,0.7605973025048169,0.01705202312138728,0.13053949903660886,1
./datasets/Organised/20260306-handFlying-2/52925655.jpg,0,0.9815992292870905,0.0035645472061657034,0.028901734104046242,1
./datasets/Organised/20260306-handFlying-2/52925655.jpg,1,0.9789017341040462,0.0032755298651252407,0.034296724470134876,1
./datasets/Organised/20260306-handFlying-2/52925655.jpg,2,0.6860308285163776,0.01695568400770713,0.125626204238921,1
./datasets/Organised/20260306-handFlying-2/53092318.jpg,0,0.9073217726396917,0.010500963391136802,0.08805394990366089,1
./datasets/Organised/20260306-handFlying-2/53092318.jpg,1,0.9469171483622351,0.00953757225433526,0.08159922928709056,1
./datasets/Organised/20260306-handFlying-2/53092318.jpg,2,0.5067437379576107,0.019845857418111755,0.1409441233140655,1
./datasets/Organised/20260306-handFlying-2/53225650.jpg,0,0.8703275529865125,0.012042389210019268,0.10953757225433526,1
./datasets/Organised/20260306-handFlying-2/53225650.jpg,1,0.9097302504816955,0.011560693641618497,0.10934489402697495,1
./datasets/Organised/20260306-handFlying-2/53225650.jpg,2,0.5503853564547206,0.020712909441233142,0.1485549132947977,1
./datasets/Organised/20260306-handFlying-2/53392325.jpg,0,0.8898843930635838,0.009922928709055878,0.08159922928709056,1
./datasets/Organised/20260306-handFlying-2/53392325.jpg,1,0.9178227360308285,0.011753371868978806,0.11001926782273604,1
./datasets/Organised/20260306-handFlying-2/53392325.jpg,2,0.6523121387283237,0.017533718689788053,0.13622350674373795,1
./datasets/Organised/20260306-handFlying-2/53559005.jpg,0,0.9469171483622351,0.005780346820809248,0.061464354527938345,1
./datasets/Organised/20260306-handFlying-2/53559005.jpg,1,0.9673410404624277,0.006647398843930636,0.06117533718689788,1
./datasets/Organised/20260306-handFlying-2/53559005.jpg,2,0.7915221579961464,0.014547206165703276,0.11396917148362234,1
./datasets/Organised/20260306-handFlying-2/53692319.jpg,0,0.944412331406551,0.0068400770712909445,0.06117533718689788,1
./datasets/Organised/20260306-handFlying-2/53692319.jpg,1,0.95,0.00789980732177264,0.0754335260115607,1
./datasets/Organised/20260306-handFlying-2/53692319.jpg,2,0.7941233140655106,0.014065510597302504,0.10982658959537572,1
./datasets/Organised/20260306-handFlying-2/53858987.jpg,0,0.9161849710982659,0.008959537572254336,0.07061657032755299,1
./datasets/Organised/20260306-handFlying-2/53858987.jpg,1,0.9447013487475915,0.008477842003853564,0.08236994219653179,1
./datasets/Organised/20260306-handFlying-2/53858987.jpg,2,0.6971098265895954,0.018497109826589597,0.14104046242774568,1
./datasets/Organised/20260306-handFlying-2/54025647.jpg,0,0.9126204238921002,0.00789980732177264,0.07658959537572255,1
./datasets/Organised/20260306-handFlying-2/54025647.jpg,1,0.9346820809248555,0.01001926782273603,0.09710982658959537,1
./datasets/Organised/20260306-handFlying-2/54025647.jpg,2,0.7050096339113681,0.016184971098265895,0.12591522157996146,1
./datasets/Organised/20260306-handFlying-2/54159099.jpg,0,0.9492292870905588,0.0064547206165703275,0.06233140655105973,1
./datasets/Organised/20260306-handFlying-2/54159099.jpg,1,0.9395953757225434,0.01001926782273603,0.09152215799614644,1
./datasets/Organised/20260306-handFlying-2/54159099.jpg,2,0.7619460500963391,0.01628131021194605,0.1350674373795761,1
./datasets/Organised/20260306-handFlying-2/54325644.jpg,0,0.9403660886319846,0.007418111753371869,0.0653179190751445,1
./datasets/Organised/20260306-handFlying-2/54325644.jpg,1,0.9477842003853565,0.01001926782273603,0.08333333333333333,1
./datasets/Organised/20260306-handFlying-2/54325644.jpg,2,0.7815992292870906,0.015510597302504817,0.12514450867052024,1
./datasets/Organised/20260306-handFlying-2/54458974.jpg,0,0.9448940269749518,0.005587668593448941,0.06059730250481696,1
./datasets/Organised/20260306-handFlying-2/54458974.jpg,1,0.9360308285163776,0.009441233140655106,0.09171483622350675,1
./datasets/Organised/20260306-handFlying-2/54458974.jpg,2,0.7777456647398844,0.013198458574181117,0.10944123314065511,1
./datasets/Organised/20260306-handFlying-2/54625682.jpg,0,0.9403660886319846,0.008477842003853564,0.07177263969171484,1
./datasets/Organised/20260306-handFlying-2/54625682.jpg,1,0.9554913294797688,0.008188824662813102,0.07177263969171484,1
./datasets/Organised/20260306-handFlying-2/54625682.jpg,2,0.7968208092485549,0.014932562620423893,0.12899807321772638,1
./datasets/Organised/20260306-handFlying-2/54792323.jpg,0,0.9117533718689788,0.009730250481695568,0.08246628131021194,1
./datasets/Organised/20260306-handFlying-2/54792323.jpg,1,0.9524084778420039,0.007996146435452794,0.08410404624277457,1
./datasets/Organised/20260306-handFlying-2/54792323.jpg,2,0.7540462427745664,0.014836223506743738,0.11830443159922929,1
./datasets/Organised/20260306-handFlying-2/54925639.jpg,0,0.8865125240847784,0.011560693641618497,0.10086705202312139,1
./datasets/Organised/20260306-handFlying-2/54925639.jpg,1,0.9165703275529865,0.013776493256262042,0.12003853564547207,1
./datasets/Organised/20260306-handFlying-2/54925639.jpg,2,0.6993256262042389,0.018111753371868978,0.15115606936416184,1
./datasets/Organised/20260306-handFlying-2/55092308.jpg,0,0.95,0.0072254335260115606,0.057032755298651254,1
./datasets/Organised/20260306-handFlying-2/55092308.jpg,1,0.9722543352601156,0.0037572254335260114,0.04499036608863199,1
./datasets/Organised/20260306-handFlying-2/55092308.jpg,2,0.7804431599229287,0.01348747591522158,0.11955684007707129,1
./datasets/Organised/20260306-handFlying-2/55258971.jpg,0,0.9591522157996146,0.004913294797687861,0.04865125240847784,1
./datasets/Organised/20260306-handFlying-2/55258971.jpg,1,0.9663776493256262,0.004913294797687861,0.05375722543352601,1
./datasets/Organised/20260306-handFlying-2/55258971.jpg,2,0.7947976878612717,0.013776493256262042,0.11127167630057803,1
./datasets/Organised/20260306-handFlying-2/55425659.jpg,0,0.9581888246628131,0.0060693641618497106,0.054720616570327556,1
./datasets/Organised/20260306-handFlying-2/55425659.jpg,1,0.96252408477842,0.004624277456647399,0.05414258188824663,1
./datasets/Organised/20260306-handFlying-2/55425659.jpg,2,0.6504816955684007,0.018978805394990365,0.13468208092485548,1
./datasets/Organised/20260306-handFlying-2/55558967.jpg,0,0.9613680154142582,0.005973025048169557,0.05770712909441233,1
./datasets/Organised/20260306-handFlying-2/55558967.jpg,1,0.9494219653179191,0.00838150289017341,0.07090558766859345,1
./datasets/Organised/20260306-handFlying-2/55558967.jpg,2,0.5277456647398844,0.01840077071290944,0.13246628131021196,1
./datasets/Organised/20260306-handFlying-2/55725634.jpg,0,0.9522157996146435,0.007321772639691715,0.0697495183044316,1
./datasets/Organised/20260306-handFlying-2/55725634.jpg,1,0.9304431599229287,0.012042389210019268,0.10327552986512524,1
./datasets/Organised/20260306-handFlying-2/55725634.jpg,2,0.5622350674373796,0.02138728323699422,0.15298651252408477,1
./datasets/Organised/20260306-handFlying-2/55892306.jpg,0,0.9579961464354528,0.004913294797687861,0.05953757225433526,1
./datasets/Organised/20260306-handFlying-2/55892306.jpg,1,0.9570327552986513,0.007321772639691715,0.06387283236994219,1
./datasets/Organised/20260306-handFlying-2/55892306.jpg,2,0.5274566473988439,0.01859344894026975,0.1451830443159923,1
./datasets/Organised/20260306-handFlying-2/56025642.jpg,0,0.8725433526011561,0.012620423892100193,0.11252408477842003,1
./datasets/Organised/20260306-handFlying-2/56025642.jpg,1,0.9200385356454721,0.011271676300578034,0.0964354527938343,1
./datasets/Organised/20260306-handFlying-2/56025642.jpg,2,0.47803468208092487,0.01840077071290944,0.13815028901734103,1
./datasets/Organised/20260306-handFlying-2/56192297.jpg,0,0.8644508670520231,0.012042389210019268,0.10741811175337188,1
./datasets/Organised/20260306-handFlying-2/56192297.jpg,1,0.9103082851637765,0.011946050096339113,0.10048169556840077,1
./datasets/Organised/20260306-handFlying-2/56192297.jpg,2,0.5107899807321773,0.020520231213872833,0.1464354527938343,1
./datasets/Organised/20260306-handFlying-2/56325631.jpg,0,0.8761078998073217,0.012138728323699421,0.10568400770712909,1
./datasets/Organised/20260306-handFlying-2/56325631.jpg,1,0.8697495183044316,0.014739884393063583,0.11936416184971098,1
./datasets/Organised/20260306-handFlying-2/56325631.jpg,2,0.5104046242774567,0.022447013487475916,0.15510597302504817,1
./datasets/Organised/20260306-handFlying-2/56492289.jpg,0,0.8848747591522158,0.01300578034682081,0.11319845857418112,1
./datasets/Organised/20260306-handFlying-2/56492289.jpg,1,0.8668593448940269,0.011849710982658959,0.09971098265895954,1
./datasets/Organised/20260306-handFlying-2/56492289.jpg,2,0.5236030828516378,0.020905587668593448,0.15520231213872832,1
./datasets/Organised/20260306-handFlying-2/56658991.jpg,0,0.8891136801541426,0.011464354527938344,0.10664739884393064,1
./datasets/Organised/20260306-handFlying-2/56658991.jpg,1,0.8745664739884393,0.012042389210019268,0.10346820809248555,1
./datasets/Organised/20260306-handFlying-2/56658991.jpg,2,0.5323699421965318,0.018978805394990365,0.14865125240847785,1
./datasets/Organised/20260306-handFlying-2/56792291.jpg,0,0.8834296724470135,0.011560693641618497,0.10491329479768786,1
./datasets/Organised/20260306-handFlying-2/56792291.jpg,1,0.8470134874759152,0.013776493256262042,0.12080924855491329,1
./datasets/Organised/20260306-handFlying-2/56792291.jpg,2,0.5498073217726397,0.019845857418111755,0.14142581888246628,1
./datasets/Organised/20260306-handFlying-2/56958955.jpg,0,0.8978805394990366,0.011464354527938344,0.09450867052023121,1
./datasets/Organised/20260306-handFlying-2/56958955.jpg,1,0.873795761078998,0.010982658959537572,0.10269749518304432,1
./datasets/Organised/20260306-handFlying-2/56958955.jpg,2,0.5464354527938343,0.022350674373795763,0.15289017341040462,1
./datasets/Organised/20260306-handFlying-2/57125621.jpg,0,0.8854527938342968,0.013583815028901734,0.11165703275529865,1
./datasets/Organised/20260306-handFlying-2/57125621.jpg,1,0.8548169556840077,0.01464354527938343,0.1151252408477842,1
./datasets/Organised/20260306-handFlying-2/57125621.jpg,2,0.5495183044315992,0.019653179190751446,0.15057803468208092,1
./datasets/Organised/20260306-handFlying-2/57258958.jpg,0,0.8907514450867052,0.0128131021194605,0.11348747591522158,1
./datasets/Organised/20260306-handFlying-2/57258958.jpg,1,0.8682080924855491,0.013294797687861272,0.12119460500963392,1
./datasets/Organised/20260306-handFlying-2/57258958.jpg,2,0.533140655105973,0.021098265895953757,0.14364161849710982,1
./datasets/Organised/20260306-handFlying-2/57425618.jpg,0,0.8997109826589595,0.012235067437379576,0.09990366088631984,1
./datasets/Organised/20260306-handFlying-2/57425618.jpg,1,0.8388246628131021,0.015028901734104046,0.13053949903660886,1
./datasets/Organised/20260306-handFlying-2/57425618.jpg,2,0.5503853564547206,0.0197495183044316,0.15067437379576107,1
./datasets/Organised/20260306-handFlying-2/57558963.jpg,0,0.8961464354527938,0.0128131021194605,0.11454720616570327,1
./datasets/Organised/20260306-handFlying-2/57558963.jpg,1,0.8420038535645472,0.014932562620423893,0.12379576107899808,1
./datasets/Organised/20260306-handFlying-2/57558963.jpg,2,0.5361271676300579,0.02138728323699422,0.16628131021194606,1
./datasets/Organised/20260306-handFlying-2/57725614.jpg,0,0.8875722543352601,0.01348747591522158,0.11329479768786127,1
./datasets/Organised/20260306-handFlying-2/57725614.jpg,1,0.8758188824662813,0.011849710982658959,0.101252408477842,1
./datasets/Organised/20260306-handFlying-2/57725614.jpg,2,0.5194605009633911,0.020712909441233142,0.15028901734104047,1
./datasets/Organised/20260306-handFlying-2/57892293.jpg,0,0.8907514450867052,0.013102119460500963,0.10828516377649326,1
./datasets/Organised/20260306-handFlying-2/57892293.jpg,1,0.8538535645472062,0.014932562620423893,0.11310211946050096,1
./datasets/Organised/20260306-handFlying-2/57892293.jpg,2,0.5252408477842004,0.020616570327552985,0.15472061657032754,1
./datasets/Organised/20260306-handFlying-2/58058960.jpg,0,0.8828516377649326,0.013969171483622351,0.12302504816955684,1
./datasets/Organised/20260306-handFlying-2/58058960.jpg,1,0.841233140655106,0.01724470134874759,0.12167630057803468,1
./datasets/Organised/20260306-handFlying-2/58058960.jpg,2,0.5194605009633911,0.0197495183044316,0.15741811175337186,1
./datasets/Organised/20260306-handFlying-2/58192282.jpg,0,0.8990366088631985,0.011560693641618497,0.11175337186897881,1
./datasets/Organised/20260306-handFlying-2/58192282.jpg,1,0.8589595375722543,0.01233140655105973,0.10558766859344894,1
./datasets/Organised/20260306-handFlying-2/58192282.jpg,2,0.516281310211946,0.021772639691714835,0.1476878612716763,1
./datasets/Organised/20260306-handFlying-2/58358946.jpg,0,0.9019267822736031,0.011078998073217727,0.10163776493256262,1
./datasets/Organised/20260306-handFlying-2/58358946.jpg,1,0.8527938342967245,0.013102119460500963,0.11878612716763005,1
./datasets/Organised/20260306-handFlying-2/58358946.jpg,2,0.5140655105973025,0.022254335260115606,0.15597302504816957,1
./datasets/Organised/20260306-handFlying-2/58492277.jpg,0,0.9063583815028902,0.011849710982658959,0.09816955684007707,1
./datasets/Organised/20260306-handFlying-2/58492277.jpg,1,0.8773603082851638,0.008959537572254336,0.08420038535645472,1
./datasets/Organised/20260306-handFlying-2/58492277.jpg,2,0.5043352601156069,0.019653179190751446,0.15289017341040462,1
./datasets/Organised/20260306-handFlying-2/58625617.jpg,0,0.8961464354527938,0.013872832369942197,0.11319845857418112,1
./datasets/Organised/20260306-handFlying-2/58625617.jpg,1,0.8386319845857418,0.012909441233140655,0.11358381502890173,1
./datasets/Organised/20260306-handFlying-2/58625617.jpg,2,0.4910404624277457,0.020712909441233142,0.1523121387283237,1
./datasets/Organised/20260306-handFlying-2/58792276.jpg,0,0.9018304431599229,0.012909441233140655,0.10375722543352602,1
./datasets/Organised/20260306-handFlying-2/58792276.jpg,1,0.86252408477842,0.012716763005780347,0.10163776493256262,1
./datasets/Organised/20260306-handFlying-2/58792276.jpg,2,0.5063583815028901,0.018111753371868978,0.1396917148362235,1
./datasets/Organised/20260306-handFlying-2/58925606.jpg,0,0.9018304431599229,0.011464354527938344,0.10761078998073217,1
./datasets/Organised/20260306-handFlying-2/58925606.jpg,1,0.8567437379576108,0.013680154142581889,0.12061657032755299,1
./datasets/Organised/20260306-handFlying-2/58925606.jpg,2,0.5257225433526012,0.020520231213872833,0.1554913294797688,1
./datasets/Organised/20260306-handFlying-2/59092272.jpg,0,0.9040462427745665,0.011078998073217727,0.09296724470134875,1
./datasets/Organised/20260306-handFlying-2/59092272.jpg,1,0.8710019267822736,0.009441233140655106,0.08940269749518305,1
./datasets/Organised/20260306-handFlying-2/59092272.jpg,2,0.5141618497109827,0.02023121387283237,0.15173410404624277,1
./datasets/Organised/20260306-handFlying-2/59258964.jpg,0,0.9034682080924855,0.011175337186897881,0.09826589595375723,1
./datasets/Organised/20260306-handFlying-2/59258964.jpg,1,0.8544315992292871,0.012909441233140655,0.10472061657032755,1
./datasets/Organised/20260306-handFlying-2/59258964.jpg,2,0.4909441233140655,0.0197495183044316,0.1428709055876686,1
./datasets/Organised/20260306-handFlying-2/59392280.jpg,0,0.9103082851637765,0.011271676300578034,0.09624277456647398,1
./datasets/Organised/20260306-handFlying-2/59392280.jpg,1,0.8792870905587669,0.011849710982658959,0.08217726396917148,1
./datasets/Organised/20260306-handFlying-2/59392280.jpg,2,0.48391136801541423,0.02003853564547206,0.15385356454720617,1
./datasets/Organised/20260306-handFlying-2/59558935.jpg,0,0.8958574181117533,0.012620423892100193,0.10655105973025049,1
./datasets/Organised/20260306-handFlying-2/59558935.jpg,1,0.8825626204238921,0.009633911368015413,0.0800578034682081,1
./datasets/Organised/20260306-handFlying-2/59558935.jpg,2,0.5069364161849711,0.019364161849710983,0.14797687861271677,1
./datasets/Organised/20260306-handFlying-2/59692290.jpg,0,0.8977842003853564,0.011657032755298651,0.09576107899807322,1
./datasets/Organised/20260306-handFlying-2/59692290.jpg,1,0.8695568400770712,0.010597302504816955,0.08766859344894026,1
./datasets/Organised/20260306-handFlying-2/59692290.jpg,2,0.47639691714836224,0.02023121387283237,0.15048169556840077,1
./datasets/Organised/20260306-handFlying-2/59858935.jpg,0,0.9039499036608863,0.012524084778420038,0.09797687861271677,1
./datasets/Organised/20260306-handFlying-2/59858935.jpg,1,0.8773603082851638,0.011175337186897881,0.08940269749518305,1
./datasets/Organised/20260306-handFlying-2/59858935.jpg,2,0.45240847784200383,0.021098265895953757,0.148747591522158,1
./datasets/Organised/20260306-handFlying-2/59992268.jpg,0,0.8758188824662813,0.01628131021194605,0.130635838150289,1
./datasets/Organised/20260306-handFlying-2/59992268.jpg,1,0.8607899807321773,0.01021194605009634,0.0861271676300578,1
./datasets/Organised/20260306-handFlying-2/59992268.jpg,2,0.42466281310211945,0.02167630057803468,0.15346820809248554,1
./datasets/Organised/20260306-handFlying-2/60158935.jpg,0,0.9047206165703275,0.009922928709055878,0.09200385356454721,1
./datasets/Organised/20260306-handFlying-2/60158935.jpg,1,0.8922928709055876,0.007996146435452794,0.0674373795761079,1
./datasets/Organised/20260306-handFlying-2/60158935.jpg,2,0.4051059730250482,0.0220616570327553,0.1428709055876686,1
./datasets/Organised/20260306-handFlying-2/60292263.jpg,0,0.8841040462427746,0.012235067437379576,0.09942196531791908,1
./datasets/Organised/20260306-handFlying-2/60292263.jpg,1,0.8307321772639692,0.01233140655105973,0.10828516377649326,1
./datasets/Organised/20260306-handFlying-2/60292263.jpg,2,0.3264932562620424,0.020327552986512523,0.1441233140655106,1
./datasets/Organised/20260306-handFlying-2/60458929.jpg,0,0.8857418111753372,0.013102119460500963,0.11165703275529865,1
./datasets/Organised/20260306-handFlying-2/60458929.jpg,1,0.8294797687861272,0.015895953757225433,0.12909441233140656,1
./datasets/Organised/20260306-handFlying-2/60458929.jpg,2,0.2748554913294798,0.018689788053949902,0.13073217726396918,1
./datasets/Organised/20260306-handFlying-2/60592264.jpg,0,0.8847784200385357,0.012524084778420038,0.09624277456647398,1
./datasets/Organised/20260306-handFlying-2/60592264.jpg,1,0.8303468208092486,0.014258188824662813,0.1092485549132948,1
./datasets/Organised/20260306-handFlying-2/60592264.jpg,2,0.2792870905587669,0.018304431599229287,0.11897880539499037,1
./datasets/Organised/20260306-handFlying-2/60758985.jpg,0,0.876204238921002,0.013391136801541427,0.11608863198458574,1
./datasets/Organised/20260306-handFlying-2/60758985.jpg,1,0.8566473988439306,0.012138728323699421,0.10327552986512524,1
./datasets/Organised/20260306-handFlying-2/60758985.jpg,2,0.3329479768786127,0.02119460500963391,0.14267822736030827,1
./datasets/Organised/20260306-handFlying-2/60892267.jpg,0,0.8784200385356454,0.01348747591522158,0.10953757225433526,1
./datasets/Organised/20260306-handFlying-2/60892267.jpg,1,0.8472061657032756,0.011657032755298651,0.10549132947976879,1
./datasets/Organised/20260306-handFlying-2/60892267.jpg,2,0.3338150289017341,0.022639691714836225,0.15019267822736032,1
./datasets/Organised/20260306-handFlying-2/61058923.jpg,0,0.8900770712909442,0.013872832369942197,0.12013487475915222,1
./datasets/Organised/20260306-handFlying-2/61058923.jpg,1,0.8498073217726397,0.012427745664739885,0.09961464354527938,1
./datasets/Organised/20260306-handFlying-2/61058923.jpg,2,0.3553949903660886,0.019460500963391136,0.14585741811175337,1
./datasets/Organised/20260306-handFlying-2/61192266.jpg,0,0.9047206165703275,0.012138728323699421,0.10096339113680154,1
./datasets/Organised/20260306-handFlying-2/61192266.jpg,1,0.8759152215799615,0.009826589595375723,0.08468208092485549,1
./datasets/Organised/20260306-handFlying-2/61192266.jpg,2,0.3777456647398844,0.01907514450867052,0.14046242774566475,1
./datasets/Organised/20260306-handFlying-2/61358931.jpg,0,0.9188824662813102,0.010500963391136802,0.09816955684007707,1
./datasets/Organised/20260306-handFlying-2/61358931.jpg,1,0.8632947976878613,0.009633911368015413,0.08603082851637765,1
./datasets/Organised/20260306-handFlying-2/61358931.jpg,2,0.344990366088632,0.019364161849710983,0.1453757225433526,1
./datasets/Organised/20260306-handFlying-2/61492262.jpg,0,0.9229287090558767,0.010404624277456647,0.09315992292870906,1
./datasets/Organised/20260306-handFlying-2/61492262.jpg,1,0.8787090558766859,0.009441233140655106,0.0766859344894027,1
./datasets/Organised/20260306-handFlying-2/61492262.jpg,2,0.32379576107899805,0.019364161849710983,0.14595375722543352,1
./datasets/Organised/20260306-handFlying-2/61658921.jpg,0,0.9042389210019268,0.012427745664739885,0.10192678227360308,1
./datasets/Organised/20260306-handFlying-2/61658921.jpg,1,0.8632947976878613,0.009730250481695568,0.08477842003853564,1
./datasets/Organised/20260306-handFlying-2/61658921.jpg,2,0.3400770712909441,0.01763005780346821,0.13102119460500963,1
./datasets/Organised/20260306-handFlying-2/61792254.jpg,0,0.8997109826589595,0.012716763005780347,0.10616570327552986,1
./datasets/Organised/20260306-handFlying-2/61792254.jpg,1,0.815028901734104,0.014450867052023121,0.11300578034682081,1
./datasets/Organised/20260306-handFlying-2/61792254.jpg,2,0.292485549132948,0.019653179190751446,0.13554913294797688,1
./datasets/Organised/20260306-handFlying-2/61958918.jpg,0,0.8918111753371869,0.011946050096339113,0.10394990366088631,1
./datasets/Organised/20260306-handFlying-2/61958918.jpg,1,0.8585741811175337,0.010404624277456647,0.0827552986512524,1
./datasets/Organised/20260306-handFlying-2/61958918.jpg,2,0.3224470134874759,0.01676300578034682,0.13458574181117533,1
./datasets/Organised/20260306-handFlying-2/62092247.jpg,0,0.8946050096339113,0.013198458574181117,0.10953757225433526,1
./datasets/Organised/20260306-handFlying-2/62092247.jpg,1,0.84373795761079,0.01001926782273603,0.08583815028901734,1
./datasets/Organised/20260306-handFlying-2/62092247.jpg,2,0.2951830443159923,0.017148362235067438,0.12967244701348749,1
./datasets/Organised/20260306-handFlying-2/62258946.jpg,0,0.8894990366088632,0.013776493256262042,0.12071290944123314,1
./datasets/Organised/20260306-handFlying-2/62258946.jpg,1,0.7821772639691715,0.0151252408477842,0.1222543352601156,1
./datasets/Organised/20260306-handFlying-2/62258946.jpg,2,0.2140655105973025,0.01859344894026975,0.12842003853564546,1
./datasets/Organised/20260306-handFlying-2/62425584.jpg,0,0.8966281310211947,0.01233140655105973,0.10183044315992293,1
./datasets/Organised/20260306-handFlying-2/62425584.jpg,1,0.815028901734104,0.010115606936416185,0.09026974951830444,1
./datasets/Organised/20260306-handFlying-2/62425584.jpg,2,0.23102119460500964,0.019267822736030827,0.13660886319845858,1
./datasets/Organised/20260306-handFlying-2/62592244.jpg,0,0.894990366088632,0.011849710982658959,0.10327552986512524,1
./datasets/Organised/20260306-handFlying-2/62592244.jpg,1,0.8066473988439307,0.012427745664739885,0.10895953757225434,1
./datasets/Organised/20260306-handFlying-2/62592244.jpg,2,0.2663776493256262,0.020520231213872833,0.1416184971098266,1
./datasets/Organised/20260306-handFlying-2/62725577.jpg,0,0.9093448940269749,0.010789980732177264,0.08988439306358381,1
./datasets/Organised/20260306-handFlying-2/62725577.jpg,1,0.8230250481695568,0.011946050096339113,0.10500963391136801,1
./datasets/Organised/20260306-handFlying-2/62725577.jpg,2,0.3042389210019268,0.021001926782273604,0.14171483622350675,1
./datasets/Organised/20260306-handFlying-2/62892259.jpg,0,0.8788053949903661,0.01233140655105973,0.10780346820809249,1
./datasets/Organised/20260306-handFlying-2/62892259.jpg,1,0.7933526011560693,0.016088631984585742,0.1375722543352601,1
./datasets/Organised/20260306-handFlying-2/62892259.jpg,2,0.2409441233140655,0.019171483622350674,0.13660886319845858,1
./datasets/Organised/20260306-handFlying-2/63025574.jpg,0,0.9066473988439306,0.010597302504816955,0.09248554913294797,1
./datasets/Organised/20260306-handFlying-2/63025574.jpg,1,0.8139691714836224,0.013391136801541427,0.12350674373795761,1
./datasets/Organised/20260306-handFlying-2/63025574.jpg,2,0.24903660886319845,0.020616570327552985,0.1453757225433526,1
./datasets/Organised/20260306-handFlying-2/63192248.jpg,0,0.8917148362235068,0.011753371868978806,0.0989402697495183,1
./datasets/Organised/20260306-handFlying-2/63192248.jpg,1,0.7782273603082852,0.017726396917148363,0.14190751445086705,1
./datasets/Organised/20260306-handFlying-2/63192248.jpg,2,0.26184971098265897,0.02003853564547206,0.14065510597302505,1
./datasets/Organised/20260306-handFlying-2/63325585.jpg,0,0.8921001926782274,0.009826589595375723,0.08641618497109826,1
./datasets/Organised/20260306-handFlying-2/63325585.jpg,1,0.7863198458574181,0.014932562620423893,0.13410404624277455,1
./datasets/Organised/20260306-handFlying-2/63325585.jpg,2,0.27610789980732175,0.02138728323699422,0.1498073217726397,1
./datasets/Organised/20260306-handFlying-2/63492236.jpg,0,0.9027938342967244,0.010500963391136802,0.09508670520231213,1
./datasets/Organised/20260306-handFlying-2/63492236.jpg,1,0.8199421965317919,0.012235067437379576,0.10240847784200385,1
./datasets/Organised/20260306-handFlying-2/63492236.jpg,2,0.2885356454720617,0.019364161849710983,0.12928709055876686,1
./datasets/Organised/20260306-handFlying-2/63625627.jpg,0,0.908766859344894,0.009633911368015413,0.08930635838150289,1
./datasets/Organised/20260306-handFlying-2/63625627.jpg,1,0.7800578034682081,0.014547206165703276,0.11936416184971098,1
./datasets/Organised/20260306-handFlying-2/63625627.jpg,2,0.2842967244701349,0.018978805394990365,0.12928709055876686,1
./datasets/Organised/20260306-handFlying-2/63792252.jpg,0,0.9138728323699422,0.009248554913294798,0.08429672447013488,1
./datasets/Organised/20260306-handFlying-2/63792252.jpg,1,0.8066473988439307,0.011657032755298651,0.10828516377649326,1
./datasets/Organised/20260306-handFlying-2/63792252.jpg,2,0.27842003853564545,0.0197495183044316,0.13410404624277455,1
./datasets/Organised/20260306-handFlying-2/63925568.jpg,0,0.8936416184971099,0.010982658959537572,0.09691714836223507,1
./datasets/Organised/20260306-handFlying-2/63925568.jpg,1,0.7683044315992292,0.01464354527938343,0.1172447013487476,1
./datasets/Organised/20260306-handFlying-2/63925568.jpg,2,0.28208092485549136,0.018978805394990365,0.125626204238921,1
./datasets/Organised/20260306-handFlying-2/64092232.jpg,0,0.8750481695568401,0.01001926782273603,0.09595375722543352,1
./datasets/Organised/20260306-handFlying-2/64092232.jpg,1,0.7990366088631985,0.011657032755298651,0.10154142581888247,1
./datasets/Organised/20260306-handFlying-2/64092232.jpg,2,0.328131021194605,0.01907514450867052,0.13853564547206165,1
./datasets/Organised/20260306-handFlying-2/64225625.jpg,0,0.8721579961464354,0.009441233140655106,0.09450867052023121,1
./datasets/Organised/20260306-handFlying-2/64225625.jpg,1,0.7941233140655106,0.011368015414258189,0.09190751445086705,1
./datasets/Organised/20260306-handFlying-2/64225625.jpg,2,0.3405587668593449,0.01907514450867052,0.13892100192678228,1
./datasets/Organised/20260306-handFlying-2/64392241.jpg,0,0.7954720616570328,0.010308285163776493,0.08294797687861272,1
./datasets/Organised/20260306-handFlying-2/64392241.jpg,1,0.7894990366088632,0.012427745664739885,0.10549132947976879,1
./datasets/Organised/20260306-handFlying-2/64392241.jpg,2,0.32148362235067435,0.019942196531791908,0.13998073217726398,1
./datasets/Organised/20260306-handFlying-2/64525564.jpg,0,0.8009633911368016,0.007321772639691715,0.06830443159922929,1
./datasets/Organised/20260306-handFlying-2/64525564.jpg,1,0.8072254335260116,0.01069364161849711,0.07707129094412331,1
./datasets/Organised/20260306-handFlying-2/64525564.jpg,2,0.3877649325626204,0.021483622350674372,0.1476878612716763,1
./datasets/Organised/20260306-handFlying-2/64692298.jpg,0,0.7362235067437379,0.008574181117533719,0.07418111753371869,1
./datasets/Organised/20260306-handFlying-2/64692298.jpg,1,0.8188824662813102,0.0128131021194605,0.08921001926782274,1
./datasets/Organised/20260306-handFlying-2/64692298.jpg,2,0.3984585741811175,0.02138728323699422,0.15221579961464354,1
./datasets/Organised/20260306-handFlying-2/64825557.jpg,0,0.653757225433526,0.011175337186897881,0.09845857418111753,1
./datasets/Organised/20260306-handFlying-2/64825557.jpg,1,0.7977842003853565,0.0128131021194605,0.1149325626204239,1
./datasets/Organised/20260306-handFlying-2/64825557.jpg,2,0.36579961464354527,0.022639691714836225,0.13998073217726398,1
./datasets/Organised/20260306-handFlying-2/64992224.jpg,0,0.6411368015414258,0.011849710982658959,0.08747591522157996,1
./datasets/Organised/20260306-handFlying-2/64992224.jpg,1,0.7999036608863198,0.012716763005780347,0.09633911368015415,1
./datasets/Organised/20260306-handFlying-2/64992224.jpg,2,0.3890173410404624,0.021098265895953757,0.15491329479768787,1
./datasets/Organised/20260306-handFlying-2/65158928.jpg,0,0.678709055876686,0.01001926782273603,0.07620423892100192,1
./datasets/Organised/20260306-handFlying-2/65158928.jpg,1,0.7928709055876686,0.012235067437379576,0.11098265895953757,1
./datasets/Organised/20260306-handFlying-2/65158928.jpg,2,0.3559730250481696,0.020809248554913295,0.1546242774566474,1
./datasets/Organised/20260306-handFlying-2/65292223.jpg,0,0.7089595375722544,0.0068400770712909445,0.06541425818882467,1
./datasets/Organised/20260306-handFlying-2/65292223.jpg,1,0.7841040462427745,0.013102119460500963,0.11059730250481696,1
./datasets/Organised/20260306-handFlying-2/65292223.jpg,2,0.33641618497109826,0.022447013487475916,0.148747591522158,1
./datasets/Organised/20260306-handFlying-2/65458890.jpg,0,0.6737957610789981,0.010886319845857417,0.08574181117533719,1
./datasets/Organised/20260306-handFlying-2/65458890.jpg,1,0.7710982658959538,0.015221579961464355,0.1210019267822736,1
./datasets/Organised/20260306-handFlying-2/65458890.jpg,2,0.26541425818882464,0.0197495183044316,0.14017341040462428,1
./datasets/Organised/20260306-handFlying-2/65625581.jpg,0,0.6266859344894027,0.009152215799614644,0.07456647398843931,1
./datasets/Organised/20260306-handFlying-2/65625581.jpg,1,0.7661849710982659,0.014354527938342966,0.1197495183044316,1
./datasets/Organised/20260306-handFlying-2/65625581.jpg,2,0.2969171483622351,0.021483622350674372,0.14229287090558768,1
./datasets/Organised/20260306-handFlying-2/65758909.jpg,0,0.5269749518304432,0.010308285163776493,0.07572254335260116,1
./datasets/Organised/20260306-handFlying-2/65758909.jpg,1,0.7175337186897881,0.016377649325626204,0.14441233140655105,1
./datasets/Organised/20260306-handFlying-2/65758909.jpg,2,0.27552986512524086,0.022928709055876687,0.14479768786127167,1
./datasets/Organised/20260306-handFlying-2/65925614.jpg,0,0.5602119460500964,0.013391136801541427,0.0989402697495183,1
./datasets/Organised/20260306-handFlying-2/65925614.jpg,1,0.7459537572254336,0.014450867052023121,0.13053949903660886,1
./datasets/Organised/20260306-handFlying-2/65925614.jpg,2,0.33285163776493254,0.025144508670520233,0.16676300578034683,1
./datasets/Organised/20260306-handFlying-2/66058882.jpg,0,0.48815028901734103,0.012524084778420038,0.09527938342967245,1
./datasets/Organised/20260306-handFlying-2/66058882.jpg,1,0.7404624277456647,0.017148362235067438,0.14277456647398845,1
./datasets/Organised/20260306-handFlying-2/66058882.jpg,2,0.35289017341040463,0.02485549132947977,0.16396917148362236,1
./datasets/Organised/20260306-handFlying-2/66192237.jpg,0,0.3586705202312139,0.009441233140655106,0.07427745664739885,1
./datasets/Organised/20260306-handFlying-2/66192237.jpg,1,0.7607899807321773,0.01705202312138728,0.13882466281310213,1
./datasets/Organised/20260306-handFlying-2/66192237.jpg,2,0.3291907514450867,0.024373795761079,0.16570327552986513,1
./datasets/Organised/20260306-handFlying-2/66325546.jpg,0,0.38497109826589593,0.007996146435452794,0.0800578034682081,1
./datasets/Organised/20260306-handFlying-2/66325546.jpg,1,0.795664739884393,0.015414258188824663,0.13554913294797688,1
./datasets/Organised/20260306-handFlying-2/66325546.jpg,2,0.45684007707129093,0.025433526011560695,0.17745664739884393,1
./datasets/Organised/20260306-handFlying-2/66492216.jpg,0,0.26473988439306356,0.008670520231213872,0.07620423892100192,1
./datasets/Organised/20260306-handFlying-2/66492216.jpg,1,0.7201348747591522,0.019942196531791908,0.15973025048169556,1
./datasets/Organised/20260306-handFlying-2/66492216.jpg,2,0.3947013487475915,0.02697495183044316,0.19171483622350674,1
./datasets/Organised/20260306-handFlying-2/66625546.jpg,0,0.22967244701348746,0.010597302504816955,0.0838150289017341,1
./datasets/Organised/20260306-handFlying-2/66625546.jpg,1,0.6891136801541425,0.022254335260115606,0.17196531791907516,1
./datasets/Organised/20260306-handFlying-2/66625546.jpg,2,0.38872832369942195,0.02418111753371869,0.17591522157996145,1
./datasets/Organised/20260306-handFlying-2/66792224.jpg,0,0.22389210019267822,0.010789980732177264,0.09576107899807322,1
./datasets/Organised/20260306-handFlying-2/66792224.jpg,1,0.5547206165703276,0.02418111753371869,0.17784200385356455,1
./datasets/Organised/20260306-handFlying-2/66792224.jpg,2,0.271868978805395,0.021290944123314066,0.14826589595375722,1
./datasets/Organised/20260306-handFlying-2/66925543.jpg,0,0.3078034682080925,0.012716763005780347,0.09238921001926782,1
./datasets/Organised/20260306-handFlying-2/66925543.jpg,1,0.5661849710982659,0.020520231213872833,0.16772639691714836,1
./datasets/Organised/20260306-handFlying-2/66925543.jpg,2,0.34788053949903663,0.024566473988439308,0.16483622350674373,1
./datasets/Organised/20260306-handFlying-2/67058875.jpg,0,0.37716763005780346,0.012235067437379576,0.11078998073217726,1
./datasets/Organised/20260306-handFlying-2/67058875.jpg,1,0.5911368015414258,0.023121387283236993,0.18285163776493257,1
./datasets/Organised/20260306-handFlying-2/67058875.jpg,2,0.3204238921001927,0.02138728323699422,0.1521194605009634,1
./datasets/Organised/20260306-handFlying-2/67192232.jpg,0,0.4634874759152216,0.013102119460500963,0.10327552986512524,1
./datasets/Organised/20260306-handFlying-2/67192232.jpg,1,0.6361271676300578,0.019942196531791908,0.16608863198458573,1
./datasets/Organised/20260306-handFlying-2/67192232.jpg,2,0.33371868978805397,0.024951830443159923,0.16454720616570329,1
./datasets/Organised/20260306-handFlying-2/67358878.jpg,0,0.5880539499036609,0.010886319845857417,0.09759152215799614,1
./datasets/Organised/20260306-handFlying-2/67358878.jpg,1,0.7167630057803468,0.017533718689788053,0.14123314065510598,1
./datasets/Organised/20260306-handFlying-2/67358878.jpg,2,0.3853564547206166,0.023121387283236993,0.17052023121387283,1
./datasets/Organised/20260306-handFlying-2/67492208.jpg,0,0.5855491329479768,0.01348747591522158,0.10761078998073217,1
./datasets/Organised/20260306-handFlying-2/67492208.jpg,1,0.7009633911368015,0.018497109826589597,0.1418111753371869,1
./datasets/Organised/20260306-handFlying-2/67492208.jpg,2,0.34884393063583813,0.023410404624277455,0.15934489402697496,1
./datasets/Organised/20260306-handFlying-2/67658880.jpg,0,0.47639691714836224,0.010886319845857417,0.09104046242774566,1
./datasets/Organised/20260306-handFlying-2/67658880.jpg,1,0.6557803468208092,0.019364161849710983,0.1634874759152216,1
./datasets/Organised/20260306-handFlying-2/67658880.jpg,2,0.31647398843930635,0.020327552986512523,0.14778420038535645,1
./datasets/Organised/20260306-handFlying-2/67792216.jpg,0,0.44710982658959536,0.011753371868978806,0.0968208092485549,1
./datasets/Organised/20260306-handFlying-2/67792216.jpg,1,0.6784200385356455,0.018015414258188825,0.15684007707129094,1
./datasets/Organised/20260306-handFlying-2/67792216.jpg,2,0.2991329479768786,0.021001926782273604,0.14132947976878613,1
./datasets/Organised/20260306-handFlying-2/67925538.jpg,0,0.5077071290944123,0.012235067437379576,0.09026974951830444,1
./datasets/Organised/20260306-handFlying-2/67925538.jpg,1,0.6646435452793834,0.021098265895953757,0.16329479768786126,1
./datasets/Organised/20260306-handFlying-2/67925538.jpg,2,0.22052023121387282,0.015703275529865127,0.11705202312138728,1
./datasets/Organised/20260306-handFlying-2/68058868.jpg,0,0.5879576107899808,0.010500963391136802,0.0941233140655106,1
./datasets/Organised/20260306-handFlying-2/68058868.jpg,1,0.626204238921002,0.022928709055876687,0.17032755298651253,1
./datasets/Organised/20260306-handFlying-2/68058868.jpg,2,0.16811175337186898,0.013776493256262042,0.09662813102119461,1
./datasets/Organised/20260306-handFlying-2/68225533.jpg,0,0.7024084778420039,0.011175337186897881,0.10529865125240848,1
./datasets/Organised/20260306-handFlying-2/68225533.jpg,1,0.7052986512524084,0.020134874759152217,0.1523121387283237,1
./datasets/Organised/20260306-handFlying-2/68225533.jpg,2,0.2396917148362235,0.01840077071290944,0.1161849710982659,1
./datasets/Organised/20260306-handFlying-2/68358874.jpg,0,0.6934489402697496,0.01300578034682081,0.10163776493256262,1
./datasets/Organised/20260306-handFlying-2/68358874.jpg,1,0.6948940269749518,0.01859344894026975,0.14441233140655105,1
./datasets/Organised/20260306-handFlying-2/68358874.jpg,2,0.2329479768786127,0.018304431599229287,0.11772639691714837,1
./datasets/Organised/20260306-handFlying-2/68525535.jpg,0,0.6888246628131022,0.011175337186897881,0.10298651252408478,1
./datasets/Organised/20260306-handFlying-2/68525535.jpg,1,0.6579961464354528,0.020520231213872833,0.15838150289017341,1
./datasets/Organised/20260306-handFlying-2/68525535.jpg,2,0.1838150289017341,0.014836223506743738,0.10761078998073217,1
./datasets/Organised/20260306-handFlying-2/68658899.jpg,0,0.7259152215799615,0.012716763005780347,0.10038535645472062,1
./datasets/Organised/20260306-handFlying-2/68658899.jpg,1,0.6613680154142582,0.022447013487475916,0.16396917148362236,1
./datasets/Organised/20260306-handFlying-2/68658899.jpg,2,0.13786127167630058,0.01069364161849711,0.07610789980732177,1
./datasets/Organised/20260306-handFlying-2/68825528.jpg,0,0.7767822736030828,0.010886319845857417,0.08978805394990366,1
./datasets/Organised/20260306-handFlying-2/68825528.jpg,1,0.641907514450867,0.022639691714836225,0.16897880539499036,1
./datasets/Organised/20260306-handFlying-2/68825528.jpg,2,0.09210019267822736,0.007707129094412331,0.06522157996146435,0
./datasets/Organised/20260306-handFlying-2/68958876.jpg,0,0.7881502890173411,0.00953757225433526,0.08121387283236994,1
./datasets/Organised/20260306-handFlying-2/68958876.jpg,1,0.6580924855491329,0.018208092485549134,0.1556840077071291,1
./datasets/Organised/20260306-handFlying-2/68958876.jpg,2,0.10327552986512524,0.008863198458574181,0.06425818882466282,1
./datasets/Organised/20260306-handFlying-2/69125540.jpg,0,0.775626204238921,0.01069364161849711,0.09903660886319846,1
./datasets/Organised/20260306-handFlying-2/69125540.jpg,1,0.6713872832369943,0.022928709055876687,0.16589595375722543,1
./datasets/Organised/20260306-handFlying-2/69125540.jpg,2,0.12283236994219653,0.01069364161849711,0.08063583815028902,1
./datasets/Organised/20260306-handFlying-2/69292194.jpg,0,0.7427745664739884,0.012427745664739885,0.09990366088631984,1
./datasets/Organised/20260306-handFlying-2/69292194.jpg,1,0.6815028901734104,0.019460500963391136,0.1466281310211946,1
./datasets/Organised/20260306-handFlying-2/69292194.jpg,2,0.10221579961464354,0.010789980732177264,0.07321772639691715,1
./datasets/Organised/20260306-handFlying-2/69458872.jpg,0,0.7214836223506744,0.010500963391136802,0.09335260115606936,1
./datasets/Organised/20260306-handFlying-2/69458872.jpg,1,0.6414258188824663,0.022350674373795763,0.16820809248554913,1
./datasets/Organised/20260306-handFlying-2/69458872.jpg,2,0.08892100192678228,0.009922928709055878,0.07215799614643545,0
./datasets/Organised/20260306-handFlying-2/69592184.jpg,0,0.6860308285163776,0.012042389210019268,0.09605009633911368,1
./datasets/Organised/20260306-handFlying-2/69592184.jpg,1,0.6085741811175337,0.022157996146435453,0.16647398843930636,1
./datasets/Organised/20260306-handFlying-2/69592184.jpg,2,0.05789980732177264,0.007707129094412331,0.05269749518304431,0
./datasets/Organised/20260306-handFlying-2/69758855.jpg,0,0.785645472061657,0.010115606936416185,0.08882466281310213,1
./datasets/Organised/20260306-handFlying-2/69758855.jpg,1,0.6588631984585742,0.02254335260115607,0.17167630057803468,1
./datasets/Organised/20260306-handFlying-2/69758855.jpg,2,0.07658959537572255,0.008670520231213872,0.05279383429672447,0
./datasets/Organised/20260306-handFlying-2/69892188.jpg,0,0.815028901734104,0.010404624277456647,0.09267822736030829,1
./datasets/Organised/20260306-handFlying-2/69892188.jpg,1,0.7248554913294798,0.020134874759152217,0.15173410404624277,1
./datasets/Organised/20260306-handFlying-2/69892188.jpg,2,0.1210019267822736,0.008574181117533719,0.06666666666666667,1
./datasets/Organised/20260306-handFlying-2/70058861.jpg,0,0.8645472061657032,0.009633911368015413,0.09296724470134875,1
./datasets/Organised/20260306-handFlying-2/70058861.jpg,1,0.7340077071290945,0.016184971098265895,0.1359344894026975,1
./datasets/Organised/20260306-handFlying-2/70058861.jpg,2,0.10414258188824663,0.008766859344894027,0.06416184971098265,1
./datasets/Organised/20260306-handFlying-2/70192190.jpg,0,0.9417148362235067,0.007321772639691715,0.07533718689788053,1
./datasets/Organised/20260306-handFlying-2/70192190.jpg,1,0.7429672447013488,0.014258188824662813,0.1258188824662813,1
./datasets/Organised/20260306-handFlying-2/70192190.jpg,2,0.16946050096339113,0.013294797687861272,0.08795761078998073,1
./datasets/Organised/20260306-handFlying-2/70358864.jpg,0,0.9430635838150289,0.008188824662813102,0.07456647398843931,1
./datasets/Organised/20260306-handFlying-2/70358864.jpg,1,0.7842967244701349,0.015028901734104046,0.11666666666666667,1
./datasets/Organised/20260306-handFlying-2/70358864.jpg,2,0.14826589595375722,0.011078998073217727,0.07601156069364162,1
./datasets/Organised/20260306-handFlying-2/70525518.jpg,0,0.9388246628131022,0.008670520231213872,0.08121387283236994,1
./datasets/Organised/20260306-handFlying-2/70525518.jpg,1,0.761849710982659,0.018015414258188825,0.1496146435452794,1
./datasets/Organised/20260306-handFlying-2/70525518.jpg,2,0.15809248554913294,0.013198458574181117,0.10472061657032755,1
./datasets/Organised/20260306-handFlying-2/70726685.jpg,0,0.830635838150289,0.01001926782273603,0.07784200385356455,1
./datasets/Organised/20260306-handFlying-2/70726685.jpg,1,0.6372832369942196,0.01695568400770713,0.1409441233140655,1
./datasets/Organised/20260306-handFlying-2/70726685.jpg,2,0.11483622350674373,0.009922928709055878,0.07273603082851637,1
./datasets/Organised/20260306-handFlying-2/70892206.jpg,0,0.8684007707129094,0.011464354527938344,0.09662813102119461,1
./datasets/Organised/20260306-handFlying-2/70892206.jpg,1,0.6514450867052023,0.017533718689788053,0.1245664739884393,1
./datasets/Organised/20260306-handFlying-2/70892206.jpg,2,0.10578034682080925,0.010308285163776493,0.07851637764932562,1
./datasets/Organised/20260306-handFlying-2/71025519.jpg,0,0.8124277456647399,0.011175337186897881,0.08641618497109826,1
./datasets/Organised/20260306-handFlying-2/71025519.jpg,1,0.6450867052023121,0.01628131021194605,0.13545279383429673,1
./datasets/Organised/20260306-handFlying-2/71025519.jpg,2,0.1508670520231214,0.012427745664739885,0.09441233140655106,1
./datasets/Organised/20260306-handFlying-2/71192179.jpg,0,0.796917148362235,0.014258188824662813,0.10414258188824663,1
./datasets/Organised/20260306-handFlying-2/71192179.jpg,1,0.708766859344894,0.01840077071290944,0.14383429672447012,1
./datasets/Organised/20260306-handFlying-2/71192179.jpg,2,0.1930635838150289,0.014547206165703276,0.10915221579961465,1
./datasets/Organised/20260306-handFlying-2/71358843.jpg,0,0.8500963391136801,0.012524084778420038,0.10722543352601156,1
./datasets/Organised/20260306-handFlying-2/71358843.jpg,1,0.7760115606936416,0.01907514450867052,0.14730250481695567,1
./datasets/Organised/20260306-handFlying-2/71358843.jpg,2,0.22533718689788054,0.015028901734104046,0.125626204238921,1
./datasets/Organised/20260306-handFlying-2/71492186.jpg,0,0.884393063583815,0.013294797687861272,0.10674373795761079,1
./datasets/Organised/20260306-handFlying-2/71492186.jpg,1,0.7955684007707129,0.018497109826589597,0.14373795761078997,1
./datasets/Organised/20260306-handFlying-2/71492186.jpg,2,0.20279383429672446,0.016377649325626204,0.12418111753371869,1
./datasets/Organised/20260306-handFlying-2/71658839.jpg,0,0.9185934489402697,0.01021194605009634,0.09460500963391137,1
./datasets/Organised/20260306-handFlying-2/71658839.jpg,1,0.8077071290944123,0.017148362235067438,0.13458574181117533,1
./datasets/Organised/20260306-handFlying-2/71658839.jpg,2,0.27129094412331406,0.015028901734104046,0.1254335260115607,1
./datasets/Organised/20260306-handFlying-2/71792170.jpg,0,0.8940269749518305,0.012716763005780347,0.09807321772639692,1
./datasets/Organised/20260306-handFlying-2/71792170.jpg,1,0.789980732177264,0.01464354527938343,0.12369942196531791,1
./datasets/Organised/20260306-handFlying-2/71792170.jpg,2,0.3376685934489403,0.01464354527938343,0.130635838150289,1
./datasets/Organised/20260306-handFlying-2/71958846.jpg,0,0.8597302504816956,0.013198458574181117,0.10732177263969171,1
./datasets/Organised/20260306-handFlying-2/71958846.jpg,1,0.7810211946050096,0.019171483622350674,0.14816955684007707,1
./datasets/Organised/20260306-handFlying-2/71958846.jpg,2,0.31445086705202313,0.014065510597302504,0.12369942196531791,1
./datasets/Organised/20260306-handFlying-2/72092173.jpg,0,0.8667630057803468,0.013680154142581889,0.10703275529865125,1
./datasets/Organised/20260306-handFlying-2/72092173.jpg,1,0.8149325626204239,0.014450867052023121,0.13102119460500963,1
./datasets/Organised/20260306-handFlying-2/72092173.jpg,2,0.313102119460501,0.01233140655105973,0.10664739884393064,1
./datasets/Organised/20260306-handFlying-2/72258833.jpg,0,0.8721579961464354,0.012042389210019268,0.11165703275529865,1
./datasets/Organised/20260306-handFlying-2/72258833.jpg,1,0.7877649325626205,0.018882466281310212,0.14884393063583815,1
./datasets/Organised/20260306-handFlying-2/72258833.jpg,2,0.26252408477842004,0.01464354527938343,0.11406551059730251,1
./datasets/Organised/20260306-handFlying-2/72392165.jpg,0,0.8747591522157996,0.014932562620423893,0.11965317919075144,1
./datasets/Organised/20260306-handFlying-2/72392165.jpg,1,0.786897880539499,0.015414258188824663,0.13458574181117533,1
./datasets/Organised/20260306-handFlying-2/72392165.jpg,2,0.23073217726396916,0.01348747591522158,0.11522157996146436,1
./datasets/Organised/20260306-handFlying-2/72525497.jpg,0,0.8823699421965318,0.012042389210019268,0.10192678227360308,1
./datasets/Organised/20260306-handFlying-2/72525497.jpg,1,0.785645472061657,0.01695568400770713,0.14036608863198458,1
./datasets/Organised/20260306-handFlying-2/72525497.jpg,2,0.18227360308285165,0.01233140655105973,0.10500963391136801,1
./datasets/Organised/20260306-handFlying-2/72692178.jpg,0,0.8597302504816956,0.016377649325626204,0.11946050096339114,1
./datasets/Organised/20260306-handFlying-2/72692178.jpg,1,0.8117533718689788,0.016859344894026976,0.12967244701348749,1
./datasets/Organised/20260306-handFlying-2/72692178.jpg,2,0.20578034682080926,0.012042389210019268,0.09836223506743738,1
./datasets/Organised/20260306-handFlying-2/72825497.jpg,0,0.8552986512524084,0.01300578034682081,0.10645472061657033,1
./datasets/Organised/20260306-handFlying-2/72825497.jpg,1,0.8320809248554913,0.013294797687861272,0.11666666666666667,1
./datasets/Organised/20260306-handFlying-2/72825497.jpg,2,0.23622350674373796,0.013198458574181117,0.1079961464354528,1
./datasets/Organised/20260306-handFlying-2/72958832.jpg,0,0.8263969171483623,0.012716763005780347,0.11069364161849711,1
./datasets/Organised/20260306-handFlying-2/72958832.jpg,1,0.848747591522158,0.014161849710982659,0.11040462427745665,1
./datasets/Organised/20260306-handFlying-2/72958832.jpg,2,0.2680154142581888,0.014354527938342966,0.11107899807321772,1
./datasets/Organised/20260306-handFlying-2/73125492.jpg,0,0.8180154142581888,0.013102119460500963,0.09816955684007707,1
./datasets/Organised/20260306-handFlying-2/73125492.jpg,1,0.8891136801541426,0.009152215799614644,0.08179190751445087,1
./datasets/Organised/20260306-handFlying-2/73125492.jpg,2,0.30828516377649323,0.015703275529865127,0.10789980732177264,1
./datasets/Organised/20260306-handFlying-2/73258826.jpg,0,0.8582851637764932,0.01069364161849711,0.09508670520231213,1
./datasets/Organised/20260306-handFlying-2/73258826.jpg,1,0.8867052023121387,0.012620423892100193,0.10096339113680154,1
./datasets/Organised/20260306-handFlying-2/73258826.jpg,2,0.4092485549132948,0.01628131021194605,0.13159922928709056,1
./datasets/Organised/20260306-handFlying-2/73425496.jpg,0,0.8064547206165703,0.012235067437379576,0.0871868978805395,1
./datasets/Organised/20260306-handFlying-2/73425496.jpg,1,0.8601156069364162,0.015221579961464355,0.12842003853564546,1
./datasets/Organised/20260306-handFlying-2/73425496.jpg,2,0.5444123314065511,0.016570327552986513,0.1316955684007707,1
./datasets/Organised/20260306-handFlying-2/73558837.jpg,0,0.8446050096339114,0.006165703275529865,0.06242774566473988,1
./datasets/Organised/20260306-handFlying-2/73558837.jpg,1,0.8499036608863199,0.013294797687861272,0.12013487475915222,1
./datasets/Organised/20260306-handFlying-2/73558837.jpg,2,0.6041425818882467,0.016666666666666666,0.12273603082851638,1
./datasets/Organised/20260306-handFlying-2/73725493.jpg,0,0.8127167630057803,0.008188824662813102,0.05452793834296724,1
./datasets/Organised/20260306-handFlying-2/73725493.jpg,1,0.8622350674373795,0.012427745664739885,0.10905587668593449,1
./datasets/Organised/20260306-handFlying-2/73725493.jpg,2,0.6472061657032755,0.014354527938342966,0.1295761078998073,1
./datasets/Organised/20260306-handFlying-2/73858819.jpg,0,0.7646435452793834,0.008670520231213872,0.06271676300578034,1
./datasets/Organised/20260306-handFlying-2/73858819.jpg,1,0.9077071290944123,0.01069364161849711,0.09431599229287091,1
./datasets/Organised/20260306-handFlying-2/73858819.jpg,2,0.6553949903660886,0.013872832369942197,0.1105009633911368,1
./datasets/Organised/20260306-handFlying-2/74025485.jpg,0,0.6825626204238922,0.009055876685934489,0.05992292870905588,1
./datasets/Organised/20260306-handFlying-2/74025485.jpg,1,0.8964354527938343,0.012716763005780347,0.09210019267822736,1
./datasets/Organised/20260306-handFlying-2/74025485.jpg,2,0.6628131021194605,0.014161849710982659,0.11984585741811175,1
./datasets/Organised/20260306-handFlying-2/74192159.jpg,0,0.605009633911368,0.009826589595375723,0.06483622350674374,1
./datasets/Organised/20260306-handFlying-2/74192159.jpg,1,0.9044315992292871,0.008863198458574181,0.07784200385356455,1
./datasets/Organised/20260306-handFlying-2/74192159.jpg,2,0.6708092485549133,0.014065510597302504,0.12177263969171484,1
./datasets/Organised/20260306-handFlying-2/74325485.jpg,0,0.5332369942196532,0.010404624277456647,0.07707129094412331,1
./datasets/Organised/20260306-handFlying-2/74325485.jpg,1,0.9170520231213873,0.007032755298651252,0.06676300578034682,1
./datasets/Organised/20260306-handFlying-2/74325485.jpg,2,0.6895953757225434,0.015221579961464355,0.12552986512524084,1
./datasets/Organised/20260306-handFlying-2/74492150.jpg,0,0.3464354527938343,0.011657032755298651,0.06319845857418112,1
./datasets/Organised/20260306-handFlying-2/74492150.jpg,1,0.8507707129094413,0.011271676300578034,0.08516377649325627,1
./datasets/Organised/20260306-handFlying-2/74492150.jpg,2,0.6548169556840077,0.019942196531791908,0.14315992292870905,1
./datasets/Organised/20260306-handFlying-2/74658822.jpg,0,0.3338150289017341,0.011657032755298651,0.07485549132947977,1
./datasets/Organised/20260306-handFlying-2/74658822.jpg,1,0.8933526011560694,0.007803468208092485,0.07475915221579961,1
./datasets/Organised/20260306-handFlying-2/74658822.jpg,2,0.6859344894026975,0.017726396917148363,0.1352601156069364,1
./datasets/Organised/20260306-handFlying-2/74792175.jpg,0,0.42283236994219653,0.011078998073217727,0.0779383429672447,1
./datasets/Organised/20260306-handFlying-2/74792175.jpg,1,0.9570327552986513,0.0037572254335260114,0.0441233140655106,1
./datasets/Organised/20260306-handFlying-2/74792175.jpg,2,0.6582851637764933,0.017341040462427744,0.14238921001926783,1
./datasets/Organised/20260306-handFlying-2/74958817.jpg,0,0.2789980732177264,0.00953757225433526,0.06502890173410404,1
./datasets/Organised/20260306-handFlying-2/74958817.jpg,1,0.8822736030828516,0.008188824662813102,0.073121387283237,1
./datasets/Organised/20260306-handFlying-2/74958817.jpg,2,0.6168593448940269,0.016184971098265895,0.1245664739884393,1
./datasets/Organised/20260306-handFlying-2/75125485.jpg,0,0.24190751445086706,0.0076107899807321775,0.04797687861271676,1
./datasets/Organised/20260306-handFlying-2/75125485.jpg,1,0.6859344894026975,0.009922928709055878,0.0882466281310212,1
./datasets/Organised/20260306-handFlying-2/75125485.jpg,2,0.6340077071290944,0.015703275529865127,0.12986512524084778,1
./datasets/Organised/20260306-handFlying-2/75258808.jpg,0,0.13429672447013488,0.007129094412331407,0.05317919075144509,1
./datasets/Organised/20260306-handFlying-2/75258808.jpg,1,0.598747591522158,0.011753371868978806,0.08342967244701349,1
./datasets/Organised/20260306-handFlying-2/75258808.jpg,2,0.6685934489402697,0.01348747591522158,0.1176300578034682,1
./datasets/Organised/20260306-handFlying-2/75425480.jpg,0,0.13285163776493256,0.005587668593448941,0.037379576107899805,1
./datasets/Organised/20260306-handFlying-2/75425480.jpg,1,0.5451830443159923,0.01348747591522158,0.09470134874759152,1
./datasets/Organised/20260306-handFlying-2/75425480.jpg,2,0.6667630057803469,0.01233140655105973,0.10789980732177264,1
./datasets/Organised/20260306-handFlying-2/75592141.jpg,0,0.16156069364161849,0.004335260115606936,0.02581888246628131,1
./datasets/Organised/20260306-handFlying-2/75592141.jpg,1,0.5703275529865125,0.015028901734104046,0.09971098265895954,1
./datasets/Organised/20260306-handFlying-2/75592141.jpg,2,0.7174373795761079,0.011078998073217727,0.0989402697495183,1
./datasets/Organised/20260306-handFlying-2/75725476.jpg,0,0.07610789980732177,0.0029865125240847784,0.018978805394990365,0
./datasets/Organised/20260306-handFlying-2/75725476.jpg,1,0.461849710982659,0.014932562620423893,0.09816955684007707,1
./datasets/Organised/20260306-handFlying-2/75725476.jpg,2,0.6533718689788054,0.009826589595375723,0.08998073217726398,1
./datasets/Organised/20260306-handFlying-2/75892143.jpg,0,0.05857418111753372,0.0025048169556840076,0.016377649325626204,0
./datasets/Organised/20260306-handFlying-2/75892143.jpg,1,0.478131021194605,0.014547206165703276,0.09026974951830444,1
./datasets/Organised/20260306-handFlying-2/75892143.jpg,2,0.7201348747591522,0.013776493256262042,0.097495183044316,1
./datasets/Organised/20260306-handFlying-2/76025472.jpg,0,0.09315992292870906,0.0032755298651252407,0.02167630057803468,0
./datasets/Organised/20260306-handFlying-2/76025472.jpg,1,0.4996146435452794,0.01300578034682081,0.08236994219653179,1
./datasets/Organised/20260306-handFlying-2/76025472.jpg,2,0.7482658959537573,0.009730250481695568,0.09393063583815028,1
./datasets/Organised/20260306-handFlying-2/76192151.jpg,0,0.12138728323699421,0.004720616570327553,0.02813102119460501,1
./datasets/Organised/20260306-handFlying-2/76192151.jpg,1,0.5255298651252408,0.01233140655105973,0.08641618497109826,1
./datasets/Organised/20260306-handFlying-2/76192151.jpg,2,0.7583815028901734,0.012620423892100193,0.1001926782273603,1
./datasets/Organised/20260306-handFlying-2/76325473.jpg,0,0.12283236994219653,0.004238921001926782,0.027360308285163778,1
./datasets/Organised/20260306-handFlying-2/76325473.jpg,1,0.5260115606936416,0.011368015414258189,0.08554913294797688,1
./datasets/Organised/20260306-handFlying-2/76325473.jpg,2,0.78121387283237,0.010115606936416185,0.08554913294797688,1
./datasets/Organised/20260306-handFlying-2/76492136.jpg,0,0.1105009633911368,0.003371868978805395,0.02003853564547206,1
./datasets/Organised/20260306-handFlying-2/76492136.jpg,1,0.5351637764932563,0.011560693641618497,0.07283236994219654,1
./datasets/Organised/20260306-handFlying-2/76492136.jpg,2,0.8045279383429672,0.012427745664739885,0.09826589595375723,1
./datasets/Organised/20260306-handFlying-2/76658807.jpg,0,0.13217726396917148,0.00394990366088632,0.020905587668593448,1
./datasets/Organised/20260306-handFlying-2/76658807.jpg,1,0.6253371868978805,0.008477842003853564,0.06213872832369942,1
./datasets/Organised/20260306-handFlying-2/76658807.jpg,2,0.9026974951830443,0.006551059730250481,0.06753371868978805,1
./datasets/Organised/20260306-handFlying-2/76792154.jpg,0,0.18940269749518304,0.004816955684007707,0.03391136801541426,1
./datasets/Organised/20260306-handFlying-2/76792154.jpg,1,0.7657996146435453,0.007803468208092485,0.06001926782273603,1
./datasets/Organised/20260306-handFlying-2/76792154.jpg,2,0.876204238921002,0.005009633911368015,0.05674373795761079,1
./datasets/Organised/20260306-handFlying-2/76958802.jpg,0,0.27620423892100193,0.0060693641618497106,0.03603082851637765,1
./datasets/Organised/20260306-handFlying-2/76958802.jpg,1,0.8382466281310212,0.006551059730250481,0.05838150289017341,1
./datasets/Organised/20260306-handFlying-2/76958802.jpg,2,0.9209055876685934,0.0064547206165703275,0.04971098265895954,1
./datasets/Organised/20260306-handFlying-2/77092127.jpg,0,0.2615606936416185,0.007996146435452794,0.0523121387283237,1
./datasets/Organised/20260306-handFlying-2/77092127.jpg,1,0.7966281310211946,0.0072254335260115606,0.055876685934489405,1
./datasets/Organised/20260306-handFlying-2/77092127.jpg,2,0.8883429672447013,0.005394990366088632,0.05992292870905588,1
./datasets/Organised/20260306-handFlying-2/77258793.jpg,0,0.2727360308285164,0.010308285163776493,0.06127167630057803,1
./datasets/Organised/20260306-handFlying-2/77258793.jpg,1,0.708092485549133,0.009055876685934489,0.061464354527938345,1
./datasets/Organised/20260306-handFlying-2/77258793.jpg,2,0.78121387283237,0.008863198458574181,0.07909441233140656,1
./datasets/Organised/20260306-handFlying-2/77425466.jpg,0,0.3336223506743738,0.009344894026974951,0.06021194605009634,1
./datasets/Organised/20260306-handFlying-2/77425466.jpg,1,0.6834296724470135,0.00789980732177264,0.055973025048169554,1
./datasets/Organised/20260306-handFlying-2/77425466.jpg,2,0.6578998073217727,0.012042389210019268,0.09152215799614644,1
./datasets/Organised/20260306-handFlying-2/77558802.jpg,0,0.34325626204238924,0.01001926782273603,0.06473988439306358,1
./datasets/Organised/20260306-handFlying-2/77558802.jpg,1,0.644315992292871,0.007803468208092485,0.05606936416184971,1
./datasets/Organised/20260306-handFlying-2/77558802.jpg,2,0.6110789980732177,0.013391136801541427,0.09354527938342967,1
./datasets/Organised/20260306-handFlying-2/77692128.jpg,0,0.34325626204238924,0.009248554913294798,0.05838150289017341,1
./datasets/Organised/20260306-handFlying-2/77692128.jpg,1,0.6835260115606936,0.008092485549132947,0.05828516377649326,1
./datasets/Organised/20260306-handFlying-2/77692128.jpg,2,0.6411368015414258,0.014739884393063583,0.10298651252408478,1
./datasets/Organised/20260306-handFlying-2/77858792.jpg,0,0.3715799614643545,0.009055876685934489,0.054046242774566475,1
./datasets/Organised/20260306-handFlying-2/77858792.jpg,1,0.7264932562620424,0.008188824662813102,0.059633911368015415,1
./datasets/Organised/20260306-handFlying-2/77858792.jpg,2,0.6947013487475915,0.010789980732177264,0.08863198458574181,1
./datasets/Organised/20260306-handFlying-2/77992127.jpg,0,0.34633911368015413,0.01001926782273603,0.06599229287090559,1
./datasets/Organised/20260306-handFlying-2/77992127.jpg,1,0.7227360308285163,0.009248554913294798,0.06242774566473988,1
./datasets/Organised/20260306-handFlying-2/77992127.jpg,2,0.716859344894027,0.012138728323699421,0.08458574181117534,1
./datasets/Organised/20260306-handFlying-2/78125460.jpg,0,0.3202312138728324,0.009633911368015413,0.06724470134874759,1
./datasets/Organised/20260306-handFlying-2/78125460.jpg,1,0.7019267822736031,0.007803468208092485,0.054046242774566475,1
./datasets/Organised/20260306-handFlying-2/78125460.jpg,2,0.7052023121387283,0.010308285163776493,0.07919075144508671,1
./datasets/Organised/20260306-handFlying-2/78292132.jpg,0,0.31840077071290945,0.011175337186897881,0.07263969171483622,1
./datasets/Organised/20260306-handFlying-2/78292132.jpg,1,0.6565510597302505,0.008092485549132947,0.054816955684007705,1
./datasets/Organised/20260306-handFlying-2/78292132.jpg,2,0.6207129094412331,0.010308285163776493,0.0651252408477842,1
./datasets/Organised/20260306-handFlying-2/78425457.jpg,0,0.301252408477842,0.01069364161849711,0.07186897880539499,1
./datasets/Organised/20260306-handFlying-2/78425457.jpg,1,0.5782273603082851,0.009344894026974951,0.06608863198458574,1
./datasets/Organised/20260306-handFlying-2/78425457.jpg,2,0.5562620423892101,0.009730250481695568,0.06493256262042389,1
./datasets/Organised/20260306-handFlying-2/78592114.jpg,0,0.4014450867052023,0.011946050096339113,0.0788053949903661,1
./datasets/Organised/20260306-handFlying-2/78592114.jpg,1,0.6789017341040462,0.007032755298651252,0.05,1
./datasets/Organised/20260306-handFlying-2/78592114.jpg,2,0.5620423892100193,0.009055876685934489,0.06011560693641618,1
./datasets/Organised/20260306-handFlying-2/78725462.jpg,0,0.3177263969171484,0.01233140655105973,0.08063583815028902,1
./datasets/Organised/20260306-handFlying-2/78725462.jpg,1,0.6139691714836224,0.007707129094412331,0.05722543352601156,1
./datasets/Organised/20260306-handFlying-2/78725462.jpg,2,0.5799614643545279,0.007418111753371869,0.051734104046242776,1
./datasets/Organised/20260306-handFlying-2/78892111.jpg,0,0.3493256262042389,0.013198458574181117,0.08969171483622351,1
./datasets/Organised/20260306-handFlying-2/78892111.jpg,1,0.6648362235067438,0.008574181117533719,0.06772639691714837,1
./datasets/Organised/20260306-handFlying-2/78892111.jpg,2,0.5711946050096339,0.008670520231213872,0.05414258188824663,1
./datasets/Organised/20260306-handFlying-2/79025445.jpg,0,0.4105009633911368,0.0128131021194605,0.09354527938342967,1
./datasets/Organised/20260306-handFlying-2/79025445.jpg,1,0.713776493256262,0.007996146435452794,0.051830443159922926,1
./datasets/Organised/20260306-handFlying-2/79025445.jpg,2,0.5661849710982659,0.007996146435452794,0.049903660886319846,1
./datasets/Organised/20260306-handFlying-2/79158776.jpg,0,0.46714836223506745,0.014258188824662813,0.097495183044316,1
./datasets/Organised/20260306-handFlying-2/79158776.jpg,1,0.7746628131021195,0.007321772639691715,0.05115606936416185,1
./datasets/Organised/20260306-handFlying-2/79158776.jpg,2,0.5529865125240848,0.007418111753371869,0.051830443159922926,1
./datasets/Organised/20260306-handFlying-2/79325453.jpg,0,0.3518304431599229,0.014932562620423893,0.10549132947976879,1
./datasets/Organised/20260306-handFlying-2/79325453.jpg,1,0.6931599229287091,0.008574181117533719,0.06387283236994219,1
./datasets/Organised/20260306-handFlying-2/79325453.jpg,2,0.5544315992292871,0.0072254335260115606,0.046242774566473986,1
./datasets/Organised/20260306-handFlying-2/79458784.jpg,0,0.3180154142581888,0.012909441233140655,0.09267822736030829,1
./datasets/Organised/20260306-handFlying-2/79458784.jpg,1,0.7249518304431599,0.007129094412331407,0.05606936416184971,1
./datasets/Organised/20260306-handFlying-2/79458784.jpg,2,0.5728323699421966,0.006647398843930636,0.044701348747591525,1
./datasets/Organised/20260306-handFlying-2/79592107.jpg,0,0.2581888246628131,0.01464354527938343,0.0985549132947977,1
./datasets/Organised/20260306-handFlying-2/79592107.jpg,1,0.7294797687861272,0.009344894026974951,0.06705202312138728,1
./datasets/Organised/20260306-handFlying-2/79592107.jpg,2,0.5992292870905588,0.007032755298651252,0.047784200385356454,1
./datasets/Organised/20260306-handFlying-2/79758776.jpg,0,0.24335260115606935,0.013969171483622351,0.1,1
./datasets/Organised/20260306-handFlying-2/79758776.jpg,1,0.6814065510597302,0.01021194605009634,0.07263969171483622,1
./datasets/Organised/20260306-handFlying-2/79758776.jpg,2,0.6089595375722543,0.006551059730250481,0.04238921001926782,1
./datasets/Organised/20260306-handFlying-2/79892106.jpg,0,0.2466281310211946,0.017148362235067438,0.12129094412331407,1
./datasets/Organised/20260306-handFlying-2/79892106.jpg,1,0.6524084778420038,0.010500963391136802,0.08188824662813102,1
./datasets/Organised/20260306-handFlying-2/79892106.jpg,2,0.5911368015414258,0.007032755298651252,0.04980732177263969,1
./datasets/Organised/20260306-handFlying-2/80058775.jpg,0,0.28959537572254335,0.017726396917148363,0.1126204238921002,1
./datasets/Organised/20260306-handFlying-2/80058775.jpg,1,0.6923892100192678,0.009248554913294798,0.0710019267822736,1
./datasets/Organised/20260306-handFlying-2/80058775.jpg,2,0.6475915221579961,0.00674373795761079,0.05009633911368015,1
./datasets/Organised/20260306-handFlying-2/80192108.jpg,0,0.32321772639691715,0.021001926782273604,0.1340077071290944,1
./datasets/Organised/20260306-handFlying-2/80192108.jpg,1,0.7615606936416185,0.008670520231213872,0.06589595375722543,1
./datasets/Organised/20260306-handFlying-2/80192108.jpg,2,0.7507707129094412,0.005491329479768786,0.04344894026974952,1
./datasets/Organised/20260306-handFlying-2/80359102.jpg,0,0.34171483622350673,0.020905587668593448,0.12861271676300579,1
./datasets/Organised/20260306-handFlying-2/80359102.jpg,1,0.7534682080924856,0.00789980732177264,0.07071290944123314,1
./datasets/Organised/20260306-handFlying-2/80359102.jpg,2,0.7947976878612717,0.005491329479768786,0.04605009633911368,1
./datasets/Organised/20260306-handFlying-2/80492102.jpg,0,0.389980732177264,0.019460500963391136,0.1197495183044316,1
./datasets/Organised/20260306-handFlying-2/80492102.jpg,1,0.6996146435452794,0.00789980732177264,0.0663776493256262,1
./datasets/Organised/20260306-handFlying-2/80492102.jpg,2,0.7573217726396917,0.007707129094412331,0.052986512524084775,1
./datasets/Organised/20260306-handFlying-2/80658768.jpg,0,0.40211946050096337,0.022736030828516378,0.1363198458574181,1
./datasets/Organised/20260306-handFlying-2/80658768.jpg,1,0.7114643545279383,0.007321772639691715,0.05934489402697495,1
./datasets/Organised/20260306-handFlying-2/80658768.jpg,2,0.7378612716763006,0.005491329479768786,0.04094412331406551,1
./datasets/Organised/20260306-handFlying-2/80792100.jpg,0,0.3943159922928709,0.01955684007707129,0.12408477842003854,1
./datasets/Organised/20260306-handFlying-2/80792100.jpg,1,0.7044315992292871,0.008092485549132947,0.058959537572254334,1
./datasets/Organised/20260306-handFlying-2/80792100.jpg,2,0.6970134874759152,0.004816955684007707,0.03998073217726397,1
./datasets/Organised/20260306-handFlying-2/80958769.jpg,0,0.3690751445086705,0.021290944123314066,0.1316955684007707,1
./datasets/Organised/20260306-handFlying-2/80958769.jpg,1,0.65626204238921,0.009826589595375723,0.06483622350674374,1
./datasets/Organised/20260306-handFlying-2/80958769.jpg,2,0.6152215799614643,0.007032755298651252,0.04980732177263969,1
./datasets/Organised/20260306-handFlying-2/81092099.jpg,0,0.366859344894027,0.017822736030828516,0.12947976878612716,1
./datasets/Organised/20260306-handFlying-2/81092099.jpg,1,0.6654142581888247,0.008863198458574181,0.06473988439306358,1
./datasets/Organised/20260306-handFlying-2/81092099.jpg,2,0.6069364161849711,0.006551059730250481,0.044026974951830444,1
./datasets/Organised/20260306-handFlying-2/81258761.jpg,0,0.31589595375722546,0.018689788053949902,0.11233140655105973,1
./datasets/Organised/20260306-handFlying-2/81258761.jpg,1,0.628131021194605,0.010404624277456647,0.07745664739884393,1
./datasets/Organised/20260306-handFlying-2/81258761.jpg,2,0.541907514450867,0.006936416184971098,0.04315992292870906,1
./datasets/Organised/20260306-handFlying-2/81392093.jpg,0,0.3369942196531792,0.02003853564547206,0.13439306358381503,1
./datasets/Organised/20260306-handFlying-2/81392093.jpg,1,0.6177263969171484,0.012524084778420038,0.08420038535645472,1
./datasets/Organised/20260306-handFlying-2/81392093.jpg,2,0.4393063583815029,0.00789980732177264,0.04653179190751445,1
./datasets/Organised/20260306-handFlying-2/81558759.jpg,0,0.40809248554913297,0.020616570327552985,0.13102119460500963,1
./datasets/Organised/20260306-handFlying-2/81558759.jpg,1,0.6796724470134875,0.011175337186897881,0.0720616570327553,1
./datasets/Organised/20260306-handFlying-2/81558759.jpg,2,0.43179190751445085,0.0068400770712909445,0.05317919075144509,1
./datasets/Organised/20260306-handFlying-2/81692097.jpg,0,0.4957610789980732,0.020327552986512523,0.1361271676300578,1
./datasets/Organised/20260306-handFlying-2/81692097.jpg,1,0.7153179190751445,0.01001926782273603,0.07947976878612717,1
./datasets/Organised/20260306-handFlying-2/81692097.jpg,2,0.42620423892100195,0.006165703275529865,0.041714836223506746,1
./datasets/Organised/20260306-handFlying-2/81858754.jpg,0,0.5779383429672447,0.01955684007707129,0.13468208092485548,1
./datasets/Organised/20260306-handFlying-2/81858754.jpg,1,0.7611753371868979,0.009633911368015413,0.06791907514450866,1
./datasets/Organised/20260306-handFlying-2/81858754.jpg,2,0.403757225433526,0.006936416184971098,0.04527938342967245,1
./datasets/Organised/20260306-handFlying-2/81992870.jpg,0,0.5884393063583815,0.018015414258188825,0.12784200385356453,1
./datasets/Organised/20260306-handFlying-2/81992870.jpg,1,0.7740847784200385,0.007996146435452794,0.0674373795761079,1
./datasets/Organised/20260306-handFlying-2/81992870.jpg,2,0.4105009633911368,0.005876685934489403,0.0371868978805395,1
./datasets/Organised/20260306-handFlying-2/82125422.jpg,0,0.5627167630057803,0.019267822736030827,0.1350674373795761,1
./datasets/Organised/20260306-handFlying-2/82125422.jpg,1,0.7177263969171483,0.009633911368015413,0.08863198458574181,1
./datasets/Organised/20260306-handFlying-2/82125422.jpg,2,0.33227360308285164,0.005587668593448941,0.03227360308285164,1
./datasets/Organised/20260306-handFlying-2/82258766.jpg,0,0.6434489402697495,0.0151252408477842,0.11946050096339114,1
./datasets/Organised/20260306-handFlying-2/82258766.jpg,1,0.7328516377649326,0.010982658959537572,0.08554913294797688,1
./datasets/Organised/20260306-handFlying-2/82258766.jpg,2,0.3601156069364162,0.006936416184971098,0.04210019267822736,1
./datasets/Organised/20260306-handFlying-2/82425425.jpg,0,0.6322736030828516,0.017726396917148363,0.12427745664739884,1
./datasets/Organised/20260306-handFlying-2/82425425.jpg,1,0.7610789980732178,0.009441233140655106,0.07976878612716763,1
./datasets/Organised/20260306-handFlying-2/82425425.jpg,2,0.4658959537572254,0.005973025048169557,0.03410404624277456,1
./datasets/Organised/20260306-handFlying-2/82558762.jpg,0,0.5301541425818882,0.01840077071290944,0.12418111753371869,1
./datasets/Organised/20260306-handFlying-2/82558762.jpg,1,0.6467244701348748,0.012427745664739885,0.08391136801541425,1
./datasets/Organised/20260306-handFlying-2/82558762.jpg,2,0.4928709055876686,0.005876685934489403,0.04277456647398844,1
./datasets/Organised/20260306-handFlying-2/82725421.jpg,0,0.7060693641618497,0.014932562620423893,0.11416184971098266,1
./datasets/Organised/20260306-handFlying-2/82725421.jpg,1,0.6267822736030828,0.013294797687861272,0.10828516377649326,1
./datasets/Organised/20260306-handFlying-2/82725421.jpg,2,0.5040462427745664,0.0064547206165703275,0.06194605009633911,1
./datasets/Organised/20260306-handFlying-2/82825416.jpg,0,0.831888246628131,0.00953757225433526,0.07350674373795761,1
./datasets/Organised/20260306-handFlying-2/82825416.jpg,1,0.6513487475915222,0.011078998073217727,0.09720616570327553,1
./datasets/Organised/20260306-handFlying-2/82825416.jpg,2,0.4724470134874759,0.009441233140655106,0.06647398843930635,1
./datasets/Organised/20260306-handFlying-2/82992081.jpg,0,0.9703275529865125,0.003371868978805395,0.03140655105973025,1
./datasets/Organised/20260306-handFlying-2/82992081.jpg,1,0.7638728323699422,0.009922928709055878,0.08102119460500963,1
./datasets/Organised/20260306-handFlying-2/82992081.jpg,2,0.5846820809248555,0.006647398843930636,0.06772639691714837,1
./datasets/Organised/20260306-handFlying-2/83125407.jpg,0,0.9878612716763006,0.0035645472061657034,0.03044315992292871,1
./datasets/Organised/20260306-handFlying-2/83125407.jpg,1,0.7635838150289017,0.01069364161849711,0.07697495183044316,1
./datasets/Organised/20260306-handFlying-2/83125407.jpg,2,0.5814065510597303,0.007418111753371869,0.05992292870905588,1
./datasets/Organised/20260306-handFlying-2/83292084.jpg,0,0.989980732177264,0.003371868978805395,0.02697495183044316,1
./datasets/Organised/20260306-handFlying-2/83292084.jpg,1,0.7536608863198458,0.010500963391136802,0.07755298651252408,1
./datasets/Organised/20260306-handFlying-2/83292084.jpg,2,0.4882466281310212,0.010597302504816955,0.0848747591522158,1
./datasets/Organised/20260306-handFlying-2/83425421.jpg,0,0.9906551059730251,0.0019267822736030828,0.019845857418111755,1
./datasets/Organised/20260306-handFlying-2/83425421.jpg,1,0.789402697495183,0.009730250481695568,0.07466281310211946,1
./datasets/Organised/20260306-handFlying-2/83425421.jpg,2,0.4190751445086705,0.013391136801541427,0.09778420038535646,1
./datasets/Organised/20260306-handFlying-2/83592075.jpg,0,0.9879576107899807,0.004046242774566474,0.03448940269749518,1
./datasets/Organised/20260306-handFlying-2/83592075.jpg,1,0.8508670520231214,0.009248554913294798,0.058863198458574184,1
./datasets/Organised/20260306-handFlying-2/83592075.jpg,2,0.6434489402697495,0.012042389210019268,0.09344894026974952,1
./datasets/Organised/20260306-handFlying-2/83725415.jpg,0,0.9902697495183044,0.0023121387283236996,0.020712909441233142,1
./datasets/Organised/20260306-handFlying-2/83725415.jpg,1,0.8356454720616571,0.009152215799614644,0.06213872832369942,1
./datasets/Organised/20260306-handFlying-2/83725415.jpg,2,0.6811175337186898,0.013102119460500963,0.09393063583815028,1
./datasets/Organised/20260306-handFlying-2/83892075.jpg,0,0.9843930635838151,0.00394990366088632,0.029479768786127167,1
./datasets/Organised/20260306-handFlying-2/83892075.jpg,1,0.7814065510597302,0.01001926782273603,0.061464354527938345,1
./datasets/Organised/20260306-handFlying-2/83892075.jpg,2,0.6136801541425819,0.011271676300578034,0.08660886319845858,1
./datasets/Organised/20260306-handFlying-2/84025405.jpg,0,0.981888246628131,0.004720616570327553,0.04017341040462428,1
./datasets/Organised/20260306-handFlying-2/84025405.jpg,1,0.7312138728323699,0.010982658959537572,0.07321772639691715,1
./datasets/Organised/20260306-handFlying-2/84025405.jpg,2,0.5391136801541426,0.0128131021194605,0.09489402697495183,1
./datasets/Organised/20260306-handFlying-2/84192095.jpg,0,0.988150289017341,0.0030828516377649326,0.025240847784200385,1
./datasets/Organised/20260306-handFlying-2/84192095.jpg,1,0.7140655105973025,0.012524084778420038,0.08660886319845858,1
./datasets/Organised/20260306-handFlying-2/84192095.jpg,2,0.5590558766859345,0.01233140655105973,0.10163776493256262,1
./datasets/Organised/20260306-handFlying-2/84325406.jpg,0,0.985645472061657,0.004142581888246628,0.03689788053949904,1
./datasets/Organised/20260306-handFlying-2/84325406.jpg,1,0.6921001926782273,0.012138728323699421,0.08371868978805395,1
./datasets/Organised/20260306-handFlying-2/84325406.jpg,2,0.4789980732177264,0.01599229287090559,0.10789980732177264,1
./datasets/Organised/20260306-handFlying-2/84492073.jpg,0,0.9869942196531792,0.00394990366088632,0.03208092485549133,1
./datasets/Organised/20260306-handFlying-2/84492073.jpg,1,0.6864161849710982,0.01233140655105973,0.08497109826589595,1
./datasets/Organised/20260306-handFlying-2/84492073.jpg,2,0.5214836223506744,0.014161849710982659,0.11300578034682081,1
./datasets/Organised/20260306-handFlying-2/84625399.jpg,0,0.9852601156069364,0.002119460500963391,0.023892100192678227,1
./datasets/Organised/20260306-handFlying-2/84625399.jpg,1,0.6921965317919075,0.010789980732177264,0.07938342967244702,1
./datasets/Organised/20260306-handFlying-2/84625399.jpg,2,0.5103082851637765,0.015510597302504817,0.10895953757225434,1
./datasets/Organised/20260306-handFlying-2/84792204.jpg,0,0.9762042389210019,0.004720616570327553,0.044701348747591525,1
./datasets/Organised/20260306-handFlying-2/84792204.jpg,1,0.7153179190751445,0.009922928709055878,0.07620423892100192,1
./datasets/Organised/20260306-handFlying-2/84792204.jpg,2,0.4857418111753372,0.016377649325626204,0.11165703275529865,1
./datasets/Organised/20260306-handFlying-2/84925403.jpg,0,0.9801541425818883,0.005491329479768786,0.04325626204238921,1
./datasets/Organised/20260306-handFlying-2/84925403.jpg,1,0.6812138728323699,0.01348747591522158,0.09046242774566474,1
./datasets/Organised/20260306-handFlying-2/84925403.jpg,2,0.4184971098265896,0.018882466281310212,0.12186897880539499,1
./datasets/Organised/20260306-handFlying-2/85092066.jpg,0,0.9880539499036609,0.0037572254335260114,0.027745664739884393,1
./datasets/Organised/20260306-handFlying-2/85092066.jpg,1,0.7515414258188825,0.01300578034682081,0.08795761078998073,1
./datasets/Organised/20260306-handFlying-2/85092066.jpg,2,0.47379576107899807,0.016184971098265895,0.11811175337186898,1
./datasets/Organised/20260306-handFlying-2/85258754.jpg,0,0.9782273603082852,0.00394990366088632,0.038824662813102116,1
./datasets/Organised/20260306-handFlying-2/85258754.jpg,1,0.7783236994219653,0.015028901734104046,0.11040462427745665,1
./datasets/Organised/20260306-handFlying-2/85258754.jpg,2,0.4842967244701349,0.018111753371868978,0.12996146435452793,1
./datasets/Organised/20260306-handFlying-2/85392062.jpg,0,0.9717726396917148,0.005009633911368015,0.04682080924855491,1
./datasets/Organised/20260306-handFlying-2/85392062.jpg,1,0.8283236994219653,0.01069364161849711,0.09094412331406551,1
./datasets/Organised/20260306-handFlying-2/85392062.jpg,2,0.46069364161849713,0.017726396917148363,0.13121387283236993,1
./datasets/Organised/20260306-handFlying-2/85558726.jpg,0,0.9516377649325626,0.0064547206165703275,0.058863198458574184,1
./datasets/Organised/20260306-handFlying-2/85558726.jpg,1,0.8547206165703276,0.012427745664739885,0.10240847784200385,1
./datasets/Organised/20260306-handFlying-2/85558726.jpg,2,0.4409441233140655,0.01676300578034682,0.1254335260115607,1
./datasets/Organised/20260306-handFlying-2/85725402.jpg,0,0.9609826589595376,0.005009633911368015,0.0348747591522158,1
./datasets/Organised/20260306-handFlying-2/85725402.jpg,1,0.9234104046242775,0.007514450867052023,0.0708092485549133,1
./datasets/Organised/20260306-handFlying-2/85725402.jpg,2,0.3534682080924855,0.016473988439306357,0.11194605009633911,1
./datasets/Organised/20260306-handFlying-2/85858725.jpg,0,0.9298651252408477,0.00789980732177264,0.06358381502890173,1
./datasets/Organised/20260306-handFlying-2/85858725.jpg,1,0.9083815028901734,0.012909441233140655,0.10240847784200385,1
./datasets/Organised/20260306-handFlying-2/85858725.jpg,2,0.34335260115606936,0.014547206165703276,0.11348747591522158,1
./datasets/Organised/20260306-handFlying-2/86025391.jpg,0,0.948073217726397,0.006262042389210019,0.057032755298651254,1
./datasets/Organised/20260306-handFlying-2/86025391.jpg,1,0.9259152215799614,0.009441233140655106,0.08217726396917148,1
./datasets/Organised/20260306-handFlying-2/86025391.jpg,2,0.4029865125240848,0.015703275529865127,0.10895953757225434,1
./datasets/Organised/20260306-handFlying-2/86158726.jpg,0,0.9263969171483623,0.007129094412331407,0.06570327552986513,1
./datasets/Organised/20260306-handFlying-2/86158726.jpg,1,0.940655105973025,0.009055876685934489,0.07292870905587669,1
./datasets/Organised/20260306-handFlying-2/86158726.jpg,2,0.44971098265895953,0.013872832369942197,0.09585741811175337,1
./datasets/Organised/20260306-handFlying-2/86325394.jpg,0,0.897495183044316,0.008766859344894027,0.07360308285163776,1
./datasets/Organised/20260306-handFlying-2/86325394.jpg,1,0.9319845857418112,0.008766859344894027,0.07032755298651253,1
./datasets/Organised/20260306-handFlying-2/86325394.jpg,2,0.5274566473988439,0.013680154142581889,0.10626204238921001,1
./datasets/Organised/20260306-handFlying-2/86458726.jpg,0,0.8440269749518304,0.008766859344894027,0.08246628131021194,1
./datasets/Organised/20260306-handFlying-2/86458726.jpg,1,0.925626204238921,0.008285163776493257,0.07784200385356455,1
./datasets/Organised/20260306-handFlying-2/86458726.jpg,2,0.5684971098265896,0.011271676300578034,0.08901734104046242,1
./datasets/Organised/20260306-handFlying-2/86625390.jpg,0,0.8857418111753372,0.00674373795761079,0.05751445086705202,1
./datasets/Organised/20260306-handFlying-2/86625390.jpg,1,0.925626204238921,0.009922928709055878,0.07610789980732177,1
./datasets/Organised/20260306-handFlying-2/86625390.jpg,2,0.6060693641618498,0.008188824662813102,0.07456647398843931,1
./datasets/Organised/20260306-handFlying-2/86792050.jpg,0,0.8716763005780347,0.010886319845857417,0.08121387283236994,1
./datasets/Organised/20260306-handFlying-2/86792050.jpg,1,0.9125240847784201,0.010308285163776493,0.08892100192678228,1
./datasets/Organised/20260306-handFlying-2/86792050.jpg,2,0.6139691714836224,0.0072254335260115606,0.0697495183044316,1
./datasets/Organised/20260306-handFlying-2/86958720.jpg,0,0.8999036608863199,0.009055876685934489,0.0628131021194605,1
./datasets/Organised/20260306-handFlying-2/86958720.jpg,1,0.9242774566473988,0.008959537572254336,0.08516377649325627,1
./datasets/Organised/20260306-handFlying-2/86958720.jpg,2,0.6015414258188825,0.0072254335260115606,0.06098265895953757,1
./datasets/Organised/20260306-handFlying-2/87092059.jpg,0,0.865606936416185,0.007129094412331407,0.05944123314065511,1
./datasets/Organised/20260306-handFlying-2/87092059.jpg,1,0.9316955684007707,0.007803468208092485,0.07832369942196532,1
./datasets/Organised/20260306-handFlying-2/87092059.jpg,2,0.6197495183044316,0.005973025048169557,0.06493256262042389,1
./datasets/Organised/20260306-handFlying-2/87258718.jpg,0,0.7746628131021195,0.008766859344894027,0.06955684007707129,1
./datasets/Organised/20260306-handFlying-2/87258718.jpg,1,0.9115606936416185,0.011368015414258189,0.09710982658959537,1
./datasets/Organised/20260306-handFlying-2/87258718.jpg,2,0.6370905587668594,0.008188824662813102,0.06859344894026975,1
./datasets/Organised/20260306-handFlying-2/87392049.jpg,0,0.7585741811175337,0.009922928709055878,0.0708092485549133,1
./datasets/Organised/20260306-handFlying-2/87392049.jpg,1,0.9113680154142582,0.011657032755298651,0.09662813102119461,1
./datasets/Organised/20260306-handFlying-2/87392049.jpg,2,0.6184971098265896,0.00789980732177264,0.07639691714836223,1
./datasets/Organised/20260306-handFlying-2/87558729.jpg,0,0.8148362235067438,0.00838150289017341,0.06175337186897881,1
./datasets/Organised/20260306-handFlying-2/87558729.jpg,1,0.9410404624277456,0.008285163776493257,0.07591522157996146,1
./datasets/Organised/20260306-handFlying-2/87558729.jpg,2,0.5829479768786127,0.00838150289017341,0.06811175337186898,1
./datasets/Organised/20260306-handFlying-2/87725411.jpg,0,0.8158959537572255,0.011753371868978806,0.08102119460500963,1
./datasets/Organised/20260306-handFlying-2/87725411.jpg,1,0.9263005780346821,0.011175337186897881,0.09190751445086705,1
./datasets/Organised/20260306-handFlying-2/87725411.jpg,2,0.5176300578034682,0.007996146435452794,0.06859344894026975,1
./datasets/Organised/20260306-handFlying-2/87892067.jpg,0,0.761849710982659,0.012909441233140655,0.0930635838150289,1
./datasets/Organised/20260306-handFlying-2/87892067.jpg,1,0.918111753371869,0.012427745664739885,0.09576107899807322,1
./datasets/Organised/20260306-handFlying-2/87892067.jpg,2,0.5187861271676301,0.012042389210019268,0.08420038535645472,1
./datasets/Organised/20260306-handFlying-2/88025376.jpg,0,0.7558766859344894,0.0151252408477842,0.10655105973025049,1
./datasets/Organised/20260306-handFlying-2/88025376.jpg,1,0.9191714836223507,0.013391136801541427,0.09701348747591522,1
./datasets/Organised/20260306-handFlying-2/88025376.jpg,2,0.49402697495183046,0.010982658959537572,0.08863198458574181,1
./datasets/Organised/20260306-handFlying-2/88192080.jpg,0,0.7220616570327553,0.013198458574181117,0.10539499036608863,1
./datasets/Organised/20260306-handFlying-2/88192080.jpg,1,0.916859344894027,0.01348747591522158,0.10915221579961465,1
./datasets/Organised/20260306-handFlying-2/88192080.jpg,2,0.528805394990366,0.012427745664739885,0.08863198458574181,1
./datasets/Organised/20260306-handFlying-2/88325384.jpg,0,0.7019267822736031,0.014739884393063583,0.10260115606936417,1
./datasets/Organised/20260306-handFlying-2/88325384.jpg,1,0.9123314065510597,0.010500963391136802,0.09759152215799614,1
./datasets/Organised/20260306-handFlying-2/88325384.jpg,2,0.491233140655106,0.012909441233140655,0.09315992292870906,1
./datasets/Organised/20260306-handFlying-2/88492045.jpg,0,0.7060693641618497,0.018015414258188825,0.12639691714836224,1
./datasets/Organised/20260306-handFlying-2/88492045.jpg,1,0.9215799614643545,0.010982658959537572,0.09951830443159923,1
./datasets/Organised/20260306-handFlying-2/88492045.jpg,2,0.4361271676300578,0.012909441233140655,0.10048169556840077,1
./datasets/Organised/20260306-handFlying-2/88658729.jpg,0,0.6538535645472061,0.015510597302504817,0.11859344894026976,1
./datasets/Organised/20260306-handFlying-2/88658729.jpg,1,0.8564547206165704,0.013294797687861272,0.10289017341040463,1
./datasets/Organised/20260306-handFlying-2/88658729.jpg,2,0.34383429672447013,0.013969171483622351,0.10202312138728324,1
./datasets/Organised/20260306-handFlying-2/88825373.jpg,0,0.583140655105973,0.014836223506743738,0.11984585741811175,1
./datasets/Organised/20260306-handFlying-2/88825373.jpg,1,0.8668593448940269,0.013872832369942197,0.1161849710982659,1
./datasets/Organised/20260306-handFlying-2/88825373.jpg,2,0.33603082851637767,0.01724470134874759,0.11984585741811175,1
./datasets/Organised/20260306-handFlying-2/88958708.jpg,0,0.7280346820809248,0.01348747591522158,0.1069364161849711,1
./datasets/Organised/20260306-handFlying-2/88958708.jpg,1,0.9340077071290944,0.008766859344894027,0.08159922928709056,1
./datasets/Organised/20260306-handFlying-2/88958708.jpg,2,0.348747591522158,0.014739884393063583,0.11213872832369942,1
./datasets/Organised/20260306-handFlying-2/89125367.jpg,0,0.791233140655106,0.01628131021194605,0.13333333333333333,1
./datasets/Organised/20260306-handFlying-2/89125367.jpg,1,0.9547206165703276,0.0060693641618497106,0.07023121387283238,1
./datasets/Organised/20260306-handFlying-2/89125367.jpg,2,0.401252408477842,0.017341040462427744,0.13391136801541426,1
./datasets/Organised/20260306-handFlying-2/89258698.jpg,0,0.7344894026974952,0.01599229287090559,0.11811175337186898,1
./datasets/Organised/20260306-handFlying-2/89258698.jpg,1,0.9367052023121387,0.008959537572254336,0.08872832369942196,1
./datasets/Organised/20260306-handFlying-2/89258698.jpg,2,0.3737957610789981,0.02042389210019268,0.12784200385356453,1
./datasets/Organised/20260306-handFlying-2/89425375.jpg,0,0.7452793834296725,0.014065510597302504,0.10684007707129095,1
./datasets/Organised/20260306-handFlying-2/89425375.jpg,1,0.9409441233140655,0.006936416184971098,0.06955684007707129,1
./datasets/Organised/20260306-handFlying-2/89425375.jpg,2,0.39373795761079,0.018882466281310212,0.13121387283236993,1
./datasets/Organised/20260306-handFlying-2/89558694.jpg,0,0.7973988439306359,0.011946050096339113,0.09816955684007707,1
./datasets/Organised/20260306-handFlying-2/89558694.jpg,1,0.945664739884393,0.00838150289017341,0.06570327552986513,1
./datasets/Organised/20260306-handFlying-2/89558694.jpg,2,0.4146435452793834,0.019267822736030827,0.14547206165703275,1
./datasets/Organised/20260306-handFlying-2/89725366.jpg,0,0.791907514450867,0.010789980732177264,0.09576107899807322,1
./datasets/Organised/20260306-handFlying-2/89725366.jpg,1,0.9421965317919075,0.004624277456647399,0.051445086705202314,1
./datasets/Organised/20260306-handFlying-2/89725366.jpg,2,0.39296724470134875,0.019942196531791908,0.14373795761078997,1
./datasets/Organised/20260306-handFlying-2/89892031.jpg,0,0.8710019267822736,0.008092485549132947,0.06705202312138728,1
./datasets/Organised/20260306-handFlying-2/89892031.jpg,1,0.9763969171483622,0.0037572254335260114,0.039595375722543354,1
./datasets/Organised/20260306-handFlying-2/89892031.jpg,2,0.45183044315992293,0.017726396917148363,0.13429672447013488,1
./datasets/Organised/20260306-handFlying-2/90025360.jpg,0,0.8721579961464354,0.005202312138728324,0.0464354527938343,1
./datasets/Organised/20260306-handFlying-2/90025360.jpg,1,0.9797687861271677,0.002890173410404624,0.03333333333333333,1
./datasets/Organised/20260306-handFlying-2/90025360.jpg,2,0.5190751445086705,0.018208092485549134,0.1222543352601156,1
./datasets/Organised/20260306-handFlying-2/90192076.jpg,0,0.8392100192678227,0.007707129094412331,0.0581888246628131,1
./datasets/Organised/20260306-handFlying-2/90192076.jpg,1,0.9740847784200385,0.0038535645472061657,0.04152215799614643,1
./datasets/Organised/20260306-handFlying-2/90192076.jpg,2,0.5556840077071291,0.01348747591522158,0.10009633911368016,1
./datasets/Organised/20260306-handFlying-2/90358699.jpg,0,0.8404624277456647,0.0060693641618497106,0.06522157996146435,1
./datasets/Organised/20260306-handFlying-2/90358699.jpg,1,0.9789017341040462,0.004431599229287091,0.03593448940269749,1
./datasets/Organised/20260306-handFlying-2/90358699.jpg,2,0.5825626204238921,0.016088631984585742,0.1079961464354528,1
./datasets/Organised/20260306-handFlying-2/90492023.jpg,0,0.7210019267822736,0.012427745664739885,0.09007707129094412,1
./datasets/Organised/20260306-handFlying-2/90492023.jpg,1,0.9210019267822736,0.004431599229287091,0.06955684007707129,1
./datasets/Organised/20260306-handFlying-2/90492023.jpg,2,0.6129094412331406,0.014065510597302504,0.1,1
./datasets/Organised/20260306-handFlying-2/90658716.jpg,0,0.6780346820809249,0.014258188824662813,0.11396917148362234,1
./datasets/Organised/20260306-handFlying-2/90658716.jpg,1,0.8901734104046243,0.009441233140655106,0.0861271676300578,1
./datasets/Organised/20260306-handFlying-2/90658716.jpg,2,0.4704238921001927,0.014547206165703276,0.09913294797687862,1
./datasets/Organised/20260306-handFlying-2/90792024.jpg,0,0.6762042389210019,0.01628131021194605,0.11406551059730251,1
./datasets/Organised/20260306-handFlying-2/90792024.jpg,1,0.8651252408477842,0.00953757225433526,0.10077071290944123,1
./datasets/Organised/20260306-handFlying-2/90792024.jpg,2,0.43140655105973025,0.01233140655105973,0.0928709055876686,1
./datasets/Organised/20260306-handFlying-2/90958703.jpg,0,0.6576107899807322,0.01695568400770713,0.12071290944123314,1
./datasets/Organised/20260306-handFlying-2/90958703.jpg,1,0.8040462427745665,0.014065510597302504,0.12071290944123314,1
./datasets/Organised/20260306-handFlying-2/90958703.jpg,2,0.42909441233140655,0.013198458574181117,0.10375722543352602,1
./datasets/Organised/20260306-handFlying-2/91092031.jpg,0,0.666281310211946,0.017148362235067438,0.11657032755298652,1
./datasets/Organised/20260306-handFlying-2/91092031.jpg,1,0.7789980732177264,0.015414258188824663,0.128131021194605,1
./datasets/Organised/20260306-handFlying-2/91092031.jpg,2,0.4453757225433526,0.014932562620423893,0.10905587668593449,1
./datasets/Organised/20260306-handFlying-2/91258688.jpg,0,0.5942196531791908,0.01464354527938343,0.1250481695568401,1
./datasets/Organised/20260306-handFlying-2/91258688.jpg,1,0.7701348747591522,0.01763005780346821,0.13246628131021196,1
./datasets/Organised/20260306-handFlying-2/91258688.jpg,2,0.5110789980732178,0.014161849710982659,0.11098265895953757,1
./datasets/Organised/20260306-handFlying-2/91392017.jpg,0,0.6495183044315992,0.01233140655105973,0.10192678227360308,1
./datasets/Organised/20260306-handFlying-2/91392017.jpg,1,0.8250481695568401,0.012427745664739885,0.10298651252408478,1
./datasets/Organised/20260306-handFlying-2/91392017.jpg,2,0.5302504816955684,0.012909441233140655,0.11965317919075144,1
./datasets/Organised/20260306-handFlying-2/91525360.jpg,0,0.5934489402697495,0.013391136801541427,0.10712909441233141,1
./datasets/Organised/20260306-handFlying-2/91525360.jpg,1,0.7763969171483622,0.01560693641618497,0.12215799614643545,1
./datasets/Organised/20260306-handFlying-2/91525360.jpg,2,0.5348747591522158,0.018497109826589597,0.146242774566474,1
./datasets/Organised/20260306-handFlying-2/91658678.jpg,0,0.6619460500963391,0.01001926782273603,0.07996146435452794,1
./datasets/Organised/20260306-handFlying-2/91658678.jpg,1,0.7341040462427746,0.01705202312138728,0.12341040462427745,1
./datasets/Organised/20260306-handFlying-2/91658678.jpg,2,0.4251445086705202,0.02003853564547206,0.14171483622350675,1
./datasets/Organised/20260306-handFlying-2/91792011.jpg,0,0.6630057803468208,0.010404624277456647,0.08631984585741811,1
./datasets/Organised/20260306-handFlying-2/91792011.jpg,1,0.7222543352601156,0.018978805394990365,0.1441233140655106,1
./datasets/Organised/20260306-handFlying-2/91792011.jpg,2,0.3823699421965318,0.021098265895953757,0.14778420038535645,1
./datasets/Organised/20260306-handFlying-2/91925345.jpg,0,0.6350674373795762,0.008766859344894027,0.08371868978805395,1
./datasets/Organised/20260306-handFlying-2/91925345.jpg,1,0.7126204238921002,0.019845857418111755,0.1453757225433526,1
./datasets/Organised/20260306-handFlying-2/91925345.jpg,2,0.3823699421965318,0.022157996146435453,0.14691714836223507,1
./datasets/Organised/20260306-handFlying-2/92058679.jpg,0,0.6589595375722543,0.012716763005780347,0.09547206165703276,1
./datasets/Organised/20260306-handFlying-2/92058679.jpg,1,0.767533718689788,0.01579961464354528,0.12003853564547207,1
./datasets/Organised/20260306-handFlying-2/92058679.jpg,2,0.36666666666666664,0.02119460500963391,0.15077071290944125,1
./datasets/Organised/20260306-handFlying-2/92192009.jpg,0,0.6369942196531792,0.009633911368015413,0.07861271676300578,1
./datasets/Organised/20260306-handFlying-2/92192009.jpg,1,0.7047206165703276,0.020134874759152217,0.1439306358381503,1
./datasets/Organised/20260306-handFlying-2/92192009.jpg,2,0.28670520231213875,0.018304431599229287,0.1291907514450867,1
./datasets/Organised/20260306-handFlying-2/92325347.jpg,0,0.6290944123314065,0.01001926782273603,0.0777456647398844,1
./datasets/Organised/20260306-handFlying-2/92325347.jpg,1,0.6982658959537572,0.017148362235067438,0.1313102119460501,1
./datasets/Organised/20260306-handFlying-2/92325347.jpg,2,0.2610789980732177,0.01695568400770713,0.12350674373795761,1
./datasets/Organised/20260306-handFlying-2/92458680.jpg,0,0.584393063583815,0.011849710982658959,0.08805394990366089,1
./datasets/Organised/20260306-handFlying-2/92458680.jpg,1,0.6737957610789981,0.022447013487475916,0.1640655105973025,1
./datasets/Organised/20260306-handFlying-2/92458680.jpg,2,0.27090558766859346,0.019171483622350674,0.12678227360308286,1
./datasets/Organised/20260306-handFlying-2/92625326.jpg,0,0.5903660886319846,0.01021194605009634,0.07890173410404624,1
./datasets/Organised/20260306-handFlying-2/92625326.jpg,1,0.6812138728323699,0.019942196531791908,0.15019267822736032,1
./datasets/Organised/20260306-handFlying-2/92625326.jpg,2,0.23140655105973024,0.016570327552986513,0.11358381502890173,1
./datasets/Organised/20260306-handFlying-2/92992014.jpg,0,0.4816955684007707,0.01069364161849711,0.08439306358381503,1
./datasets/Organised/20260306-handFlying-2/92992014.jpg,1,0.6160886319845857,0.02283236994219653,0.14691714836223507,1
./datasets/Organised/20260306-handFlying-2/92992014.jpg,2,0.18323699421965317,0.01599229287090559,0.10770712909441234,1
./datasets/Organised/20260306-handFlying-2/93125386.jpg,0,0.4896917148362235,0.010886319845857417,0.08477842003853564,1
./datasets/Organised/20260306-handFlying-2/93125386.jpg,1,0.6004816955684008,0.022254335260115606,0.1578034682080925,1
./datasets/Organised/20260306-handFlying-2/93125386.jpg,2,0.16936416184971098,0.013969171483622351,0.10192678227360308,1
./datasets/Organised/20260306-handFlying-2/93291999.jpg,0,0.45867052023121385,0.011849710982658959,0.09084778420038536,1
./datasets/Organised/20260306-handFlying-2/93291999.jpg,1,0.5980732177263969,0.02119460500963391,0.15452793834296724,1
./datasets/Organised/20260306-handFlying-2/93291999.jpg,2,0.19383429672447014,0.016666666666666666,0.11069364161849711,1
./datasets/Organised/20260306-handFlying-2/93425334.jpg,0,0.45385356454720616,0.01001926782273603,0.0779383429672447,1
./datasets/Organised/20260306-handFlying-2/93425334.jpg,1,0.6026974951830443,0.022254335260115606,0.17042389210019268,1
./datasets/Organised/20260306-handFlying-2/93425334.jpg,2,0.17552986512524085,0.01560693641618497,0.10847784200385356,1
./datasets/Organised/20260306-handFlying-2/93558664.jpg,0,0.4316955684007707,0.010982658959537572,0.08342967244701349,1
./datasets/Organised/20260306-handFlying-2/93558664.jpg,1,0.6254335260115607,0.020905587668593448,0.1565510597302505,1
./datasets/Organised/20260306-handFlying-2/93558664.jpg,2,0.21946050096339115,0.017341040462427744,0.1186897880539499,1
./datasets/Organised/20260306-handFlying-2/93725334.jpg,0,0.34142581888246626,0.008959537572254336,0.07013487475915221,1
./datasets/Organised/20260306-handFlying-2/93725334.jpg,1,0.6567437379576108,0.02157996146435453,0.15009633911368014,1
./datasets/Organised/20260306-handFlying-2/93725334.jpg,2,0.2606936416184971,0.01907514450867052,0.13352601156069363,1
./datasets/Organised/20260306-handFlying-2/93858674.jpg,0,0.3871868978805395,0.01001926782273603,0.0720616570327553,1
./datasets/Organised/20260306-handFlying-2/93858674.jpg,1,0.679961464354528,0.019267822736030827,0.15057803468208092,1
./datasets/Organised/20260306-handFlying-2/93858674.jpg,2,0.265606936416185,0.018304431599229287,0.12668593448940269,1
./datasets/Organised/20260306-handFlying-2/93992000.jpg,0,0.5823699421965318,0.00953757225433526,0.06734104046242774,1
./datasets/Organised/20260306-handFlying-2/93992000.jpg,1,0.7636801541425818,0.016859344894026976,0.13429672447013488,1
./datasets/Organised/20260306-handFlying-2/93992000.jpg,2,0.25741811175337187,0.017919075144508672,0.1338150289017341,1
./datasets/Organised/20260306-handFlying-2/94158665.jpg,0,0.6762042389210019,0.012427745664739885,0.08930635838150289,1
./datasets/Organised/20260306-handFlying-2/94158665.jpg,1,0.7551059730250481,0.017148362235067438,0.14113680154142583,1
./datasets/Organised/20260306-handFlying-2/94158665.jpg,2,0.27389210019267823,0.0197495183044316,0.13998073217726398,1
./datasets/Organised/20260306-handFlying-2/94292005.jpg,0,0.6252408477842004,0.011946050096339113,0.08208092485549133,1
./datasets/Organised/20260306-handFlying-2/94292005.jpg,1,0.7410404624277457,0.018978805394990365,0.15616570327552987,1
./datasets/Organised/20260306-handFlying-2/94292005.jpg,2,0.26522157996146434,0.0197495183044316,0.14113680154142583,1
./datasets/Organised/20260306-handFlying-2/94458661.jpg,0,0.5854527938342967,0.01001926782273603,0.07928709055876686,1
./datasets/Organised/20260306-handFlying-2/94458661.jpg,1,0.7398843930635838,0.016184971098265895,0.14826589595375722,1
./datasets/Organised/20260306-handFlying-2/94458661.jpg,2,0.285645472061657,0.01955684007707129,0.14421965317919075,1
./datasets/Organised/20260306-handFlying-2/94592032.jpg,0,0.6682080924855491,0.01001926782273603,0.07369942196531792,1
./datasets/Organised/20260306-handFlying-2/94592032.jpg,1,0.7597302504816956,0.014932562620423893,0.13448940269749518,1
./datasets/Organised/20260306-handFlying-2/94592032.jpg,2,0.2611753371868979,0.018689788053949902,0.1430635838150289,1
./datasets/Organised/20260306-handFlying-2/94725326.jpg,0,0.6534682080924855,0.009441233140655106,0.06984585741811175,1
./datasets/Organised/20260306-handFlying-2/94725326.jpg,1,0.7782273603082852,0.01464354527938343,0.1263005780346821,1
./datasets/Organised/20260306-handFlying-2/94725326.jpg,2,0.2672447013487476,0.02186897880539499,0.1588631984585742,1
./datasets/Organised/20260306-handFlying-2/94891992.jpg,0,0.6473988439306358,0.009248554913294798,0.06541425818882467,1
./datasets/Organised/20260306-handFlying-2/94891992.jpg,1,0.7526011560693642,0.015317919075144508,0.1316955684007707,1
./datasets/Organised/20260306-handFlying-2/94891992.jpg,2,0.23930635838150288,0.018689788053949902,0.14364161849710982,1
./datasets/Organised/20260306-handFlying-2/95025325.jpg,0,0.6307321772639691,0.013102119460500963,0.08497109826589595,1
./datasets/Organised/20260306-handFlying-2/95025325.jpg,1,0.7335260115606936,0.017533718689788053,0.128131021194605,1
./datasets/Organised/20260306-handFlying-2/95025325.jpg,2,0.2589595375722543,0.021290944123314066,0.1533718689788054,1
./datasets/Organised/20260306-handFlying-2/95158653.jpg,0,0.652504816955684,0.013198458574181117,0.08314065510597303,1
./datasets/Organised/20260306-handFlying-2/95158653.jpg,1,0.7539499036608863,0.017726396917148363,0.1329479768786127,1
./datasets/Organised/20260306-handFlying-2/95158653.jpg,2,0.297495183044316,0.019460500963391136,0.14421965317919075,1
./datasets/Organised/20260306-handFlying-2/95325321.jpg,0,0.7565510597302505,0.013583815028901734,0.09691714836223507,1
./datasets/Organised/20260306-handFlying-2/95325321.jpg,1,0.8508670520231214,0.01233140655105973,0.11791907514450867,1
./datasets/Organised/20260306-handFlying-2/95325321.jpg,2,0.36772639691714837,0.020134874759152217,0.15221579961464354,1
./datasets/Organised/20260306-handFlying-2/95458656.jpg,0,0.7454720616570327,0.014450867052023121,0.10741811175337188,1
./datasets/Organised/20260306-handFlying-2/95458656.jpg,1,0.8384393063583815,0.012620423892100193,0.12341040462427745,1
./datasets/Organised/20260306-handFlying-2/95458656.jpg,2,0.3911368015414258,0.01840077071290944,0.1546242774566474,1
./datasets/Organised/20260306-handFlying-2/95625315.jpg,0,0.691233140655106,0.016859344894026976,0.12668593448940269,1
./datasets/Organised/20260306-handFlying-2/95625315.jpg,1,0.8252408477842004,0.016473988439306357,0.12986512524084778,1
./datasets/Organised/20260306-handFlying-2/95625315.jpg,2,0.4745664739884393,0.0197495183044316,0.15481695568400772,1
./datasets/Organised/20260306-handFlying-2/95758677.jpg,0,0.7330443159922929,0.01579961464354528,0.11290944123314066,1
./datasets/Organised/20260306-handFlying-2/95758677.jpg,1,0.8248554913294798,0.014739884393063583,0.11955684007707129,1
./datasets/Organised/20260306-handFlying-2/95758677.jpg,2,0.4865125240847784,0.019653179190751446,0.1606936416184971,1
./datasets/Organised/20260306-handFlying-2/95925311.jpg,0,0.7145472061657033,0.015703275529865127,0.12032755298651253,1
./datasets/Organised/20260306-handFlying-2/95925311.jpg,1,0.8027938342967245,0.016184971098265895,0.13911368015414258,1
./datasets/Organised/20260306-handFlying-2/95925311.jpg,2,0.4329479768786127,0.019460500963391136,0.16204238921001926,1
./datasets/Organised/20260306-handFlying-2/96058647.jpg,0,0.7359344894026975,0.016377649325626204,0.1151252408477842,1
./datasets/Organised/20260306-handFlying-2/96058647.jpg,1,0.8338150289017341,0.013872832369942197,0.11483622350674373,1
./datasets/Organised/20260306-handFlying-2/96058647.jpg,2,0.5081888246628131,0.017533718689788053,0.14527938342967245,1
./datasets/Organised/20260306-handFlying-2/96225326.jpg,0,0.6860308285163776,0.017822736030828516,0.13140655105973026,1
./datasets/Organised/20260306-handFlying-2/96225326.jpg,1,0.8700385356454721,0.009152215799614644,0.08420038535645472,1
./datasets/Organised/20260306-handFlying-2/96225326.jpg,2,0.46069364161849713,0.018689788053949902,0.15973025048169556,1
./datasets/Organised/20260306-handFlying-2/96358647.jpg,0,0.5788053949903661,0.018882466281310212,0.13015414258188826,1
./datasets/Organised/20260306-handFlying-2/96358647.jpg,1,0.815606936416185,0.015317919075144508,0.12138728323699421,1
./datasets/Organised/20260306-handFlying-2/96358647.jpg,2,0.4346820809248555,0.01695568400770713,0.1510597302504817,1
./datasets/Organised/20260306-handFlying-2/96525314.jpg,0,0.6705202312138728,0.016473988439306357,0.1252408477842004,1
./datasets/Organised/20260306-handFlying-2/96525314.jpg,1,0.8440269749518304,0.011175337186897881,0.101252408477842,1
./datasets/Organised/20260306-handFlying-2/96525314.jpg,2,0.48766859344894026,0.020712909441233142,0.15818882466281312,1
./datasets/Organised/20260306-handFlying-2/96658641.jpg,0,0.6592485549132948,0.01560693641618497,0.10963391136801541,1
./datasets/Organised/20260306-handFlying-2/96658641.jpg,1,0.8350674373795761,0.014161849710982659,0.11830443159922929,1
./datasets/Organised/20260306-handFlying-2/96658641.jpg,2,0.5647398843930636,0.01907514450867052,0.15635838150289016,1
./datasets/Organised/20260306-handFlying-2/96825316.jpg,0,0.6502890173410405,0.017822736030828516,0.12572254335260116,1
./datasets/Organised/20260306-handFlying-2/96825316.jpg,1,0.8063583815028902,0.016088631984585742,0.1264932562620424,1
./datasets/Organised/20260306-handFlying-2/96825316.jpg,2,0.6222543352601156,0.019364161849710983,0.17630057803468208,1
./datasets/Organised/20260306-handFlying-2/96958646.jpg,0,0.6945086705202312,0.014547206165703276,0.09922928709055877,1
./datasets/Organised/20260306-handFlying-2/96958646.jpg,1,0.8135838150289018,0.013198458574181117,0.11223506743737957,1
./datasets/Organised/20260306-handFlying-2/96958646.jpg,2,0.6526011560693642,0.017726396917148363,0.15414258188824662,1
./datasets/Organised/20260306-handFlying-2/97125301.jpg,0,0.7917148362235067,0.009922928709055878,0.07832369942196532,1
./datasets/Organised/20260306-handFlying-2/97125301.jpg,1,0.7978805394990366,0.014836223506743738,0.12157996146435453,1
./datasets/Organised/20260306-handFlying-2/97125301.jpg,2,0.6463391136801542,0.020905587668593448,0.1686897880539499,1
./datasets/Organised/20260306-handFlying-2/97258645.jpg,0,0.7819845857418112,0.011946050096339113,0.08304431599229287,1
./datasets/Organised/20260306-handFlying-2/97258645.jpg,1,0.8059730250481696,0.011946050096339113,0.12071290944123314,1
./datasets/Organised/20260306-handFlying-2/97258645.jpg,2,0.684393063583815,0.021483622350674372,0.17851637764932562,1
./datasets/Organised/20260306-handFlying-2/97425302.jpg,0,0.7701348747591522,0.011271676300578034,0.08208092485549133,1
./datasets/Organised/20260306-handFlying-2/97425302.jpg,1,0.8213872832369942,0.014836223506743738,0.1264932562620424,1
./datasets/Organised/20260306-handFlying-2/97425302.jpg,2,0.6948940269749518,0.01907514450867052,0.17109826589595376,1
./datasets/Organised/20260306-handFlying-2/97591993.jpg,0,0.7203275529865125,0.010789980732177264,0.07591522157996146,1
./datasets/Organised/20260306-handFlying-2/97591993.jpg,1,0.8317919075144509,0.01464354527938343,0.12398843930635838,1
./datasets/Organised/20260306-handFlying-2/97591993.jpg,2,0.7185934489402698,0.018015414258188825,0.16589595375722543,1
./datasets/Organised/20260306-handFlying-2/97825340.jpg,0,0.8157996146435453,0.007129094412331407,0.061464354527938345,1
./datasets/Organised/20260306-handFlying-2/97825340.jpg,1,0.8457610789980732,0.01233140655105973,0.10895953757225434,1
./datasets/Organised/20260306-handFlying-2/97825340.jpg,2,0.6732177263969171,0.014836223506743738,0.13439306358381503,1
./datasets/Organised/20260306-handFlying-2/97958639.jpg,0,0.8374759152215799,0.006647398843930636,0.05394990366088632,1
./datasets/Organised/20260306-handFlying-2/97958639.jpg,1,0.852504816955684,0.01300578034682081,0.11117533718689789,1
./datasets/Organised/20260306-handFlying-2/97958639.jpg,2,0.6945086705202312,0.012042389210019268,0.11368015414258188,1
./datasets/Organised/20260306-handFlying-2/98092014.jpg,0,0.7815992292870906,0.009441233140655106,0.0720616570327553,1
./datasets/Organised/20260306-handFlying-2/98092014.jpg,1,0.8391136801541426,0.015221579961464355,0.12119460500963392,1
./datasets/Organised/20260306-handFlying-2/98092014.jpg,2,0.6789980732177264,0.009922928709055878,0.09161849710982659,1
./datasets/Organised/20260306-handFlying-2/98291954.jpg,0,0.803757225433526,0.005587668593448941,0.045472061657032756,1
./datasets/Organised/20260306-handFlying-2/98291954.jpg,1,0.8607899807321773,0.013680154142581889,0.11551059730250482,1
./datasets/Organised/20260306-handFlying-2/98291954.jpg,2,0.7667630057803468,0.011753371868978806,0.11040462427745665,1
./datasets/Organised/20260306-handFlying-2/98458619.jpg,0,0.701252408477842,0.008766859344894027,0.050289017341040465,1
./datasets/Organised/20260306-handFlying-2/98458619.jpg,1,0.8500963391136801,0.013102119460500963,0.11464354527938343,1
./datasets/Organised/20260306-handFlying-2/98458619.jpg,2,0.796917148362235,0.008959537572254336,0.09576107899807322,1
./datasets/Organised/20260306-handFlying-2/98591980.jpg,0,0.5780346820809249,0.007996146435452794,0.05452793834296724,1
./datasets/Organised/20260306-handFlying-2/98591980.jpg,1,0.8785163776493257,0.013872832369942197,0.10973025048169557,1
./datasets/Organised/20260306-handFlying-2/98591980.jpg,2,0.8369942196531792,0.012909441233140655,0.1149325626204239,1
./datasets/Organised/20260306-handFlying-2/98758626.jpg,0,0.6144508670520231,0.01001926782273603,0.055491329479768786,1
./datasets/Organised/20260306-handFlying-2/98758626.jpg,1,0.8815992292870906,0.012524084778420038,0.09913294797687862,1
./datasets/Organised/20260306-handFlying-2/98758626.jpg,2,0.8477842003853564,0.010115606936416185,0.10761078998073217,1
./datasets/Organised/20260306-handFlying-2/98925294.jpg,0,0.7456647398843931,0.009441233140655106,0.0630057803468208,1
./datasets/Organised/20260306-handFlying-2/98925294.jpg,1,0.9034682080924855,0.007707129094412331,0.06676300578034682,1
./datasets/Organised/20260306-handFlying-2/98925294.jpg,2,0.8228323699421966,0.014258188824662813,0.1348747591522158,1
./datasets/Organised/20260306-handFlying-2/99058636.jpg,0,0.823121387283237,0.011078998073217727,0.08198458574181118,1
./datasets/Organised/20260306-handFlying-2/99058636.jpg,1,0.9009633911368016,0.007129094412331407,0.06271676300578034,1
./datasets/Organised/20260306-handFlying-2/99058636.jpg,2,0.8674373795761079,0.01300578034682081,0.1197495183044316,1
./datasets/Organised/20260306-handFlying-2/99225329.jpg,0,0.8036608863198459,0.011078998073217727,0.07938342967244702,1
./datasets/Organised/20260306-handFlying-2/99225329.jpg,1,0.902504816955684,0.008188824662813102,0.08342967244701349,1
./datasets/Organised/20260306-handFlying-2/99225329.jpg,2,0.8467244701348747,0.01560693641618497,0.13497109826589596,1
./datasets/Organised/20260306-handFlying-2/99391951.jpg,0,0.7539499036608863,0.012909441233140655,0.0894990366088632,1
./datasets/Organised/20260306-handFlying-2/99391951.jpg,1,0.9046242774566474,0.00789980732177264,0.0636801541425819,1
./datasets/Organised/20260306-handFlying-2/99391951.jpg,2,0.8684007707129094,0.013294797687861272,0.11454720616570327,1
./datasets/Organised/20260306-handFlying-2/99525299.jpg,0,0.7390173410404625,0.014547206165703276,0.0985549132947977,1
./datasets/Organised/20260306-handFlying-2/99525299.jpg,1,0.8915221579961464,0.008766859344894027,0.08429672447013488,1
./datasets/Organised/20260306-handFlying-2/99525299.jpg,2,0.7911368015414258,0.018208092485549134,0.14710982658959537,1
./datasets/Organised/20260306-handFlying-2/99658618.jpg,0,0.7145472061657033,0.01464354527938343,0.09113680154142582,1
./datasets/Organised/20260306-handFlying-2/99658618.jpg,1,0.8984585741811175,0.010115606936416185,0.08959537572254335,1
./datasets/Organised/20260306-handFlying-2/99658618.jpg,2,0.8221579961464355,0.016859344894026976,0.13959537572254335,1
./datasets/Organised/20260306-handFlying-2/99825296.jpg,0,0.617533718689788,0.014739884393063583,0.10144508670520232,1
./datasets/Organised/20260306-handFlying-2/99825296.jpg,1,0.9295761078998073,0.008092485549132947,0.06695568400770713,1
./datasets/Organised/20260306-handFlying-2/99825296.jpg,2,0.7905587668593449,0.015510597302504817,0.1361271676300578,1
