frame_path,cell_index,row_index,col_index,green_ratio,fast_density,gftt_density,vert_edge_density,hor_edge_density,vert_hor_ratio,grad_mag_density,canny_density,entropy,component_ratio,component_height_ratio,component_width_ratio,semantic_tree_ratio,semantic_floor_ratio,floor_overlap,depth_slope,depth_std,depth_edge_density,semantic_tree_majority,semantic_floor_like,majority_tree_like,floor_like,tree_present
./datasets/Organised/20260306-handFlying-2/282923846.jpg,6,2,0,0.018882466281310212,0.0035645472061657034,0.0017341040462427746,0.05317919075144509,0.055973025048169554,0.9500690848242678,0.06628131021194605,0.028901734104046242,1346.6289098551756,0.009344894026974951,0.15,0.11560693641618497,0.0,0.0,0.011849710982658959,-1.0,-1.0,-1.0,0,0,0,0,0
./datasets/Organised/20260306-handFlying-2/90792024.jpg,6,2,0,0.15867052023121386,0.02119460500963391,0.006551059730250481,0.26021194605009634,0.25115606936416185,1.0360526450991732,0.30953757225433526,0.1396917148362235,7637.991925297279,0.13463391136801542,0.8,0.43352601156069365,0.0,0.0,0.0008670520231213873,-1.0,-1.0,-1.0,0,0,0,0,1
./datasets/Organised/20260306-handFlying-2/169691399.jpg,8,2,2,0.0004816955684007707,0.0003853564547206166,0.0004816955684007707,0.009152215799614644,0.008959537572254336,1.0213913758872935,0.010404624277456647,0.0037572254335260114,121.61210305129548,0.0001926782273603083,0.05,0.017341040462427744,0.0,0.0,0.0,-1.0,-1.0,-1.0,0,0,0,0,0
./datasets/Organised/20260306-handFlying-2/211091072.jpg,8,2,2,0.013294797687861272,0.0056840077071290945,0.0038535645472061657,0.08892100192678228,0.07610789980732177,1.168339079291591,0.10529865125240848,0.05057803468208093,1397.864610049339,0.0018304431599229288,0.16666666666666666,0.028901734104046242,0.0,0.0,0.0,-1.0,-1.0,-1.0,0,0,0,0,0
./datasets/Organised/20260306-handFlying-2/71358843.jpg,6,2,0,0.11242774566473988,0.012524084778420038,0.004913294797687861,0.1621387283236994,0.1622350674373796,0.9994000155747257,0.2083815028901734,0.09441233140655106,4993.869081789867,0.04421965317919075,0.7833333333333333,0.1676300578034682,0.0,0.0,0.05048169556840077,-1.0,-1.0,-1.0,0,0,0,0,0
./datasets/Organised/20260306-handFlying-2/218557703.jpg,6,2,0,0.23670520231213873,0.0037572254335260114,0.002119460500963391,0.053371868978805394,0.06454720616570328,0.82685286159298,0.07225433526011561,0.03458574181117534,3968.207719185406,0.22885356454720618,0.7166666666666667,0.5086705202312138,0.0,0.0,0.2363198458574181,-1.0,-1.0,-1.0,0,0,0,0,0
./datasets/Organised/20260306-handFlying-2/289724189.jpg,6,2,0,0.11830443159922929,0.005394990366088632,0.0025048169556840076,0.06695568400770713,0.07475915221579961,0.895606576808934,0.0848747591522158,0.037379576107899805,1813.3800211890361,0.10505780346820809,0.6666666666666666,0.4797687861271676,0.0,0.0,0.0,-1.0,-1.0,-1.0,0,0,0,0,0
./datasets/Organised/20260306-handFlying-2/52025706.jpg,8,2,2,0.1599229287090559,0.01300578034682081,0.004720616570327553,0.18188824662813102,0.16522157996146436,1.1008679725891803,0.21059730250481695,0.09431599229287091,9343.095250787976,0.06835260115606936,0.5,0.2543352601156069,0.0,0.0,0.15115606936416184,-1.0,-1.0,-1.0,0,0,0,0,0
./datasets/Organised/20260306-handFlying-2/261157841.jpg,7,2,1,0.0015414258188824663,0.004335260115606936,0.0025048169556840076,0.04672447013487476,0.04460500963391137,1.04749271495814,0.05674373795761079,0.03265895953757225,1132.2453716759294,0.0005298651252408478,0.06666666666666667,0.023121387283236993,0.0,0.0,0.0,-1.0,-1.0,-1.0,0,0,0,0,0
./datasets/Organised/20260306-handFlying-2/181524659.jpg,6,2,0,0.1264932562620424,0.012909441233140655,0.0036608863198458576,0.16859344894026976,0.1665703275529865,1.0121396726374772,0.2060693641618497,0.09277456647398843,4130.539280547295,0.03892100192678227,0.2,0.4161849710982659,0.0,0.0,0.0,-1.0,-1.0,-1.0,0,0,0,0,0
./datasets/Organised/20260306-handFlying-2/182524653.jpg,6,2,0,0.19672447013487476,0.01695568400770713,0.005491329479768786,0.22379576107899807,0.2183044315992293,1.025149761229249,0.2733140655105973,0.1126204238921002,5735.256878417811,0.05077071290944123,0.36666666666666664,0.27167630057803466,0.0,0.0,0.060308285163776496,-1.0,-1.0,-1.0,0,0,0,0,0
./datasets/Organised/20260306-handFlying-2/271557253.jpg,8,2,2,0.032177263969171484,0.0016377649325626203,0.000674373795761079,0.01859344894026975,0.018497109826589597,1.00515399219563,0.022639691714836225,0.009152215799614644,275.75039311555867,0.02827552986512524,0.26666666666666666,0.19653179190751446,0.0,0.0,0.032851637764932565,-1.0,-1.0,-1.0,0,0,0,0,0
./datasets/Organised/20260306-handFlying-2/86958720.jpg,8,2,2,0.21984585741811175,0.011464354527938344,0.003468208092485549,0.14470134874759152,0.1608863198458574,0.8993956073494586,0.18188824662813102,0.07716763005780347,6893.099289531522,0.17076107899807322,0.7666666666666667,0.5260115606936416,0.0,0.0,0.1850674373795761,-1.0,-1.0,-1.0,0,0,0,0,0
./datasets/Organised/20260306-handFlying-2/199891158.jpg,6,2,0,0.05211946050096339,0.0024084778420038534,0.0018304431599229288,0.03969171483622351,0.034393063583815026,1.1540280705563801,0.04325626204238921,0.019942196531791908,1910.3563576297238,0.04460500963391137,0.6666666666666666,0.12138728323699421,0.0,0.0,0.049229287090558765,-1.0,-1.0,-1.0,0,0,0,0,0
./datasets/Organised/20260306-handFlying-2/91525360.jpg,6,2,0,0.12668593448940269,0.009633911368015413,0.003371868978805395,0.11368015414258188,0.12321772639691715,0.9225882904875251,0.13872832369942195,0.05953757225433526,3023.7941020043736,0.10891136801541426,0.7,0.34104046242774566,0.0,0.0,0.0,-1.0,-1.0,-1.0,0,0,0,0,1
./datasets/Organised/20260306-handFlying-2/262091215.jpg,8,2,2,0.2501926782273603,0.016473988439306357,0.0035645472061657034,0.20510597302504818,0.20057803468208094,1.0225693495341748,0.247495183044316,0.11194605009633911,2098.186331391701,0.21459537572254336,1.0,0.3815028901734104,0.0,0.0,0.0,-1.0,-1.0,-1.0,0,0,0,0,1
./datasets/Organised/20260306-handFlying-2/90792024.jpg,7,2,1,0.05905587668593449,0.010886319845857417,0.004142581888246628,0.12186897880539499,0.146242774566474,0.8333276350850776,0.17061657032755298,0.07957610789980732,2687.944604415635,0.01579961464354528,0.11666666666666667,0.4277456647398844,0.0,0.0,0.05279383429672447,-1.0,-1.0,-1.0,0,0,0,0,0
./datasets/Organised/20260306-handFlying-2/237990857.jpg,6,2,0,0.023121387283236993,0.004335260115606936,0.0016377649325626203,0.06271676300578034,0.049132947976878616,1.2764446088332553,0.0697495183044316,0.03352601156069364,4663.793095984571,0.0056840077071290945,0.26666666666666666,0.057803468208092484,0.0,0.0,0.0,-1.0,-1.0,-1.0,0,0,0,0,0
./datasets/Organised/20260306-handFlying-2/279557235.jpg,6,2,0,0.44701348747591524,0.007996146435452794,0.0045279383429672445,0.1199421965317919,0.13834296724470135,0.8669853765263172,0.15578034682080924,0.06946050096339114,7938.39007837066,0.42866088631984584,0.7,0.976878612716763,0.0,0.0,0.44633911368015416,-1.0,-1.0,-1.0,0,0,0,1,0
./datasets/Organised/20260306-handFlying-2/152191536.jpg,8,2,2,0.004720616570327553,0.002119460500963391,0.0012524084778420038,0.02447013487475915,0.02601156069364162,0.9407045758759347,0.031021194605009635,0.01464354527938343,478.60668637070694,0.0029383429672447015,0.08333333333333333,0.06936416184971098,0.0,0.0,9.633911368015414e-05,-1.0,-1.0,-1.0,0,0,0,0,0
./datasets/Organised/20260306-handFlying-2/174891378.jpg,7,2,1,0.23766859344894026,0.009922928709055878,0.0030828516377649326,0.13680154142581888,0.13246628131021196,1.03271947663406,0.16435452793834296,0.06676300578034682,3551.999324057677,0.18636801541425818,0.45,0.5491329479768786,0.0,0.0,0.20520231213872833,-1.0,-1.0,-1.0,0,0,0,0,0
./datasets/Organised/20260306-handFlying-2/234057555.jpg,8,2,2,0.12061657032755299,0.011657032755298651,0.0027938342967244703,0.13265895953757226,0.13699421965317918,0.9683473618525908,0.16107899807321774,0.06657032755298652,1627.4992346609201,0.06950867052023121,0.75,0.26011560693641617,0.0,0.0,0.0,-1.0,-1.0,-1.0,0,0,0,0,1
./datasets/Organised/20260306-handFlying-2/134691687.jpg,6,2,0,0.0010597302504816955,0.0024084778420038534,0.0009633911368015414,0.02447013487475915,0.0197495183044316,1.2389616564780768,0.02880539499036609,0.016473988439306357,651.1362235067437,0.0005780346820809249,0.08333333333333333,0.023121387283236993,0.0,0.0,0.0,-1.0,-1.0,-1.0,0,0,0,0,0
./datasets/Organised/20260306-handFlying-2/221324321.jpg,7,2,1,0.47832369942196534,0.02254335260115607,0.0068400770712909445,0.29826589595375724,0.3246628131021195,0.9186915323388412,0.38429672447013485,0.1655105973025048,15493.505402888688,0.44995183044315995,0.7,1.0,0.0,0.0,0.4478805394990366,-1.0,-1.0,-1.0,0,0,0,1,0
./datasets/Organised/20260306-handFlying-2/214124395.jpg,7,2,1,0.10520231213872833,0.004624277456647399,0.002023121387283237,0.07225433526011561,0.0850674373795761,0.8493671388098519,0.0989402697495183,0.042870905587668595,2134.899925787326,0.05048169556840077,0.3,0.26011560693641617,0.0,0.0,0.1058766859344894,-1.0,-1.0,-1.0,0,0,0,0,0
./datasets/Organised/20260306-handFlying-2/173324708.jpg,6,2,0,0.0,0.0,0.0,0.0,0.0,0.0,0.0,0.0,0.0,0.0,0.0,0.0,0.0,0.0,0.0,-1.0,-1.0,-1.0,0,0,0,0,0
./datasets/Organised/20260306-handFlying-2/59392280.jpg,8,2,2,0.09527938342967245,0.00953757225433526,0.004624277456647399,0.13227360308285163,0.13053949903660886,1.0132763706208656,0.1598265895953757,0.0800578034682081,8509.283520405701,0.08439306358381503,0.5166666666666667,0.2543352601156069,0.0,0.0,0.08853564547206166,-1.0,-1.0,-1.0,0,0,0,0,0
./datasets/Organised/20260306-handFlying-2/71492186.jpg,7,2,1,0.21396917148362235,0.008574181117533719,0.00394990366088632,0.11078998073217726,0.11454720616570327,0.9671908835648685,0.13670520231213873,0.06445086705202312,3150.000692555715,0.1454238921001927,0.8666666666666667,0.3699421965317919,0.0,0.0,0.05789980732177264,-1.0,-1.0,-1.0,0,0,0,0,1
./datasets/Organised/20260306-handFlying-2/110891863.jpg,8,2,2,0.2229287090558767,0.014065510597302504,0.00394990366088632,0.16435452793834296,0.19922928709055876,0.8249475034066318,0.22687861271676302,0.09720616570327553,2461.2632326506064,0.09913294797687862,0.5833333333333334,0.43352601156069365,0.0,0.0,0.0,-1.0,-1.0,-1.0,0,0,0,0,1
./datasets/Organised/20260306-handFlying-2/243157481.jpg,8,2,2,0.04576107899807322,0.004816955684007707,0.0022157996146435453,0.07013487475915221,0.0779383429672447,0.8998648447501997,0.09450867052023121,0.04344894026974952,3084.59966233976,0.018111753371868978,0.11666666666666667,0.4508670520231214,0.0,0.0,0.028227360308285165,-1.0,-1.0,-1.0,0,0,0,0,0
./datasets/Organised/20260306-handFlying-2/47792364.jpg,6,2,0,0.6598265895953758,0.01348747591522158,0.005587668593448941,0.174373795761079,0.1914258188824663,0.9109162278256443,0.22071290944123315,0.09354527938342967,9572.388909307583,0.6690751445086706,0.9166666666666666,1.0,0.0,0.0,0.6596339113680154,-1.0,-1.0,-1.0,0,0,0,1,0
./datasets/Organised/20260306-handFlying-2/92625326.jpg,8,2,2,0.010404624277456647,0.0056840077071290945,0.003468208092485549,0.0800578034682081,0.0733140655105973,1.0919693368702803,0.09605009633911368,0.047013487475915224,1204.0263858817718,0.001300578034682081,0.11666666666666667,0.057803468208092484,0.0,0.0,0.0,-1.0,-1.0,-1.0,0,0,0,0,0
./datasets/Organised/20260306-handFlying-2/211924441.jpg,8,2,2,0.12090558766859345,0.011271676300578034,0.0027938342967244703,0.13641618497109825,0.129383429672447,1.0543477705660025,0.1622350674373796,0.07061657032755299,1594.773268179135,0.08713872832369943,0.5166666666666667,0.4161849710982659,0.0,0.0,0.0,-1.0,-1.0,-1.0,0,0,0,0,1
./datasets/Organised/20260306-handFlying-2/42192407.jpg,6,2,0,0.051734104046242776,0.009730250481695568,0.004142581888246628,0.12148362235067438,0.1233140655105973,0.9851482610633204,0.16290944123314066,0.07023121387283238,1151.501641291798,0.006310211946050096,0.23333333333333334,0.07514450867052024,0.0,0.0,0.0,-1.0,-1.0,-1.0,0,0,0,0,0
./datasets/Organised/20260306-handFlying-2/50459007.jpg,8,2,2,0.06242774566473988,0.009152215799614644,0.0045279383429672445,0.1186897880539499,0.11772639691714837,1.0081747423454783,0.14258188824662812,0.06830443159922929,5072.877511545844,0.039884393063583816,0.38333333333333336,0.1676300578034682,0.0,0.0,0.053275529865125244,-1.0,-1.0,-1.0,0,0,0,0,0
./datasets/Organised/20260306-handFlying-2/182957957.jpg,6,2,0,0.25616570327552984,0.018304431599229287,0.006262042389210019,0.2302504816955684,0.21820809248554912,1.0551828022969147,0.2823699421965318,0.12061657032755299,6303.60490838503,0.16840077071290943,0.6666666666666666,0.5895953757225434,0.0,0.0,0.1800578034682081,-1.0,-1.0,-1.0,0,0,0,0,0
./datasets/Organised/20260306-handFlying-2/59258964.jpg,8,2,2,0.08622350674373795,0.010308285163776493,0.004913294797687861,0.1272639691714836,0.13246628131021196,0.9607200201645021,0.15558766859344894,0.07225433526011561,6792.443147894462,0.07129094412331406,0.48333333333333334,0.2543352601156069,0.0,0.0,0.06994219653179191,-1.0,-1.0,-1.0,0,0,0,0,0
./datasets/Organised/20260306-handFlying-2/56958955.jpg,8,2,2,0.12822736030828516,0.013583815028901734,0.004720616570327553,0.1567437379576108,0.15578034682080924,1.006177832946255,0.1947013487475915,0.09383429672447013,8105.057355370673,0.11734104046242774,0.55,0.44508670520231214,0.0,0.0,0.11628131021194606,-1.0,-1.0,-1.0,0,0,0,0,0
./datasets/Organised/20260306-handFlying-2/206224440.jpg,8,2,2,0.34971098265895956,0.018882466281310212,0.004431599229287091,0.22716763005780347,0.252504816955684,0.8996530566964028,0.2902697495183044,0.12119460500963392,7808.092292676,0.22389210019267822,1.0,0.3179190751445087,0.0,0.0,0.12302504816955684,-1.0,-1.0,-1.0,0,0,0,0,0
./datasets/Organised/20260306-handFlying-2/142791611.jpg,7,2,1,0.0004816955684007707,0.0022157996146435453,0.0008670520231213873,0.023121387283236993,0.018978805394990365,1.2182099237613775,0.02726396917148362,0.01628131021194605,438.6286556981152,0.0001926782273603083,0.05,0.017341040462427744,0.0,0.0,0.0,-1.0,-1.0,-1.0,0,0,0,0,0
./datasets/Organised/20260306-handFlying-2/123725093.jpg,8,2,2,0.040655105973025046,0.006262042389210019,0.0035645472061657034,0.0838150289017341,0.09499036608863198,0.8823436524065802,0.11348747591522158,0.048747591522158,2036.8272624841752,0.020712909441233142,0.5666666666666667,0.09826589595375723,0.0,0.0,0.008285163776493257,-1.0,-1.0,-1.0,0,0,0,0,0
./datasets/Organised/20260306-handFlying-2/236790864.jpg,8,2,2,0.10568400770712909,0.009152215799614644,0.0024084778420038534,0.11878612716763005,0.12996146435452793,0.914003345178115,0.16184971098265896,0.07090558766859345,2625.0533900137734,0.04079961464354528,0.21666666666666667,0.27167630057803466,0.0,0.0,0.06425818882466282,-1.0,-1.0,-1.0,0,0,0,0,1
./datasets/Organised/20260306-handFlying-2/262557327.jpg,8,2,2,0.16502890173410403,0.010789980732177264,0.0029865125240847784,0.12697495183044316,0.12774566473988438,0.9939590367309191,0.15366088631984587,0.07003853564547206,1221.4272227512522,0.16421001926782275,0.9166666666666666,0.2832369942196532,0.0,0.0,0.0,-1.0,-1.0,-1.0,0,0,0,0,1
./datasets/Organised/20260306-handFlying-2/181925147.jpg,6,2,0,0.16368015414258189,0.01021194605009634,0.0035645472061657034,0.14258188824662812,0.13921001926782273,1.0242140959568746,0.17157996146435453,0.07302504816955684,5279.077630494021,0.08627167630057804,0.4166666666666667,0.26011560693641617,0.0,0.0,0.0,-1.0,-1.0,-1.0,0,0,0,0,0
./datasets/Organised/20260306-handFlying-2/214824382.jpg,8,2,2,0.07495183044315992,0.00394990366088632,0.0023121387283236996,0.048747591522158,0.05539499036608863,0.8799841143737267,0.06339113680154143,0.025240847784200385,866.620454928516,0.0628131021194605,0.2,0.5953757225433526,0.0,0.0,0.07408477842003854,-1.0,-1.0,-1.0,0,0,0,0,0
./datasets/Organised/20260306-handFlying-2/41059080.jpg,7,2,1,0.02167630057803468,0.004046242774566474,0.002119460500963391,0.07398843930635839,0.06339113680154143,1.1671548403233396,0.08757225433526011,0.03901734104046243,767.3065069831935,0.008333333333333333,0.48333333333333334,0.03468208092485549,0.0,0.0,0.011368015414258189,-1.0,-1.0,-1.0,0,0,0,0,0
./datasets/Organised/20260306-handFlying-2/69892188.jpg,8,2,2,0.004142581888246628,0.005876685934489403,0.0032755298651252407,0.06416184971098265,0.06319845857418112,1.015227838315607,0.07861271676300578,0.04277456647398844,1075.0641354446266,0.0009152215799614644,0.1,0.023121387283236993,0.0,0.0,0.0,-1.0,-1.0,-1.0,0,0,0,0,0
./datasets/Organised/20260306-handFlying-2/40925758.jpg,6,2,0,0.8501926782273603,0.011849710982658959,0.005009633911368015,0.14942196531791907,0.1871868978805395,0.7982458642346522,0.20327552986512523,0.09325626204238921,9084.683327309818,0.8623795761078998,1.0,1.0,0.0,0.0,0.843159922928709,-1.0,-1.0,-1.0,0,0,0,1,0
./datasets/Organised/20260306-handFlying-2/108891877.jpg,7,2,1,0.04566473988439306,0.002697495183044316,0.0012524084778420038,0.0394990366088632,0.045472061657032756,0.8686249654085997,0.051252408477842,0.019171483622350674,592.0838341482249,0.026878612716763006,0.25,0.2543352601156069,0.0,0.0,0.031791907514450865,-1.0,-1.0,-1.0,0,0,0,0,0
./datasets/Organised/20260306-handFlying-2/173891377.jpg,8,2,2,0.0017341040462427746,0.0019267822736030828,0.0018304431599229288,0.033236994219653176,0.02928709055876686,1.1348296725921,0.038535645472061654,0.015703275529865127,481.17448903144845,0.00028901734104046245,0.03333333333333333,0.028901734104046242,0.0,0.0,9.633911368015414e-05,-1.0,-1.0,-1.0,0,0,0,0,0
./datasets/Organised/20260306-handFlying-2/198824510.jpg,8,2,2,0.27822736030828515,0.015221579961464355,0.0056840077071290945,0.21319845857418113,0.22552986512524084,0.945318320203262,0.2674373795761079,0.11329479768786127,8157.7684209202525,0.2735549132947977,0.6666666666666666,0.5838150289017341,0.0,0.0,0.2468208092485549,-1.0,-1.0,-1.0,0,0,0,0,0
./datasets/Organised/20260306-handFlying-2/141624951.jpg,7,2,1,0.020616570327552985,0.0025048169556840076,0.0009633911368015414,0.028709055876685933,0.03497109826589596,0.8209131650725798,0.04238921001926782,0.01878612716763006,565.668207164363,0.012379576107899807,0.13333333333333333,0.15606936416184972,0.0,0.0,0.0,-1.0,-1.0,-1.0,0,0,0,0,0
./datasets/Organised/20260306-handFlying-2/272923958.jpg,8,2,2,0.14884393063583815,0.0037572254335260114,0.0019267822736030828,0.049132947976878616,0.061078998073217726,0.8044032339028898,0.06859344894026975,0.0313102119460501,1240.629718658232,0.13978805394990365,0.6,0.3352601156069364,0.0,0.0,0.0,-1.0,-1.0,-1.0,0,0,0,0,0
./datasets/Organised/20260306-handFlying-2/221890984.jpg,8,2,2,0.22764932562620424,0.009441233140655106,0.0032755298651252407,0.11676300578034682,0.1338150289017341,0.8725636737142309,0.15096339113680154,0.06618497109826589,3576.8738720156225,0.11608863198458574,0.4166666666666667,0.4508670520231214,0.0,0.0,0.20626204238921003,-1.0,-1.0,-1.0,0,0,0,0,0
./datasets/Organised/20260306-handFlying-2/71958846.jpg,6,2,0,0.2810211946050096,0.015414258188824663,0.004720616570327553,0.18872832369942197,0.20847784200385355,0.9052636799274503,0.2451830443159923,0.10674373795761079,6064.912878219193,0.23328516377649325,0.4166666666666667,0.8901734104046243,0.0,0.0,0.23564547206165704,-1.0,-1.0,-1.0,0,0,0,1,0
./datasets/Organised/20260306-handFlying-2/116691812.jpg,6,2,0,0.18776493256262042,0.009152215799614644,0.0036608863198458576,0.12398843930635838,0.12668593448940269,0.9786994989347537,0.1485549132947977,0.06175337186897881,5245.7227573776445,0.17384393063583814,0.5666666666666667,0.5664739884393064,0.0,0.0,0.18333333333333332,-1.0,-1.0,-1.0,0,0,0,0,0
./datasets/Organised/20260306-handFlying-2/45125717.jpg,8,2,2,0.0007707129094412332,0.0029865125240847784,0.001445086705202312,0.038053949903660886,0.03911368015414258,0.9728815307628342,0.046242774566473986,0.017822736030828516,474.13660258909056,0.0003853564547206166,0.05,0.023121387283236993,0.0,0.0,0.0,-1.0,-1.0,-1.0,0,0,0,0,0
./datasets/Organised/20260306-handFlying-2/280857183.jpg,7,2,1,0.8805394990366089,0.0064547206165703275,0.0037572254335260114,0.129383429672447,0.15645472061657031,0.8269651576980684,0.17215799614643545,0.07427745664739885,8783.081056611758,0.8596339113680154,1.0,1.0,0.0,0.0,0.8742774566473989,-1.0,-1.0,-1.0,0,0,0,1,0
./datasets/Organised/20260306-handFlying-2/210924405.jpg,8,2,2,0.008285163776493257,0.006551059730250481,0.0036608863198458576,0.0884393063583815,0.06984585741811175,1.2661887682214978,0.10211946050096339,0.05558766859344894,1679.3774085613732,0.0018304431599229288,0.11666666666666667,0.028901734104046242,0.0,0.0,0.0,-1.0,-1.0,-1.0,0,0,0,0,0
./datasets/Organised/20260306-handFlying-2/190958422.jpg,6,2,0,0.07649325626204238,0.005876685934489403,0.0025048169556840076,0.08140655105973026,0.09431599229287091,0.8631164870795344,0.11001926782273604,0.05192678227360308,3530.5059073139755,0.06199421965317919,0.35,0.34104046242774566,0.0,0.0,0.06984585741811175,-1.0,-1.0,-1.0,0,0,0,0,0
./datasets/Organised/20260306-handFlying-2/193491205.jpg,8,2,2,0.14739884393063585,0.007129094412331407,0.0029865125240847784,0.08641618497109826,0.09778420038535646,0.883734804761307,0.1153179190751445,0.05067437379576108,2211.468111159373,0.13357418111753372,0.4,0.5433526011560693,0.0,0.0,0.13911368015414258,-1.0,-1.0,-1.0,0,0,0,0,0
./datasets/Organised/20260306-handFlying-2/83425421.jpg,6,2,0,0.617533718689788,0.013583815028901734,0.004046242774566474,0.15202312138728324,0.18526011560693642,0.8205883943278559,0.20674373795761078,0.09470134874759152,9551.883945300175,0.5811657032755299,0.75,1.0,0.0,0.0,0.6014450867052024,-1.0,-1.0,-1.0,0,0,0,1,0
./datasets/Organised/20260306-handFlying-2/204924453.jpg,6,2,0,0.045857418111753374,0.0064547206165703275,0.0024084778420038534,0.0827552986512524,0.07842003853564547,1.0552690986569484,0.10134874759152215,0.048073217726396916,3259.563082730982,0.017822736030828516,0.43333333333333335,0.12138728323699421,0.0,0.0,0.008574181117533719,-1.0,-1.0,-1.0,0,0,0,0,0
./datasets/Organised/20260306-handFlying-2/178958116.jpg,8,2,2,0.030635838150289016,0.005394990366088632,0.002601156069364162,0.07071290944123314,0.07851637764932562,0.9006020266882981,0.09258188824662814,0.04277456647398844,2155.6524257037954,0.009441233140655106,0.21666666666666667,0.12716763005780346,0.0,0.0,0.0128131021194605,-1.0,-1.0,-1.0,0,0,0,0,0
./datasets/Organised/20260306-handFlying-2/277457210.jpg,8,2,2,0.061078998073217726,0.0016377649325626203,0.0011560693641618498,0.023410404624277455,0.032466281310211946,0.7210460401842815,0.03526011560693642,0.013198458574181117,364.24680443716795,0.04821772639691715,0.3,0.3063583815028902,0.0,0.0,0.05452793834296724,-1.0,-1.0,-1.0,0,0,0,0,0
./datasets/Organised/20260306-handFlying-2/265790636.jpg,8,2,2,0.007032755298651252,0.0029865125240847784,0.0023121387283236996,0.03940269749518305,0.04123314065510597,0.9555843014835296,0.04826589595375722,0.02418111753371869,662.7050357234343,0.0016377649325626203,0.08333333333333333,0.04046242774566474,0.0,0.0,0.0,-1.0,-1.0,-1.0,0,0,0,0,0
./datasets/Organised/20260306-handFlying-2/149724886.jpg,6,2,0,0.027071290944123316,0.0029865125240847784,0.0010597302504816955,0.041425818882466284,0.03911368015414258,1.0590862233620728,0.05077071290944123,0.024373795761079,843.1977442911187,0.01695568400770713,0.6166666666666667,0.05202312138728324,0.0,0.0,0.0,-1.0,-1.0,-1.0,0,0,0,0,0
./datasets/Organised/20260306-handFlying-2/203857816.jpg,8,2,2,0.19210019267822737,0.011849710982658959,0.0035645472061657034,0.1722543352601156,0.18400770712909442,0.936120567051578,0.21907514450867052,0.08795761078998073,3946.6998874744304,0.1216281310211946,0.43333333333333335,0.47398843930635837,0.0,0.0,0.14335260115606938,-1.0,-1.0,-1.0,0,0,0,0,1
./datasets/Organised/20260306-handFlying-2/90358699.jpg,6,2,0,0.12947976878612716,0.015414258188824663,0.0056840077071290945,0.2014450867052023,0.22360308285163777,0.9009007534037827,0.2564547206165703,0.10915221579961465,7521.325140462056,0.0657514450867052,0.43333333333333335,0.3063583815028902,0.0,0.0,0.04335260115606936,-1.0,-1.0,-1.0,0,0,0,0,1
./datasets/Organised/20260306-handFlying-2/152991535.jpg,6,2,0,0.0,0.0004816955684007707,0.0001926782273603083,0.005009633911368015,0.005202312138728324,0.9627778956563534,0.006262042389210019,0.0023121387283236996,484.4874759152216,0.0,0.0,0.0,0.0,0.0,0.0,-1.0,-1.0,-1.0,0,0,0,0,0
./datasets/Organised/20260306-handFlying-2/205057785.jpg,8,2,2,0.351252408477842,0.016473988439306357,0.004624277456647399,0.2388246628131021,0.2522157996146435,0.946902280807611,0.3042389210019268,0.12447013487475915,6404.488463660292,0.2538053949903661,1.0,0.3988439306358382,0.0,0.0,0.0,-1.0,-1.0,-1.0,0,0,0,0,1
./datasets/Organised/20260306-handFlying-2/174891378.jpg,8,2,2,0.1464354527938343,0.005009633911368015,0.002697495183044316,0.09730250481695568,0.10558766859344894,0.9215241191420103,0.1220616570327553,0.04980732177263969,5917.642123989739,0.08328516377649325,0.3,0.5375722543352601,0.0,0.0,0.14739884393063585,-1.0,-1.0,-1.0,0,0,0,0,0
./datasets/Organised/20260306-handFlying-2/264623976.jpg,8,2,2,0.0,0.001445086705202312,0.001348747591522158,0.01907514450867052,0.018497109826589597,1.0311942510608019,0.022447013487475916,0.012716763005780347,394.62994541711686,0.0,0.0,0.0,0.0,0.0,0.0,-1.0,-1.0,-1.0,0,0,0,0,0
./datasets/Organised/20260306-handFlying-2/260857340.jpg,8,2,2,0.2342967244701349,0.015510597302504817,0.0037572254335260114,0.18246628131021195,0.1663776493256262,1.0966928872772612,0.2105009633911368,0.10038535645472062,1662.5363532582667,0.2150770712909441,1.0,0.3583815028901734,0.0,0.0,0.0,-1.0,-1.0,-1.0,0,0,0,0,1
./datasets/Organised/20260306-handFlying-2/117291810.jpg,6,2,0,0.1644508670520231,0.007032755298651252,0.003179190751445087,0.08304431599229287,0.09315992292870906,0.8914071842744852,0.11078998073217726,0.05057803468208093,3979.351277245036,0.1485549132947977,0.5166666666666667,0.5953757225433526,0.0,0.0,0.15770712909441234,-1.0,-1.0,-1.0,0,0,0,0,0
./datasets/Organised/20260306-handFlying-2/172324709.jpg,8,2,2,0.0,9.633911368015414e-05,0.0001926782273603083,0.0017341040462427746,0.001445086705202312,1.1991701742394265,0.0022157996146435453,0.0015414258188824663,14.908086499159117,0.0,0.0,0.0,0.0,0.0,0.0,-1.0,-1.0,-1.0,0,0,0,0,0
./datasets/Organised/20260306-handFlying-2/239457520.jpg,8,2,2,0.1619460500963391,0.011560693641618497,0.002890173410404624,0.1455684007707129,0.1409441233140655,1.032801968226637,0.17148362235067438,0.07369942196531792,1724.9348439826103,0.1622350674373796,1.0,0.4508670520231214,0.0,0.0,0.0,-1.0,-1.0,-1.0,0,0,0,0,1
./datasets/Organised/20260306-handFlying-2/131125030.jpg,8,2,2,0.19653179190751446,0.020134874759152217,0.005394990366088632,0.23911368015414258,0.26184971098265897,0.9131679622209538,0.303757225433526,0.1302504816955684,5088.810129937147,0.04263005780346821,0.8666666666666667,0.1329479768786127,0.0,0.0,0.04788053949903661,-1.0,-1.0,-1.0,0,0,0,0,1
./datasets/Organised/20260306-handFlying-2/90025360.jpg,8,2,2,0.18776493256262042,0.020809248554913295,0.004720616570327553,0.27341040462427746,0.24932562620423893,1.0965952926355729,0.3175337186897881,0.13429672447013488,5001.927850356957,0.12042389210019268,1.0,0.3815028901734104,0.0,0.0,0.14527938342967245,-1.0,-1.0,-1.0,0,0,0,0,1
./datasets/Organised/20260306-handFlying-2/126358427.jpg,6,2,0,0.175626204238921,0.010404624277456647,0.002890173410404624,0.14046242774566475,0.14383429672447012,0.9765504778339185,0.16714836223506743,0.0710019267822736,1694.8642489075999,0.17764932562620425,1.0,0.34104046242774566,0.0,0.0,0.17495183044315993,-1.0,-1.0,-1.0,0,0,0,0,1
./datasets/Organised/20260306-handFlying-2/92992014.jpg,7,2,1,0.1644508670520231,0.014354527938342966,0.005202312138728324,0.18583815028901735,0.1804431599229287,1.0298928508874576,0.221868978805395,0.10048169556840077,5829.848227573777,0.11753371868978806,0.5833333333333334,0.5722543352601156,0.0,0.0,0.0,-1.0,-1.0,-1.0,0,0,0,0,1
./datasets/Organised/20260306-handFlying-2/228624261.jpg,6,2,0,0.10780346820809249,0.011849710982658959,0.0030828516377649326,0.1542389210019268,0.13622350674373795,1.1322406275405137,0.18073217726396917,0.08082851637764933,2322.9542763336194,0.07991329479768786,0.75,0.3236994219653179,0.0,0.0,0.013969171483622351,-1.0,-1.0,-1.0,0,0,0,0,1
./datasets/Organised/20260306-handFlying-2/214524387.jpg,6,2,0,0.20770712909441233,0.017822736030828516,0.005394990366088632,0.21059730250481695,0.22360308285163777,0.9418312037018981,0.26213872832369944,0.1149325626204239,6607.12674240146,0.11127167630057803,0.45,0.4624277456647399,0.0,0.0,0.1348747591522158,-1.0,-1.0,-1.0,0,0,0,0,0
./datasets/Organised/20260306-handFlying-2/88325384.jpg,7,2,1,0.3599229287090559,0.030346820809248554,0.00674373795761079,0.392485549132948,0.3848747591522158,1.0197720687774534,0.464354527938343,0.1891136801541426,10900.931494945442,0.19132947976878611,0.8166666666666667,0.653179190751445,0.0,0.0,0.26001926782273604,-1.0,-1.0,-1.0,0,0,0,0,1
./datasets/Organised/20260306-handFlying-2/59558935.jpg,7,2,1,0.5956647398843931,0.010982658959537572,0.005394990366088632,0.1665703275529865,0.17196531791907516,0.9686218183224233,0.21339113680154143,0.09094412331406551,9839.56978010922,0.522495183044316,0.7166666666666667,0.838150289017341,0.0,0.0,0.5893063583815029,-1.0,-1.0,-1.0,0,0,1,0,0
./datasets/Organised/20260306-handFlying-2/283923824.jpg,8,2,2,0.07398843930635839,0.004913294797687861,0.0017341040462427746,0.04605009633911368,0.06984585741811175,0.6593009054573812,0.07341040462427746,0.030539499036608863,1475.5161701211387,0.06449903660886319,0.2833333333333333,0.49710982658959535,0.0,0.0,0.07350674373795761,-1.0,-1.0,-1.0,0,0,0,0,0
./datasets/Organised/20260306-handFlying-2/60892267.jpg,7,2,1,0.40028901734104044,0.0128131021194605,0.005202312138728324,0.17745664739884393,0.1884393063583815,0.9417127939781179,0.22389210019267822,0.09951830443159923,10391.790446826006,0.2632947976878613,0.5,0.6416184971098265,0.0,0.0,0.37292870905587666,-1.0,-1.0,-1.0,0,0,0,1,0
./datasets/Organised/20260306-handFlying-2/207991106.jpg,8,2,2,0.035452793834296725,0.005491329479768786,0.002697495183044316,0.06483622350674374,0.07254335260115607,0.8937459799690942,0.08709055876685934,0.043641618497109826,1954.7025687738762,0.029335260115606936,0.25,0.24855491329479767,0.0,0.0,0.03506743737957611,-1.0,-1.0,-1.0,0,0,0,0,0
./datasets/Organised/20260306-handFlying-2/83425421.jpg,7,2,1,0.3338150289017341,0.01859344894026975,0.004720616570327553,0.23593448940269748,0.2697495183044316,0.8746396147288569,0.3106936416184971,0.130635838150289,8465.682827237424,0.2582369942196532,0.7,0.6416184971098265,0.0,0.0,0.2857418111753372,-1.0,-1.0,-1.0,0,0,0,0,1
./datasets/Organised/20260306-handFlying-2/154724871.jpg,8,2,2,0.30549132947976876,0.01001926782273603,0.0035645472061657034,0.12389210019267823,0.20443159922928708,0.606029080781405,0.21204238921001928,0.08121387283236994,3537.265976551914,0.2733622350674374,0.43333333333333335,0.9190751445086706,0.0,0.0,0.2888246628131021,-1.0,-1.0,-1.0,0,0,0,1,0
./datasets/Organised/20260306-handFlying-2/187391279.jpg,7,2,1,0.3266859344894027,0.013969171483622351,0.004238921001926782,0.20809248554913296,0.19344894026974951,1.0756916505581013,0.2502890173410405,0.09768786127167631,4506.1878462268105,0.15823699421965318,0.7166666666666667,0.47398843930635837,0.0,0.0,0.13998073217726398,-1.0,-1.0,-1.0,0,0,0,0,0
./datasets/Organised/20260306-handFlying-2/87392049.jpg,6,2,0,0.1976878612716763,0.010500963391136802,0.004046242774566474,0.1443159922928709,0.1519267822736031,0.949898630343828,0.17803468208092485,0.07784200385356455,5571.216171606135,0.17114643545279384,0.55,0.5317919075144508,0.0,0.0,0.19219653179190752,-1.0,-1.0,-1.0,0,0,0,0,0
./datasets/Organised/20260306-handFlying-2/48525704.jpg,6,2,0,0.4701348747591522,0.01300578034682081,0.005394990366088632,0.17302504816955683,0.19759152215799614,0.8756659729825453,0.22427745664739884,0.0953757225433526,8479.008906040592,0.4776493256262042,0.8,0.8670520231213873,0.0,0.0,0.452504816955684,-1.0,-1.0,-1.0,0,0,0,1,0
./datasets/Organised/20260306-handFlying-2/233324225.jpg,7,2,1,0.03526011560693642,0.00510597302504817,0.0025048169556840076,0.07591522157996146,0.0848747591522158,0.8944276002741306,0.10038535645472062,0.040269749518304435,1150.9271432297176,0.010934489402697496,0.08333333333333333,0.2543352601156069,0.0,0.0,0.02254335260115607,-1.0,-1.0,-1.0,0,0,0,0,0
./datasets/Organised/20260306-handFlying-2/171558048.jpg,8,2,2,0.0003853564547206166,0.0007707129094412332,0.0005780346820809249,0.008863198458574181,0.009441233140655106,0.9386760871654616,0.011175337186897881,0.005587668593448941,109.82374003660513,9.633911368015414e-05,0.05,0.011560693641618497,0.0,0.0,0.0,-1.0,-1.0,-1.0,0,0,0,0,0
./datasets/Organised/20260306-handFlying-2/94292005.jpg,7,2,1,0.17610789980732178,0.011560693641618497,0.0045279383429672445,0.16204238921001926,0.146242774566474,1.1080293140024509,0.18709055876685934,0.08429672447013488,6390.074650478356,0.12210982658959538,0.65,0.3930635838150289,0.0,0.0,0.01021194605009634,-1.0,-1.0,-1.0,0,0,0,0,1
./datasets/Organised/20260306-handFlying-2/68225533.jpg,7,2,1,0.24421965317919075,0.01628131021194605,0.0056840077071290945,0.24489402697495183,0.22678227360308284,1.079859299515918,0.2840077071290944,0.11907514450867052,9527.287692900974,0.11955684007707129,0.7666666666666667,0.4682080924855491,0.0,0.0,0.08535645472061656,-1.0,-1.0,-1.0,0,0,0,0,1
./datasets/Organised/20260306-handFlying-2/87725411.jpg,8,2,2,0.09816955684007707,0.01001926782273603,0.0030828516377649326,0.13468208092485548,0.15366088631984587,0.8764833242025671,0.1710019267822736,0.07157996146435452,5674.497825176993,0.05057803468208093,0.38333333333333336,0.3063583815028902,0.0,0.0,0.057803468208092484,-1.0,-1.0,-1.0,0,0,0,0,0
./datasets/Organised/20260306-handFlying-2/175458014.jpg,7,2,1,0.09739884393063585,0.002601156069364162,0.0010597302504816955,0.04431599229287091,0.03940269749518305,1.1246658336641724,0.05491329479768786,0.021001926782273604,1874.539185878802,0.0754335260115607,0.4666666666666667,0.19653179190751446,0.0,0.0,0.09633911368015415,-1.0,-1.0,-1.0,0,0,0,0,0
./datasets/Organised/20260306-handFlying-2/160591475.jpg,7,2,1,0.013294797687861272,0.001348747591522158,0.0007707129094412332,0.019267822736030827,0.024566473988439308,0.7842818006074889,0.029383429672447014,0.013294797687861272,407.3918178206942,0.0064547206165703275,0.08333333333333333,0.2254335260115607,0.0,0.0,0.0,-1.0,-1.0,-1.0,0,0,0,0,0
./datasets/Organised/20260306-handFlying-2/216091026.jpg,6,2,0,0.04788053949903661,0.009152215799614644,0.0038535645472061657,0.11695568400770713,0.1172447013487476,0.9975264138667412,0.14036608863198458,0.061849710982658956,9908.91134807006,0.022591522157996147,0.4166666666666667,0.1329479768786127,0.0,0.0,0.0,-1.0,-1.0,-1.0,0,0,0,0,0
./datasets/Organised/20260306-handFlying-2/276590558.jpg,7,2,1,0.11820809248554913,0.009730250481695568,0.004142581888246628,0.11165703275529865,0.1386319845857418,0.8054146211231639,0.15741811175337186,0.07071290944123314,2469.4325072579177,0.044942196531791906,0.26666666666666666,0.3872832369942196,0.0,0.0,0.04431599229287091,-1.0,-1.0,-1.0,0,0,0,0,0
./datasets/Organised/20260306-handFlying-2/123291772.jpg,8,2,2,0.16734104046242776,0.012042389210019268,0.0037572254335260114,0.1316955684007707,0.17283236994219653,0.7619799836386677,0.19200385356454722,0.08188824662813102,3438.494621567339,0.07509633911368016,0.2833333333333333,0.4797687861271676,0.0,0.0,0.12842003853564546,-1.0,-1.0,-1.0,0,0,0,0,0
./datasets/Organised/20260306-handFlying-2/163724788.jpg,6,2,0,0.03333333333333333,0.00394990366088632,0.0010597302504816955,0.05067437379576108,0.05134874759152216,0.986847573212364,0.06069364161849711,0.023314065510597302,731.222548884211,0.02008670520231214,0.26666666666666666,0.11560693641618497,0.0,0.0,0.0,-1.0,-1.0,-1.0,0,0,0,0,0
./datasets/Organised/20260306-handFlying-2/150524887.jpg,7,2,1,0.001348747591522158,0.0,0.0001926782273603083,0.0035645472061657034,0.004238921001926782,0.8407107595980766,0.0052986512524084775,0.002697495183044316,70.02987548308775,0.00043352601156069364,0.03333333333333333,0.05202312138728324,0.0,0.0,0.0,-1.0,-1.0,-1.0,0,0,0,0,0
./datasets/Organised/20260306-handFlying-2/87092059.jpg,6,2,0,0.2571290944123314,0.010500963391136802,0.004046242774566474,0.13179190751445086,0.151252408477842,0.8713318188380385,0.1701348747591522,0.07138728323699423,5610.427519796853,0.2289980732177264,0.6666666666666666,0.5664739884393064,0.0,0.0,0.25289017341040465,-1.0,-1.0,-1.0,0,0,0,0,0
./datasets/Organised/20260306-handFlying-2/253457399.jpg,7,2,1,0.07552986512524085,0.004913294797687861,0.002023121387283237,0.06579961464354528,0.0850674373795761,0.7734903410761718,0.0951830443159923,0.039595375722543354,1242.594775515015,0.0569364161849711,0.21666666666666667,0.4624277456647399,0.0,0.0,0.07533718689788053,-1.0,-1.0,-1.0,0,0,0,0,0
./datasets/Organised/20260306-handFlying-2/180924654.jpg,8,2,2,0.21811175337186897,0.01464354527938343,0.004335260115606936,0.21339113680154143,0.20211946050096338,1.0557621740651255,0.2527938342967245,0.10606936416184971,7793.240290715805,0.09869942196531792,0.5666666666666667,0.23121387283236994,0.0,0.0,0.17379576107899808,-1.0,-1.0,-1.0,0,0,0,0,0
./datasets/Organised/20260306-handFlying-2/275457223.jpg,6,2,0,0.0004816955684007707,0.0007707129094412332,0.0007707129094412332,0.011175337186897881,0.010886319845857417,1.0264543841017084,0.013102119460500963,0.0056840077071290945,133.50594439246962,0.0001926782273603083,0.05,0.017341040462427744,0.0,0.0,0.0,-1.0,-1.0,-1.0,0,0,0,0,0
./datasets/Organised/20260306-handFlying-2/276757214.jpg,7,2,1,0.14691714836223507,0.012042389210019268,0.0045279383429672445,0.1279383429672447,0.1651252408477842,0.7747911071577058,0.18477842003853565,0.08188824662813102,2991.7008089051496,0.09701348747591522,0.45,0.28901734104046245,0.0,0.0,0.11290944123314066,-1.0,-1.0,-1.0,0,0,0,0,0
./datasets/Organised/20260306-handFlying-2/219157694.jpg,6,2,0,0.15433526011560694,0.00838150289017341,0.004238921001926782,0.1142581888246628,0.1210019267822736,0.9442597122485563,0.14248554913294798,0.07003853564547206,7165.9133687783315,0.1407514450867052,0.5166666666666667,0.4682080924855491,0.0,0.0,0.15163776493256262,-1.0,-1.0,-1.0,0,0,0,0,0
./datasets/Organised/20260306-handFlying-2/267157293.jpg,8,2,2,0.22350674373795762,0.011560693641618497,0.003468208092485549,0.14460500963391137,0.1678227360308285,0.8616481378256771,0.1980732177263969,0.08892100192678228,2052.3547619273018,0.1294315992292871,0.36666666666666664,0.6473988439306358,0.0,0.0,0.20780346820809248,-1.0,-1.0,-1.0,0,0,0,0,0
./datasets/Organised/20260306-handFlying-2/210757738.jpg,7,2,1,0.07813102119460501,0.008574181117533719,0.0017341040462427746,0.10722543352601156,0.09094412331406551,1.1790124595875735,0.12080924855491329,0.051445086705202314,1359.7251076714892,0.06348747591522158,0.5,0.3352601156069364,0.0,0.0,0.0,-1.0,-1.0,-1.0,0,0,0,0,0
./datasets/Organised/20260306-handFlying-2/242290821.jpg,6,2,0,0.15741811175337186,0.015028901734104046,0.00394990366088632,0.18169556840077072,0.16984585741811176,1.0697611434369434,0.21348747591522158,0.08583815028901734,2217.3035021402507,0.11483622350674373,1.0,0.3872832369942196,0.0,0.0,0.0,-1.0,-1.0,-1.0,0,0,0,0,1
./datasets/Organised/20260306-handFlying-2/275323899.jpg,8,2,2,0.18872832369942197,0.009055876685934489,0.003371868978805395,0.11483622350674373,0.15260115606936417,0.7525203212367837,0.1665703275529865,0.0676300578034682,2991.2735556650737,0.1578034682080925,0.4666666666666667,0.47398843930635837,0.0,0.0,0.17745664739884393,-1.0,-1.0,-1.0,0,0,0,0,0
./datasets/Organised/20260306-handFlying-2/60592264.jpg,8,2,2,0.017822736030828516,0.0072254335260115606,0.004142581888246628,0.09296724470134875,0.0907514450867052,1.0244048478531627,0.1128131021194605,0.05655105973025048,3938.6187406862914,0.009585741811175337,0.13333333333333333,0.1676300578034682,0.0,0.0,0.0,-1.0,-1.0,-1.0,0,0,0,0,0
./datasets/Organised/20260306-handFlying-2/211391067.jpg,7,2,1,0.17784200385356455,0.01464354527938343,0.0032755298651252407,0.15828516377649327,0.17533718689788053,0.9027421041411864,0.203757225433526,0.08323699421965318,1993.211024201722,0.1470616570327553,0.7333333333333333,0.6069364161849711,0.0,0.0,0.0,-1.0,-1.0,-1.0,0,0,0,0,1
./datasets/Organised/20260306-handFlying-2/64225625.jpg,7,2,1,0.2863198458574181,0.015895953757225433,0.005491329479768786,0.23102119460500964,0.2233140655105973,1.034507878260666,0.27784200385356456,0.12138728323699421,14522.470873985096,0.18786127167630057,0.45,0.6069364161849711,0.0,0.0,0.22658959537572254,-1.0,-1.0,-1.0,0,0,0,0,1
./datasets/Organised/20260306-handFlying-2/166258091.jpg,6,2,0,0.0004816955684007707,0.0003853564547206166,0.0003853564547206166,0.009152215799614644,0.010886319845857417,0.840630745600537,0.012042389210019268,0.0068400770712909445,852.5541887931066,0.0001926782273603083,0.05,0.017341040462427744,0.0,0.0,0.0,-1.0,-1.0,-1.0,0,0,0,0,0
./datasets/Organised/20260306-handFlying-2/255357394.jpg,7,2,1,0.2720616570327553,0.00674373795761079,0.002023121387283237,0.07601156069364162,0.08901734104046242,0.8538865115346432,0.10134874759152215,0.04277456647398844,1694.8549817809555,0.2563102119460501,0.5333333333333333,0.8554913294797688,0.0,0.0,0.2720616570327553,-1.0,-1.0,-1.0,0,0,0,1,0
./datasets/Organised/20260306-handFlying-2/231957616.jpg,7,2,1,0.11146435452793835,0.010597302504816955,0.0038535645472061657,0.14913294797687862,0.13391136801541426,1.113660748346354,0.17427745664739885,0.07215799614643545,1664.6927277798195,0.09311175337186899,0.8,0.31213872832369943,0.0,0.0,0.0,-1.0,-1.0,-1.0,0,0,0,0,1
./datasets/Organised/20260306-handFlying-2/178057992.jpg,6,2,0,0.10452793834296724,0.010597302504816955,0.0038535645472061657,0.13651252408477843,0.11136801541425818,1.2257675402534016,0.157514450867052,0.07620423892100192,2991.9312979236042,0.08453757225433527,0.9166666666666666,0.14450867052023122,0.0,0.0,0.0,-1.0,-1.0,-1.0,0,0,0,0,0
./datasets/Organised/20260306-handFlying-2/81858754.jpg,7,2,1,0.12177263969171484,0.012620423892100193,0.0038535645472061657,0.16907514450867053,0.17591522157996145,0.9611117325630977,0.21425818882466283,0.09460500963391137,3289.765329381388,0.0611271676300578,0.3,0.3468208092485549,0.0,0.0,0.07215799614643545,-1.0,-1.0,-1.0,0,0,0,0,1
./datasets/Organised/20260306-handFlying-2/209024449.jpg,6,2,0,0.030924855491329478,0.005009633911368015,0.0025048169556840076,0.07427745664739885,0.07842003853564547,0.9471623691088559,0.09826589595375723,0.04383429672447013,1683.9631249141487,0.011849710982658959,0.13333333333333333,0.24855491329479767,0.0,0.0,0.026107899807321772,-1.0,-1.0,-1.0,0,0,0,0,0
./datasets/Organised/20260306-handFlying-2/199891158.jpg,8,2,2,0.3078034682080925,0.014450867052023121,0.004238921001926782,0.21078998073217725,0.221868978805395,0.9500608503553509,0.2590558766859345,0.10394990366088631,9383.36618050683,0.24638728323699421,0.8166666666666667,0.5202312138728323,0.0,0.0,0.29441233140655104,-1.0,-1.0,-1.0,0,0,0,0,0
./datasets/Organised/20260306-handFlying-2/197791261.jpg,8,2,2,0.41396917148362233,0.018689788053949902,0.0060693641618497106,0.24971098265895952,0.2813102119460501,0.8876680773990947,0.3215799614643545,0.13603082851637766,12835.784482710933,0.39065510597302505,0.8333333333333334,0.6647398843930635,0.0,0.0,0.40578034682080927,-1.0,-1.0,-1.0,0,0,0,1,0
./datasets/Organised/20260306-handFlying-2/201624477.jpg,8,2,2,0.4657032755298651,0.013198458574181117,0.004816955684007707,0.16791907514450868,0.19739884393063584,0.8506545486607052,0.2266859344894027,0.09768786127167631,5114.095274473662,0.47047206165703276,0.7333333333333333,0.9826589595375722,0.0,0.0,0.46541425818882465,-1.0,-1.0,-1.0,0,0,0,1,0
./datasets/Organised/20260306-handFlying-2/171058059.jpg,8,2,2,0.0,0.0005780346820809249,0.000674373795761079,0.007803468208092485,0.007129094412331407,1.094441077048922,0.00953757225433526,0.004624277456647399,92.5024090347155,0.0,0.0,0.0,0.0,0.0,9.633911368015414e-05,-1.0,-1.0,-1.0,0,0,0,0,0
./datasets/Organised/20260306-handFlying-2/277890534.jpg,8,2,2,0.1579961464354528,0.010404624277456647,0.0037572254335260114,0.14605009633911367,0.14990366088631984,0.9742865597079114,0.18458574181117535,0.07726396917148362,2816.578302677448,0.07851637764932562,0.2833333333333333,0.42196531791907516,0.0,0.0,0.1151252408477842,-1.0,-1.0,-1.0,0,0,0,0,1
./datasets/Organised/20260306-handFlying-2/261457333.jpg,8,2,2,0.19797687861271676,0.015703275529865127,0.0032755298651252407,0.17292870905587668,0.15973025048169556,1.0826228964863296,0.20183044315992293,0.08834296724470135,1705.6863745215526,0.1922447013487476,0.9,0.3815028901734104,0.0,0.0,0.0,-1.0,-1.0,-1.0,0,0,0,0,1
./datasets/Organised/20260306-handFlying-2/187391279.jpg,6,2,0,0.30096339113680154,0.014354527938342966,0.00510597302504817,0.18034682080924855,0.2073217726396917,0.8698842800191326,0.2327552986512524,0.09903660886319846,9438.243578793887,0.2697013487475915,0.7,0.5838150289017341,0.0,0.0,0.28921001926782275,-1.0,-1.0,-1.0,0,0,0,0,0
./datasets/Organised/20260306-handFlying-2/214957706.jpg,6,2,0,0.0636801541425819,0.008477842003853564,0.0037572254335260114,0.12119460500963392,0.11859344894026976,1.0219247704475083,0.14171483622350675,0.06242774566473988,7208.248476913882,0.021098265895953757,0.4666666666666667,0.14450867052023122,0.0,0.0,0.0,-1.0,-1.0,-1.0,0,0,0,0,0
./datasets/Organised/20260306-handFlying-2/273323916.jpg,8,2,2,0.16040462427745664,0.005394990366088632,0.0022157996146435453,0.0686897880539499,0.08516377649325627,0.8065516153780908,0.0928709055876686,0.039595375722543354,1497.4158105293639,0.15289017341040462,0.6,0.4624277456647399,0.0,0.0,0.0,-1.0,-1.0,-1.0,0,0,0,0,0
./datasets/Organised/20260306-handFlying-2/146958247.jpg,7,2,1,0.0005780346820809249,0.001445086705202312,0.0011560693641618498,0.016666666666666666,0.01599229287090559,1.042103511840645,0.021483622350674372,0.013776493256262042,393.8546119891151,0.0001926782273603083,0.03333333333333333,0.023121387283236993,0.0,0.0,0.0,-1.0,-1.0,-1.0,0,0,0,0,0
./datasets/Organised/20260306-handFlying-2/97125301.jpg,8,2,2,0.09585741811175337,0.004335260115606936,0.0019267822736030828,0.04682080924855491,0.052890173410404626,0.8852291645196215,0.061464354527938345,0.030154142581888248,1806.1937649102879,0.08241811175337187,0.38333333333333336,0.4277456647398844,0.0,0.0,0.09084778420038536,-1.0,-1.0,-1.0,0,0,0,0,0
./datasets/Organised/20260306-handFlying-2/47192366.jpg,6,2,0,0.9427745664739884,0.007803468208092485,0.0035645472061657034,0.12167630057803468,0.13709055876685936,0.8875550155860422,0.15346820809248554,0.06628131021194605,7295.465859747698,0.9379576107899807,1.0,1.0,0.0,0.0,0.9448940269749518,-1.0,-1.0,-1.0,0,0,0,1,0
./datasets/Organised/20260306-handFlying-2/134125033.jpg,6,2,0,0.0004816955684007707,0.002601156069364162,0.0007707129094412332,0.023314065510597302,0.02003853564547206,1.16340348015325,0.02928709055876686,0.018882466281310212,708.2145870783075,0.0001926782273603083,0.05,0.017341040462427744,0.0,0.0,0.0,-1.0,-1.0,-1.0,0,0,0,0,0
./datasets/Organised/20260306-handFlying-2/176158011.jpg,8,2,2,0.0951830443159923,0.011368015414258189,0.0038535645472061657,0.147495183044316,0.15703275529865124,0.9392578223949716,0.18535645472061657,0.08034682080924856,4582.457390592921,0.030876685934489403,0.2,0.32947976878612717,0.0,0.0,0.05809248554913295,-1.0,-1.0,-1.0,0,0,0,0,0
./datasets/Organised/20260306-handFlying-2/276590558.jpg,8,2,2,0.1930635838150289,0.01695568400770713,0.004335260115606936,0.21965317919075145,0.2375722543352601,0.9245703175020699,0.2794797687861272,0.12023121387283237,2893.683416827232,0.0941233140655106,0.7333333333333333,0.815028901734104,0.0,0.0,0.0,-1.0,-1.0,-1.0,0,0,0,0,0
./datasets/Organised/20260306-handFlying-2/67792216.jpg,7,2,1,0.20028901734104046,0.013583815028901734,0.0052986512524084775,0.18882466281310212,0.17639691714836223,1.0704472358043104,0.2252408477842004,0.10394990366088631,6652.652650708528,0.10934489402697495,0.8666666666666667,0.27167630057803466,0.0,0.0,0.028034682080924855,-1.0,-1.0,-1.0,0,0,0,0,1
./datasets/Organised/20260306-handFlying-2/141458293.jpg,8,2,2,0.0,0.002023121387283237,0.0009633911368015414,0.018208092485549134,0.016088631984585742,1.1316661874549354,0.022736030828516378,0.014932562620423893,639.8383143346662,0.0,0.0,0.0,0.0,0.0,0.0,-1.0,-1.0,-1.0,0,0,0,0,0
./datasets/Organised/20260306-handFlying-2/172791369.jpg,7,2,1,0.0,0.0022157996146435453,0.0010597302504816955,0.02466281310211946,0.02601156069364162,0.9481116985206272,0.03044315992292871,0.013583815028901734,574.1967138524137,0.0,0.0,0.0,0.0,0.0,0.0,-1.0,-1.0,-1.0,0,0,0,0,0
./datasets/Organised/20260306-handFlying-2/241257497.jpg,8,2,2,0.0151252408477842,0.0029865125240847784,0.0019267822736030828,0.04393063583815029,0.048554913294797684,0.904743271358816,0.057803468208092484,0.026589595375722544,1249.3764035625054,0.011753371868978806,0.23333333333333334,0.11560693641618497,0.0,0.0,0.013583815028901734,-1.0,-1.0,-1.0,0,0,0,0,0
./datasets/Organised/20260306-handFlying-2/161658164.jpg,7,2,1,0.002697495183044316,0.001445086705202312,0.0007707129094412332,0.020134874759152217,0.02023121387283237,0.9951889044722456,0.02466281310211946,0.012524084778420038,343.4878720378971,0.0006262042389210019,0.06666666666666667,0.023121387283236993,0.0,0.0,0.0,-1.0,-1.0,-1.0,0,0,0,0,0
./datasets/Organised/20260306-handFlying-2/260257349.jpg,8,2,2,0.21059730250481695,0.015703275529865127,0.004335260115606936,0.2069364161849711,0.1955684007707129,1.058122668318573,0.24248554913294798,0.10549132947976879,1928.008186142389,0.16473988439306358,0.85,0.31213872832369943,0.0,0.0,0.0,-1.0,-1.0,-1.0,0,0,0,0,1
./datasets/Organised/20260306-handFlying-2/194091202.jpg,8,2,2,0.1161849710982659,0.006262042389210019,0.002697495183044316,0.0941233140655106,0.09903660886319846,0.9503795088139091,0.1197495183044316,0.05115606936416185,2275.968575480489,0.0811175337186898,0.36666666666666664,0.5028901734104047,0.0,0.0,0.0012524084778420038,-1.0,-1.0,-1.0,0,0,0,0,0
./datasets/Organised/20260306-handFlying-2/261757337.jpg,8,2,2,0.20077071290944123,0.014739884393063583,0.0027938342967244703,0.17861271676300577,0.16098265895953756,1.109508368224499,0.20809248554913296,0.08699421965317919,1692.8714371791016,0.1815028901734104,0.9333333333333333,0.3930635838150289,0.0,0.0,0.0,-1.0,-1.0,-1.0,0,0,0,0,1
./datasets/Organised/20260306-handFlying-2/259824014.jpg,8,2,2,0.13391136801541426,0.013583815028901734,0.0038535645472061657,0.16791907514450868,0.1606936416184971,1.0449575259837411,0.20077071290944123,0.09210019267822736,1839.5517567873596,0.08800578034682081,0.8333333333333334,0.1676300578034682,0.0,0.0,0.0,-1.0,-1.0,-1.0,0,0,0,0,1
./datasets/Organised/20260306-handFlying-2/207691097.jpg,7,2,1,0.14229287090558768,0.009344894026974951,0.003468208092485549,0.10202312138728324,0.14277456647398845,0.7145698939031723,0.15404624277456647,0.06339113680154143,2965.418667615208,0.09552023121387283,0.25,0.6473988439306358,0.0,0.0,0.1336223506743738,-1.0,-1.0,-1.0,0,0,0,0,0
./datasets/Organised/20260306-handFlying-2/63492236.jpg,6,2,0,0.12263969171483623,0.007418111753371869,0.004142581888246628,0.09142581888246629,0.10549132947976879,0.8666584512194304,0.12071290944123314,0.05510597302504817,3891.5168192407214,0.1023121387283237,0.25,0.8728323699421965,0.0,0.0,0.1197495183044316,-1.0,-1.0,-1.0,0,0,0,1,0
./datasets/Organised/20260306-handFlying-2/162191481.jpg,6,2,0,0.0,0.0005780346820809249,0.00028901734104046245,0.005394990366088632,0.004913294797687861,1.0978157778867752,0.007129094412331407,0.004142581888246628,424.83391136801544,0.0,0.0,0.0,0.0,0.0,0.0,-1.0,-1.0,-1.0,0,0,0,0,0
./datasets/Organised/20260306-handFlying-2/218991004.jpg,7,2,1,0.8202312138728324,0.01464354527938343,0.005587668593448941,0.203757225433526,0.2615606936416185,0.7790025465758994,0.29171483622350675,0.12899807321772638,15114.302626994999,0.8449421965317919,1.0,1.0,0.0,0.0,0.8134874759152215,-1.0,-1.0,-1.0,0,0,0,1,0
./datasets/Organised/20260306-handFlying-2/48525704.jpg,8,2,2,0.02726396917148362,0.004238921001926782,0.0022157996146435453,0.05616570327552987,0.055202312138728324,1.0174335759851332,0.06917148362235068,0.030346820809248554,934.3469169163316,0.018834296724470134,0.4,0.11560693641618497,0.0,0.0,0.025433526011560695,-1.0,-1.0,-1.0,0,0,0,0,0
./datasets/Organised/20260306-handFlying-2/280123858.jpg,8,2,2,0.21734104046242775,0.009055876685934489,0.0032755298651252407,0.1386319845857418,0.1428709055876686,0.970323619717348,0.16965317919075146,0.0697495183044316,4532.331025083437,0.14450867052023122,0.5666666666666667,0.44508670520231214,0.0,0.0,0.2060693641618497,-1.0,-1.0,-1.0,0,0,0,0,0
./datasets/Organised/20260306-handFlying-2/111391861.jpg,7,2,1,0.0,0.0001926782273603083,9.633911368015414e-05,0.001348747591522158,0.001348747591522158,0.9992591207376246,0.002119460500963391,0.0,19.33140655105973,0.0,0.0,0.0,0.0,0.0,0.0,-1.0,-1.0,-1.0,0,0,0,0,0
./datasets/Organised/20260306-handFlying-2/89725366.jpg,7,2,1,0.2558766859344894,0.01878612716763006,0.004913294797687861,0.23766859344894026,0.26223506743737957,0.9063154270557926,0.2970134874759152,0.12061657032755299,10008.846686147957,0.10289017341040463,0.3333333333333333,0.653179190751445,0.0,0.0,0.16368015414258189,-1.0,-1.0,-1.0,0,0,0,1,0
./datasets/Organised/20260306-handFlying-2/47792364.jpg,7,2,1,0.46483622350674375,0.019171483622350674,0.005491329479768786,0.23622350674373796,0.24739884393063583,0.95482480098075,0.29354527938342967,0.12475915221579961,11732.138604363661,0.4655587668593449,0.95,0.7109826589595376,0.0,0.0,0.4592485549132948,-1.0,-1.0,-1.0,0,0,0,1,0
./datasets/Organised/20260306-handFlying-2/273857241.jpg,6,2,0,0.0009633911368015414,0.0003853564547206166,0.0004816955684007707,0.0052986512524084775,0.0045279383429672445,1.1699543802879278,0.0068400770712909445,0.004624277456647399,87.44694465791262,0.0004816955684007707,0.06666666666666667,0.017341040462427744,0.0,0.0,0.0,-1.0,-1.0,-1.0,0,0,0,0,0
./datasets/Organised/20260306-handFlying-2/130358379.jpg,7,2,1,0.5253371868978806,0.038053949903660886,0.008092485549132947,0.4610789980732177,0.42851637764932565,1.0759866976749277,0.5408477842003854,0.22273603082851637,10563.232146626648,0.4422447013487476,1.0,0.791907514450867,0.0,0.0,0.4823699421965318,-1.0,-1.0,-1.0,0,0,0,1,0
./datasets/Organised/20260306-handFlying-2/90192076.jpg,8,2,2,0.20886319845857418,0.020809248554913295,0.005202312138728324,0.2680154142581888,0.24470134874759153,1.0952711146007206,0.3211946050096339,0.13458574181117533,4154.346137516195,0.09272639691714836,0.8333333333333334,0.3352601156069364,0.0,0.0,0.19759152215799614,-1.0,-1.0,-1.0,0,0,0,0,1
./datasets/Organised/20260306-handFlying-2/212657722.jpg,8,2,2,0.14585741811175337,0.012138728323699421,0.003468208092485549,0.17109826589595376,0.15163776493256262,1.1283280101367565,0.1993256262042389,0.08882466281310213,2144.305941803008,0.09903660886319846,0.7666666666666667,0.2543352601156069,0.0,0.0,0.004913294797687861,-1.0,-1.0,-1.0,0,0,0,0,1
./datasets/Organised/20260306-handFlying-2/140324976.jpg,8,2,2,0.002601156069364162,0.0012524084778420038,0.0012524084778420038,0.023603082851637765,0.02186897880539499,1.0792458036500356,0.028901734104046242,0.01464354527938343,794.6143741206039,0.0005780346820809249,0.06666666666666667,0.028901734104046242,0.0,0.0,0.0,-1.0,-1.0,-1.0,0,0,0,0,0
./datasets/Organised/20260306-handFlying-2/236057536.jpg,7,2,1,0.4565510597302505,0.00953757225433526,0.0030828516377649326,0.10385356454720616,0.16310211946050096,0.6367356117450385,0.17052023121387283,0.07109826589595376,3353.3053482129935,0.440606936416185,0.55,1.0,0.0,0.0,0.45606936416184973,-1.0,-1.0,-1.0,0,0,0,1,0
./datasets/Organised/20260306-handFlying-2/139791669.jpg,8,2,2,0.042196531791907514,0.0030828516377649326,0.0009633911368015414,0.035838150289017344,0.05500963391136802,0.6514767735045377,0.061464354527938345,0.024566473988439308,803.9711607378204,0.029816955684007707,0.11666666666666667,0.4277456647398844,0.0,0.0,0.037379576107899805,-1.0,-1.0,-1.0,0,0,0,0,0
./datasets/Organised/20260306-handFlying-2/118359037.jpg,7,2,1,0.39075144508670523,0.022639691714836225,0.0060693641618497106,0.3149325626204239,0.30982658959537573,1.0164768187097706,0.3787090558766859,0.15144508670520232,9000.154465197262,0.23265895953757226,0.4666666666666667,0.9653179190751445,0.0,0.0,0.24508670520231213,-1.0,-1.0,-1.0,0,0,0,1,0
./datasets/Organised/20260306-handFlying-2/90025360.jpg,6,2,0,0.12157996146435453,0.007321772639691715,0.002890173410404624,0.10260115606936417,0.10009633911368016,1.025013821324865,0.1250481695568401,0.058477842003853565,6018.287996137154,0.09585741811175337,0.38333333333333336,0.5606936416184971,0.0,0.0,0.1058766859344894,-1.0,-1.0,-1.0,0,0,0,0,1
./datasets/Organised/20260306-handFlying-2/179224660.jpg,8,2,2,0.03227360308285164,0.005202312138728324,0.0025048169556840076,0.07591522157996146,0.07581888246628131,1.0012574421191243,0.09576107899807322,0.04441233140655106,2813.156312495127,0.02336223506743738,0.21666666666666667,0.1791907514450867,0.0,0.0,0.028227360308285165,-1.0,-1.0,-1.0,0,0,0,0,0
./datasets/Organised/20260306-handFlying-2/59692290.jpg,8,2,2,0.07389210019267822,0.009922928709055878,0.004335260115606936,0.12408477842003854,0.12389210019267823,1.0015471259259976,0.1496146435452794,0.07273603082851637,6532.25395042341,0.05944123314065511,0.55,0.32947976878612717,0.0,0.0,0.07023121387283238,-1.0,-1.0,-1.0,0,0,0,0,0
./datasets/Organised/20260306-handFlying-2/156624838.jpg,6,2,0,0.003371868978805395,0.001348747591522158,0.0004816955684007707,0.021290944123314066,0.018015414258188825,1.1817525850704116,0.023699421965317918,0.011271676300578034,369.6295415724622,0.0007707129094412332,0.05,0.03468208092485549,0.0,0.0,0.0,-1.0,-1.0,-1.0,0,0,0,0,0
./datasets/Organised/20260306-handFlying-2/45725710.jpg,7,2,1,0.10712909441233141,0.009344894026974951,0.004142581888246628,0.12909441233140656,0.11541425818882466,1.1185211934474226,0.14479768786127167,0.06464354527938343,3050.086378085543,0.0945568400770713,0.7,0.3063583815028902,0.0,0.0,0.0029865125240847784,-1.0,-1.0,-1.0,0,0,0,0,0
./datasets/Organised/20260306-handFlying-2/160724836.jpg,8,2,2,0.0004816955684007707,0.0008670520231213873,0.000674373795761079,0.00789980732177264,0.005202312138728324,1.518226681611942,0.010115606936416185,0.006262042389210019,123.4401473394441,0.0001926782273603083,0.05,0.017341040462427744,0.0,0.0,0.0,-1.0,-1.0,-1.0,0,0,0,0,0
./datasets/Organised/20260306-handFlying-2/126925066.jpg,7,2,1,0.3936416184971098,0.026396917148362235,0.006551059730250481,0.34104046242774566,0.320616570327553,1.0636986054112008,0.4052023121387283,0.18208092485549132,4046.1073037577826,0.127504816955684,1.0,0.26011560693641617,0.0,0.0,0.28015414258188825,-1.0,-1.0,-1.0,0,0,0,0,1
./datasets/Organised/20260306-handFlying-2/250090747.jpg,8,2,2,0.015221579961464355,0.002601156069364162,0.0018304431599229288,0.048458574181117535,0.04518304431599229,1.0724709333725193,0.059248554913294796,0.026782273603082853,1016.6264140966956,0.005491329479768786,0.13333333333333333,0.13872832369942195,0.0,0.0,0.012524084778420038,-1.0,-1.0,-1.0,0,0,0,0,0
./datasets/Organised/20260306-handFlying-2/114758500.jpg,8,2,2,0.9058766859344894,0.023699421965317918,0.006936416184971098,0.3448940269749518,0.3199421965317919,1.0779851883510223,0.41088631984585744,0.17832369942196533,12611.593838714585,0.9042870905587669,1.0,1.0,0.0,0.0,0.9091522157996147,-1.0,-1.0,-1.0,0,0,0,1,0
./datasets/Organised/20260306-handFlying-2/275457223.jpg,7,2,1,0.2588631984585742,0.009248554913294798,0.004142581888246628,0.11204238921001927,0.17909441233140655,0.6256016709277331,0.1834296724470135,0.07052023121387284,2572.742758417143,0.24229287090558768,0.6166666666666667,0.8901734104046243,0.0,0.0,0.0,-1.0,-1.0,-1.0,0,0,0,0,0
./datasets/Organised/20260306-handFlying-2/115525168.jpg,6,2,0,0.17524084778420038,0.0064547206165703275,0.0022157996146435453,0.0951830443159923,0.09190751445086705,1.035628144842617,0.11165703275529865,0.048554913294797684,3250.4588891766066,0.15380539499036608,1.0,0.31213872832369943,0.0,0.0,0.1617533718689788,-1.0,-1.0,-1.0,0,0,0,0,0
./datasets/Organised/20260306-handFlying-2/185757934.jpg,6,2,0,0.15944123314065511,0.0068400770712909445,0.0038535645472061657,0.1058766859344894,0.10780346820809249,0.9821177887554536,0.12880539499036608,0.06098265895953757,5467.418496914921,0.15014450867052023,0.55,0.4913294797687861,0.0,0.0,0.15308285163776494,-1.0,-1.0,-1.0,0,0,0,0,0
./datasets/Organised/20260306-handFlying-2/241690821.jpg,6,2,0,0.025722543352601157,0.0068400770712909445,0.0036608863198458576,0.09354527938342967,0.09325626204238921,1.0030884172956906,0.11406551059730251,0.05211946050096339,1729.042649186408,0.005250481695568401,0.15,0.057803468208092484,0.0,0.0,0.0,-1.0,-1.0,-1.0,0,0,0,0,0
./datasets/Organised/20260306-handFlying-2/159791469.jpg,6,2,0,0.0004816955684007707,0.0004816955684007707,0.00028901734104046245,0.005009633911368015,0.006647398843930636,0.7535098343176779,0.007321772639691715,0.00394990366088632,580.5633911368016,0.0001926782273603083,0.05,0.017341040462427744,0.0,0.0,0.0,-1.0,-1.0,-1.0,0,0,0,0,0
./datasets/Organised/20260306-handFlying-2/210357739.jpg,8,2,2,0.006358381502890174,0.00674373795761079,0.0036608863198458576,0.09007707129094412,0.073121387283237,1.2318672110913687,0.10751445086705202,0.059633911368015415,1811.373206366178,0.0007707129094412332,0.1,0.017341040462427744,0.0,0.0,0.0,-1.0,-1.0,-1.0,0,0,0,0,0
./datasets/Organised/20260306-handFlying-2/83592075.jpg,7,2,1,0.7552986512524085,0.014932562620423893,0.0045279383429672445,0.1980732177263969,0.20684007707129096,0.9576106474156868,0.2502890173410405,0.10809248554913295,8448.974662358323,0.603082851637765,1.0,0.7456647398843931,0.0,0.0,0.7485549132947977,-1.0,-1.0,-1.0,0,0,1,0,0
./datasets/Organised/20260306-handFlying-2/243590815.jpg,6,2,0,0.008863198458574181,0.0025048169556840076,0.0022157996146435453,0.04441233140655106,0.04431599229287091,1.0021512992815511,0.05317919075144509,0.026204238921001925,1528.4872861605797,0.0024566473988439307,0.1,0.046242774566473986,0.0,0.0,0.0,-1.0,-1.0,-1.0,0,0,0,0,0
./datasets/Organised/20260306-handFlying-2/216791022.jpg,6,2,0,0.00838150289017341,0.005009633911368015,0.0024084778420038534,0.0571290944123314,0.05578034682080925,1.024161259423363,0.07052023121387284,0.03564547206165703,2298.136770022387,0.0027938342967244703,0.26666666666666666,0.023121387283236993,0.0,0.0,0.0,-1.0,-1.0,-1.0,0,0,0,0,0
./datasets/Organised/20260306-handFlying-2/258424025.jpg,8,2,2,0.20105973025048168,0.018111753371868978,0.004238921001926782,0.2407514450867052,0.20934489402697495,1.1500175162531898,0.27610789980732175,0.12052023121387283,2720.920609321691,0.10149325626204239,0.7666666666666667,0.2832369942196532,0.0,0.0,0.0,-1.0,-1.0,-1.0,0,0,0,0,1
./datasets/Organised/20260306-handFlying-2/58192282.jpg,7,2,1,0.6574181117533718,0.017533718689788053,0.0060693641618497106,0.20751445086705203,0.21541425818882468,0.9633228983489781,0.26377649325626207,0.11791907514450867,12698.82878085543,0.6159441233140656,0.8,0.9248554913294798,0.0,0.0,0.6503853564547206,-1.0,-1.0,-1.0,0,0,1,0,0
./datasets/Organised/20260306-handFlying-2/92058679.jpg,7,2,1,0.11772639691714837,0.017726396917148363,0.0052986512524084775,0.21791907514450867,0.21271676300578035,1.0244517057025793,0.26608863198458577,0.12196531791907514,7388.402056385296,0.07307321772639691,0.6,0.3699421965317919,0.0,0.0,0.025529865125240848,-1.0,-1.0,-1.0,0,0,0,0,1
./datasets/Organised/20260306-handFlying-2/93291999.jpg,7,2,1,0.18978805394990367,0.018015414258188825,0.005780346820809248,0.22302504816955684,0.21011560693641618,1.0614346548868787,0.2611753371868979,0.12157996146435453,7301.273937392571,0.15236030828516378,0.85,0.6416184971098265,0.0,0.0,0.0012524084778420038,-1.0,-1.0,-1.0,0,0,0,0,1
./datasets/Organised/20260306-handFlying-2/158025031.jpg,8,2,2,0.04672447013487476,0.005973025048169557,0.002119460500963391,0.07938342967244702,0.08901734104046242,0.8917648738967631,0.10934489402697495,0.045472061657032756,1753.1568163171357,0.01599229287090559,0.13333333333333333,0.24277456647398843,0.0,0.0,0.0068400770712909445,-1.0,-1.0,-1.0,0,0,0,0,0
./datasets/Organised/20260306-handFlying-2/122825100.jpg,7,2,1,0.11069364161849711,0.0068400770712909445,0.0016377649325626203,0.08766859344894026,0.09527938342967245,0.9201116776954352,0.11368015414258188,0.042967244701348745,2059.363712304305,0.05009633911368015,0.3333333333333333,0.2658959537572254,0.0,0.0,0.05674373795761079,-1.0,-1.0,-1.0,0,0,0,0,0
./datasets/Organised/20260306-handFlying-2/129491724.jpg,7,2,1,0.26377649325626207,0.020327552986512523,0.006165703275529865,0.26753371868978804,0.2703275529865125,0.9896613425927527,0.3302504816955684,0.13795761078998073,5314.053220946981,0.20067437379576109,1.0,0.43352601156069365,0.0,0.0,0.24576107899807323,-1.0,-1.0,-1.0,0,0,0,0,1
./datasets/Organised/20260306-handFlying-2/64992224.jpg,7,2,1,0.22235067437379577,0.017341040462427744,0.0052986512524084775,0.22716763005780347,0.2286127167630058,0.9936745409432216,0.2745664739884393,0.12090558766859345,12692.650890997584,0.06719653179190752,0.2833333333333333,0.5953757225433526,0.0,0.0,0.1295761078998073,-1.0,-1.0,-1.0,0,0,0,0,1
./datasets/Organised/20260306-handFlying-2/135258336.jpg,6,2,0,0.0,0.002119460500963391,0.0009633911368015414,0.032466281310211946,0.021290944123314066,1.524815259808159,0.03603082851637765,0.019267822736030827,685.0924400711313,0.0,0.0,0.0,0.0,0.0,0.0,-1.0,-1.0,-1.0,0,0,0,0,0
./datasets/Organised/20260306-handFlying-2/187091254.jpg,6,2,0,0.2794797687861272,0.010500963391136802,0.004431599229287091,0.15645472061657031,0.17061657032755298,0.9169906728609913,0.19691714836223506,0.0848747591522158,8850.614521552861,0.2241811175337187,0.7,0.4508670520231214,0.0,0.0,0.28073217726396915,-1.0,-1.0,-1.0,0,0,0,0,0
./datasets/Organised/20260306-handFlying-2/258690723.jpg,8,2,2,0.20780346820809248,0.017148362235067438,0.004238921001926782,0.2275529865125241,0.19373795761079,1.1745339673482937,0.2631984585741811,0.11213872832369942,2269.253573085933,0.07755298651252408,0.5666666666666667,0.27167630057803466,0.0,0.0,0.0,-1.0,-1.0,-1.0,0,0,0,0,1
./datasets/Organised/20260306-handFlying-2/254490722.jpg,7,2,1,0.020616570327552985,0.0027938342967244703,0.0017341040462427746,0.03497109826589596,0.0394990366088632,0.8853434393539014,0.04576107899807322,0.0197495183044316,491.276768899358,0.012475915221579962,0.15,0.17341040462427745,0.0,0.0,0.015703275529865127,-1.0,-1.0,-1.0,0,0,0,0,0
./datasets/Organised/20260306-handFlying-2/71025519.jpg,6,2,0,0.06897880539499036,0.008477842003853564,0.0030828516377649326,0.11117533718689789,0.10163776493256262,1.093828100534897,0.12870905587668593,0.05722543352601156,2399.177577034166,0.04879576107899807,0.7666666666666667,0.19653179190751446,0.0,0.0,0.0,-1.0,-1.0,-1.0,0,0,0,0,0
./datasets/Organised/20260306-handFlying-2/198357843.jpg,8,2,2,0.3265895953757225,0.017822736030828516,0.00510597302504817,0.22138728323699422,0.23815028901734103,0.9296077470354311,0.27842003853564545,0.11965317919075144,8248.592161411638,0.29797687861271677,0.6666666666666666,0.6069364161849711,0.0,0.0,0.2794797687861272,-1.0,-1.0,-1.0,0,0,0,0,0
./datasets/Organised/20260306-handFlying-2/267823949.jpg,8,2,2,0.14132947976878613,0.009344894026974951,0.0030828516377649326,0.1176300578034682,0.13574181117533718,0.8665656529797886,0.16040462427745664,0.07148362235067438,1657.4175764494487,0.05775529865125241,0.23333333333333334,0.4682080924855491,0.0,0.0,0.10857418111753372,-1.0,-1.0,-1.0,0,0,0,0,0
./datasets/Organised/20260306-handFlying-2/195624521.jpg,7,2,1,0.4775529865125241,0.020616570327552985,0.006165703275529865,0.23285163776493256,0.2945086705202312,0.7906417380238009,0.329383429672447,0.14653179190751445,13970.304654450718,0.4917630057803468,0.7,1.0,0.0,0.0,0.47215799614643544,-1.0,-1.0,-1.0,0,0,0,1,0
./datasets/Organised/20260306-handFlying-2/171058059.jpg,6,2,0,0.0,0.0001926782273603083,0.00028901734104046245,0.0032755298651252407,0.003371868978805395,0.971140558885679,0.004238921001926782,0.002023121387283237,40.335067400254665,0.0,0.0,0.0,0.0,0.0,0.0,-1.0,-1.0,-1.0,0,0,0,0,0
./datasets/Organised/20260306-handFlying-2/52325663.jpg,8,2,2,0.19537572254335261,0.014836223506743738,0.004816955684007707,0.2239884393063584,0.19951830443159924,1.1226404379489396,0.25741811175337187,0.10346820809248555,11322.607451746913,0.17379576107899808,0.6666666666666666,0.4682080924855491,0.0,0.0,0.16753371868978806,-1.0,-1.0,-1.0,0,0,0,0,0
./datasets/Organised/20260306-handFlying-2/57125621.jpg,8,2,2,0.14402697495183045,0.010500963391136802,0.004142581888246628,0.15173410404624277,0.14951830443159922,1.014812800414389,0.18371868978805395,0.08082851637764933,8581.49617103998,0.12475915221579961,0.6,0.3063583815028902,0.0,0.0,0.1260115606936416,-1.0,-1.0,-1.0,0,0,0,0,0
./datasets/Organised/20260306-handFlying-2/234857560.jpg,6,2,0,0.10134874759152215,0.0068400770712909445,0.0023121387283236996,0.09547206165703276,0.11849710982658959,0.8056842577214675,0.13371868978805396,0.058863198458574184,6142.198322103052,0.08993256262042389,0.31666666666666665,0.34104046242774566,0.0,0.0,0.08930635838150289,-1.0,-1.0,-1.0,0,0,0,0,0
./datasets/Organised/20260306-handFlying-2/182091298.jpg,6,2,0,0.21811175337186897,0.012042389210019268,0.004720616570327553,0.19104046242774567,0.1811175337186898,1.0547814103026387,0.22842003853564546,0.09489402697495183,6298.951813180081,0.08916184971098266,0.55,0.23121387283236994,0.0,0.0,0.015703275529865127,-1.0,-1.0,-1.0,0,0,0,0,0
./datasets/Organised/20260306-handFlying-2/183557969.jpg,8,2,2,0.27167630057803466,0.015221579961464355,0.0045279383429672445,0.2149325626204239,0.1955684007707129,1.0990091587610502,0.25289017341040465,0.10549132947976879,5495.2538666974815,0.18188824662813102,0.65,0.5317919075144508,0.0,0.0,0.2583815028901734,-1.0,-1.0,-1.0,0,0,0,0,0
./datasets/Organised/20260306-handFlying-2/79325453.jpg,7,2,1,0.0905587668593449,0.012620423892100193,0.002890173410404624,0.16579961464354528,0.15077071290944125,1.0996732175028767,0.19277456647398844,0.08564547206165703,2759.382271227089,0.03526011560693642,0.43333333333333335,0.19653179190751446,0.0,0.0,0.0,-1.0,-1.0,-1.0,0,0,0,0,0
./datasets/Organised/20260306-handFlying-2/93125386.jpg,7,2,1,0.17263969171483623,0.0151252408477842,0.005009633911368015,0.19527938342967244,0.17610789980732178,1.108855847962964,0.22408477842003854,0.102504816955684,5730.349994654015,0.13858381502890174,0.9166666666666666,0.49710982658959535,0.0,0.0,0.0,-1.0,-1.0,-1.0,0,0,0,0,1
./datasets/Organised/20260306-handFlying-2/200157819.jpg,6,2,0,0.13670520231213873,0.0060693641618497106,0.002697495183044316,0.06965317919075145,0.07996146435452794,0.8710734436839211,0.09354527938342967,0.04710982658959537,4513.057701105579,0.1279383429672447,0.5,0.35260115606936415,0.0,0.0,0.13458574181117533,-1.0,-1.0,-1.0,0,0,0,0,0
./datasets/Organised/20260306-handFlying-2/231657571.jpg,6,2,0,0.012716763005780347,0.0022157996146435453,0.002119460500963391,0.042485549132947976,0.04518304431599229,0.9402776970522486,0.05452793834296724,0.026107899807321772,673.0579176179921,0.0024566473988439307,0.06666666666666667,0.11560693641618497,0.0,0.0,0.008959537572254336,-1.0,-1.0,-1.0,0,0,0,0,0
./datasets/Organised/20260306-handFlying-2/263323985.jpg,8,2,2,0.0018304431599229288,0.001348747591522158,0.0011560693641618498,0.01763005780346821,0.01705202312138728,1.0338376766379465,0.0220616570327553,0.012235067437379576,302.63509671964397,0.000674373795761079,0.11666666666666667,0.023121387283236993,0.0,0.0,0.0,-1.0,-1.0,-1.0,0,0,0,0,0
./datasets/Organised/20260306-handFlying-2/189424615.jpg,6,2,0,0.1834296724470135,0.011849710982658959,0.004238921001926782,0.16840077071290943,0.16599229287090558,1.014503464569958,0.20558766859344893,0.08285163776493257,3224.0454469930687,0.07302504816955684,0.25,0.41040462427745666,0.0,0.0,0.13179190751445086,-1.0,-1.0,-1.0,0,0,0,0,0
./datasets/Organised/20260306-handFlying-2/58792276.jpg,6,2,0,0.5674373795761078,0.015510597302504817,0.0056840077071290945,0.1916184971098266,0.224373795761079,0.8540107923434845,0.2500963391136802,0.10317919075144509,9599.65754183976,0.5642581888246628,0.8166666666666667,0.9653179190751445,0.0,0.0,0.5524084778420039,-1.0,-1.0,-1.0,0,0,0,1,0
./datasets/Organised/20260306-handFlying-2/83892075.jpg,7,2,1,0.6064547206165704,0.015895953757225433,0.004046242774566474,0.23583815028901733,0.22177263969171485,1.063418315255381,0.29421965317919074,0.11791907514450867,8762.289098078416,0.6182080924855491,1.0,0.8439306358381503,0.0,0.0,0.6019267822736031,-1.0,-1.0,-1.0,0,0,1,0,0
./datasets/Organised/20260306-handFlying-2/268123968.jpg,8,2,2,0.07263969171483622,0.005491329479768786,0.002023121387283237,0.08930635838150289,0.0802504816955684,1.1128312710821202,0.10394990366088631,0.04527938342967245,993.0760597859378,0.030394990366088632,0.6666666666666666,0.17341040462427745,0.0,0.0,0.0,-1.0,-1.0,-1.0,0,0,0,0,0
./datasets/Organised/20260306-handFlying-2/213824396.jpg,7,2,1,0.24248554913294798,0.011368015414258189,0.00394990366088632,0.12003853564547207,0.15606936416184972,0.7691308743342743,0.1699421965317919,0.07273603082851637,3813.0613693147857,0.2271194605009634,0.5166666666666667,0.6820809248554913,0.0,0.0,0.23805394990366088,-1.0,-1.0,-1.0,0,0,0,1,0
./datasets/Organised/20260306-handFlying-2/89425375.jpg,7,2,1,0.2092485549132948,0.016377649325626204,0.0052986512524084775,0.20809248554913296,0.22996146435452794,0.9048976150660896,0.26059730250481694,0.1149325626204239,9137.98828905261,0.07644508670520231,0.4666666666666667,0.32947976878612717,0.0,0.0,0.12784200385356453,-1.0,-1.0,-1.0,0,0,0,0,0
./datasets/Organised/20260306-handFlying-2/265357314.jpg,8,2,2,0.0,0.002023121387283237,0.0019267822736030828,0.02254335260115607,0.026782273603082853,0.8416951913809836,0.0302504816955684,0.018304431599229287,473.25125240847785,0.0,0.0,0.0,0.0,0.0,0.0,-1.0,-1.0,-1.0,0,0,0,0,0
./datasets/Organised/20260306-handFlying-2/139658323.jpg,8,2,2,0.0,0.0009633911368015414,0.000674373795761079,0.018882466281310212,0.016666666666666666,1.132880004078368,0.022254335260115606,0.010886319845857417,616.2610875368001,0.0,0.0,0.0,0.0,0.0,0.0,-1.0,-1.0,-1.0,0,0,0,0,0
./datasets/Organised/20260306-handFlying-2/85092066.jpg,7,2,1,0.7561657032755299,0.013872832369942197,0.004142581888246628,0.2520231213872832,0.1964354527938343,1.2829753225679998,0.2926782273603083,0.11483622350674373,8436.448538763963,0.7831888246628131,1.0,0.9364161849710982,0.0,0.0,0.7548169556840078,-1.0,-1.0,-1.0,0,0,1,0,1
./datasets/Organised/20260306-handFlying-2/256324047.jpg,7,2,1,0.16859344894026976,0.0076107899807321775,0.002023121387283237,0.0733140655105973,0.08140655105973026,0.9005806532222715,0.09277456647398843,0.04152215799614643,1396.463505258742,0.1539980732177264,0.4166666666666667,0.7514450867052023,0.0,0.0,0.16685934489402698,-1.0,-1.0,-1.0,0,0,0,1,0
./datasets/Organised/20260306-handFlying-2/82992081.jpg,7,2,1,0.18747591522157997,0.018978805394990365,0.005394990366088632,0.21695568400770712,0.24653179190751445,0.8800276925801294,0.2889210019267823,0.12418111753371869,7020.768451436919,0.11315028901734105,0.3333333333333333,0.5606936416184971,0.0,0.0,0.12533718689788054,-1.0,-1.0,-1.0,0,0,0,0,0
./datasets/Organised/20260306-handFlying-2/220592409.jpg,8,2,2,0.07764932562620423,0.0045279383429672445,0.0018304431599229288,0.05539499036608863,0.06425818882466282,0.8620555500200761,0.07610789980732177,0.034296724470134876,1740.290712566036,0.03386319845857418,0.3333333333333333,0.14450867052023122,0.0,0.0,0.07697495183044316,-1.0,-1.0,-1.0,0,0,0,0,0
./datasets/Organised/20260306-handFlying-2/249024089.jpg,6,2,0,0.22784200385356454,0.01233140655105973,0.0038535645472061657,0.1621387283236994,0.17678227360308285,0.9171610244515347,0.20260115606936416,0.08815028901734104,8802.852298736638,0.1813583815028902,0.6666666666666666,0.5433526011560693,0.0,0.0,0.19585741811175336,-1.0,-1.0,-1.0,0,0,0,0,0
./datasets/Organised/20260306-handFlying-2/72092173.jpg,7,2,1,0.32379576107899805,0.011078998073217727,0.004431599229287091,0.1371868978805395,0.1315028901734104,1.043215510200003,0.16435452793834296,0.07360308285163776,4139.64993687839,0.28174373795761076,1.0,0.7630057803468208,0.0,0.0,0.3221579961464355,-1.0,-1.0,-1.0,0,0,0,1,0
./datasets/Organised/20260306-handFlying-2/175291349.jpg,7,2,1,0.102504816955684,0.003468208092485549,0.001445086705202312,0.07678227360308285,0.05279383429672447,1.4543520142811892,0.0871868978805395,0.03506743737957611,2216.7096700246134,0.03694605009633911,0.4,0.12138728323699421,0.0,0.0,0.09884393063583816,-1.0,-1.0,-1.0,0,0,0,0,0
./datasets/Organised/20260306-handFlying-2/61958918.jpg,8,2,2,0.03593448940269749,0.008477842003853564,0.0030828516377649326,0.09691714836223507,0.09884393063583816,0.9804969029650558,0.1197495183044316,0.05982658959537572,3908.387764923282,0.016811175337186898,0.18333333333333332,0.19653179190751446,0.0,0.0,0.02861271676300578,-1.0,-1.0,-1.0,0,0,0,0,0
./datasets/Organised/20260306-handFlying-2/168924750.jpg,8,2,2,0.0008670520231213873,0.0005780346820809249,0.0005780346820809249,0.007803468208092485,0.009441233140655106,0.8264430767435041,0.010500963391136802,0.0036608863198458576,138.12318200296255,0.00043352601156069364,0.06666666666666667,0.017341040462427744,0.0,0.0,0.0,-1.0,-1.0,-1.0,0,0,0,0,0
./datasets/Organised/20260306-handFlying-2/61492262.jpg,7,2,1,0.5157032755298652,0.014836223506743738,0.005491329479768786,0.22572254335260117,0.22408477842003854,1.0073041892444177,0.2750481695568401,0.11955684007707129,15095.348393522077,0.3152215799614644,0.6833333333333333,0.5433526011560693,0.0,0.0,0.511271676300578,-1.0,-1.0,-1.0,0,0,0,1,0
./datasets/Organised/20260306-handFlying-2/215524370.jpg,7,2,1,0.12369942196531791,0.008670520231213872,0.003179190751445087,0.11714836223506744,0.13208092485549133,0.8869371215118007,0.14701348747591522,0.058863198458574184,3033.504010704965,0.05544315992292871,0.31666666666666665,0.2774566473988439,0.0,0.0,0.0605009633911368,-1.0,-1.0,-1.0,0,0,0,0,0
./datasets/Organised/20260306-handFlying-2/232724235.jpg,7,2,1,0.07369942196531792,0.00674373795761079,0.002601156069364162,0.08978805394990366,0.10982658959537572,0.8175364157649161,0.1264932562620424,0.05250481695568401,1457.2223200370506,0.03709055876685934,0.2,0.4508670520231214,0.0,0.0,0.06502890173410404,-1.0,-1.0,-1.0,0,0,0,0,0
./datasets/Organised/20260306-handFlying-2/80792100.jpg,8,2,2,0.0,9.633911368015414e-05,0.0001926782273603083,0.0025048169556840076,0.0024084778420038534,1.0395683712122727,0.0029865125240847784,0.0011560693641618498,25.548328822658064,0.0,0.0,0.0,0.0,0.0,0.0,-1.0,-1.0,-1.0,0,0,0,0,0
./datasets/Organised/20260306-handFlying-2/152591533.jpg,6,2,0,0.0007707129094412332,0.0005780346820809249,0.0004816955684007707,0.007514450867052023,0.007803468208092485,0.9628395768542254,0.009248554913294798,0.004720616570327553,425.86664449382044,0.0003853564547206166,0.05,0.023121387283236993,0.0,0.0,0.0,-1.0,-1.0,-1.0,0,0,0,0,0
./datasets/Organised/20260306-handFlying-2/188257914.jpg,8,2,2,0.011560693641618497,0.0015414258188824663,0.0009633911368015414,0.019364161849710983,0.023506743737957612,0.8237354492870343,0.026493256262042388,0.012716763005780347,298.03587114504325,0.008863198458574181,0.13333333333333333,0.11560693641618497,0.0,0.0,0.012235067437379576,-1.0,-1.0,-1.0,0,0,0,0,0
./datasets/Organised/20260306-handFlying-2/97591993.jpg,8,2,2,0.18747591522157997,0.004816955684007707,0.0023121387283236996,0.06117533718689788,0.07360308285163776,0.8311405402633405,0.0827552986512524,0.03631984585741811,3003.4803839828337,0.16946050096339113,0.5333333333333333,0.6127167630057804,0.0,0.0,0.1813102119460501,-1.0,-1.0,-1.0,0,0,0,0,0
./datasets/Organised/20260306-handFlying-2/81558759.jpg,6,2,0,0.04123314065510597,0.012042389210019268,0.004720616570327553,0.15414258188824662,0.15414258188824662,0.9999935125420873,0.1868015414258189,0.08092485549132948,4438.007400069052,0.012764932562620424,0.35,0.09248554913294797,0.0,0.0,0.0,-1.0,-1.0,-1.0,0,0,0,0,0
./datasets/Organised/20260306-handFlying-2/155391513.jpg,8,2,2,0.13458574181117533,0.010308285163776493,0.0037572254335260114,0.12870905587668593,0.15289017341040462,0.8418344434520965,0.17976878612716762,0.07514450867052024,2960.483956883142,0.06830443159922929,0.23333333333333334,0.4508670520231214,0.0,0.0,0.11522157996146436,-1.0,-1.0,-1.0,0,0,0,0,0
./datasets/Organised/20260306-handFlying-2/193624534.jpg,6,2,0,0.1608863198458574,0.020520231213872833,0.005876685934489403,0.2564547206165703,0.2428709055876686,1.055925838750414,0.3081888246628131,0.14065510597302505,9506.150146309228,0.11286127167630058,0.6666666666666666,0.5260115606936416,0.0,0.0,0.11695568400770713,-1.0,-1.0,-1.0,0,0,0,0,0
./datasets/Organised/20260306-handFlying-2/68958876.jpg,7,2,1,0.2478805394990366,0.01763005780346821,0.0052986512524084775,0.21579961464354527,0.2058766859344894,1.04819331761973,0.26040462427745664,0.11454720616570327,9110.078362457816,0.17191714836223507,1.0,0.3988439306358382,0.0,0.0,0.20105973025048168,-1.0,-1.0,-1.0,0,0,0,0,1
./datasets/Organised/20260306-handFlying-2/86625390.jpg,8,2,2,0.26242774566473986,0.011464354527938344,0.0029865125240847784,0.13766859344894028,0.15934489402697496,0.8639607207301806,0.17485549132947978,0.07591522157996146,7537.258650018006,0.2344894026974952,0.7666666666666667,0.5606936416184971,0.0,0.0,0.2549132947976879,-1.0,-1.0,-1.0,0,0,0,0,0
./datasets/Organised/20260306-handFlying-2/228157602.jpg,6,2,0,0.36570327552986515,0.01676300578034682,0.004335260115606936,0.18015414258188825,0.2298651252408478,0.783735064891042,0.25847784200385354,0.10761078998073217,6044.876461430942,0.34860308285163777,0.5666666666666667,1.0,0.0,0.0,0.34576107899807323,-1.0,-1.0,-1.0,0,0,0,1,0
./datasets/Organised/20260306-handFlying-2/246457577.jpg,6,2,0,0.13410404624277455,0.020134874759152217,0.006358381502890174,0.25096339113680155,0.25134874759152215,0.9984628731143648,0.3079961464354528,0.1441233140655106,10675.443409253752,0.0708092485549133,0.45,0.3063583815028902,0.0,0.0,0.09258188824662814,-1.0,-1.0,-1.0,0,0,0,0,0
./datasets/Organised/20260306-handFlying-2/76658807.jpg,7,2,1,0.13371868978805396,0.014354527938342966,0.0036608863198458576,0.17947976878612718,0.18294797687861272,0.9810372916445038,0.21772639691714837,0.09113680154142582,2643.115907750194,0.048747591522158,0.85,0.2774566473988439,0.0,0.0,0.0023121387283236996,-1.0,-1.0,-1.0,0,0,0,0,1
./datasets/Organised/20260306-handFlying-2/88492045.jpg,8,2,2,0.03005780346820809,0.0076107899807321775,0.0030828516377649326,0.10770712909441234,0.10414258188824663,1.0342176362820865,0.13015414258188826,0.05770712909441233,2531.260501297515,0.014884393063583815,0.2833333333333333,0.12716763005780346,0.0,0.0,0.02398843930635838,-1.0,-1.0,-1.0,0,0,0,0,0
./datasets/Organised/20260306-handFlying-2/183557969.jpg,6,2,0,0.19595375722543354,0.013391136801541427,0.004624277456647399,0.19017341040462427,0.17842003853564548,1.0658687560919609,0.2279383429672447,0.09720616570327553,4989.3506740396715,0.10568400770712909,0.4,0.5722543352601156,0.0,0.0,0.11888246628131022,-1.0,-1.0,-1.0,0,0,0,0,0
./datasets/Organised/20260306-handFlying-2/192757884.jpg,8,2,2,0.2329479768786127,0.009248554913294798,0.003179190751445087,0.1092485549132948,0.13102119460500963,0.8338171654248697,0.14585741811175337,0.06165703275529865,3030.994859046038,0.2239402697495183,0.65,0.5491329479768786,0.0,0.0,0.22138728323699422,-1.0,-1.0,-1.0,0,0,0,0,0
./datasets/Organised/20260306-handFlying-2/114758500.jpg,7,2,1,0.6885356454720617,0.010500963391136802,0.0045279383429672445,0.15510597302504817,0.16897880539499036,0.9178965064049394,0.1951830443159923,0.08680154142581888,6961.04359261363,0.6804431599229287,1.0,0.8439306358381503,0.0,0.0,0.6875722543352601,-1.0,-1.0,-1.0,0,0,1,0,0
./datasets/Organised/20260306-handFlying-2/89892031.jpg,8,2,2,0.20423892100192678,0.021483622350674372,0.0056840077071290945,0.29152215799614645,0.26011560693641617,1.1207364321317907,0.33497109826589594,0.14026974951830443,5186.136205315543,0.14104046242774568,0.8166666666666667,0.5086705202312138,0.0,0.0,0.024084778420038536,-1.0,-1.0,-1.0,0,0,0,0,1
./datasets/Organised/20260306-handFlying-2/201191140.jpg,6,2,0,0.15067437379576107,0.020520231213872833,0.0056840077071290945,0.2501926782273603,0.247495183044316,1.0108950980571747,0.2976878612716763,0.1302504816955684,10196.108718374226,0.07167630057803469,0.45,0.41040462427745666,0.0,0.0,0.08940269749518305,-1.0,-1.0,-1.0,0,0,0,0,0
./datasets/Organised/20260306-handFlying-2/263457318.jpg,8,2,2,0.0,0.0007707129094412332,0.000674373795761079,0.0064547206165703275,0.007803468208092485,0.8270545083235012,0.008959537572254336,0.00510597302504817,132.5081830238973,0.0,0.0,0.0,0.0,0.0,0.0,-1.0,-1.0,-1.0,0,0,0,0,0
./datasets/Organised/20260306-handFlying-2/127491732.jpg,8,2,2,0.07235067437379576,0.006936416184971098,0.002119460500963391,0.09990366088631984,0.10009633911368016,0.998065101139798,0.11936416184971098,0.04682080924855491,1248.000840544845,0.026734104046242775,0.5666666666666667,0.1329479768786127,0.0,0.0,0.0,-1.0,-1.0,-1.0,0,0,0,0,0
./datasets/Organised/20260306-handFlying-2/79458784.jpg,7,2,1,0.10096339113680154,0.009730250481695568,0.0030828516377649326,0.14942196531791907,0.13314065510597303,1.1222781119777117,0.17148362235067438,0.06917148362235068,2160.7058227712987,0.0331888246628131,0.4166666666666667,0.1676300578034682,0.0,0.0,0.0,-1.0,-1.0,-1.0,0,0,0,0,1
./datasets/Organised/20260306-handFlying-2/285090487.jpg,8,2,2,0.07013487475915221,0.004142581888246628,0.002023121387283237,0.051830443159922926,0.0789980732177264,0.6560892558457614,0.08439306358381503,0.0338150289017341,1224.5985102798847,0.04788053949903661,0.21666666666666667,0.2832369942196532,0.0,0.0,0.060308285163776496,-1.0,-1.0,-1.0,0,0,0,0,0
./datasets/Organised/20260306-handFlying-2/76025472.jpg,7,2,1,0.1708092485549133,0.019171483622350674,0.004624277456647399,0.24441233140655105,0.24055876685934488,1.0160149995051282,0.2911368015414258,0.11936416184971098,4088.7457846904335,0.08569364161849712,0.6833333333333333,0.30057803468208094,0.0,0.0,0.002601156069364162,-1.0,-1.0,-1.0,0,0,0,0,1
./datasets/Organised/20260306-handFlying-2/268390613.jpg,8,2,2,0.058959537572254334,0.007032755298651252,0.002601156069364162,0.1001926782273603,0.09595375722543352,1.0441658248581707,0.12061657032755299,0.0523121387283237,1176.7304573045099,0.03338150289017341,0.5333333333333333,0.2543352601156069,0.0,0.0,0.005587668593448941,-1.0,-1.0,-1.0,0,0,0,0,0
./datasets/Organised/20260306-handFlying-2/198357843.jpg,7,2,1,0.31396917148362236,0.010886319845857417,0.0035645472061657034,0.1453757225433526,0.16358381502890174,0.8886871468948264,0.18834296724470134,0.08285163776493257,7008.661493785292,0.20553949903660887,0.65,0.4508670520231214,0.0,0.0,0.3092485549132948,-1.0,-1.0,-1.0,0,0,0,1,0
./datasets/Organised/20260306-handFlying-2/68358874.jpg,6,2,0,0.025626204238921,0.007418111753371869,0.0035645472061657034,0.08246628131021194,0.08121387283236994,1.0154086121691643,0.10192678227360308,0.05626204238921002,5447.597319062522,0.011946050096339113,0.13333333333333333,0.19653179190751446,0.0,0.0,0.01955684007707129,-1.0,-1.0,-1.0,0,0,0,0,0
./datasets/Organised/20260306-handFlying-2/178491328.jpg,7,2,1,0.22832369942196531,0.009248554913294798,0.0045279383429672445,0.1304431599229287,0.15635838150289016,0.834252212237854,0.17495183044315993,0.07813102119460501,7113.427617992213,0.20366088631984586,0.38333333333333336,0.9479768786127167,0.0,0.0,0.22408477842003854,-1.0,-1.0,-1.0,0,0,0,1,0
./datasets/Organised/20260306-handFlying-2/204157797.jpg,6,2,0,0.23304431599229286,0.01599229287090559,0.00394990366088632,0.2016377649325626,0.2046242774566474,0.9854000807660835,0.24161849710982658,0.09922928709055877,5918.662811951248,0.11681117533718689,0.43333333333333335,0.42196531791907516,0.0,0.0,0.13333333333333333,-1.0,-1.0,-1.0,0,0,0,0,0
./datasets/Organised/20260306-handFlying-2/115058496.jpg,6,2,0,0.010308285163776493,0.0037572254335260114,0.0018304431599229288,0.04441233140655106,0.04007707129094412,1.1081454265636355,0.05096339113680154,0.020712909441233142,1113.7989268955046,0.0060693641618497106,0.21666666666666667,0.06358381502890173,0.0,0.0,0.007707129094412331,-1.0,-1.0,-1.0,0,0,0,0,0
./datasets/Organised/20260306-handFlying-2/221157658.jpg,8,2,2,0.26165703275529867,0.009152215799614644,0.0029865125240847784,0.11001926782273604,0.12967244701348749,0.8484332787983403,0.14701348747591522,0.06194605009633911,3349.6810061218966,0.16180154142581887,0.5333333333333333,0.5260115606936416,0.0,0.0,0.258766859344894,-1.0,-1.0,-1.0,0,0,0,0,0
./datasets/Organised/20260306-handFlying-2/277457210.jpg,7,2,1,0.41184971098265893,0.01021194605009634,0.0036608863198458576,0.11551059730250482,0.14922928709055877,0.7740425858217942,0.16233140655105974,0.06984585741811175,3947.1847154840534,0.3950385356454721,0.6333333333333333,1.0,0.0,0.0,0.3963391136801541,-1.0,-1.0,-1.0,0,0,0,1,0
./datasets/Organised/20260306-handFlying-2/223790966.jpg,8,2,2,0.14971098265895955,0.010500963391136802,0.003179190751445087,0.14527938342967245,0.15163776493256262,0.9580622968953991,0.17928709055876685,0.07495183044315992,4940.644714676586,0.11546242774566474,0.38333333333333336,0.5260115606936416,0.0,0.0,0.12658959537572254,-1.0,-1.0,-1.0,0,0,0,0,0
./datasets/Organised/20260306-handFlying-2/57425618.jpg,8,2,2,0.13468208092485548,0.011078998073217727,0.004816955684007707,0.13689788053949903,0.13747591522157995,0.9957881315481392,0.16772639691714836,0.08468208092485549,8554.308610786271,0.10626204238921001,0.55,0.2947976878612717,0.0,0.0,0.12870905587668593,-1.0,-1.0,-1.0,0,0,0,0,0
./datasets/Organised/20260306-handFlying-2/130091730.jpg,7,2,1,0.48959537572254336,0.030732177263969172,0.007321772639691715,0.4098265895953757,0.3905587668593449,1.0493313043761867,0.4857418111753372,0.20115606936416186,8461.377040430873,0.45202312138728323,1.0,0.9132947976878613,0.0,0.0,0.45664739884393063,-1.0,-1.0,-1.0,0,0,0,1,0
./datasets/Organised/20260306-handFlying-2/226690948.jpg,8,2,2,0.03978805394990366,0.0072254335260115606,0.00394990366088632,0.10346820809248555,0.09710982658959537,1.0654652187212597,0.12302504816955684,0.059152215799614646,4978.649853171023,0.014402697495183045,0.3333333333333333,0.07514450867052024,0.0,0.0,0.0,-1.0,-1.0,-1.0,0,0,0,0,0
./datasets/Organised/20260306-handFlying-2/86625390.jpg,6,2,0,0.25558766859344895,0.010886319845857417,0.00394990366088632,0.14942196531791907,0.16618497109826588,0.8991250243955055,0.1882466281310212,0.07620423892100192,6622.79985791373,0.23516377649325626,0.6333333333333333,0.7687861271676301,0.0,0.0,0.2549132947976879,-1.0,-1.0,-1.0,0,0,0,0,0
./datasets/Organised/20260306-handFlying-2/75425480.jpg,7,2,1,0.13034682080924856,0.0174373795761079,0.0038535645472061657,0.20096339113680153,0.1994219653179191,1.007724415372255,0.24065510597302506,0.10105973025048169,3771.2712891899723,0.08116570327552987,0.7333333333333333,0.3352601156069364,0.0,0.0,0.0,-1.0,-1.0,-1.0,0,0,0,0,0
./datasets/Organised/20260306-handFlying-2/185757934.jpg,8,2,2,0.11859344894026976,0.007129094412331407,0.0024084778420038534,0.10578034682080925,0.09605009633911368,1.1012924459221778,0.12312138728323699,0.05019267822736031,1538.850026952677,0.08511560693641619,0.6166666666666667,0.2774566473988439,0.0,0.0,0.0918111753371869,-1.0,-1.0,-1.0,0,0,0,0,0
./datasets/Organised/20260306-handFlying-2/57258958.jpg,7,2,1,0.6723506743737958,0.012716763005780347,0.006358381502890174,0.19190751445086704,0.2115606936416185,0.9070995374803282,0.2502890173410405,0.11541425818882466,11849.495886227034,0.660597302504817,0.8166666666666667,0.9595375722543352,0.0,0.0,0.6660886319845858,-1.0,-1.0,-1.0,0,0,0,1,0
./datasets/Organised/20260306-handFlying-2/133525022.jpg,6,2,0,0.0004816955684007707,0.0017341040462427746,0.000674373795761079,0.025144508670520233,0.014836223506743738,1.6946909682321414,0.027938342967244702,0.017726396917148363,480.9161849339734,0.0001926782273603083,0.05,0.017341040462427744,0.0,0.0,0.0,-1.0,-1.0,-1.0,0,0,0,0,0
./datasets/Organised/20260306-handFlying-2/70525518.jpg,7,2,1,0.2998073217726397,0.014161849710982659,0.0052986512524084775,0.20202312138728323,0.18603082851637764,1.0859599832912343,0.23516377649325626,0.10192678227360308,7533.8379113531655,0.2653179190751445,1.0,0.861271676300578,0.0,0.0,0.29402697495183044,-1.0,-1.0,-1.0,0,0,0,0,1
./datasets/Organised/20260306-handFlying-2/106691897.jpg,6,2,0,0.4083815028901734,0.01300578034682081,0.004816955684007707,0.17447013487475915,0.20394990366088633,0.8554516393065583,0.22764932562620424,0.09123314065510597,5502.400052151203,0.3607418111753372,1.0,0.7803468208092486,0.0,0.0,0.0,-1.0,-1.0,-1.0,0,0,0,0,1
./datasets/Organised/20260306-handFlying-2/145158266.jpg,6,2,0,0.0,0.0005780346820809249,0.00028901734104046245,0.004335260115606936,0.004816955684007707,0.8998131987799333,0.005780346820809248,0.00394990366088632,245.5008602860103,0.0,0.0,0.0,0.0,0.0,0.0,-1.0,-1.0,-1.0,0,0,0,0,0
./datasets/Organised/20260306-handFlying-2/267557287.jpg,8,2,2,0.10163776493256262,0.007418111753371869,0.0022157996146435453,0.10809248554913295,0.10529865125240848,1.0265227307356404,0.13352601156069363,0.05751445086705202,1138.4405319998068,0.022591522157996147,0.4166666666666667,0.13872832369942195,0.0,0.0,0.07302504816955684,-1.0,-1.0,-1.0,0,0,0,0,1
./datasets/Organised/20260306-handFlying-2/146824912.jpg,8,2,2,0.0019267822736030828,0.0016377649325626203,0.0010597302504816955,0.02138728323699422,0.021965317919075144,0.9736398842894783,0.025915221579961463,0.01233140655105973,268.86760128600656,0.0004816955684007707,0.03333333333333333,0.057803468208092484,0.0,0.0,0.002119460500963391,-1.0,-1.0,-1.0,0,0,0,0,0
./datasets/Organised/20260306-handFlying-2/125491744.jpg,8,2,2,0.007996146435452794,0.0017341040462427746,0.0010597302504816955,0.026204238921001925,0.02418111753371869,1.083620525971874,0.032177263969171484,0.0151252408477842,518.0499635804738,0.002697495183044316,0.13333333333333333,0.046242774566473986,0.0,0.0,0.005202312138728324,-1.0,-1.0,-1.0,0,0,0,0,0
./datasets/Organised/20260306-handFlying-2/116858494.jpg,6,2,0,0.1508670520231214,0.008092485549132947,0.0038535645472061657,0.11734104046242774,0.12678227360308286,0.9255246147830535,0.14653179190751445,0.06358381502890173,5151.584353748316,0.13477842003853566,0.5333333333333333,0.5144508670520231,0.0,0.0,0.14730250481695567,-1.0,-1.0,-1.0,0,0,0,0,0
./datasets/Organised/20260306-handFlying-2/280423849.jpg,6,2,0,0.1496146435452794,0.0068400770712909445,0.0032755298651252407,0.10038535645472062,0.10973025048169557,0.914829239747578,0.12485549132947976,0.05308285163776493,5875.798882317782,0.13159922928709056,0.4166666666666667,0.5780346820809249,0.0,0.0,0.14460500963391137,-1.0,-1.0,-1.0,0,0,0,0,0
./datasets/Organised/20260306-handFlying-2/167724748.jpg,7,2,1,0.025433526011560695,0.0015414258188824663,0.000674373795761079,0.023603082851637765,0.04123314065510597,0.5724160241160506,0.04672447013487476,0.018111753371868978,415.16333042831,0.016184971098265895,0.06666666666666667,0.3872832369942196,0.0,0.0,0.025048169556840076,-1.0,-1.0,-1.0,0,0,0,0,0
./datasets/Organised/20260306-handFlying-2/66625546.jpg,7,2,1,0.02842003853564547,0.008959537572254336,0.004816955684007707,0.13689788053949903,0.13786127167630058,0.9930046768773263,0.1655105973025048,0.07418111753371869,4659.660192306978,0.007032755298651252,0.35,0.046242774566473986,0.0,0.0,0.0,-1.0,-1.0,-1.0,0,0,0,0,0
./datasets/Organised/20260306-handFlying-2/221024322.jpg,8,2,2,0.24055876685934488,0.008477842003853564,0.003468208092485549,0.10134874759152215,0.1149325626204239,0.8818028892590188,0.1304431599229287,0.05838150289017341,2872.761302267218,0.15289017341040462,0.5166666666666667,0.5086705202312138,0.0,0.0,0.24065510597302506,-1.0,-1.0,-1.0,0,0,0,0,0
./datasets/Organised/20260306-handFlying-2/243024164.jpg,7,2,1,0.07032755298651253,0.0128131021194605,0.004142581888246628,0.1585741811175337,0.1521194605009634,1.0424250662620722,0.1951830443159923,0.08227360308285164,2401.968970452293,0.0394990366088632,0.6,0.3352601156069364,0.0,0.0,0.0,-1.0,-1.0,-1.0,0,0,0,0,0
./datasets/Organised/20260306-handFlying-2/42059084.jpg,7,2,1,0.3789980732177264,0.015221579961464355,0.004720616570327553,0.2229287090558767,0.1989402697495183,1.1205754810782114,0.2565510597302505,0.10857418111753372,7558.9175275838015,0.36064547206165704,1.0,0.5838150289017341,0.0,0.0,0.0,-1.0,-1.0,-1.0,0,0,0,0,0
./datasets/Organised/20260306-handFlying-2/133825047.jpg,8,2,2,0.05905587668593449,0.009922928709055878,0.004046242774566474,0.12658959537572254,0.10876685934489402,1.1638511242031273,0.14450867052023122,0.06811175337186898,2016.7466229706602,0.0436897880539499,0.8,0.14450867052023122,0.0,0.0,0.0005780346820809249,-1.0,-1.0,-1.0,0,0,0,0,0
./datasets/Organised/20260306-handFlying-2/93992000.jpg,8,2,2,0.013872832369942197,0.007129094412331407,0.003179190751445087,0.08362235067437379,0.08391136801541425,0.9965438069750673,0.10221579961464354,0.05163776493256262,2144.1730665909317,0.0032273603082851638,0.11666666666666667,0.08670520231213873,0.0,0.0,0.0,-1.0,-1.0,-1.0,0,0,0,0,0
./datasets/Organised/20260306-handFlying-2/205957796.jpg,8,2,2,0.3895953757225434,0.018111753371868978,0.004624277456647399,0.24470134874759153,0.2859344894026975,0.8557921552821525,0.3201348747591522,0.12658959537572254,7587.402485512008,0.24778420038535645,1.0,0.3583815028901734,0.0,0.0,0.12678227360308286,-1.0,-1.0,-1.0,0,0,0,0,0
./datasets/Organised/20260306-handFlying-2/175591351.jpg,8,2,2,0.23179190751445086,0.013969171483622351,0.00510597302504817,0.1893063583815029,0.21608863198458575,0.8760547956091046,0.2476878612716763,0.10578034682080925,7981.687855062538,0.17447013487475915,0.45,0.5664739884393064,0.0,0.0,0.20520231213872833,-1.0,-1.0,-1.0,0,0,0,0,0
./datasets/Organised/20260306-handFlying-2/178657993.jpg,8,2,2,0.055973025048169554,0.00789980732177264,0.003179190751445087,0.10192678227360308,0.09759152215799614,1.0444118055335228,0.12389210019267823,0.05,2037.42542290829,0.0144990366088632,0.26666666666666666,0.09826589595375723,0.0,0.0,0.017726396917148363,-1.0,-1.0,-1.0,0,0,0,0,0
./datasets/Organised/20260306-handFlying-2/189824570.jpg,6,2,0,0.147495183044316,0.011271676300578034,0.0036608863198458576,0.146242774566474,0.1466281310211946,0.9973650771028252,0.17957610789980732,0.07524084778420038,2513.534540068904,0.05438342967244701,0.18333333333333332,0.45664739884393063,0.0,0.0,0.09450867052023121,-1.0,-1.0,-1.0,0,0,0,0,0
./datasets/Organised/20260306-handFlying-2/224824304.jpg,7,2,1,0.16926782273603083,0.013680154142581889,0.005491329479768786,0.19547206165703276,0.21734104046242775,0.8993752945409764,0.2588631984585742,0.12003853564547207,7595.977361830406,0.07861271676300578,0.2833333333333333,0.7630057803468208,0.0,0.0,0.09296724470134875,-1.0,-1.0,-1.0,0,0,0,0,0
./datasets/Organised/20260306-handFlying-2/240224172.jpg,8,2,2,0.1126204238921002,0.012235067437379576,0.0030828516377649326,0.15,0.14142581888246628,1.0606192035236155,0.17408477842003853,0.073121387283237,1806.742630326959,0.06791907514450866,0.75,0.2832369942196532,0.0,0.0,0.0,-1.0,-1.0,-1.0,0,0,0,0,1
./datasets/Organised/20260306-handFlying-2/244324135.jpg,8,2,2,0.29383429672447015,0.014258188824662813,0.0045279383429672445,0.2117533718689788,0.24922928709055878,0.849629370254015,0.2809248554913295,0.1149325626204239,8761.21265814279,0.17683044315992294,0.48333333333333334,0.7745664739884393,0.0,0.0,0.26213872832369944,-1.0,-1.0,-1.0,0,0,0,1,0
./datasets/Organised/20260306-handFlying-2/153391549.jpg,6,2,0,0.0004816955684007707,0.0025048169556840076,0.0009633911368015414,0.023410404624277455,0.02283236994219653,1.0252715513978754,0.029190751445086704,0.01628131021194605,969.6427650624997,0.0001926782273603083,0.05,0.017341040462427744,0.0,0.0,0.0,-1.0,-1.0,-1.0,0,0,0,0,0
./datasets/Organised/20260306-handFlying-2/120025153.jpg,7,2,1,0.4905587668593449,0.031695568400770716,0.006936416184971098,0.38208092485549133,0.37764932562620424,1.0117320148524709,0.463776493256262,0.1978805394990366,9310.833195748457,0.37302504816955684,1.0,0.7630057803468208,0.0,0.0,0.4272639691714836,-1.0,-1.0,-1.0,0,0,0,1,0
./datasets/Organised/20260306-handFlying-2/155824848.jpg,6,2,0,0.0,0.001348747591522158,0.0003853564547206166,0.013294797687861272,0.012427745664739885,1.0696813698246606,0.016184971098265895,0.008188824662813102,306.9653179190751,0.0,0.0,0.0,0.0,0.0,0.0,-1.0,-1.0,-1.0,0,0,0,0,0
./datasets/Organised/20260306-handFlying-2/62258946.jpg,8,2,2,0.011946050096339113,0.008285163776493257,0.004046242774566474,0.10038535645472062,0.098747591522158,1.0165750711714745,0.12186897880539499,0.0571290944123314,3429.8778226525,0.0015895953757225434,0.11666666666666667,0.03468208092485549,0.0,0.0,0.0,-1.0,-1.0,-1.0,0,0,0,0,0
./datasets/Organised/20260306-handFlying-2/185624628.jpg,8,2,2,0.12880539499036608,0.0060693641618497106,0.003371868978805395,0.11502890173410404,0.10510597302504816,1.0943983869337706,0.1352601156069364,0.053371868978805394,1636.2070525799948,0.10284200385356455,0.65,0.3063583815028902,0.0,0.0,0.11040462427745665,-1.0,-1.0,-1.0,0,0,0,0,0
./datasets/Organised/20260306-handFlying-2/265057313.jpg,6,2,0,0.004142581888246628,0.003468208092485549,0.0024084778420038534,0.05077071290944123,0.04431599229287091,1.1456263226060246,0.05876685934489403,0.02813102119460501,867.4732100322615,0.0010597302504816955,0.1,0.023121387283236993,0.0,0.0,0.0,-1.0,-1.0,-1.0,0,0,0,0,0
./datasets/Organised/20260306-handFlying-2/196491193.jpg,7,2,1,0.4010597302504817,0.013198458574181117,0.004720616570327553,0.17601156069364163,0.2229287090558767,0.7895383770923274,0.25366088631984585,0.11136801541425818,9791.670598601875,0.410645472061657,0.6666666666666666,0.7630057803468208,0.0,0.0,0.3917148362235067,-1.0,-1.0,-1.0,0,0,0,1,0
./datasets/Organised/20260306-handFlying-2/211791055.jpg,6,2,0,0.0,0.0,0.0,0.0,0.0,0.0,0.0,0.0,0.0,0.0,0.0,0.0,0.0,0.0,0.0,-1.0,-1.0,-1.0,0,0,0,0,0
./datasets/Organised/20260306-handFlying-2/275990556.jpg,7,2,1,0.13728323699421965,0.007032755298651252,0.0032755298651252407,0.08747591522157996,0.12389210019267823,0.7060596198298182,0.13140655105973026,0.05655105973025048,1860.790890626334,0.12350674373795761,0.4166666666666667,0.6416184971098265,0.0,0.0,0.0,-1.0,-1.0,-1.0,0,0,0,0,0
./datasets/Organised/20260306-handFlying-2/266857292.jpg,7,2,1,0.008670520231213872,0.0035645472061657034,0.0027938342967244703,0.05982658959537572,0.06127167630057803,0.9763991587684465,0.07244701348747591,0.0315028901734104,745.0365124405536,0.0015414258188824663,0.1,0.04046242774566474,0.0,0.0,0.0,-1.0,-1.0,-1.0,0,0,0,0,0
./datasets/Organised/20260306-handFlying-2/271690622.jpg,7,2,1,0.10703275529865125,0.005973025048169557,0.0027938342967244703,0.06897880539499036,0.08092485549132948,0.8523704195179111,0.09277456647398843,0.040655105973025046,958.8150736372379,0.09494219653179191,0.2833333333333333,0.5838150289017341,0.0,0.0,0.0,-1.0,-1.0,-1.0,0,0,0,0,0
./datasets/Organised/20260306-handFlying-2/90958703.jpg,8,2,2,0.12610789980732176,0.012620423892100193,0.0035645472061657034,0.173121387283237,0.17369942196531793,0.9966664750981633,0.2096339113680154,0.09017341040462427,3307.4585679070096,0.09060693641618497,1.0,0.26011560693641617,0.0,0.0,0.0,-1.0,-1.0,-1.0,0,0,0,0,0
./datasets/Organised/20260306-handFlying-2/129091721.jpg,8,2,2,0.1302504816955684,0.007129094412331407,0.0023121387283236996,0.11078998073217726,0.11657032755298652,0.9504050700788202,0.13776493256262043,0.057418111753371866,1491.5432960228095,0.053901734104046244,0.5833333333333334,0.3352601156069364,0.0,0.0,0.06705202312138728,-1.0,-1.0,-1.0,0,0,0,0,1
./datasets/Organised/20260306-handFlying-2/102891928.jpg,8,2,2,0.07254335260115607,0.0052986512524084775,0.0016377649325626203,0.06849710982658959,0.0708092485549133,0.96733327766065,0.08641618497109826,0.03497109826589596,1315.1136113245793,0.03516377649325626,0.25,0.23699421965317918,0.0,0.0,0.049903660886319846,-1.0,-1.0,-1.0,0,0,0,0,0
./datasets/Organised/20260306-handFlying-2/61358931.jpg,7,2,1,0.516859344894027,0.01579961464354528,0.005202312138728324,0.20684007707129096,0.20867052023121388,0.9912233199916614,0.25597302504816954,0.11021194605009633,13480.190616783799,0.33709055876685934,0.6833333333333333,0.5722543352601156,0.0,0.0,0.5048169556840078,-1.0,-1.0,-1.0,0,0,0,1,0
./datasets/Organised/20260306-handFlying-2/123591759.jpg,6,2,0,0.0,0.0,0.0,0.001348747591522158,0.0010597302504816955,1.2715274132227954,0.0015414258188824663,0.0004816955684007707,25.66034373016139,0.0,0.0,0.0,0.0,0.0,0.0,-1.0,-1.0,-1.0,0,0,0,0,0
./datasets/Organised/20260306-handFlying-2/109591885.jpg,7,2,1,0.09605009633911368,0.005780346820809248,0.0022157996146435453,0.07225433526011561,0.07996146435452794,0.903603157348466,0.09190751445086705,0.03930635838150289,2020.3247947085881,0.075,0.43333333333333335,0.2832369942196532,0.0,0.0,0.09017341040462427,-1.0,-1.0,-1.0,0,0,0,0,0
./datasets/Organised/20260306-handFlying-2/191257894.jpg,7,2,1,0.25289017341040465,0.017341040462427744,0.005009633911368015,0.22572254335260117,0.2365125240847784,0.9543747835396118,0.2833333333333333,0.11917148362235068,5525.187203455585,0.08945086705202313,0.38333333333333336,0.47398843930635837,0.0,0.0,0.19980732177263968,-1.0,-1.0,-1.0,0,0,0,0,0
./datasets/Organised/20260306-handFlying-2/154991513.jpg,6,2,0,0.0,0.0005780346820809249,0.0005780346820809249,0.008188824662813102,0.00674373795761079,1.2141056797577732,0.009344894026974951,0.0045279383429672445,652.7422274939578,0.0,0.0,0.0,0.0,0.0,0.0,-1.0,-1.0,-1.0,0,0,0,0,0
./datasets/Organised/20260306-handFlying-2/85858725.jpg,6,2,0,0.44961464354527936,0.013969171483622351,0.0052986512524084775,0.16310211946050096,0.18458574181117535,0.8836069040502796,0.20809248554913296,0.0907514450867052,8337.456348274249,0.4488921001926782,0.7,1.0,0.0,0.0,0.43940269749518307,-1.0,-1.0,-1.0,0,0,0,1,0
./datasets/Organised/20260306-handFlying-2/42959076.jpg,8,2,2,0.009152215799614644,0.0045279383429672445,0.0018304431599229288,0.05838150289017341,0.055202312138728324,1.0575724649176512,0.07042389210019268,0.031021194605009635,865.156079192979,0.0016377649325626203,0.11666666666666667,0.03468208092485549,0.0,0.0,0.0,-1.0,-1.0,-1.0,0,0,0,0,0
./datasets/Organised/20260306-handFlying-2/113991838.jpg,6,2,0,0.1916184971098266,0.008766859344894027,0.0030828516377649326,0.128131021194605,0.12379576107899808,1.035011094618551,0.14759152215799615,0.06329479768786127,3299.910763770554,0.12567437379576107,0.5833333333333334,0.3930635838150289,0.0,0.0,0.18863198458574182,-1.0,-1.0,-1.0,0,0,0,0,0
./datasets/Organised/20260306-handFlying-2/272390595.jpg,8,2,2,0.02418111753371869,0.0023121387283236996,0.0009633911368015414,0.030732177263969172,0.02928709055876686,1.0493062769764636,0.0394990366088632,0.02138728323699422,496.7897752087348,0.018834296724470134,0.45,0.057803468208092484,0.0,0.0,0.0016377649325626203,-1.0,-1.0,-1.0,0,0,0,0,0
./datasets/Organised/20260306-handFlying-2/83292084.jpg,7,2,1,0.2635838150289017,0.02157996146435453,0.0056840077071290945,0.271868978805395,0.2920038535645472,0.9310426709921067,0.3448940269749518,0.13901734104046243,9141.366162362034,0.1869942196531792,0.5333333333333333,0.6242774566473989,0.0,0.0,0.19826589595375724,-1.0,-1.0,-1.0,0,0,0,0,1
./datasets/Organised/20260306-handFlying-2/127658418.jpg,8,2,2,0.05635838150289017,0.0068400770712909445,0.0017341040462427746,0.08477842003853564,0.0838150289017341,1.011482184844737,0.10057803468208093,0.04007707129094412,825.7168771555646,0.015462427745664739,0.5166666666666667,0.10404624277456648,0.0,0.0,0.0,-1.0,-1.0,-1.0,0,0,0,0,0
./datasets/Organised/20260306-handFlying-2/273723904.jpg,7,2,1,0.17360308285163775,0.0076107899807321775,0.003179190751445087,0.08545279383429673,0.11849710982658959,0.7211321257305162,0.125626204238921,0.05192678227360308,1738.5540674039673,0.1586223506743738,0.55,0.5144508670520231,0.0,0.0,0.0,-1.0,-1.0,-1.0,0,0,0,0,0
./datasets/Organised/20260306-handFlying-2/244890803.jpg,7,2,1,0.3108863198458574,0.02023121387283237,0.006358381502890174,0.2873795761078998,0.30770712909441233,0.9339355997960158,0.3762042389210019,0.16078998073217726,8438.700574879063,0.14267822736030827,0.7,0.7225433526011561,0.0,0.0,0.2611753371868979,-1.0,-1.0,-1.0,0,0,0,0,0
./datasets/Organised/20260306-handFlying-2/53858987.jpg,7,2,1,0.6914258188824662,0.010886319845857417,0.004816955684007707,0.15202312138728324,0.18082851637764932,0.8406986007184468,0.20202312138728323,0.0884393063583815,9628.641492968543,0.7092967244701349,0.8166666666666667,1.0,0.0,0.0,0.6910404624277456,-1.0,-1.0,-1.0,0,0,0,1,0
./datasets/Organised/20260306-handFlying-2/48792352.jpg,8,2,2,0.09508670520231213,0.007803468208092485,0.002601156069364162,0.10529865125240848,0.09624277456647398,1.0940827261474502,0.12283236994219653,0.055876685934489405,3884.424978894494,0.08834296724470135,0.5,0.2658959537572254,0.0,0.0,0.08747591522157996,-1.0,-1.0,-1.0,0,0,0,0,0
./datasets/Organised/20260306-handFlying-2/54925639.jpg,7,2,1,0.8348747591522158,0.01348747591522158,0.005394990366088632,0.18564547206165705,0.23285163776493256,0.7972659182373888,0.25828516377649324,0.10944123314065511,13297.386796381064,0.8348747591522158,0.9333333333333333,1.0,0.0,0.0,0.8357418111753372,-1.0,-1.0,-1.0,0,0,0,1,0
./datasets/Organised/20260306-handFlying-2/166258091.jpg,7,2,1,0.0004816955684007707,0.0012524084778420038,0.0005780346820809249,0.013198458574181117,0.011946050096339113,1.1047462317267314,0.01599229287090559,0.009344894026974951,188.36030828516377,0.0001926782273603083,0.05,0.017341040462427744,0.0,0.0,0.0,-1.0,-1.0,-1.0,0,0,0,0,0
./datasets/Organised/20260306-handFlying-2/259690689.jpg,6,2,0,0.0019267822736030828,0.003371868978805395,0.0016377649325626203,0.04653179190751445,0.03526011560693642,1.3196347054419602,0.052890173410404626,0.025240847784200385,771.8872610641481,0.0005780346820809249,0.15,0.017341040462427744,0.0,0.0,0.0,-1.0,-1.0,-1.0,0,0,0,0,0
./datasets/Organised/20260306-handFlying-2/205657785.jpg,8,2,2,0.4003853564547206,0.02003853564547206,0.005009633911368015,0.28294797687861273,0.30298651252408476,0.9338601928557071,0.3556840077071291,0.15,9360.787955234795,0.295616570327553,1.0,0.43352601156069365,0.0,0.0,0.07042389210019268,-1.0,-1.0,-1.0,0,0,0,0,1
./datasets/Organised/20260306-handFlying-2/172324709.jpg,6,2,0,0.0,0.0,0.0,0.0,0.0,0.0,0.0,0.0,0.0,0.0,0.0,0.0,0.0,0.0,0.0,-1.0,-1.0,-1.0,0,0,0,0,0
./datasets/Organised/20260306-handFlying-2/233324225.jpg,8,2,2,0.10510597302504816,0.010500963391136802,0.002697495183044316,0.14951830443159922,0.1394990366088632,1.071815521101444,0.17504816955684008,0.07196531791907515,1854.8854926659767,0.052890173410404626,0.5666666666666667,0.20809248554913296,0.0,0.0,0.0,-1.0,-1.0,-1.0,0,0,0,0,1
./datasets/Organised/20260306-handFlying-2/74958817.jpg,6,2,0,0.14084778420038535,0.0151252408477842,0.0037572254335260114,0.1939306358381503,0.196242774566474,0.9882129319341024,0.23208092485549134,0.0930635838150289,3051.321108651586,0.08468208092485549,0.7666666666666667,0.35260115606936415,0.0,0.0,0.0,-1.0,-1.0,-1.0,0,0,0,0,1
./datasets/Organised/20260306-handFlying-2/209757746.jpg,7,2,1,0.026107899807321772,0.004046242774566474,0.0011560693641618498,0.06252408477842004,0.04759152215799615,1.3137375777407754,0.07254335260115607,0.03709055876685934,877.2888919609742,0.014884393063583815,0.35,0.15028901734104047,0.0,0.0,0.0,-1.0,-1.0,-1.0,0,0,0,0,0
./datasets/Organised/20260306-handFlying-2/230424247.jpg,6,2,0,0.0850674373795761,0.00838150289017341,0.0037572254335260114,0.13834296724470135,0.1350674373795761,1.0242434866994352,0.16946050096339113,0.07138728323699423,2514.8172155118964,0.024951830443159923,0.2833333333333333,0.2658959537572254,0.0,0.0,0.04605009633911368,-1.0,-1.0,-1.0,0,0,0,0,0
./datasets/Organised/20260306-handFlying-2/54025647.jpg,6,2,0,0.36541425818882467,0.014547206165703276,0.00510597302504817,0.1861271676300578,0.20915221579961465,0.8899082278915681,0.2388246628131021,0.1048169556840077,7897.061345656944,0.32986512524084777,0.8333333333333334,0.653179190751445,0.0,0.0,0.3580924855491329,-1.0,-1.0,-1.0,0,0,0,1,0
./datasets/Organised/20260306-handFlying-2/65158928.jpg,8,2,2,0.03969171483622351,0.007996146435452794,0.004335260115606936,0.11396917148362234,0.10809248554913295,1.0543574472100694,0.1363198458574181,0.061078998073217726,2039.5722864854226,0.01873795761078998,0.31666666666666665,0.15606936416184972,0.0,0.0,0.005780346820809248,-1.0,-1.0,-1.0,0,0,0,0,0
./datasets/Organised/20260306-handFlying-2/225090961.jpg,6,2,0,0.0015414258188824663,0.002023121387283237,0.0012524084778420038,0.022928709055876687,0.02138728323699422,1.0720219478026207,0.027842003853564546,0.015414258188824663,1218.5461464261716,0.0005780346820809249,0.08333333333333333,0.017341040462427744,0.0,0.0,0.0,-1.0,-1.0,-1.0,0,0,0,0,0
./datasets/Organised/20260306-handFlying-2/193791226.jpg,8,2,2,0.18863198458574182,0.007514450867052023,0.0023121387283236996,0.09084778420038536,0.10404624277456648,0.8731397563049348,0.11714836223506744,0.04653179190751445,2341.4139278793145,0.19094412331406552,0.5333333333333333,0.5838150289017341,0.0,0.0,0.18776493256262042,-1.0,-1.0,-1.0,0,0,0,0,0
./datasets/Organised/20260306-handFlying-2/275057247.jpg,7,2,1,0.23603082851637766,0.009248554913294798,0.004335260115606936,0.10789980732177264,0.1578034682080925,0.6837563507991933,0.16599229287090558,0.06676300578034682,2360.1512127219607,0.22157996146435452,0.6,0.7572254335260116,0.0,0.0,0.0,-1.0,-1.0,-1.0,0,0,0,0,0
./datasets/Organised/20260306-handFlying-2/237990857.jpg,7,2,1,0.03468208092485549,0.008477842003853564,0.003371868978805395,0.10385356454720616,0.10414258188824663,0.9972152163793284,0.12822736030828516,0.05616570327552987,1266.3967617435337,0.009585741811175337,0.25,0.10982658959537572,0.0,0.0,0.0,-1.0,-1.0,-1.0,0,0,0,0,0
./datasets/Organised/20260306-handFlying-2/97958639.jpg,6,2,0,0.2858381502890173,0.013583815028901734,0.00394990366088632,0.16483622350674373,0.21859344894026975,0.7540732361039265,0.22909441233140654,0.09104046242774566,5009.072372717283,0.23925818882466282,0.8333333333333334,0.6473988439306358,0.0,0.0,0.2613680154142582,-1.0,-1.0,-1.0,0,0,0,0,1
./datasets/Organised/20260306-handFlying-2/157591497.jpg,6,2,0,0.0,0.0,0.0,0.0,0.0,0.0,0.0,0.0,0.0,0.0,0.0,0.0,0.0,0.0,0.0,-1.0,-1.0,-1.0,0,0,0,0,0
./datasets/Organised/20260306-handFlying-2/212357728.jpg,6,2,0,0.0036608863198458576,0.0003853564547206166,0.0001926782273603083,0.008285163776493257,0.009248554913294798,0.8957364818262359,0.010500963391136802,0.0037572254335260114,70.63737656899106,0.0016859344894026974,0.1,0.028901734104046242,0.0,0.0,0.0,-1.0,-1.0,-1.0,0,0,0,0,0
./datasets/Organised/20260306-handFlying-2/169191406.jpg,6,2,0,0.0,0.0003853564547206166,0.0003853564547206166,0.0019267822736030828,0.0019267822736030828,0.9994812692212742,0.002697495183044316,0.0015414258188824663,31.08670520231214,0.0,0.0,0.0,0.0,0.0,0.0,-1.0,-1.0,-1.0,0,0,0,0,0
./datasets/Organised/20260306-handFlying-2/158458173.jpg,8,2,2,0.06878612716763005,0.005973025048169557,0.0024084778420038534,0.07196531791907515,0.09258188824662814,0.7773069006809271,0.10616570327552986,0.04113680154142582,1563.6361368572286,0.051589595375722545,0.21666666666666667,0.5780346820809249,0.0,0.0,0.0004816955684007707,-1.0,-1.0,-1.0,0,0,0,0,0
./datasets/Organised/20260306-handFlying-2/181791302.jpg,8,2,2,0.06021194605009634,0.009633911368015413,0.003371868978805395,0.14633911368015415,0.14470134874759152,1.0113112533882755,0.17369942196531793,0.07071290944123314,4113.612893291902,0.009971098265895954,0.38333333333333336,0.06358381502890173,0.0,0.0,0.018111753371868978,-1.0,-1.0,-1.0,0,0,0,0,0
./datasets/Organised/20260306-handFlying-2/89725366.jpg,8,2,2,0.22495183044315992,0.023121387283236993,0.005876685934489403,0.3065510597302505,0.29152215799614645,1.051549598451807,0.3584778420038536,0.14759152215799615,6571.295042146042,0.07124277456647399,0.8,0.37572254335260113,0.0,0.0,0.10289017341040463,-1.0,-1.0,-1.0,0,0,0,0,1
./datasets/Organised/20260306-handFlying-2/229990947.jpg,6,2,0,0.16714836223506743,0.011946050096339113,0.002890173410404624,0.15481695568400772,0.16001926782273604,0.9674834181349307,0.19238921001926781,0.07649325626204238,3235.443370606733,0.10977842003853565,0.5,0.35260115606936415,0.0,0.0,0.13111753371868978,-1.0,-1.0,-1.0,0,0,0,0,1
./datasets/Organised/20260306-handFlying-2/254890734.jpg,8,2,2,0.001445086705202312,0.0016377649325626203,0.0017341040462427746,0.0313102119460501,0.029479768786127167,1.0620554766802355,0.03603082851637765,0.016088631984585742,412.1379146944064,0.0005298651252408478,0.06666666666666667,0.023121387283236993,0.0,0.0,0.0,-1.0,-1.0,-1.0,0,0,0,0,0
./datasets/Organised/20260306-handFlying-2/208457754.jpg,6,2,0,0.11435452793834297,0.006647398843930636,0.0025048169556840076,0.0708092485549133,0.11348747591522158,0.6239333816396423,0.1199421965317919,0.05134874759152216,3354.124564469244,0.0995664739884393,0.2833333333333333,0.6820809248554913,0.0,0.0,0.11329479768786127,-1.0,-1.0,-1.0,0,0,0,1,0
./datasets/Organised/20260306-handFlying-2/261457333.jpg,6,2,0,0.010308285163776493,0.0064547206165703275,0.0027938342967244703,0.0907514450867052,0.07745664739884393,1.1716266648199243,0.10616570327552986,0.05240847784200385,2043.4015749403216,0.003468208092485549,0.2,0.06936416184971098,0.0,0.0,0.0,-1.0,-1.0,-1.0,0,0,0,0,0
./datasets/Organised/20260306-handFlying-2/101825304.jpg,7,2,1,0.41522157996146436,0.01724470134874759,0.004913294797687861,0.24055876685934488,0.24142581888246628,0.9964044921473948,0.2844894026974952,0.12061657032755299,5136.472391131233,0.39566473988439305,1.0,0.8034682080924855,0.0,0.0,0.3960500963391137,-1.0,-1.0,-1.0,0,0,0,1,0
./datasets/Organised/20260306-handFlying-2/184457947.jpg,7,2,1,0.394990366088632,0.018015414258188825,0.005780346820809248,0.24171483622350676,0.2861271676300578,0.8447781923240283,0.3247591522157996,0.12842003853564546,9008.901419386993,0.3322254335260116,0.6166666666666667,0.8323699421965318,0.0,0.0,0.0,-1.0,-1.0,-1.0,0,0,0,0,0
./datasets/Organised/20260306-handFlying-2/50792351.jpg,8,2,2,0.11271676300578035,0.011271676300578034,0.004913294797687861,0.15809248554913294,0.14971098265895955,1.055977502544095,0.18737957610789982,0.08747591522157996,7567.758056066023,0.06647398843930635,0.5333333333333333,0.19653179190751446,0.0,0.0,0.10433526011560694,-1.0,-1.0,-1.0,0,0,0,0,0
./datasets/Organised/20260306-handFlying-2/283090494.jpg,6,2,0,0.016570327552986513,0.0032755298651252407,0.001348747591522158,0.041040462427745665,0.0430635838150289,0.9529980042074191,0.05240847784200385,0.024277456647398842,970.5465258890487,0.009922928709055878,0.15,0.12138728323699421,0.0,0.0,0.012524084778420038,-1.0,-1.0,-1.0,0,0,0,0,0
./datasets/Organised/20260306-handFlying-2/68058868.jpg,7,2,1,0.24364161849710983,0.014450867052023121,0.005202312138728324,0.22090558766859344,0.19980732177263968,1.1055875236265693,0.25289017341040465,0.11300578034682081,7100.970430119803,0.14691714836223507,1.0,0.30057803468208094,0.0,0.0,0.02167630057803468,-1.0,-1.0,-1.0,0,0,0,0,1
./datasets/Organised/20260306-handFlying-2/172691368.jpg,6,2,0,0.0,0.0,0.0,0.0,0.0,0.0,0.0,0.0,0.0,0.0,0.0,0.0,0.0,0.0,0.0,-1.0,-1.0,-1.0,0,0,0,0,0
./datasets/Organised/20260306-handFlying-2/104958595.jpg,7,2,1,0.24258188824662813,0.014065510597302504,0.00394990366088632,0.17369942196531793,0.15818882466281312,1.0980442157740806,0.20086705202312138,0.0918111753371869,3418.0577582779247,0.21473988439306357,1.0,0.4797687861271676,0.0,0.0,0.0,-1.0,-1.0,-1.0,0,0,0,0,1
./datasets/Organised/20260306-handFlying-2/109191875.jpg,6,2,0,0.07658959537572255,0.005491329479768786,0.0012524084778420038,0.07389210019267822,0.07658959537572255,0.9647672776297587,0.09142581888246629,0.036608863198458574,917.3147717282756,0.0348747591522158,0.36666666666666664,0.13872832369942195,0.0,0.0,0.0,-1.0,-1.0,-1.0,0,0,0,0,0
./datasets/Organised/20260306-handFlying-2/190257912.jpg,8,2,2,0.0009633911368015414,0.0008670520231213873,0.0007707129094412332,0.013680154142581889,0.012909441233140655,1.0596194115709545,0.01628131021194605,0.007707129094412331,216.21569918250967,0.0001926782273603083,0.05,0.017341040462427744,0.0,0.0,0.0,-1.0,-1.0,-1.0,0,0,0,0,0
./datasets/Organised/20260306-handFlying-2/202824465.jpg,6,2,0,0.2710019267822736,0.01840077071290944,0.005491329479768786,0.23497109826589596,0.24344894026974953,0.9651721335628229,0.2835260115606936,0.1210019267822736,7822.959472046807,0.19397880539499038,0.5166666666666667,0.6878612716763006,0.0,0.0,0.19614643545279384,-1.0,-1.0,-1.0,0,0,0,1,0
./datasets/Organised/20260306-handFlying-2/257990697.jpg,8,2,2,0.2842003853564547,0.011560693641618497,0.003371868978805395,0.17302504816955683,0.1519267822736031,1.1388637784362585,0.19537572254335261,0.0804431599229287,3039.4098631483403,0.23810211946050097,1.0,0.2832369942196532,0.0,0.0,0.23044315992292871,-1.0,-1.0,-1.0,0,0,0,0,1
./datasets/Organised/20260306-handFlying-2/236657533.jpg,8,2,2,0.12427745664739884,0.007996146435452794,0.0029865125240847784,0.1176300578034682,0.1428709055876686,0.8233253229151369,0.1701348747591522,0.07504816955684007,2757.4975870300455,0.073121387283237,0.2833333333333333,0.5028901734104047,0.0,0.0,0.08526011560693642,-1.0,-1.0,-1.0,0,0,0,0,0
./datasets/Organised/20260306-handFlying-2/88958708.jpg,8,2,2,0.053660886319845856,0.010982658959537572,0.0036608863198458576,0.14104046242774568,0.13516377649325625,1.0434705408237965,0.1653179190751445,0.06897880539499036,2800.393022922769,0.012138728323699421,0.36666666666666664,0.2138728323699422,0.0,0.0,0.0,-1.0,-1.0,-1.0,0,0,0,0,0
./datasets/Organised/20260306-handFlying-2/154258186.jpg,7,2,1,0.039210019267822735,0.0024084778420038534,0.0012524084778420038,0.03757225433526012,0.049614643545279384,0.757266290438651,0.0579961464354528,0.02398843930635838,839.8425735258631,0.015173410404624277,0.13333333333333333,0.3352601156069364,0.0,0.0,0.01955684007707129,-1.0,-1.0,-1.0,0,0,0,0,0
./datasets/Organised/20260306-handFlying-2/285890484.jpg,7,2,1,0.018208092485549134,0.003179190751445087,0.0023121387283236996,0.04132947976878613,0.052890173410404626,0.7814059909031228,0.0628131021194605,0.031021194605009635,1046.2416954477449,0.0056840077071290945,0.1,0.1676300578034682,0.0,0.0,0.019460500963391136,-1.0,-1.0,-1.0,0,0,0,0,0
./datasets/Organised/20260306-handFlying-2/64692298.jpg,7,2,1,0.2724470134874759,0.01763005780346821,0.005394990366088632,0.2443159922928709,0.2542389210019268,0.9609662846418967,0.29855491329479766,0.1245664739884393,15367.71233972253,0.1441714836223507,0.5333333333333333,0.6184971098265896,0.0,0.0,0.22052023121387282,-1.0,-1.0,-1.0,0,0,0,0,1
./datasets/Organised/20260306-handFlying-2/104458611.jpg,7,2,1,0.2266859344894027,0.01233140655105973,0.005202312138728324,0.17071290944123313,0.16435452793834296,1.038680667347405,0.1989402697495183,0.08786127167630058,2811.6592099357367,0.20134874759152216,1.0,0.4161849710982659,0.0,0.0,0.004431599229287091,-1.0,-1.0,-1.0,0,0,0,0,1
./datasets/Organised/20260306-handFlying-2/44692381.jpg,8,2,2,0.0045279383429672445,0.003468208092485549,0.002023121387283237,0.04566473988439306,0.047398843930635835,0.9633943088761664,0.05867052023121387,0.02861271676300578,599.1013002903169,0.0010115606936416184,0.06666666666666667,0.03468208092485549,0.0,0.0,0.0,-1.0,-1.0,-1.0,0,0,0,0,0
./datasets/Organised/20260306-handFlying-2/163158115.jpg,8,2,2,0.0009633911368015414,0.0011560693641618498,0.0005780346820809249,0.015510597302504817,0.014258188824662813,1.0877615475347067,0.01878612716763006,0.01001926782273603,259.2414370584458,0.0001926782273603083,0.05,0.017341040462427744,0.0,0.0,0.0001926782273603083,-1.0,-1.0,-1.0,0,0,0,0,0
./datasets/Organised/20260306-handFlying-2/86958720.jpg,6,2,0,0.29402697495183044,0.012620423892100193,0.005491329479768786,0.1811175337186898,0.18314065510597302,0.9889477825996932,0.22138728323699422,0.09470134874759152,7166.478055202869,0.2842485549132948,0.6333333333333333,0.653179190751445,0.0,0.0,0.274373795761079,-1.0,-1.0,-1.0,0,0,0,0,0
./datasets/Organised/20260306-handFlying-2/211091072.jpg,7,2,1,0.126878612716763,0.011560693641618497,0.002890173410404624,0.14248554913294798,0.13342967244701348,1.0678620329184825,0.16647398843930636,0.06888246628131021,1564.5627622038821,0.11657032755298652,0.9,0.4046242774566474,0.0,0.0,0.0,-1.0,-1.0,-1.0,0,0,0,0,1
./datasets/Organised/20260306-handFlying-2/226557609.jpg,7,2,1,0.1363198458574181,0.01069364161849711,0.0032755298651252407,0.14710982658959537,0.1352601156069364,1.0875987968123142,0.17148362235067438,0.08053949903660887,3581.918222339166,0.04460500963391137,0.5333333333333333,0.16184971098265896,0.0,0.0,0.0,-1.0,-1.0,-1.0,0,0,0,0,1
./datasets/Organised/20260306-handFlying-2/146691585.jpg,6,2,0,0.025048169556840076,0.0011560693641618498,0.0003853564547206166,0.020134874759152217,0.01599229287090559,1.2589574218190451,0.022157996146435453,0.010115606936416185,299.67076803063543,0.01676300578034682,0.7333333333333333,0.03468208092485549,0.0,0.0,0.0,-1.0,-1.0,-1.0,0,0,0,0,0
./datasets/Organised/20260306-handFlying-2/51092341.jpg,6,2,0,0.45,0.016859344894026976,0.0045279383429672445,0.1978805394990366,0.2365125240847784,0.8366563403287933,0.26608863198458577,0.11589595375722543,9672.33251803342,0.4465799614643545,0.7,1.0,0.0,0.0,0.44653179190751446,-1.0,-1.0,-1.0,0,0,0,1,0
./datasets/Organised/20260306-handFlying-2/181224652.jpg,6,2,0,0.22023121387283237,0.015510597302504817,0.0045279383429672445,0.22273603082851637,0.2048169556840077,1.0874829312921792,0.25973025048169557,0.10578034682080925,5686.44223584706,0.12923892100192677,0.4166666666666667,0.4682080924855491,0.0,0.0,0.02880539499036609,-1.0,-1.0,-1.0,0,0,0,0,0
./datasets/Organised/20260306-handFlying-2/109858583.jpg,8,2,2,0.18159922928709055,0.010115606936416185,0.0038535645472061657,0.1199421965317919,0.15770712909441234,0.7605327462859459,0.1764932562620424,0.07658959537572255,2874.137939642339,0.09720616570327553,0.36666666666666664,0.791907514450867,0.0,0.0,0.11888246628131022,-1.0,-1.0,-1.0,0,0,0,1,0
./datasets/Organised/20260306-handFlying-2/90658716.jpg,8,2,2,0.26936416184971096,0.025433526011560695,0.005587668593448941,0.2947976878612717,0.30578034682080923,0.96408002295191,0.3649325626204239,0.1554913294797688,5959.828468588622,0.17851637764932562,1.0,0.6184971098265896,0.0,0.0,0.2119460500963391,-1.0,-1.0,-1.0,0,0,0,0,1
./datasets/Organised/20260306-handFlying-2/181358028.jpg,7,2,1,0.2848747591522158,0.00789980732177264,0.003179190751445087,0.13766859344894028,0.12514450867052024,1.10006819191083,0.16753371868978806,0.0686897880539499,5031.466110758424,0.1483140655105973,0.5833333333333334,0.31213872832369943,0.0,0.0,0.11502890173410404,-1.0,-1.0,-1.0,0,0,0,0,0
./datasets/Organised/20260306-handFlying-2/243857474.jpg,6,2,0,0.011271676300578034,0.0027938342967244703,0.0022157996146435453,0.042967244701348745,0.04508670520231214,0.9529703165985335,0.05250481695568401,0.025915221579961463,1805.4575972301118,0.002119460500963391,0.15,0.046242774566473986,0.0,0.0,0.0,-1.0,-1.0,-1.0,0,0,0,0,0
./datasets/Organised/20260306-handFlying-2/97258645.jpg,6,2,0,0.08901734104046242,0.008670520231213872,0.0032755298651252407,0.1222543352601156,0.12167630057803468,1.0047423363218915,0.15077071290944125,0.06416184971098265,5012.465780671664,0.062235067437379575,0.43333333333333335,0.4624277456647399,0.0,0.0,0.07514450867052024,-1.0,-1.0,-1.0,0,0,0,0,0
./datasets/Organised/20260306-handFlying-2/160991460.jpg,6,2,0,0.0011560693641618498,0.00028901734104046245,0.00028901734104046245,0.004624277456647399,0.004624277456647399,0.9997837967539519,0.0052986512524084775,0.0027938342967244703,470.206936416185,0.000674373795761079,0.06666666666666667,0.028901734104046242,0.0,0.0,0.0,-1.0,-1.0,-1.0,0,0,0,0,0
./datasets/Organised/20260306-handFlying-2/68825528.jpg,8,2,2,0.006262042389210019,0.0038535645472061657,0.002890173410404624,0.04691714836223507,0.04441233140655106,1.0563753466895907,0.056647398843930635,0.027552986512524084,872.793698048344,0.0029383429672447015,0.08333333333333333,0.08092485549132948,0.0,0.0,0.0,-1.0,-1.0,-1.0,0,0,0,0,0
./datasets/Organised/20260306-handFlying-2/280557223.jpg,6,2,0,0.23834296724470136,0.00838150289017341,0.0038535645472061657,0.10433526011560694,0.11078998073217726,0.941730630292224,0.12890173410404623,0.06233140655105973,5809.73663903646,0.21840077071290945,0.5666666666666667,0.7167630057803468,0.0,0.0,0.23102119460500964,-1.0,-1.0,-1.0,0,0,0,1,0
./datasets/Organised/20260306-handFlying-2/261757337.jpg,7,2,1,0.00394990366088632,0.003371868978805395,0.0025048169556840076,0.04373795761078998,0.04499036608863199,0.9721411331371264,0.05414258188824663,0.03005780346820809,949.0775535433862,0.0009152215799614644,0.1,0.028901734104046242,0.0,0.0,0.0,-1.0,-1.0,-1.0,0,0,0,0,0
./datasets/Organised/20260306-handFlying-2/123425093.jpg,8,2,2,0.15385356454720617,0.01021194605009634,0.0030828516377649326,0.1329479768786127,0.17129094412331405,0.7761484497070259,0.18622350674373797,0.07947976878612717,3403.998975454873,0.06897880539499036,0.25,0.5722543352601156,0.0,0.0,0.11348747591522158,-1.0,-1.0,-1.0,0,0,0,0,0
./datasets/Organised/20260306-handFlying-2/196491193.jpg,8,2,2,0.3674373795761079,0.018111753371868978,0.005394990366088632,0.22196531791907514,0.24441233140655105,0.908155527530794,0.28275529865125243,0.12119460500963392,10594.32006796641,0.32384393063583816,0.5666666666666667,0.8786127167630058,0.0,0.0,0.3283236994219653,-1.0,-1.0,-1.0,0,0,0,1,0
./datasets/Organised/20260306-handFlying-2/286657133.jpg,6,2,0,0.002601156069364162,0.0012524084778420038,0.0008670520231213873,0.01676300578034682,0.01763005780346821,0.9507657434512728,0.02119460500963391,0.00953757225433526,536.8318365594871,0.0003853564547206166,0.1,0.011560693641618497,0.0,0.0,0.0,-1.0,-1.0,-1.0,0,0,0,0,0
./datasets/Organised/20260306-handFlying-2/186491299.jpg,7,2,1,0.34614643545279383,0.01705202312138728,0.0056840077071290945,0.21339113680154143,0.223121387283237,0.9563860417585865,0.2657032755298651,0.11223506743737957,5867.348940789498,0.26854527938342965,0.7333333333333333,0.5722543352601156,0.0,0.0,0.0,-1.0,-1.0,-1.0,0,0,0,0,0
./datasets/Organised/20260306-handFlying-2/168791404.jpg,8,2,2,0.0,0.0001926782273603083,0.0003853564547206166,0.0038535645472061657,0.003468208092485549,1.1107908330875709,0.004624277456647399,0.0027938342967244703,35.495568400770715,0.0,0.0,0.0,0.0,0.0,0.0,-1.0,-1.0,-1.0,0,0,0,0,0
./datasets/Organised/20260306-handFlying-2/75892143.jpg,7,2,1,0.19258188824662814,0.020905587668593448,0.004335260115606936,0.2523121387283237,0.23564547206165704,1.0707231749359951,0.29441233140655104,0.12668593448940269,4012.0132725227472,0.13516377649325625,0.8666666666666667,0.3063583815028902,0.0,0.0,0.004142581888246628,-1.0,-1.0,-1.0,0,0,0,0,1
./datasets/Organised/20260306-handFlying-2/283490496.jpg,8,2,2,0.1868015414258189,0.005394990366088632,0.0023121387283236996,0.07976878612716763,0.11310211946050096,0.7052748545545228,0.11801541425818883,0.04566473988439306,2435.2615599418623,0.17052023121387283,0.5166666666666667,0.4797687861271676,0.0,0.0,0.17861271676300577,-1.0,-1.0,-1.0,0,0,0,0,0
./datasets/Organised/20260306-handFlying-2/86025391.jpg,8,2,2,0.06734104046242774,0.008285163776493257,0.002697495183044316,0.10973025048169557,0.11396917148362234,0.9627979764640782,0.1348747591522158,0.05578034682080925,3556.827053322493,0.05578034682080925,0.4666666666666667,0.23699421965317918,0.0,0.0,0.05944123314065511,-1.0,-1.0,-1.0,0,0,0,0,0
./datasets/Organised/20260306-handFlying-2/155124853.jpg,6,2,0,0.0,0.0,0.00028901734104046245,0.0016377649325626203,0.0023121387283236996,0.7080271116075629,0.002601156069364162,0.0012524084778420038,24.052599401917877,0.0,0.0,0.0,0.0,0.0,0.0,-1.0,-1.0,-1.0,0,0,0,0,0
./datasets/Organised/20260306-handFlying-2/268823939.jpg,8,2,2,0.07601156069364162,0.008092485549132947,0.003179190751445087,0.12350674373795761,0.11473988439306358,1.076396999999278,0.1498073217726397,0.0663776493256262,1441.2693731739191,0.026830443159922928,0.48333333333333334,0.16184971098265896,0.0,0.0,0.022157996146435453,-1.0,-1.0,-1.0,0,0,0,0,0
./datasets/Organised/20260306-handFlying-2/209024449.jpg,7,2,1,0.09132947976878612,0.00838150289017341,0.002119460500963391,0.11107899807321772,0.13285163776493256,0.8361068319152174,0.1619460500963391,0.06946050096339114,4621.1045312424585,0.04185934489402698,0.16666666666666666,0.4277456647398844,0.0,0.0,0.07196531791907515,-1.0,-1.0,-1.0,0,0,0,0,0
./datasets/Organised/20260306-handFlying-2/71358843.jpg,7,2,1,0.2522157996146435,0.011657032755298651,0.004913294797687861,0.16078998073217726,0.14614643545279382,1.1001902307352702,0.18766859344894027,0.09046242774566474,4539.383902448758,0.22018304431599228,1.0,0.6647398843930635,0.0,0.0,0.24845857418111753,-1.0,-1.0,-1.0,0,0,0,0,1
./datasets/Organised/20260306-handFlying-2/76958802.jpg,8,2,2,0.18304431599229287,0.012716763005780347,0.004142581888246628,0.1352601156069364,0.16676300578034683,0.8110869907088597,0.18978805394990367,0.08497109826589595,3274.416715671534,0.14166666666666666,0.48333333333333334,0.7630057803468208,0.0,0.0,0.16955684007707128,-1.0,-1.0,-1.0,0,0,0,1,0
./datasets/Organised/20260306-handFlying-2/213357723.jpg,7,2,1,0.19210019267822737,0.009441233140655106,0.002890173410404624,0.11551059730250482,0.13651252408477843,0.8461476478386841,0.15279383429672447,0.0653179190751445,3704.378952595216,0.1428227360308285,0.48333333333333334,0.43352601156069365,0.0,0.0,0.19373795761079,-1.0,-1.0,-1.0,0,0,0,0,0
./datasets/Organised/20260306-handFlying-2/120025153.jpg,8,2,2,0.28304431599229285,0.008092485549132947,0.0030828516377649326,0.10963391136801541,0.11926782273603083,0.9192168485695572,0.14017341040462428,0.06011560693641618,6685.940629452668,0.27408477842003853,0.48333333333333334,0.8265895953757225,0.0,0.0,0.2833333333333333,-1.0,-1.0,-1.0,0,0,0,1,0
./datasets/Organised/20260306-handFlying-2/206524484.jpg,8,2,2,0.38689788053949903,0.015703275529865127,0.004913294797687861,0.23439306358381504,0.2771676300578035,0.8456695244874299,0.31589595375722546,0.12890173410404623,7186.662723807456,0.21989402697495183,1.0,0.3699421965317919,0.0,0.0,0.16830443159922928,-1.0,-1.0,-1.0,0,0,0,0,0
./datasets/Organised/20260306-handFlying-2/91925345.jpg,7,2,1,0.13082851637764933,0.014354527938342966,0.004913294797687861,0.20510597302504818,0.20173410404624278,1.0167093823097477,0.24778420038535645,0.10626204238921001,5200.210844777083,0.07986512524084778,0.6333333333333333,0.3930635838150289,0.0,0.0,0.02533718689788054,-1.0,-1.0,-1.0,0,0,0,0,0
./datasets/Organised/20260306-handFlying-2/208157780.jpg,7,2,1,0.12080924855491329,0.008188824662813102,0.003179190751445087,0.09922928709055877,0.14913294797687862,0.6653702154116047,0.15895953757225434,0.06782273603082851,3837.811065623828,0.057177263969171485,0.26666666666666666,0.4393063583815029,0.0,0.0,0.11040462427745665,-1.0,-1.0,-1.0,0,0,0,0,0
./datasets/Organised/20260306-handFlying-2/257857369.jpg,7,2,1,0.008188824662813102,0.00394990366088632,0.003179190751445087,0.053275529865125244,0.05684007707129094,0.9372716459666355,0.06570327552986513,0.03314065510597303,936.815237952042,0.00197495183044316,0.08333333333333333,0.057803468208092484,0.0,0.0,0.0,-1.0,-1.0,-1.0,0,0,0,0,0
./datasets/Organised/20260306-handFlying-2/70058861.jpg,7,2,1,0.2451830443159923,0.015221579961464355,0.005491329479768786,0.22023121387283237,0.20452793834296726,1.0767728794618516,0.2517341040462428,0.1115606936416185,11588.38255070333,0.19234104046242775,1.0,0.5144508670520231,0.0,0.0,0.2233140655105973,-1.0,-1.0,-1.0,0,0,0,0,1
./datasets/Organised/20260306-handFlying-2/133225022.jpg,8,2,2,0.05606936416184971,0.0076107899807321775,0.0024084778420038534,0.10038535645472062,0.10009633911368016,1.002877372601417,0.12610789980732176,0.052890173410404626,1940.7854995619261,0.03694605009633911,0.7,0.14450867052023122,0.0,0.0,0.010789980732177264,-1.0,-1.0,-1.0,0,0,0,0,0
./datasets/Organised/20260306-handFlying-2/270757262.jpg,7,2,1,0.25520231213872835,0.00953757225433526,0.0036608863198458576,0.11416184971098266,0.1258188824662813,0.9073434776222835,0.14585741811175337,0.06310211946050097,2256.7923702670396,0.21295761078998074,0.5833333333333334,0.43352601156069365,0.0,0.0,0.22263969171483622,-1.0,-1.0,-1.0,0,0,0,0,0
./datasets/Organised/20260306-handFlying-2/225524285.jpg,8,2,2,0.049614643545279384,0.010404624277456647,0.004431599229287091,0.12880539499036608,0.12620423892100194,1.0206026001106951,0.1558766859344894,0.07119460500963391,3051.044398075445,0.025433526011560695,0.38333333333333336,0.14450867052023122,0.0,0.0,0.004431599229287091,-1.0,-1.0,-1.0,0,0,0,0,0
./datasets/Organised/20260306-handFlying-2/247957429.jpg,8,2,2,0.19489402697495184,0.009344894026974951,0.0029865125240847784,0.10549132947976879,0.13188824662813103,0.7998478433742774,0.14479768786127167,0.05982658959537572,2509.060664118042,0.101878612716763,0.35,0.6069364161849711,0.0,0.0,0.1970134874759152,-1.0,-1.0,-1.0,0,0,0,0,0
./datasets/Organised/20260306-handFlying-2/201924472.jpg,8,2,2,0.3665703275529865,0.010500963391136802,0.0036608863198458576,0.13323699421965318,0.15529865125240847,0.8579349222304636,0.175626204238921,0.07466281310211946,3477.0986112596106,0.3546724470134875,0.6,0.8034682080924855,0.0,0.0,0.3651252408477842,-1.0,-1.0,-1.0,0,0,0,1,0
./datasets/Organised/20260306-handFlying-2/95758677.jpg,8,2,2,0.03516377649325626,0.0056840077071290945,0.002697495183044316,0.06454720616570328,0.06859344894026975,0.940997517480012,0.0815028901734104,0.04046242774566474,3539.9860263642477,0.024036608863198458,0.13333333333333333,0.2947976878612717,0.0,0.0,0.029672447013487476,-1.0,-1.0,-1.0,0,0,0,0,0
./datasets/Organised/20260306-handFlying-2/190657898.jpg,6,2,0,0.10067437379576108,0.01001926782273603,0.004142581888246628,0.13439306358381503,0.1441233140655106,0.9324801609999525,0.16946050096339113,0.07369942196531792,4390.832827877829,0.053516377649325625,0.23333333333333334,0.5549132947976878,0.0,0.0,0.06628131021194605,-1.0,-1.0,-1.0,0,0,0,0,0
./datasets/Organised/20260306-handFlying-2/92458680.jpg,7,2,1,0.13988439306358383,0.017533718689788053,0.005491329479768786,0.21897880539499037,0.20009633911368016,1.0943614061283604,0.25751445086705205,0.12302504816955684,6868.561708070211,0.09527938342967245,0.6833333333333333,0.36416184971098264,0.0,0.0,0.0001926782273603083,-1.0,-1.0,-1.0,0,0,0,0,1
./datasets/Organised/20260306-handFlying-2/274790562.jpg,7,2,1,0.17109826589595376,0.008188824662813102,0.0036608863198458576,0.09190751445086705,0.12485549132947976,0.7361052154535984,0.13429672447013488,0.05838150289017341,1839.7830584234541,0.1622350674373796,0.5666666666666667,0.5838150289017341,0.0,0.0,0.0,-1.0,-1.0,-1.0,0,0,0,0,0
./datasets/Organised/20260306-handFlying-2/137491648.jpg,7,2,1,0.004720616570327553,0.0001926782273603083,0.00028901734104046245,0.0056840077071290945,0.010308285163776493,0.5513483832129183,0.012042389210019268,0.006936416184971098,126.9916398439269,0.0024084778420038534,0.05,0.1329479768786127,0.0,0.0,0.0,-1.0,-1.0,-1.0,0,0,0,0,0
./datasets/Organised/20260306-handFlying-2/213824396.jpg,8,2,2,0.20539499036608863,0.005009633911368015,0.0023121387283236996,0.08458574181117534,0.09373795761078998,0.9023541968791741,0.10394990366088631,0.03940269749518305,1912.136767535018,0.19590558766859345,0.5833333333333334,0.5202312138728323,0.0,0.0,0.20385356454720616,-1.0,-1.0,-1.0,0,0,0,0,0
./datasets/Organised/20260306-handFlying-2/41792420.jpg,7,2,1,0.10520231213872833,0.01599229287090559,0.006262042389210019,0.21348747591522158,0.20491329479768786,1.041837887034665,0.2658959537572254,0.1199421965317919,2535.9904258968445,0.018063583815028903,0.31666666666666665,0.15028901734104047,0.0,0.0,0.0,-1.0,-1.0,-1.0,0,0,0,0,0
./datasets/Organised/20260306-handFlying-2/93992000.jpg,7,2,1,0.175626204238921,0.011368015414258189,0.0032755298651252407,0.1418111753371869,0.13477842003853566,1.0521723219809134,0.16589595375722543,0.07186897880539499,5908.948085385412,0.1306840077071291,0.9666666666666667,0.3699421965317919,0.0,0.0,0.1519267822736031,-1.0,-1.0,-1.0,0,0,0,0,0
./datasets/Organised/20260306-handFlying-2/61958918.jpg,6,2,0,0.45134874759152216,0.008959537572254336,0.00394990366088632,0.08978805394990366,0.10568400770712909,0.8495817514507019,0.11946050096339114,0.05770712909441233,4748.278236372377,0.43049132947976876,0.5666666666666667,1.0,0.0,0.0,0.45,-1.0,-1.0,-1.0,0,0,0,1,0
./datasets/Organised/20260306-handFlying-2/272657244.jpg,7,2,1,0.25982658959537575,0.007707129094412331,0.0036608863198458576,0.09903660886319846,0.14267822736030827,0.6941207258790448,0.14701348747591522,0.05905587668593449,1850.1625411251073,0.2374277456647399,0.6666666666666666,0.7687861271676301,0.0,0.0,0.0,-1.0,-1.0,-1.0,0,0,0,0,1
./datasets/Organised/20260306-handFlying-2/159524811.jpg,8,2,2,0.0016377649325626203,0.0010597302504816955,0.0007707129094412332,0.017148362235067438,0.013872832369942197,1.2360220145242309,0.019364161849710983,0.007803468208092485,336.6218132543315,0.0003853564547206166,0.06666666666666667,0.017341040462427744,0.0,0.0,0.0,-1.0,-1.0,-1.0,0,0,0,0,0
./datasets/Organised/20260306-handFlying-2/216391036.jpg,7,2,1,0.050385356454720615,0.008863198458574181,0.003371868978805395,0.09759152215799614,0.09585741811175337,1.018079831488793,0.11946050096339114,0.059248554913294796,4230.156488355775,0.03289980732177264,0.43333333333333335,0.1329479768786127,0.0,0.0,0.0,-1.0,-1.0,-1.0,0,0,0,0,0
./datasets/Organised/20260306-handFlying-2/81392093.jpg,8,2,2,0.0,0.0,0.0,0.0,0.0,0.0,0.0,0.0,0.0,0.0,0.0,0.0,0.0,0.0,0.0,-1.0,-1.0,-1.0,0,0,0,0,0
./datasets/Organised/20260306-handFlying-2/230424247.jpg,7,2,1,0.20915221579961465,0.008670520231213872,0.003468208092485549,0.11088631984585742,0.14354527938342967,0.7724778400537049,0.1569364161849711,0.06820809248554913,4321.925931593661,0.201878612716763,0.55,0.5549132947976878,0.0,0.0,0.20578034682080926,-1.0,-1.0,-1.0,0,0,0,0,0
./datasets/Organised/20260306-handFlying-2/105458596.jpg,7,2,1,0.24046242774566473,0.015028901734104046,0.004913294797687861,0.1791907514450867,0.16502890173410403,1.0858077812698368,0.20780346820809248,0.10048169556840077,3367.59847872372,0.21710019267822736,1.0,0.42196531791907516,0.0,0.0,0.0,-1.0,-1.0,-1.0,0,0,0,0,0
./datasets/Organised/20260306-handFlying-2/84792204.jpg,7,2,1,0.7388246628131021,0.014547206165703276,0.004624277456647399,0.2526011560693642,0.18786127167630057,1.34460822716236,0.28766859344894025,0.10838150289017341,7578.463379581677,0.7511560693641619,1.0,0.8959537572254336,0.0,0.0,0.7380539499036609,-1.0,-1.0,-1.0,0,0,1,0,0
./datasets/Organised/20260306-handFlying-2/227224271.jpg,6,2,0,0.07572254335260116,0.011657032755298651,0.004431599229287091,0.15,0.13728323699421965,1.092623620046894,0.17610789980732178,0.0848747591522158,2806.5033851504118,0.05423892100192678,0.7333333333333333,0.15028901734104047,0.0,0.0,0.0,-1.0,-1.0,-1.0,0,0,0,0,0
./datasets/Organised/20260306-handFlying-2/283357162.jpg,8,2,2,0.2728323699421965,0.005780346820809248,0.0024084778420038534,0.08564547206165703,0.12514450867052024,0.6843671256884029,0.13140655105973026,0.051445086705202314,2780.9419845022103,0.2466281310211946,0.6333333333333333,0.5260115606936416,0.0,0.0,0.2589595375722543,-1.0,-1.0,-1.0,0,0,0,0,0
./datasets/Organised/20260306-handFlying-2/179091325.jpg,7,2,1,0.11117533718689789,0.005491329479768786,0.0029865125240847784,0.08082851637764933,0.09971098265895954,0.8106198896285466,0.1115606936416185,0.05096339113680154,4385.1496959099495,0.09272639691714836,0.23333333333333334,0.7687861271676301,0.0,0.0,0.10732177263969171,-1.0,-1.0,-1.0,0,0,0,1,0
./datasets/Organised/20260306-handFlying-2/58625617.jpg,8,2,2,0.11377649325626205,0.011368015414258189,0.0045279383429672445,0.14046242774566475,0.1394990366088632,1.0068988593852484,0.16791907514450868,0.07842003853564547,7948.742197422789,0.09879576107899807,0.4666666666666667,0.32947976878612717,0.0,0.0,0.0968208092485549,-1.0,-1.0,-1.0,0,0,0,0,0
./datasets/Organised/20260306-handFlying-2/281023849.jpg,6,2,0,0.6216763005780347,0.008285163776493257,0.0037572254335260114,0.09364161849710982,0.11897880539499037,0.7870379194707658,0.12861271676300579,0.05867052023121387,6141.440372733989,0.6041907514450867,0.9166666666666666,1.0,0.0,0.0,0.6205202312138728,-1.0,-1.0,-1.0,0,0,0,1,0
./datasets/Organised/20260306-handFlying-2/95625315.jpg,7,2,1,0.28689788053949905,0.010597302504816955,0.0035645472061657034,0.1371868978805395,0.12842003853564546,1.068258748292718,0.15664739884393064,0.06416184971098265,4701.269609037686,0.2214354527938343,1.0,0.7456647398843931,0.0,0.0,0.2852601156069364,-1.0,-1.0,-1.0,0,0,0,0,1
./datasets/Organised/20260306-handFlying-2/263457318.jpg,7,2,1,0.006262042389210019,0.005009633911368015,0.002890173410404624,0.05539499036608863,0.05838150289017341,0.9488286322752425,0.07148362235067438,0.042967244701348745,1809.538307874934,0.0008188824662813102,0.08333333333333333,0.028901734104046242,0.0,0.0,0.0,-1.0,-1.0,-1.0,0,0,0,0,0
./datasets/Organised/20260306-handFlying-2/222024311.jpg,6,2,0,0.0037572254335260114,0.0037572254335260114,0.0017341040462427746,0.03709055876685934,0.036608863198458574,1.0131302202850352,0.04903660886319846,0.030924855491329478,2572.963189650692,0.0012524084778420038,0.13333333333333333,0.046242774566473986,0.0,0.0,0.0024084778420038534,-1.0,-1.0,-1.0,0,0,0,0,0
./datasets/Organised/20260306-handFlying-2/276457214.jpg,8,2,2,0.11223506743737957,0.011464354527938344,0.00394990366088632,0.15539499036608864,0.16416184971098266,0.9465904779288963,0.19855491329479769,0.08342967244701349,2060.9847895203834,0.049759152215799615,0.4666666666666667,0.49710982658959535,0.0,0.0,0.0,-1.0,-1.0,-1.0,0,0,0,0,0
./datasets/Organised/20260306-handFlying-2/43825723.jpg,7,2,1,0.6208092485549133,0.013198458574181117,0.004816955684007707,0.21782273603082852,0.2103082851637765,1.0357257211026178,0.25327552986512525,0.10529865125240848,9132.944054039004,0.6190269749518305,1.0,0.7803468208092486,0.0,0.0,0.6180154142581888,-1.0,-1.0,-1.0,0,0,1,0,0
./datasets/Organised/20260306-handFlying-2/233024227.jpg,8,2,2,0.12369942196531791,0.009441233140655106,0.0027938342967244703,0.12398843930635838,0.12244701348747591,1.0125802434438025,0.14932562620423892,0.06348747591522158,1353.891538223796,0.08198458574181118,0.6666666666666666,0.3179190751445087,0.0,0.0,0.0,-1.0,-1.0,-1.0,0,0,0,0,1
./datasets/Organised/20260306-handFlying-2/55425659.jpg,6,2,0,0.5981695568400771,0.016088631984585742,0.004720616570327553,0.21628131021194605,0.2592485549132948,0.8342591380119464,0.2823699421965318,0.11445086705202312,10757.085560493168,0.5732658959537572,1.0,1.0,0.0,0.0,0.5926782273603083,-1.0,-1.0,-1.0,0,0,0,1,0
./datasets/Organised/20260306-handFlying-2/66325546.jpg,6,2,0,0.0064547206165703275,0.004335260115606936,0.0025048169556840076,0.05279383429672447,0.05317919075144509,0.9927349554550042,0.06358381502890173,0.03227360308285164,1947.657389117207,0.0014932562620423892,0.1,0.04046242774566474,0.0,0.0,0.0,-1.0,-1.0,-1.0,0,0,0,0,0
./datasets/Organised/20260306-handFlying-2/213657715.jpg,7,2,1,0.17341040462427745,0.010789980732177264,0.0032755298651252407,0.11127167630057803,0.14460500963391137,0.7694816873951265,0.1603082851637765,0.0676300578034682,3526.07071115529,0.15929672447013488,0.5,0.7167630057803468,0.0,0.0,0.17138728323699423,-1.0,-1.0,-1.0,0,0,0,1,0
./datasets/Organised/20260306-handFlying-2/260857340.jpg,6,2,0,0.007032755298651252,0.0052986512524084775,0.0027938342967244703,0.06965317919075145,0.06820809248554913,1.0211714692657474,0.08439306358381503,0.04152215799614643,1729.1357512408997,0.0016377649325626203,0.13333333333333333,0.028901734104046242,0.0,0.0,0.0,-1.0,-1.0,-1.0,0,0,0,0,0
./datasets/Organised/20260306-handFlying-2/237257528.jpg,6,2,0,0.025144508670520233,0.0036608863198458576,0.0012524084778420038,0.049132947976878616,0.044701348747591525,1.099113343110988,0.05982658959537572,0.031021194605009635,4228.500578257432,0.01430635838150289,0.2,0.09826589595375723,0.0,0.0,0.016859344894026976,-1.0,-1.0,-1.0,0,0,0,0,0
./datasets/Organised/20260306-handFlying-2/244157490.jpg,8,2,2,0.21888246628131022,0.015510597302504817,0.005394990366088632,0.19431599229287091,0.2396917148362235,0.8106879361170511,0.26705202312138726,0.11300578034682081,7543.249360625701,0.151252408477842,0.85,0.7052023121387283,0.0,0.0,0.17196531791907516,-1.0,-1.0,-1.0,0,0,0,0,0
./datasets/Organised/20260306-handFlying-2/175158021.jpg,6,2,0,0.14152215799614642,0.011271676300578034,0.0036608863198458576,0.1644508670520231,0.1578034682080925,1.0421179382269847,0.1930635838150289,0.08092485549132948,4038.33189447433,0.09667630057803468,0.43333333333333335,0.32947976878612717,0.0,0.0,0.10057803468208093,-1.0,-1.0,-1.0,0,0,0,0,0
./datasets/Organised/20260306-handFlying-2/244324135.jpg,7,2,1,0.5179190751445086,0.013872832369942197,0.0056840077071290945,0.20385356454720616,0.21290944123314065,0.9574615663117383,0.25366088631984585,0.11146435452793835,7832.065727583058,0.5905105973025048,1.0,1.0,0.0,0.0,0.5132947976878612,-1.0,-1.0,-1.0,0,0,0,1,0
./datasets/Organised/20260306-handFlying-2/54025647.jpg,8,2,2,0.2661849710982659,0.011849710982658959,0.004913294797687861,0.18988439306358382,0.18776493256262042,1.0112824540216148,0.23044315992292871,0.09778420038535646,11009.730647532493,0.1733622350674374,0.65,0.32947976878612717,0.0,0.0,0.2430635838150289,-1.0,-1.0,-1.0,0,0,0,0,0
./datasets/Organised/20260306-handFlying-2/148391564.jpg,6,2,0,0.05192678227360308,0.0052986512524084775,0.0015414258188824663,0.06946050096339114,0.06685934489402698,1.0388893607037981,0.08314065510597303,0.03651252408477842,955.9499876652521,0.01844894026974952,0.4,0.09826589595375723,0.0,0.0,0.022157996146435453,-1.0,-1.0,-1.0,0,0,0,0,0
./datasets/Organised/20260306-handFlying-2/69458872.jpg,7,2,1,0.2720616570327553,0.0151252408477842,0.005202312138728324,0.19874759152215798,0.1989402697495183,0.9990264552568495,0.2464354527938343,0.11560693641618497,7691.274704680708,0.18757225433526012,1.0,0.34104046242774566,0.0,0.0,0.2001926782273603,-1.0,-1.0,-1.0,0,0,0,0,1
./datasets/Organised/20260306-handFlying-2/69458872.jpg,8,2,2,0.005202312138728324,0.005394990366088632,0.0027938342967244703,0.06194605009633911,0.05578034682080925,1.110515497148773,0.07495183044315992,0.04007707129094412,941.5013381298702,0.0034200385356454722,0.15,0.06358381502890173,0.0,0.0,0.0,-1.0,-1.0,-1.0,0,0,0,0,0
./datasets/Organised/20260306-handFlying-2/86792050.jpg,7,2,1,0.684393063583815,0.021098265895953757,0.006358381502890174,0.27870905587668593,0.251252408477842,1.1092747261228308,0.3307321772639692,0.1394990366088632,10055.247620804425,0.4230250481695568,0.8833333333333333,0.630057803468208,0.0,0.0,0.6741811175337187,-1.0,-1.0,-1.0,0,0,1,0,0
./datasets/Organised/20260306-handFlying-2/162458172.jpg,7,2,1,0.0007707129094412332,0.00028901734104046245,9.633911368015414e-05,0.003179190751445087,0.002890173410404624,1.0996195316420518,0.0035645472061657034,0.0012524084778420038,23.0009633911368,0.0003853564547206166,0.06666666666666667,0.017341040462427744,0.0,0.0,0.0,-1.0,-1.0,-1.0,0,0,0,0,0
./datasets/Organised/20260306-handFlying-2/153958174.jpg,7,2,1,0.02601156069364162,0.0024084778420038534,0.001445086705202312,0.033622350674373795,0.03709055876685934,0.9064690671456702,0.04816955684007707,0.02119460500963391,752.6628365928995,0.014884393063583815,0.16666666666666666,0.12138728323699421,0.0,0.0,0.0174373795761079,-1.0,-1.0,-1.0,0,0,0,0,0
./datasets/Organised/20260306-handFlying-2/224057641.jpg,8,2,2,0.14903660886319847,0.011078998073217727,0.0037572254335260114,0.15,0.1606936416184971,0.9334474285465777,0.19017341040462427,0.08304431599229287,5573.333006216564,0.12008670520231214,0.26666666666666666,0.6011560693641619,0.0,0.0,0.12447013487475915,-1.0,-1.0,-1.0,0,0,0,0,0
./datasets/Organised/20260306-handFlying-2/178958116.jpg,6,2,0,0.10240847784200385,0.013102119460500963,0.004335260115606936,0.17148362235067438,0.14595375722543352,1.1749094418745831,0.20173410404624278,0.0989402697495183,3358.0665155312013,0.0693159922928709,0.95,0.2254335260115607,0.0,0.0,0.0,-1.0,-1.0,-1.0,0,0,0,0,0
./datasets/Organised/20260306-handFlying-2/260690681.jpg,8,2,2,0.22283236994219655,0.015703275529865127,0.003371868978805395,0.18535645472061657,0.17938342967244703,1.0332917692972259,0.2183044315992293,0.09971098265895954,1833.895829565156,0.21315028901734104,1.0,0.34104046242774566,0.0,0.0,0.0,-1.0,-1.0,-1.0,0,0,0,0,1
./datasets/Organised/20260306-handFlying-2/217557706.jpg,7,2,1,0.05838150289017341,0.009248554913294798,0.0035645472061657034,0.1197495183044316,0.1163776493256262,1.0289646683333964,0.1405587668593449,0.06069364161849711,4125.429921555088,0.036753371868978806,0.4666666666666667,0.2138728323699422,0.0,0.0,0.0,-1.0,-1.0,-1.0,0,0,0,0,0
./datasets/Organised/20260306-handFlying-2/80958769.jpg,6,2,0,0.05789980732177264,0.013680154142581889,0.005009633911368015,0.17167630057803468,0.1688824662813102,1.0165370498262538,0.2071290944123314,0.08853564547206166,3991.2797448405668,0.01710019267822736,0.38333333333333336,0.10404624277456648,0.0,0.0,0.0,-1.0,-1.0,-1.0,0,0,0,0,0
./datasets/Organised/20260306-handFlying-2/59858935.jpg,7,2,1,0.5772639691714836,0.014258188824662813,0.005973025048169557,0.18670520231213872,0.1941233140655106,0.9617816460081957,0.23766859344894026,0.10433526011560694,11120.04803868229,0.46642581888246626,0.7,0.7687861271676301,0.0,0.0,0.5647398843930636,-1.0,-1.0,-1.0,0,0,1,0,0
./datasets/Organised/20260306-handFlying-2/217291018.jpg,7,2,1,0.04499036608863199,0.007514450867052023,0.0038535645472061657,0.1048169556840077,0.09730250481695568,1.0772166519714381,0.12138728323699421,0.05491329479768786,5054.12886995519,0.029479768786127167,0.36666666666666664,0.16184971098265896,0.0,0.0,0.0,-1.0,-1.0,-1.0,0,0,0,0,0
./datasets/Organised/20260306-handFlying-2/51259004.jpg,6,2,0,0.3019267822736031,0.012716763005780347,0.004913294797687861,0.16329479768786126,0.18458574181117535,0.8846507397313785,0.21117533718689788,0.09065510597302505,6375.563587258364,0.2536127167630058,0.5333333333333333,0.7109826589595376,0.0,0.0,0.27533718689788056,-1.0,-1.0,-1.0,0,0,0,1,0
./datasets/Organised/20260306-handFlying-2/184157947.jpg,6,2,0,0.2338150289017341,0.016666666666666666,0.0052986512524084775,0.22456647398843932,0.20510597302504818,1.094874887364335,0.26204238921001927,0.10857418111753372,6114.994754771477,0.14383429672447012,0.5166666666666667,0.5664739884393064,0.0,0.0,0.15308285163776494,-1.0,-1.0,-1.0,0,0,0,0,0
./datasets/Organised/20260306-handFlying-2/238424183.jpg,8,2,2,0.11965317919075144,0.011271676300578034,0.002601156069364162,0.15038535645472062,0.13680154142581888,1.0992877390093445,0.17321772639691715,0.07003853564547206,1782.6951191430828,0.06522157996146435,0.8166666666666667,0.2947976878612717,0.0,0.0,0.0,-1.0,-1.0,-1.0,0,0,0,0,1
./datasets/Organised/20260306-handFlying-2/281890509.jpg,6,2,0,0.2589595375722543,0.008188824662813102,0.0022157996146435453,0.09990366088631984,0.12475915221579961,0.8007657822789034,0.13709055876685936,0.05491329479768786,3874.2301562215766,0.21339113680154143,0.9,0.3352601156069364,0.0,0.0,0.22013487475915222,-1.0,-1.0,-1.0,0,0,0,0,0
./datasets/Organised/20260306-handFlying-2/274657243.jpg,6,2,0,0.0,0.0,9.633911368015414e-05,0.0009633911368015414,0.000674373795761079,1.4264561978095338,0.0010597302504816955,0.0001926782273603083,9.070486818804504,0.0,0.0,0.0,0.0,0.0,0.0,-1.0,-1.0,-1.0,0,0,0,0,0
./datasets/Organised/20260306-handFlying-2/212791066.jpg,8,2,2,0.13227360308285163,0.011175337186897881,0.003179190751445087,0.14720616570327552,0.13217726396917148,1.1136941981444775,0.17466281310211945,0.07447013487475915,1878.708766850064,0.07817919075144508,0.6833333333333333,0.1907514450867052,0.0,0.0,0.01763005780346821,-1.0,-1.0,-1.0,0,0,0,0,1
./datasets/Organised/20260306-handFlying-2/282357174.jpg,7,2,1,0.7007707129094413,0.009826589595375723,0.0035645472061657034,0.11502890173410404,0.19547206165703276,0.5884642147567525,0.1914258188824663,0.0779383429672447,3823.0042835729746,0.6791425818882466,0.95,1.0,0.0,0.0,0.7003853564547207,-1.0,-1.0,-1.0,0,0,0,1,0
./datasets/Organised/20260306-handFlying-2/91392017.jpg,7,2,1,0.01021194605009634,0.005780346820809248,0.005394990366088632,0.08015414258188824,0.08853564547206166,0.9053216569762791,0.10828516377649326,0.05606936416184971,1844.6831154008933,0.001445086705202312,0.03333333333333333,0.10982658959537572,0.0,0.0,0.009826589595375723,-1.0,-1.0,-1.0,0,0,0,0,0
./datasets/Organised/20260306-handFlying-2/65158928.jpg,6,2,0,0.011849710982658959,0.00510597302504817,0.0029865125240847784,0.07023121387283238,0.07244701348747591,0.9694015127823103,0.0848747591522158,0.04123314065510597,2555.9249408785977,0.0030346820809248553,0.16666666666666666,0.046242774566473986,0.0,0.0,0.001445086705202312,-1.0,-1.0,-1.0,0,0,0,0,0
./datasets/Organised/20260306-handFlying-2/253624064.jpg,6,2,0,0.07186897880539499,0.00394990366088632,0.0017341040462427746,0.07263969171483622,0.06666666666666667,1.0895790320370629,0.08477842003853564,0.03506743737957611,2754.4791961252745,0.05765895953757225,0.45,0.19653179190751446,0.0,0.0,0.0626204238921002,-1.0,-1.0,-1.0,0,0,0,0,0
./datasets/Organised/20260306-handFlying-2/273990567.jpg,6,2,0,0.001348747591522158,0.0004816955684007707,0.0003853564547206166,0.006262042389210019,0.006358381502890174,0.984693619397434,0.00789980732177264,0.0025048169556840076,87.09208883245904,0.0007707129094412332,0.08333333333333333,0.023121387283236993,0.0,0.0,0.0,-1.0,-1.0,-1.0,0,0,0,0,0
./datasets/Organised/20260306-handFlying-2/185024660.jpg,6,2,0,0.1777456647398844,0.01348747591522158,0.005009633911368015,0.17302504816955683,0.1789980732177264,0.9666253855912257,0.21290944123314065,0.09277456647398843,7390.017744736618,0.15467244701348748,0.55,0.6358381502890174,0.0,0.0,0.15173410404624277,-1.0,-1.0,-1.0,0,0,0,0,0
./datasets/Organised/20260306-handFlying-2/201057817.jpg,7,2,1,0.22225433526011562,0.00838150289017341,0.0032755298651252407,0.11290944123314066,0.1199421965317919,0.9413576134200584,0.14315992292870905,0.06117533718689788,4957.4162838996735,0.15929672447013488,0.65,0.5028901734104047,0.0,0.0,0.2163776493256262,-1.0,-1.0,-1.0,0,0,0,0,0
./datasets/Organised/20260306-handFlying-2/223191054.jpg,7,2,1,0.2811175337186898,0.023314065510597302,0.0064547206165703275,0.27601156069364163,0.30828516377649323,0.8953095958394987,0.3623314065510597,0.1596339113680154,10792.887796525853,0.1916184971098266,0.4,1.0,0.0,0.0,0.20809248554913296,-1.0,-1.0,-1.0,0,0,0,1,0
./datasets/Organised/20260306-handFlying-2/268823939.jpg,6,2,0,0.012620423892100193,0.0018304431599229288,0.000674373795761079,0.03198458574181118,0.02909441233140655,1.0992999644581753,0.03911368015414258,0.017822736030828516,519.4024960090734,0.0030828516377649326,0.16666666666666666,0.04046242774566474,0.0,0.0,0.004816955684007707,-1.0,-1.0,-1.0,0,0,0,0,0
./datasets/Organised/20260306-handFlying-2/185924644.jpg,6,2,0,0.15732177263969171,0.0068400770712909445,0.0025048169556840076,0.08786127167630058,0.07244701348747591,1.2127492176371288,0.10385356454720616,0.04450867052023121,3889.7262738109825,0.1153179190751445,0.5,0.4624277456647399,0.0,0.0,0.14884393063583815,-1.0,-1.0,-1.0,0,0,0,0,0
./datasets/Organised/20260306-handFlying-2/132025033.jpg,8,2,2,0.10491329479768786,0.00394990366088632,0.002119460500963391,0.041425818882466284,0.0636801541425819,0.6505192853401183,0.06897880539499036,0.027745664739884393,2665.1049129235485,0.08935452793834296,0.2,0.8034682080924855,0.0,0.0,0.10520231213872833,-1.0,-1.0,-1.0,0,0,0,1,0
./datasets/Organised/20260306-handFlying-2/53092318.jpg,8,2,2,0.11078998073217726,0.009826589595375723,0.003468208092485549,0.13015414258188826,0.13005780346820808,1.000733046215541,0.15789980732177264,0.07215799614643545,6176.605097053768,0.03834296724470135,0.2833333333333333,0.23121387283236994,0.0,0.0,0.06936416184971098,-1.0,-1.0,-1.0,0,0,0,0,0
./datasets/Organised/20260306-handFlying-2/181791302.jpg,6,2,0,0.1396917148362235,0.011657032755298651,0.004431599229287091,0.18034682080924855,0.16734104046242776,1.077713767029993,0.2117533718689788,0.09383429672447013,4912.908100801526,0.06199421965317919,0.8833333333333333,0.1676300578034682,0.0,0.0,0.03342967244701349,-1.0,-1.0,-1.0,0,0,0,0,0
./datasets/Organised/20260306-handFlying-2/139091675.jpg,7,2,1,0.0,0.0005780346820809249,0.0001926782273603083,0.003371868978805395,0.004142581888246628,0.8137570512048486,0.004913294797687861,0.0037572254335260114,190.15240847784202,0.0,0.0,0.0,0.0,0.0,0.0,-1.0,-1.0,-1.0,0,0,0,0,0
./datasets/Organised/20260306-handFlying-2/255790741.jpg,8,2,2,0.02283236994219653,0.004335260115606936,0.0025048169556840076,0.05491329479768786,0.05876685934489403,0.9344103292143979,0.06811175337186898,0.030154142581888248,837.2901973559649,0.013294797687861272,0.16666666666666666,0.1676300578034682,0.0,0.0,0.017148362235067438,-1.0,-1.0,-1.0,0,0,0,0,0
./datasets/Organised/20260306-handFlying-2/125925086.jpg,7,2,1,0.6605009633911368,0.03747591522157996,0.007707129094412331,0.43314065510597305,0.419364161849711,1.0328484445286346,0.5119460500963391,0.22119460500963392,5405.79688651104,0.6660886319845858,1.0,1.0,0.0,0.0,0.6573217726396917,-1.0,-1.0,-1.0,0,0,0,1,0
./datasets/Organised/20260306-handFlying-2/258690723.jpg,6,2,0,0.001445086705202312,0.0025048169556840076,0.0012524084778420038,0.03786127167630058,0.02842003853564547,1.3321565159842852,0.04421965317919075,0.021483622350674372,583.5312058538542,0.0008188824662813102,0.06666666666666667,0.03468208092485549,0.0,0.0,0.0,-1.0,-1.0,-1.0,0,0,0,0,0
./datasets/Organised/20260306-handFlying-2/52792325.jpg,7,2,1,0.9683044315992293,0.010597302504816955,0.004624277456647399,0.1642581888246628,0.1800578034682081,0.9122474750514761,0.20626204238921003,0.09152215799614644,11203.625293156769,0.9503371868978805,1.0,1.0,0.0,0.0,0.9696531791907514,-1.0,-1.0,-1.0,0,0,0,1,0
./datasets/Organised/20260306-handFlying-2/193624534.jpg,7,2,1,0.34566473988439306,0.009248554913294798,0.003371868978805395,0.12842003853564546,0.14547206165703275,0.88277538860362,0.1701348747591522,0.07129094412331406,5938.4257615152155,0.31184971098265896,0.6666666666666666,0.6416184971098265,0.0,0.0,0.33651252408477844,-1.0,-1.0,-1.0,0,0,0,1,0
./datasets/Organised/20260306-handFlying-2/117158487.jpg,6,2,0,0.17755298651252407,0.008959537572254336,0.004142581888246628,0.1270712909441233,0.13554913294797688,0.9374486633140545,0.1596339113680154,0.06994219653179191,5560.552691471668,0.15553949903660885,0.5166666666666667,0.5491329479768786,0.0,0.0,0.16695568400770713,-1.0,-1.0,-1.0,0,0,0,0,0
./datasets/Organised/20260306-handFlying-2/269390605.jpg,8,2,2,0.002601156069364162,0.002890173410404624,0.0025048169556840076,0.04373795761078998,0.042196531791907514,1.036505116613903,0.05163776493256262,0.025529865125240848,533.5949820037049,0.0010597302504816955,0.08333333333333333,0.028901734104046242,0.0,0.0,0.0,-1.0,-1.0,-1.0,0,0,0,0,0
./datasets/Organised/20260306-handFlying-2/198524500.jpg,7,2,1,0.2678227360308285,0.00953757225433526,0.0037572254335260114,0.13333333333333333,0.15732177263969171,0.8475145148801809,0.18179190751445087,0.07957610789980732,7171.185611465654,0.19816955684007706,0.5833333333333334,0.5202312138728323,0.0,0.0,0.26059730250481694,-1.0,-1.0,-1.0,0,0,0,0,0
./datasets/Organised/20260306-handFlying-2/236957549.jpg,8,2,2,0.09402697495183045,0.006936416184971098,0.0023121387283236996,0.09980732177263969,0.11551059730250482,0.8640458975843062,0.13988439306358383,0.05722543352601156,1706.5555864063467,0.03819845857418112,0.5333333333333333,0.21965317919075145,0.0,0.0,0.035452793834296725,-1.0,-1.0,-1.0,0,0,0,0,0
./datasets/Organised/20260306-handFlying-2/224657627.jpg,8,2,2,0.10606936416184971,0.0064547206165703275,0.0030828516377649326,0.09730250481695568,0.10934489402697495,0.8898597033094975,0.12591522157996146,0.05308285163776493,4557.305470019788,0.08829479768786128,0.3333333333333333,0.5317919075144508,0.0,0.0,0.09797687861271677,-1.0,-1.0,-1.0,0,0,0,0,0
./datasets/Organised/20260306-handFlying-2/198991164.jpg,8,2,2,0.30366088631984584,0.016377649325626204,0.005202312138728324,0.22167630057803467,0.24007707129094413,0.9233508890922034,0.27890173410404623,0.11840077071290944,9710.38384532282,0.3317437379576108,0.7166666666666667,0.6127167630057804,0.0,0.0,0.2821772639691715,-1.0,-1.0,-1.0,0,0,0,0,0
./datasets/Organised/20260306-handFlying-2/197491199.jpg,8,2,2,0.44547206165703274,0.016184971098265895,0.00510597302504817,0.24836223506743738,0.27572254335260116,0.9007654262945057,0.3132947976878613,0.12716763005780346,12481.554288259993,0.43270712909441233,0.8833333333333333,0.6647398843930635,0.0,0.0,0.44248554913294796,-1.0,-1.0,-1.0,0,0,0,1,0
./datasets/Organised/20260306-handFlying-2/262091215.jpg,7,2,1,0.006647398843930636,0.005876685934489403,0.0032755298651252407,0.07292870905587669,0.07379576107899807,0.988237261223536,0.08911368015414259,0.048843930635838154,2134.9420431595518,0.0015414258188824663,0.08333333333333333,0.04046242774566474,0.0,0.0,0.0,-1.0,-1.0,-1.0,0,0,0,0,0
./datasets/Organised/20260306-handFlying-2/73558837.jpg,8,2,2,0.3401734104046243,0.007321772639691715,0.003179190751445087,0.12350674373795761,0.10086705202312139,1.224438672709243,0.12572254335260116,0.05558766859344894,2566.3828744602974,0.2983140655105973,1.0,0.5375722543352601,0.0,0.0,0.02813102119460501,-1.0,-1.0,-1.0,0,0,0,0,0
./datasets/Organised/20260306-handFlying-2/201791167.jpg,6,2,0,0.15635838150289016,0.019364161849710983,0.0056840077071290945,0.24836223506743738,0.2564547206165703,0.9684410020970693,0.3069364161849711,0.13545279383429673,11148.864230011028,0.08723506743737958,0.5166666666666667,0.5086705202312138,0.0,0.0,0.10597302504816955,-1.0,-1.0,-1.0,0,0,0,0,0
./datasets/Organised/20260306-handFlying-2/224357637.jpg,8,2,2,0.14383429672447012,0.007707129094412331,0.003179190751445087,0.11897880539499037,0.14807321772639692,0.8035079112478082,0.16984585741811176,0.074373795761079,5625.191045799133,0.11859344894026976,0.4,0.5606936416184971,0.0,0.0,0.12803468208092486,-1.0,-1.0,-1.0,0,0,0,0,0
./datasets/Organised/20260306-handFlying-2/263323985.jpg,6,2,0,0.007418111753371869,0.005394990366088632,0.0030828516377649326,0.06782273603082851,0.0651252408477842,1.0414041275520058,0.0802504816955684,0.03892100192678227,1558.2163502140252,0.0022157996146435453,0.08333333333333333,0.057803468208092484,0.0,0.0,0.0,-1.0,-1.0,-1.0,0,0,0,0,0
./datasets/Organised/20260306-handFlying-2/221757650.jpg,8,2,2,0.26213872832369944,0.009248554913294798,0.0032755298651252407,0.12061657032755299,0.13420038535645473,0.8987729151020396,0.15327552986512524,0.06570327552986513,3473.4718911052455,0.14007707129094413,0.5,0.4797687861271676,0.0,0.0,0.2615606936416185,-1.0,-1.0,-1.0,0,0,0,0,0
./datasets/Organised/20260306-handFlying-2/63792252.jpg,7,2,1,0.26377649325626207,0.013776493256262042,0.00510597302504817,0.203757225433526,0.19614643545279384,1.038796275684999,0.2418111753371869,0.10183044315992293,11437.215189689672,0.16040462427745664,0.45,0.6127167630057804,0.0,0.0,0.20308285163776493,-1.0,-1.0,-1.0,0,0,0,0,0
./datasets/Organised/20260306-handFlying-2/195791196.jpg,8,2,2,0.33198458574181117,0.016377649325626204,0.0045279383429672445,0.20154142581888246,0.23564547206165704,0.8552702871195501,0.26926782273603084,0.1092485549132948,10189.003376091936,0.2846820809248555,0.6666666666666666,0.7109826589595376,0.0,0.0,0.29383429672447015,-1.0,-1.0,-1.0,0,0,0,0,0
./datasets/Organised/20260306-handFlying-2/210191077.jpg,6,2,0,0.007129094412331407,0.0032755298651252407,0.0025048169556840076,0.05616570327552987,0.055491329479768786,1.0121345382699527,0.06570327552986513,0.029383429672447014,1260.6879997104256,0.0009633911368015414,0.18333333333333332,0.017341040462427744,0.0,0.0,9.633911368015414e-05,-1.0,-1.0,-1.0,0,0,0,0,0
./datasets/Organised/20260306-handFlying-2/62258946.jpg,7,2,1,0.25780346820809247,0.013969171483622351,0.005394990366088632,0.16955684007707128,0.17822736030828518,0.9513460135288537,0.2130057803468208,0.09556840077071291,9774.776992734656,0.15746628131021195,0.4,0.5202312138728323,0.0,0.0,0.22389210019267822,-1.0,-1.0,-1.0,0,0,0,0,0
./datasets/Organised/20260306-handFlying-2/207424459.jpg,8,2,2,0.2591522157996146,0.014739884393063583,0.00510597302504817,0.19971098265895953,0.21223506743737958,0.9409851259983623,0.2571290944123314,0.10905587668593449,6181.699919773093,0.177504816955684,0.8666666666666667,0.2947976878612717,0.0,0.0,0.060789980732177264,-1.0,-1.0,-1.0,0,0,0,0,0
./datasets/Organised/20260306-handFlying-2/199724485.jpg,8,2,2,0.320616570327553,0.016088631984585742,0.004431599229287091,0.22552986512524084,0.23179190751445086,0.9729800085068627,0.27552986512524086,0.11483622350674373,9830.14920864565,0.3148843930635838,0.8333333333333334,0.5606936416184971,0.0,0.0,0.3042389210019268,-1.0,-1.0,-1.0,0,0,0,1,0
./datasets/Organised/20260306-handFlying-2/157324869.jpg,6,2,0,0.0012524084778420038,0.0023121387283236996,0.0007707129094412332,0.018689788053949902,0.01676300578034682,1.1148760206144024,0.023603082851637765,0.015510597302504817,431.4554907354814,0.000674373795761079,0.08333333333333333,0.017341040462427744,0.0,0.0,0.0,-1.0,-1.0,-1.0,0,0,0,0,0
./datasets/Organised/20260306-handFlying-2/281890509.jpg,7,2,1,0.5584778420038535,0.008959537572254336,0.0036608863198458576,0.09547206165703276,0.11955684007707129,0.7985428776187996,0.130635838150289,0.057321772639691716,4462.16744892542,0.5423410404624277,0.8166666666666667,1.0,0.0,0.0,0.5578034682080925,-1.0,-1.0,-1.0,0,0,0,1,0
./datasets/Organised/20260306-handFlying-2/47059036.jpg,8,2,2,0.0029865125240847784,0.0025048169556840076,0.0011560693641618498,0.029865125240847785,0.030732177263969172,0.9717552137331706,0.03603082851637765,0.015510597302504817,477.28439302645893,0.002071290944123314,0.15,0.028901734104046242,0.0,0.0,0.0,-1.0,-1.0,-1.0,0,0,0,0,0
./datasets/Organised/20260306-handFlying-2/82725421.jpg,6,2,0,0.15202312138728324,0.017822736030828516,0.005202312138728324,0.22591522157996147,0.21589595375722542,1.0464030068437256,0.2617533718689788,0.11146435452793835,6585.879453029578,0.12133911368015414,0.8833333333333333,0.35260115606936415,0.0,0.0,0.0,-1.0,-1.0,-1.0,0,0,0,0,0
./datasets/Organised/20260306-handFlying-2/98591980.jpg,7,2,1,0.6499036608863199,0.020134874759152217,0.005394990366088632,0.2571290944123314,0.2840077071290944,0.905356378019266,0.3267822736030829,0.13901734104046243,6281.0338026941545,0.559971098265896,1.0,1.0,0.0,0.0,0.583140655105973,-1.0,-1.0,-1.0,0,0,0,1,0
./datasets/Organised/20260306-handFlying-2/198824510.jpg,6,2,0,0.024084778420038536,0.0023121387283236996,0.0017341040462427746,0.02842003853564547,0.02601156069364162,1.0925505900921288,0.03304431599229287,0.01724470134874759,1607.052352196495,0.020857418111753373,0.4166666666666667,0.09248554913294797,0.0,0.0,0.024373795761079,-1.0,-1.0,-1.0,0,0,0,0,0
./datasets/Organised/20260306-handFlying-2/201624477.jpg,6,2,0,0.1590558766859345,0.01907514450867052,0.005973025048169557,0.26310211946050094,0.26011560693641617,1.0114775929120687,0.3179190751445087,0.13959537572254335,10806.490944643063,0.09185934489402697,0.5166666666666667,0.5028901734104047,0.0,0.0,0.10876685934489402,-1.0,-1.0,-1.0,0,0,0,0,0
./datasets/Organised/20260306-handFlying-2/220724333.jpg,7,2,1,0.32129094412331405,0.022254335260115606,0.0060693641618497106,0.27822736030828515,0.30115606936416184,0.9238612956877003,0.3535645472061657,0.15173410404624277,9215.245957757432,0.19908477842003855,0.4166666666666667,0.9190751445086706,0.0,0.0,0.22263969171483622,-1.0,-1.0,-1.0,0,0,0,1,0
./datasets/Organised/20260306-handFlying-2/116558479.jpg,7,2,1,0.8447013487475915,0.02630057803468208,0.005876685934489403,0.3469171483622351,0.32928709055876687,1.0535368824713751,0.4144508670520231,0.17591522157996145,10958.969960536233,0.8847784200385357,1.0,1.0,0.0,0.0,0.8405587668593449,-1.0,-1.0,-1.0,0,0,0,1,0
./datasets/Organised/20260306-handFlying-2/139658323.jpg,6,2,0,0.0,0.0,0.0,0.0,0.0,0.0,0.0,0.0,0.0,0.0,0.0,0.0,0.0,0.0,0.0,-1.0,-1.0,-1.0,0,0,0,0,0
./datasets/Organised/20260306-handFlying-2/167991412.jpg,6,2,0,0.0,0.0001926782273603083,0.00028901734104046245,0.002890173410404624,0.0025048169556840076,1.1533856867911965,0.003371868978805395,0.001348747591522158,185.46300578034683,0.0,0.0,0.0,0.0,0.0,0.0,-1.0,-1.0,-1.0,0,0,0,0,0
./datasets/Organised/20260306-handFlying-2/281457178.jpg,8,2,2,0.2746628131021195,0.013198458574181117,0.00394990366088632,0.17957610789980732,0.20173410404624278,0.8901579561415546,0.2252408477842004,0.09739884393063585,8244.627287497076,0.17803468208092485,0.65,0.5780346820809249,0.0,0.0,0.1907514450867052,-1.0,-1.0,-1.0,0,0,0,0,0
./datasets/Organised/20260306-handFlying-2/41225745.jpg,6,2,0,0.6789980732177264,0.013391136801541427,0.004720616570327553,0.18545279383429672,0.18940269749518304,0.9791403034199646,0.2342003853564547,0.09450867052023121,8672.791877294783,0.6752408477842003,0.9333333333333333,0.9017341040462428,0.0,0.0,0.6701348747591522,-1.0,-1.0,-1.0,0,0,1,0,0
./datasets/Organised/20260306-handFlying-2/253757396.jpg,8,2,2,0.0405587668593449,0.0037572254335260114,0.002023121387283237,0.07177263969171484,0.06753371868978805,1.0627517384264695,0.08680154142581888,0.038439306358381505,948.1172642940146,0.01103082851637765,0.38333333333333336,0.12716763005780346,0.0,0.0,0.0024084778420038534,-1.0,-1.0,-1.0,0,0,0,0,0
./datasets/Organised/20260306-handFlying-2/260557352.jpg,6,2,0,0.005009633911368015,0.0056840077071290945,0.0030828516377649326,0.073121387283237,0.06926782273603083,1.0556175837127693,0.08959537572254335,0.047302504816955686,1910.8059910677491,0.0005780346820809249,0.08333333333333333,0.017341040462427744,0.0,0.0,0.0,-1.0,-1.0,-1.0,0,0,0,0,0
./datasets/Organised/20260306-handFlying-2/228791022.jpg,6,2,0,0.14441233140655105,0.01464354527938343,0.003179190751445087,0.1813102119460501,0.15626204238921002,1.1602885056752843,0.2081888246628131,0.09383429672447013,2121.0949840919807,0.12244701348747591,1.0,0.32947976878612717,0.0,0.0,0.0,-1.0,-1.0,-1.0,0,0,0,0,1
./datasets/Organised/20260306-handFlying-2/263457318.jpg,6,2,0,0.0056840077071290945,0.0032755298651252407,0.0018304431599229288,0.035452793834296725,0.039210019267822735,0.9041538449215963,0.04441233140655106,0.02302504816955684,856.6052023121388,0.0018304431599229288,0.13333333333333333,0.04046242774566474,0.0,0.0,0.0,-1.0,-1.0,-1.0,0,0,0,0,0
./datasets/Organised/20260306-handFlying-2/214957706.jpg,7,2,1,0.1592485549132948,0.01001926782273603,0.002890173410404624,0.12610789980732176,0.14219653179190753,0.8868501317721084,0.16146435452793834,0.06666666666666667,3034.830170700287,0.06584778420038535,0.25,0.43352601156069365,0.0,0.0,0.09161849710982659,-1.0,-1.0,-1.0,0,0,0,0,0
./datasets/Organised/20260306-handFlying-2/63192248.jpg,7,2,1,0.2151252408477842,0.01069364161849711,0.00394990366088632,0.16156069364161849,0.16184971098265896,0.9982081182141267,0.1960500963391137,0.08535645472061656,7158.134087005912,0.10158959537572254,0.7333333333333333,0.2947976878612717,0.0,0.0,0.09460500963391137,-1.0,-1.0,-1.0,0,0,0,0,1
./datasets/Organised/20260306-handFlying-2/66625546.jpg,8,2,2,0.14922928709055877,0.009248554913294798,0.0037572254335260114,0.12591522157996146,0.10847784200385356,1.1607353033459602,0.14710982658959537,0.06946050096339114,1934.379888736677,0.1461946050096339,0.8833333333333333,0.3236994219653179,0.0,0.0,0.0,-1.0,-1.0,-1.0,0,0,0,0,0
./datasets/Organised/20260306-handFlying-2/281757174.jpg,6,2,0,0.38497109826589593,0.010789980732177264,0.0025048169556840076,0.12899807321772638,0.1508670520231214,0.8550390323721863,0.16618497109826588,0.06955684007707129,5175.741888571471,0.3758670520231214,0.7166666666666667,0.7398843930635838,0.0,0.0,0.37533718689788054,-1.0,-1.0,-1.0,0,0,0,1,0
./datasets/Organised/20260306-handFlying-2/200457822.jpg,8,2,2,0.08121387283236994,0.00510597302504817,0.002119460500963391,0.06618497109826589,0.07495183044315992,0.8830216378347033,0.08853564547206166,0.039884393063583816,1218.5586411080299,0.06059730250481696,0.36666666666666664,0.35260115606936415,0.0,0.0,0.0802504816955684,-1.0,-1.0,-1.0,0,0,0,0,0
./datasets/Organised/20260306-handFlying-2/154591533.jpg,6,2,0,0.0004816955684007707,0.0019267822736030828,0.0011560693641618498,0.021965317919075144,0.02138728323699422,1.0269790088193174,0.026685934489402697,0.013680154142581889,870.1780039705078,0.0001926782273603083,0.05,0.017341040462427744,0.0,0.0,0.0,-1.0,-1.0,-1.0,0,0,0,0,0
./datasets/Organised/20260306-handFlying-2/111491862.jpg,6,2,0,0.0,0.0,0.0,0.0,0.0,0.0,0.0,0.0,0.0,0.0,0.0,0.0,0.0,0.0,0.0,-1.0,-1.0,-1.0,0,0,0,0,0
./datasets/Organised/20260306-handFlying-2/113391844.jpg,8,2,2,0.5739884393063583,0.007707129094412331,0.003468208092485549,0.12591522157996146,0.13285163776493256,0.9477811182247954,0.1619460500963391,0.06888246628131021,3453.7906165332024,0.498121387283237,1.0,0.5606936416184971,0.0,0.0,0.5133911368015415,-1.0,-1.0,-1.0,0,0,1,0,0
./datasets/Organised/20260306-handFlying-2/285257166.jpg,6,2,0,0.0,0.00028901734104046245,0.0003853564547206166,0.002697495183044316,0.0030828516377649326,0.8747162639118936,0.0038535645472061657,0.002119460500963391,139.202940477649,0.0,0.0,0.0,0.0,0.0,0.0,-1.0,-1.0,-1.0,0,0,0,0,0
./datasets/Organised/20260306-handFlying-2/240657500.jpg,7,2,1,0.021098265895953757,0.006936416184971098,0.003179190751445087,0.10192678227360308,0.10163776493256262,1.0028337351524446,0.1254335260115607,0.0523121387283237,1309.3140229933063,0.005876685934489403,0.2,0.07514450867052024,0.0,0.0,0.0,-1.0,-1.0,-1.0,0,0,0,0,0
./datasets/Organised/20260306-handFlying-2/224524291.jpg,6,2,0,0.002601156069364162,0.0009633911368015414,0.0009633911368015414,0.01676300578034682,0.016666666666666666,1.0057200036205918,0.020616570327552985,0.011464354527938344,856.2362862106984,0.0012042389210019267,0.15,0.017341040462427744,0.0,0.0,0.0,-1.0,-1.0,-1.0,0,0,0,0,0
./datasets/Organised/20260306-handFlying-2/183424643.jpg,8,2,2,0.23458574181117534,0.0151252408477842,0.004720616570327553,0.19672447013487476,0.19585741811175336,1.0044218269067569,0.24113680154142583,0.10375722543352602,5149.650248885326,0.14041425818882466,0.55,0.4797687861271676,0.0,0.0,0.20211946050096338,-1.0,-1.0,-1.0,0,0,0,0,0
./datasets/Organised/20260306-handFlying-2/214257706.jpg,6,2,0,0.09836223506743738,0.014161849710982659,0.004720616570327553,0.1745664739884393,0.16502890173410403,1.057786935301583,0.20635838150289018,0.09508670520231213,5730.924835295384,0.047784200385356454,0.8,0.14450867052023122,0.0,0.0,0.0,-1.0,-1.0,-1.0,0,0,0,0,0
./datasets/Organised/20260306-handFlying-2/204624452.jpg,6,2,0,0.17177263969171483,0.012909441233140655,0.00394990366088632,0.15019267822736032,0.1590558766859345,0.9442702595243527,0.18526011560693642,0.07630057803468208,4399.1143387869815,0.07090558766859345,0.85,0.1791907514450867,0.0,0.0,0.07639691714836223,-1.0,-1.0,-1.0,0,0,0,0,0
./datasets/Organised/20260306-handFlying-2/192624656.jpg,8,2,2,0.20105973025048168,0.00674373795761079,0.002890173410404624,0.08622350674373795,0.10308285163776493,0.8364404838764274,0.11647398843930636,0.055876685934489405,2492.698571025501,0.18294797687861272,0.5833333333333334,0.5375722543352601,0.0,0.0,0.19797687861271676,-1.0,-1.0,-1.0,0,0,0,0,0
./datasets/Organised/20260306-handFlying-2/282657165.jpg,7,2,1,0.33053949903660884,0.012427745664739885,0.004913294797687861,0.14210019267822735,0.20915221579961465,0.6794071615631795,0.22273603082851637,0.0907514450867052,4007.479276834805,0.13545279383429673,0.8,0.24277456647398843,0.0,0.0,0.274373795761079,-1.0,-1.0,-1.0,0,0,0,0,0
./datasets/Organised/20260306-handFlying-2/73725493.jpg,6,2,0,0.1556840077071291,0.012716763005780347,0.004046242774566474,0.15163776493256262,0.16840077071290943,0.9004523188243311,0.20057803468208094,0.08294797687861272,3279.2808585040157,0.06286127167630058,0.3333333333333333,0.47398843930635837,0.0,0.0,0.07697495183044316,-1.0,-1.0,-1.0,0,0,0,0,0
./datasets/Organised/20260306-handFlying-2/208291090.jpg,8,2,2,0.011657032755298651,0.0045279383429672445,0.0023121387283236996,0.04759152215799615,0.05009633911368015,0.9499810369169939,0.06396917148362236,0.034007707129094414,1511.6970630492165,0.0072254335260115606,0.13333333333333333,0.10982658959537572,0.0,0.0,0.0003853564547206166,-1.0,-1.0,-1.0,0,0,0,0,0
./datasets/Organised/20260306-handFlying-2/81692097.jpg,7,2,1,0.13198458574181118,0.012620423892100193,0.004142581888246628,0.16907514450867053,0.16329479768786126,1.035391889458518,0.20809248554913296,0.08477842003853564,2800.4305428031525,0.04267822736030828,0.2833333333333333,0.3179190751445087,0.0,0.0,0.055202312138728324,-1.0,-1.0,-1.0,0,0,0,0,1
./datasets/Organised/20260306-handFlying-2/111258525.jpg,8,2,2,0.2955684007707129,0.0045279383429672445,0.002601156069364162,0.06753371868978805,0.06994219653179191,0.9655509333075926,0.07745664739884393,0.030924855491329478,783.1894350982511,0.28078034682080927,1.0,0.4161849710982659,0.0,0.0,0.2930635838150289,-1.0,-1.0,-1.0,0,0,0,0,0
./datasets/Organised/20260306-handFlying-2/180657971.jpg,8,2,2,0.14036608863198458,0.015510597302504817,0.0038535645472061657,0.18709055876685934,0.1735067437379576,1.0782836243286948,0.22119460500963392,0.09017341040462427,5454.168484403829,0.06165703275529865,0.4,0.21965317919075145,0.0,0.0,0.0,-1.0,-1.0,-1.0,0,0,0,0,0
./datasets/Organised/20260306-handFlying-2/153558199.jpg,8,2,2,0.06329479768786127,0.005202312138728324,0.0025048169556840076,0.07697495183044316,0.10096339113680154,0.7623970289301906,0.1159922928709056,0.049229287090558765,1253.2998423212712,0.019701348747591524,0.11666666666666667,0.3236994219653179,0.0,0.0,0.039595375722543354,-1.0,-1.0,-1.0,0,0,0,0,0
./datasets/Organised/20260306-handFlying-2/44259058.jpg,7,2,1,0.5804431599229287,0.016859344894026976,0.004913294797687861,0.24942196531791908,0.23709055876685933,1.052006940336432,0.2861271676300578,0.1197495183044316,11062.067435254174,0.5759633911368015,1.0,0.7572254335260116,0.0,0.0,0.5765895953757225,-1.0,-1.0,-1.0,0,0,1,0,0
./datasets/Organised/20260306-handFlying-2/136524997.jpg,8,2,2,0.07052023121387284,0.00953757225433526,0.003179190751445087,0.12360308285163776,0.11917148362235068,1.0371780388778953,0.15038535645472062,0.06820809248554913,2555.724656678213,0.041666666666666664,0.7,0.16184971098265896,0.0,0.0,0.007514450867052023,-1.0,-1.0,-1.0,0,0,0,0,0
./datasets/Organised/20260306-handFlying-2/55558967.jpg,8,2,2,0.1804431599229287,0.011078998073217727,0.00394990366088632,0.16753371868978806,0.14797687861271677,1.1321538074501813,0.19344894026974951,0.08554913294797688,8549.985961404955,0.14865125240847785,0.5666666666666667,0.44508670520231214,0.0,0.0,0.15684007707129094,-1.0,-1.0,-1.0,0,0,0,0,0
./datasets/Organised/20260306-handFlying-2/77992127.jpg,7,2,1,0.08863198458574181,0.010308285163776493,0.0027938342967244703,0.1428709055876686,0.13265895953757226,1.0769708213818985,0.16493256262042388,0.06628131021194605,2266.6487978957607,0.043015414258188826,0.5333333333333333,0.2254335260115607,0.0,0.0,0.0,-1.0,-1.0,-1.0,0,0,0,0,0
./datasets/Organised/20260306-handFlying-2/153258192.jpg,8,2,2,0.005876685934489403,0.002023121387283237,0.0019267822736030828,0.029479768786127167,0.028516377649325627,1.0337475327723304,0.035452793834296725,0.01560693641618497,462.0326366753168,0.0018304431599229288,0.11666666666666667,0.03468208092485549,0.0,0.0,0.0,-1.0,-1.0,-1.0,0,0,0,0,0
./datasets/Organised/20260306-handFlying-2/74025485.jpg,6,2,0,0.12157996146435453,0.01348747591522158,0.003371868978805395,0.1722543352601156,0.1747591522157996,0.9856613940654518,0.20934489402697495,0.08959537572254335,3406.886890186405,0.021772639691714835,0.26666666666666666,0.19653179190751446,0.0,0.0,0.02138728323699422,-1.0,-1.0,-1.0,0,0,0,0,0
./datasets/Organised/20260306-handFlying-2/45725710.jpg,8,2,2,0.0009633911368015414,0.0022157996146435453,0.0018304431599229288,0.026107899807321772,0.027360308285163778,0.9541904771227022,0.031791907514450865,0.014450867052023121,380.2148831029733,0.0001926782273603083,0.05,0.017341040462427744,0.0,0.0,0.0,-1.0,-1.0,-1.0,0,0,0,0,0
./datasets/Organised/20260306-handFlying-2/182691296.jpg,6,2,0,0.23285163776493256,0.018015414258188825,0.005876685934489403,0.2543352601156069,0.2396917148362235,1.0610888206985696,0.30973025048169556,0.12745664739884394,5973.0916383218055,0.11213872832369942,0.48333333333333334,0.37572254335260113,0.0,0.0,0.12080924855491329,-1.0,-1.0,-1.0,0,0,0,0,0
./datasets/Organised/20260306-handFlying-2/214524387.jpg,8,2,2,0.23911368015414258,0.005780346820809248,0.0027938342967244703,0.08410404624277457,0.098747591522158,0.8516986920659282,0.10944123314065511,0.04653179190751445,1749.547562416237,0.225,0.5666666666666667,0.5722543352601156,0.0,0.0,0.23815028901734103,-1.0,-1.0,-1.0,0,0,0,0,0
./datasets/Organised/20260306-handFlying-2/93558664.jpg,7,2,1,0.20308285163776493,0.016473988439306357,0.005394990366088632,0.20009633911368016,0.1955684007707129,1.023147477699104,0.2340077071290944,0.10317919075144509,6126.24832224227,0.16864161849710982,1.0,0.6473988439306358,0.0,0.0,0.0,-1.0,-1.0,-1.0,0,0,0,0,1
./datasets/Organised/20260306-handFlying-2/163324795.jpg,6,2,0,0.023121387283236993,0.0025048169556840076,0.0005780346820809249,0.037283236994219655,0.034393063583815026,1.08400209540126,0.04460500963391137,0.019267822736030827,669.1673053170282,0.011753371868978806,0.45,0.05202312138728324,0.0,0.0,0.0,-1.0,-1.0,-1.0,0,0,0,0,0
./datasets/Organised/20260306-handFlying-2/115225159.jpg,8,2,2,0.8312138728323699,0.023892100192678227,0.0076107899807321775,0.3557803468208092,0.339980732177264,1.046469010385852,0.4251445086705202,0.1815028901734104,11981.14606913213,0.866907514450867,1.0,1.0,0.0,0.0,0.8313102119460501,-1.0,-1.0,-1.0,0,0,0,1,0
./datasets/Organised/20260306-handFlying-2/235757545.jpg,7,2,1,0.38371868978805396,0.009922928709055878,0.003179190751445087,0.1245664739884393,0.20211946050096338,0.6162981900976104,0.20770712909441233,0.08439306358381503,4226.431545620932,0.3619942196531792,0.48333333333333334,1.0,0.0,0.0,0.3815028901734104,-1.0,-1.0,-1.0,0,0,0,1,0
./datasets/Organised/20260306-handFlying-2/74492150.jpg,6,2,0,0.12620423892100194,0.01348747591522158,0.004046242774566474,0.1894990366088632,0.17976878612716762,1.0541206099828877,0.22533718689788054,0.09325626204238921,3380.9533076800276,0.053516377649325625,0.5333333333333333,0.26011560693641617,0.0,0.0,0.0,-1.0,-1.0,-1.0,0,0,0,0,1
./datasets/Organised/20260306-handFlying-2/74025485.jpg,7,2,1,0.2058766859344894,0.013872832369942197,0.00394990366088632,0.14710982658959537,0.2026974951830443,0.7257568757811926,0.22119460500963392,0.09267822736030829,4459.1338338141,0.08049132947976878,0.2833333333333333,0.4508670520231214,0.0,0.0,0.16599229287090558,-1.0,-1.0,-1.0,0,0,0,0,0
./datasets/Organised/20260306-handFlying-2/151924924.jpg,7,2,1,0.10741811175337188,0.004046242774566474,0.001445086705202312,0.0394990366088632,0.06242774566473988,0.63270591437131,0.06695568400770713,0.029576107899807323,1028.867601508756,0.09648362235067437,0.31666666666666665,0.5433526011560693,0.0,0.0,0.0,-1.0,-1.0,-1.0,0,0,0,0,0
./datasets/Organised/20260306-handFlying-2/282223839.jpg,8,2,2,0.23304431599229286,0.0060693641618497106,0.0025048169556840076,0.0928709055876686,0.11242774566473988,0.8260423527681048,0.12427745664739884,0.050289017341040465,3175.813045838113,0.21729287090558766,0.7,0.5260115606936416,0.0,0.0,0.2295761078998073,-1.0,-1.0,-1.0,0,0,0,0,0
./datasets/Organised/20260306-handFlying-2/260124053.jpg,8,2,2,0.2136801541425819,0.01859344894026975,0.0045279383429672445,0.23044315992292871,0.21647398843930635,1.0645255675231906,0.27533718689788056,0.12052023121387283,2349.468514781279,0.1295761078998073,0.8166666666666667,0.28901734104046245,0.0,0.0,0.0,-1.0,-1.0,-1.0,0,0,0,0,0
./datasets/Organised/20260306-handFlying-2/283657180.jpg,6,2,0,0.0004816955684007707,0.0007707129094412332,0.0005780346820809249,0.011657032755298651,0.010500963391136802,1.109986039861525,0.013294797687861272,0.005491329479768786,265.75507029599675,0.0001926782273603083,0.05,0.017341040462427744,0.0,0.0,0.0,-1.0,-1.0,-1.0,0,0,0,0,0
./datasets/Organised/20260306-handFlying-2/259124060.jpg,8,2,2,0.14470134874759152,0.015510597302504817,0.00394990366088632,0.1964354527938343,0.1684971098265896,1.1658021149079743,0.2264932562620424,0.09961464354527938,2218.921547022397,0.05409441233140655,0.48333333333333334,0.24855491329479767,0.0,0.0,0.0,-1.0,-1.0,-1.0,0,0,0,0,1
./datasets/Organised/20260306-handFlying-2/147658237.jpg,6,2,0,0.004142581888246628,0.0007707129094412332,0.0001926782273603083,0.009152215799614644,0.00838150289017341,1.091823757119553,0.010789980732177264,0.004624277456647399,90.59152215799615,0.0030346820809248553,0.15,0.046242774566473986,0.0,0.0,0.0,-1.0,-1.0,-1.0,0,0,0,0,0
./datasets/Organised/20260306-handFlying-2/92325347.jpg,8,2,2,0.008285163776493257,0.0064547206165703275,0.004046242774566474,0.0766859344894027,0.075626204238921,1.0139993308113964,0.0953757225433526,0.04691714836223507,1320.789153552296,0.0023603082851637765,0.13333333333333333,0.046242774566473986,0.0,0.0,0.0,-1.0,-1.0,-1.0,0,0,0,0,0
./datasets/Organised/20260306-handFlying-2/277023883.jpg,7,2,1,0.19537572254335261,0.008863198458574181,0.0038535645472061657,0.09046242774566474,0.11628131021194606,0.7779551986951428,0.12755298651252409,0.059248554913294796,2240.7893490891406,0.16835260115606937,0.4166666666666667,0.7514450867052023,0.0,0.0,0.18198458574181117,-1.0,-1.0,-1.0,0,0,0,1,0
./datasets/Organised/20260306-handFlying-2/174158021.jpg,8,2,2,0.13265895953757226,0.008959537572254336,0.002697495183044316,0.11666666666666667,0.11088631984585742,1.0521190955723614,0.13959537572254335,0.05934489402697495,2581.081273087047,0.10515414258188825,0.4166666666666667,0.4277456647398844,0.0,0.0,0.1069364161849711,-1.0,-1.0,-1.0,0,0,0,0,0
./datasets/Organised/20260306-handFlying-2/214957706.jpg,8,2,2,0.21290944123314065,0.007032755298651252,0.0024084778420038534,0.0884393063583815,0.09633911368015415,0.9179904712589083,0.1115606936416185,0.045953757225433524,1692.8649513478194,0.19335260115606936,0.43333333333333335,0.6878612716763006,0.0,0.0,0.21435452793834298,-1.0,-1.0,-1.0,0,0,0,1,0
./datasets/Organised/20260306-handFlying-2/110991867.jpg,8,2,2,0.13410404624277455,0.005587668593448941,0.002023121387283237,0.08179190751445087,0.08882466281310213,0.9208139283637999,0.10385356454720616,0.03872832369942197,1041.502167314496,0.08453757225433527,0.48333333333333334,0.2832369942196532,0.0,0.0,0.0,-1.0,-1.0,-1.0,0,0,0,0,1
./datasets/Organised/20260306-handFlying-2/200891152.jpg,7,2,1,0.20289017341040463,0.006262042389210019,0.002697495183044316,0.1142581888246628,0.11608863198458574,0.9842238869344843,0.14354527938342967,0.06175337186897881,4801.944243450239,0.13309248554913294,0.6,0.34104046242774566,0.0,0.0,0.20260115606936416,-1.0,-1.0,-1.0,0,0,0,0,0
./datasets/Organised/20260306-handFlying-2/233457560.jpg,7,2,1,0.015221579961464355,0.0060693641618497106,0.003371868978805395,0.07726396917148362,0.07745664739884393,0.9974995596449886,0.09576107899807322,0.04460500963391137,1053.2145544083962,0.0060693641618497106,0.26666666666666666,0.06358381502890173,0.0,0.0,0.0,-1.0,-1.0,-1.0,0,0,0,0,0
./datasets/Organised/20260306-handFlying-2/240524170.jpg,8,2,2,0.10578034682080925,0.010115606936416185,0.002890173410404624,0.12350674373795761,0.12639691714836224,0.9771264157224122,0.1496146435452794,0.06242774566473988,1549.2569352931569,0.06849710982658959,0.7166666666666667,0.2832369942196532,0.0,0.0,0.0,-1.0,-1.0,-1.0,0,0,0,0,0
./datasets/Organised/20260306-handFlying-2/166558101.jpg,8,2,2,0.0007707129094412332,0.0010597302504816955,0.0005780346820809249,0.016570327552986513,0.017533718689788053,0.9450010488412804,0.020327552986512523,0.008477842003853564,177.5553942385868,0.0003853564547206166,0.05,0.023121387283236993,0.0,0.0,0.0,-1.0,-1.0,-1.0,0,0,0,0,0
./datasets/Organised/20260306-handFlying-2/81392093.jpg,7,2,1,0.13660886319845858,0.014932562620423893,0.004046242774566474,0.1994219653179191,0.18631984585741812,1.0703148346080749,0.2344894026974952,0.09200385356454721,3235.0468906411847,0.04214836223506744,0.4166666666666667,0.3179190751445087,0.0,0.0,0.02283236994219653,-1.0,-1.0,-1.0,0,0,0,0,1
./datasets/Organised/20260306-handFlying-2/267990615.jpg,7,2,1,0.10375722543352602,0.0072254335260115606,0.004238921001926782,0.11184971098265896,0.12880539499036608,0.8683552628813548,0.14884393063583815,0.06358381502890173,1534.0434566529675,0.07398843930635839,0.25,0.4797687861271676,0.0,0.0,0.09113680154142582,-1.0,-1.0,-1.0,0,0,0,0,0
./datasets/Organised/20260306-handFlying-2/230124250.jpg,6,2,0,0.1684971098265896,0.011849710982658959,0.004046242774566474,0.16917148362235068,0.17803468208092485,0.9502111129916923,0.21339113680154143,0.08998073217726398,3741.6913485155605,0.08694605009633911,0.4166666666666667,0.44508670520231214,0.0,0.0,0.12822736030828516,-1.0,-1.0,-1.0,0,0,0,0,1
./datasets/Organised/20260306-handFlying-2/86158726.jpg,7,2,1,0.6470134874759152,0.02186897880539499,0.0052986512524084775,0.2906551059730251,0.2581888246628131,1.1257419085070859,0.3453757225433526,0.1338150289017341,9348.031341805236,0.6153179190751445,0.9333333333333333,1.0,0.0,0.0,0.6361271676300578,-1.0,-1.0,-1.0,0,0,0,1,0
./datasets/Organised/20260306-handFlying-2/158858178.jpg,8,2,2,0.0018304431599229288,0.0024084778420038534,0.001348747591522158,0.02842003853564547,0.025529865125240848,1.1131639447481263,0.03371868978805395,0.015028901734104046,465.6229149728432,0.0003853564547206166,0.06666666666666667,0.023121387283236993,0.0,0.0,0.0005780346820809249,-1.0,-1.0,-1.0,0,0,0,0,0
./datasets/Organised/20260306-handFlying-2/87558729.jpg,7,2,1,0.589980732177264,0.019942196531791908,0.005780346820809248,0.2929672447013488,0.2697495183044316,1.0860674023644157,0.3546242774566474,0.1439306358381503,8516.400853677776,0.558140655105973,1.0,1.0,0.0,0.0,0.5741811175337187,-1.0,-1.0,-1.0,0,0,0,1,0
./datasets/Organised/20260306-handFlying-2/227390940.jpg,7,2,1,0.1375722543352601,0.010404624277456647,0.0037572254335260114,0.14248554913294798,0.1407514450867052,1.0123131363378814,0.17196531791907516,0.07678227360308285,3060.9664677143314,0.07302504816955684,0.65,0.26011560693641617,0.0,0.0,0.0,-1.0,-1.0,-1.0,0,0,0,0,1
./datasets/Organised/20260306-handFlying-2/205524447.jpg,8,2,2,0.3674373795761079,0.022350674373795763,0.00510597302504817,0.2858381502890173,0.315028901734104,0.9073365693719909,0.3649325626204239,0.15260115606936417,9683.737913163004,0.24730250481695568,1.0,0.3583815028901734,0.0,0.0,0.1163776493256262,-1.0,-1.0,-1.0,0,0,0,0,0
./datasets/Organised/20260306-handFlying-2/75592141.jpg,6,2,0,0.03198458574181118,0.002697495183044316,0.0007707129094412332,0.03535645472061657,0.03930635838150289,0.899486919916106,0.046242774566473986,0.019267822736030827,522.0046788139338,0.01300578034682081,0.3333333333333333,0.12138728323699421,0.0,0.0,0.0,-1.0,-1.0,-1.0,0,0,0,0,0
./datasets/Organised/20260306-handFlying-2/125925086.jpg,8,2,2,0.005587668593448941,0.000674373795761079,0.0005780346820809249,0.013776493256262042,0.014450867052023121,0.953267367231521,0.01724470134874759,0.0064547206165703275,378.7883114482052,0.0011078998073217727,0.1,0.028901734104046242,0.0,0.0,0.0018304431599229288,-1.0,-1.0,-1.0,0,0,0,0,0
./datasets/Organised/20260306-handFlying-2/206224440.jpg,6,2,0,0.047302504816955686,0.006551059730250481,0.0019267822736030828,0.0800578034682081,0.06849710982658959,1.168759308408409,0.0907514450867052,0.03940269749518305,4765.219494136121,0.020134874759152217,0.3333333333333333,0.10404624277456648,0.0,0.0,0.024373795761079,-1.0,-1.0,-1.0,0,0,0,0,0
./datasets/Organised/20260306-handFlying-2/47925695.jpg,8,2,2,0.01001926782273603,0.0025048169556840076,0.0011560693641618498,0.0407514450867052,0.042870905587668595,0.9505396256150249,0.048747591522158,0.020520231213872833,519.4012281287937,0.0012042389210019267,0.08333333333333333,0.04046242774566474,0.0,0.0,0.0,-1.0,-1.0,-1.0,0,0,0,0,0
./datasets/Organised/20260306-handFlying-2/52158997.jpg,7,2,1,0.614354527938343,0.011368015414258189,0.0052986512524084775,0.13921001926782273,0.18526011560693642,0.7514260011430619,0.2001926782273603,0.08574181117533719,8764.059411124848,0.6130057803468208,0.7166666666666667,1.0,0.0,0.0,0.6126204238921001,-1.0,-1.0,-1.0,0,0,0,1,0
./datasets/Organised/20260306-handFlying-2/142058287.jpg,8,2,2,0.00953757225433526,0.0016377649325626203,0.0011560693641618498,0.028516377649325627,0.029576107899807323,0.9641367826065034,0.03795761078998073,0.017919075144508672,738.2330454204581,0.004383429672447013,0.06666666666666667,0.17341040462427745,0.0,0.0,0.0,-1.0,-1.0,-1.0,0,0,0,0,0
./datasets/Organised/20260306-handFlying-2/124791764.jpg,7,2,1,0.43371868978805395,0.03188824662813102,0.0064547206165703275,0.35510597302504815,0.3554913294797688,0.9989131792089972,0.43333333333333335,0.1857418111753372,4494.217960831375,0.4365125240847784,1.0,0.815028901734104,0.0,0.0,0.4234104046242775,-1.0,-1.0,-1.0,0,0,0,1,0
./datasets/Organised/20260306-handFlying-2/62592244.jpg,7,2,1,0.2972061657032755,0.01560693641618497,0.005876685934489403,0.19845857418111754,0.20809248554913296,0.9536991206495962,0.24479768786127168,0.10741811175337188,11333.601445077424,0.19132947976878611,0.4166666666666667,0.6127167630057804,0.0,0.0,0.24778420038535645,-1.0,-1.0,-1.0,0,0,0,0,1
./datasets/Organised/20260306-handFlying-2/242590864.jpg,6,2,0,0.16676300578034683,0.01464354527938343,0.0036608863198458576,0.18092485549132947,0.1630057803468208,1.109922268916577,0.21204238921001928,0.09210019267822736,2440.4225613953026,0.10900770712909441,0.8333333333333334,0.31213872832369943,0.0,0.0,0.007514450867052023,-1.0,-1.0,-1.0,0,0,0,0,1
./datasets/Organised/20260306-handFlying-2/88325384.jpg,6,2,0,0.04094412331406551,0.006647398843930636,0.0036608863198458576,0.09499036608863198,0.08911368015414259,1.0659339844380988,0.11136801541425818,0.054046242774566475,3976.739382278801,0.024759152215799614,0.2,0.32947976878612717,0.0,0.0,0.03314065510597303,-1.0,-1.0,-1.0,0,0,0,0,0
./datasets/Organised/20260306-handFlying-2/259990713.jpg,8,2,2,0.1825626204238921,0.011753371868978806,0.004142581888246628,0.14229287090558768,0.1496146435452794,0.9510561030506441,0.173121387283237,0.07630057803468208,1435.0170364213823,0.15183044315992292,0.95,0.24277456647398843,0.0,0.0,0.0,-1.0,-1.0,-1.0,0,0,0,0,1
./datasets/Organised/20260306-handFlying-2/271157294.jpg,6,2,0,0.025240847784200385,0.0037572254335260114,0.0017341040462427746,0.051445086705202314,0.055202312138728324,0.9319202908680293,0.06685934489402698,0.03140655105973025,1606.029806096651,0.01710019267822736,0.13333333333333333,0.2658959537572254,0.0,0.0,0.02157996146435453,-1.0,-1.0,-1.0,0,0,0,0,0
./datasets/Organised/20260306-handFlying-2/130825043.jpg,8,2,2,0.17109826589595376,0.020327552986512523,0.005973025048169557,0.24720616570327553,0.24479768786127168,1.009834521022303,0.29990366088631987,0.12976878612716763,5338.636605846801,0.0447495183044316,0.9,0.26011560693641617,0.0,0.0,0.018689788053949902,-1.0,-1.0,-1.0,0,0,0,0,1
./datasets/Organised/20260306-handFlying-2/268123968.jpg,6,2,0,0.02745664739884393,0.0016377649325626203,0.0007707129094412332,0.028709055876685933,0.03940269749518305,0.7285878661563552,0.048073217726396916,0.02157996146435453,483.8768768585653,0.011175337186897881,0.11666666666666667,0.2947976878612717,0.0,0.0,0.022447013487475916,-1.0,-1.0,-1.0,0,0,0,0,0
./datasets/Organised/20260306-handFlying-2/204024502.jpg,6,2,0,0.2373795761078998,0.015895953757225433,0.004046242774566474,0.19238921001926781,0.1957610789980732,0.9827705702960041,0.2323699421965318,0.09720616570327553,5636.126758318762,0.11440269749518304,0.45,0.4682080924855491,0.0,0.0,0.14084778420038535,-1.0,-1.0,-1.0,0,0,0,0,0
./datasets/Organised/20260306-handFlying-2/71658839.jpg,7,2,1,0.2375722543352601,0.010789980732177264,0.004238921001926782,0.13535645472061658,0.1270712909441233,1.0651925271429632,0.1585741811175337,0.07572254335260116,5317.203214821373,0.09171483622350675,0.6666666666666666,0.26011560693641617,0.0,0.0,0.1420038535645472,-1.0,-1.0,-1.0,0,0,0,0,1
./datasets/Organised/20260306-handFlying-2/264790657.jpg,8,2,2,0.0038535645472061657,0.002601156069364162,0.0019267822736030828,0.0394990366088632,0.038053949903660886,1.0379474078630542,0.04508670520231214,0.01955684007707129,679.5981086627243,0.0008188824662813102,0.08333333333333333,0.023121387283236993,0.0,0.0,0.0,-1.0,-1.0,-1.0,0,0,0,0,0
./datasets/Organised/20260306-handFlying-2/116991821.jpg,6,2,0,0.18863198458574182,0.0076107899807321775,0.0035645472061657034,0.10953757225433526,0.11628131021194606,0.9419968699854925,0.13795761078998073,0.05973025048169557,4473.89765708473,0.16902697495183044,0.5333333333333333,0.5491329479768786,0.0,0.0,0.18082851637764932,-1.0,-1.0,-1.0,0,0,0,0,1
./datasets/Organised/20260306-handFlying-2/99525299.jpg,7,2,1,0.5761078998073218,0.01907514450867052,0.005394990366088632,0.22379576107899807,0.24470134874759153,0.9145631916669569,0.28978805394990365,0.12755298651252409,5178.764246596575,0.5464836223506744,1.0,1.0,0.0,0.0,0.5739884393063583,-1.0,-1.0,-1.0,0,0,0,1,0
./datasets/Organised/20260306-handFlying-2/81258761.jpg,7,2,1,0.09267822736030829,0.012042389210019268,0.003179190751445087,0.16156069364161849,0.15250481695568402,1.059373975804252,0.19335260115606936,0.07755298651252408,2417.0213917011,0.022447013487475916,0.5833333333333334,0.15606936416184972,0.0,0.0,0.008670520231213872,-1.0,-1.0,-1.0,0,0,0,0,0
./datasets/Organised/20260306-handFlying-2/91092031.jpg,6,2,0,0.1745664739884393,0.02042389210019268,0.005973025048169557,0.2420038535645472,0.2325626204238921,1.0405920458386761,0.2868015414258189,0.1291907514450867,6963.178372704289,0.14152215799614642,0.7833333333333333,0.43352601156069365,0.0,0.0,0.004624277456647399,-1.0,-1.0,-1.0,0,0,0,0,1
./datasets/Organised/20260306-handFlying-2/187991296.jpg,7,2,1,0.29653179190751444,0.011560693641618497,0.0038535645472061657,0.16156069364161849,0.14720616570327552,1.0975056334368618,0.1928709055876686,0.0788053949903661,3173.876750633908,0.14715799614643546,0.6666666666666666,0.3988439306358382,0.0,0.0,0.20279383429672446,-1.0,-1.0,-1.0,0,0,0,0,0
./datasets/Organised/20260306-handFlying-2/111625187.jpg,8,2,2,0.6359344894026975,0.01069364161849711,0.004238921001926782,0.15346820809248554,0.14585741811175337,1.0521724428335821,0.1777456647398844,0.07813102119460501,1892.808819121922,0.6215317919075144,1.0,0.7803468208092486,0.0,0.0,0.6342003853564547,-1.0,-1.0,-1.0,0,0,1,0,0
./datasets/Organised/20260306-handFlying-2/68958876.jpg,6,2,0,0.027360308285163778,0.0052986512524084775,0.0037572254335260114,0.07032755298651253,0.07369942196531792,0.9542354183481797,0.0861271676300578,0.041714836223506746,2912.6959027104886,0.016859344894026976,0.13333333333333333,0.27167630057803466,0.0,0.0,0.021965317919075144,-1.0,-1.0,-1.0,0,0,0,0,0
./datasets/Organised/20260306-handFlying-2/271557253.jpg,6,2,0,0.028709055876685933,0.0035645472061657034,0.0010597302504816955,0.053660886319845856,0.04720616570327553,1.1367106141710712,0.06252408477842004,0.026878612716763006,781.3409066642906,0.010886319845857417,0.38333333333333336,0.11560693641618497,0.0,0.0,0.0,-1.0,-1.0,-1.0,0,0,0,0,0
./datasets/Organised/20260306-handFlying-2/283923824.jpg,6,2,0,0.019267822736030827,0.0010597302504816955,0.000674373795761079,0.018111753371868978,0.021965317919075144,0.8245238659748736,0.025626204238921,0.011560693641618497,309.8158288969078,0.015558766859344894,0.16666666666666666,0.19653179190751446,0.0,0.0,0.01878612716763006,-1.0,-1.0,-1.0,0,0,0,0,0
./datasets/Organised/20260306-handFlying-2/159124817.jpg,7,2,1,0.0007707129094412332,0.0016377649325626203,0.0008670520231213873,0.015703275529865127,0.016088631984585742,0.9759872410325634,0.019653179190751446,0.010886319845857417,402.1110923537556,0.0003853564547206166,0.06666666666666667,0.017341040462427744,0.0,0.0,0.0,-1.0,-1.0,-1.0,0,0,0,0,0
./datasets/Organised/20260306-handFlying-2/201924472.jpg,6,2,0,0.174373795761079,0.018111753371868978,0.005780346820809248,0.22215799614643544,0.2298651252408478,0.966466876812162,0.2741811175337187,0.11782273603082852,9130.77082369014,0.0941233140655106,0.43333333333333335,0.47398843930635837,0.0,0.0,0.10337186897880539,-1.0,-1.0,-1.0,0,0,0,0,0
./datasets/Organised/20260306-handFlying-2/207257766.jpg,8,2,2,0.34142581888246626,0.016377649325626204,0.004238921001926782,0.22090558766859344,0.24267822736030828,0.9102781069127631,0.2889210019267823,0.1254335260115607,6469.493668199925,0.21526974951830444,1.0,0.32947976878612717,0.0,0.0,0.09816955684007707,-1.0,-1.0,-1.0,0,0,0,0,0
./datasets/Organised/20260306-handFlying-2/271023949.jpg,6,2,0,0.01878612716763006,0.0032755298651252407,0.0017341040462427746,0.04393063583815029,0.0464354527938343,0.946037718108892,0.05491329479768786,0.024759152215799614,1580.62881296847,0.01300578034682081,0.13333333333333333,0.19653179190751446,0.0,0.0,0.017919075144508672,-1.0,-1.0,-1.0,0,0,0,0,0
./datasets/Organised/20260306-handFlying-2/99658618.jpg,7,2,1,0.5978805394990366,0.016666666666666666,0.004913294797687861,0.21358381502890172,0.2300578034682081,0.9283879243439469,0.2745664739884393,0.12254335260115606,5003.953325834104,0.5571290944123314,1.0,1.0,0.0,0.0,0.5852601156069365,-1.0,-1.0,-1.0,0,0,0,1,0
./datasets/Organised/20260306-handFlying-2/45125717.jpg,7,2,1,0.6359344894026975,0.019171483622350674,0.0056840077071290945,0.25809248554913294,0.2498073217726397,1.033162080901504,0.3063583815028902,0.13015414258188826,12018.609961130232,0.6502890173410405,1.0,0.8728323699421965,0.0,0.0,0.6332369942196532,-1.0,-1.0,-1.0,0,0,1,0,0
./datasets/Organised/20260306-handFlying-2/281023849.jpg,8,2,2,0.23034682080924856,0.012909441233140655,0.004431599229287091,0.15520231213872832,0.17996146435452795,0.8624149079942478,0.202504816955684,0.0884393063583815,6878.603540935771,0.20366088631984586,0.8,0.630057803468208,0.0,0.0,0.22601156069364162,-1.0,-1.0,-1.0,0,0,0,0,0
./datasets/Organised/20260306-handFlying-2/175458014.jpg,6,2,0,0.1336223506743738,0.012138728323699421,0.00510597302504817,0.1720616570327553,0.15732177263969171,1.0936856384219678,0.1994219653179191,0.08516377649325627,3863.4286692858286,0.06454720616570328,0.8833333333333333,0.1676300578034682,0.0,0.0,0.05857418111753372,-1.0,-1.0,-1.0,0,0,0,0,0
./datasets/Organised/20260306-handFlying-2/125758455.jpg,7,2,1,0.6588631984585742,0.031695568400770716,0.006647398843930636,0.3651252408477842,0.37235067437379576,0.9805924505693049,0.4466281310211946,0.20115606936416186,4763.341822275683,0.6585260115606937,1.0,0.9248554913294798,0.0,0.0,0.655009633911368,-1.0,-1.0,-1.0,0,0,1,0,1
./datasets/Organised/20260306-handFlying-2/247424419.jpg,7,2,1,0.5432562620423892,0.018882466281310212,0.005780346820809248,0.22572254335260117,0.24046242774566473,0.9386980193567945,0.28747591522157995,0.11888246628131022,9823.546660281183,0.5495183044315992,0.8166666666666667,0.9190751445086706,0.0,0.0,0.5396917148362235,-1.0,-1.0,-1.0,0,0,0,1,0
./datasets/Organised/20260306-handFlying-2/184591301.jpg,7,2,1,0.37341040462427744,0.020327552986512523,0.005973025048169557,0.24007707129094413,0.2906551059730251,0.8259832370878353,0.32957610789980735,0.1396917148362235,9441.046546122117,0.29585741811175337,0.6,0.8323699421965318,0.0,0.0,0.0,-1.0,-1.0,-1.0,0,0,0,0,1
./datasets/Organised/20260306-handFlying-2/125358419.jpg,8,2,2,0.017148362235067438,0.0018304431599229288,0.0012524084778420038,0.03699421965317919,0.03391136801541426,1.0908769224362078,0.04383429672447013,0.018304431599229287,512.5718654148152,0.005154142581888246,0.2,0.08092485549132948,0.0,0.0,0.0056840077071290945,-1.0,-1.0,-1.0,0,0,0,0,0
./datasets/Organised/20260306-handFlying-2/44392391.jpg,7,2,1,0.5829479768786127,0.016473988439306357,0.005202312138728324,0.26001926782273604,0.2432562620423892,1.0689064969309157,0.2994219653179191,0.13159922928709056,12609.432017803247,0.5739884393063583,1.0,0.8034682080924855,0.0,0.0,0.5832369942196531,-1.0,-1.0,-1.0,0,0,1,0,0
./datasets/Organised/20260306-handFlying-2/208291090.jpg,7,2,1,0.13583815028901733,0.0072254335260115606,0.0035645472061657034,0.10443159922928709,0.1686897880539499,0.6190711445125756,0.1823699421965318,0.07572254335260116,4181.384548951037,0.05139691714836223,0.2833333333333333,0.35260115606936415,0.0,0.0,0.10606936416184971,-1.0,-1.0,-1.0,0,0,0,0,0
./datasets/Organised/20260306-handFlying-2/246057456.jpg,8,2,2,0.18227360308285165,0.0072254335260115606,0.0024084778420038534,0.09971098265895954,0.10847784200385356,0.9191744751056381,0.12861271676300579,0.050289017341040465,2747.441090989416,0.12235067437379576,0.5833333333333334,0.32947976878612717,0.0,0.0,0.15934489402697496,-1.0,-1.0,-1.0,0,0,0,0,0
./datasets/Organised/20260306-handFlying-2/273457240.jpg,8,2,2,0.13583815028901733,0.005394990366088632,0.002119460500963391,0.0579961464354528,0.08140655105973026,0.7124172841521781,0.08622350674373795,0.03554913294797688,1515.3224310497806,0.12779383429672447,0.55,0.4393063583815029,0.0,0.0,0.0,-1.0,-1.0,-1.0,0,0,0,0,0
./datasets/Organised/20260306-handFlying-2/43959091.jpg,7,2,1,0.5726396917148362,0.012427745664739885,0.004431599229287091,0.19460500963391136,0.18410404624277457,1.0570324584003568,0.22504816955684007,0.09768786127167631,8322.901794023634,0.577456647398844,1.0,0.7225433526011561,0.0,0.0,0.5740847784200386,-1.0,-1.0,-1.0,0,0,1,0,0
./datasets/Organised/20260306-handFlying-2/228791022.jpg,8,2,2,0.0030828516377649326,0.0019267822736030828,0.0011560693641618498,0.023314065510597302,0.023603082851637765,0.987713255250655,0.027745664739884393,0.013294797687861272,1608.9227254131074,0.0007707129094412332,0.1,0.023121387283236993,0.0,0.0,0.0,-1.0,-1.0,-1.0,0,0,0,0,0
./datasets/Organised/20260306-handFlying-2/115225159.jpg,6,2,0,0.00789980732177264,0.002697495183044316,0.0009633911368015414,0.032947976878612714,0.031021194605009635,1.062077564083493,0.03863198458574181,0.018111753371868978,1139.4305142912299,0.0029383429672447015,0.15,0.046242774566473986,0.0,0.0,0.004431599229287091,-1.0,-1.0,-1.0,0,0,0,0,0
./datasets/Organised/20260306-handFlying-2/163724788.jpg,8,2,2,0.002023121387283237,0.001348747591522158,0.0008670520231213873,0.016859344894026976,0.016088631984585742,1.0478390624582736,0.020712909441233142,0.011560693641618497,298.70443145072966,0.0003853564547206166,0.06666666666666667,0.017341040462427744,0.0,0.0,0.0,-1.0,-1.0,-1.0,0,0,0,0,0
./datasets/Organised/20260306-handFlying-2/204757785.jpg,6,2,0,0.1651252408477842,0.013872832369942197,0.0035645472061657034,0.1375722543352601,0.14383429672447012,0.9564568466027678,0.17215799614643545,0.07552986512524085,3927.650609136067,0.09017341040462427,0.85,0.21965317919075145,0.0,0.0,0.06165703275529865,-1.0,-1.0,-1.0,0,0,0,0,0
./datasets/Organised/20260306-handFlying-2/186057933.jpg,7,2,1,0.3607899807321773,0.0174373795761079,0.004913294797687861,0.21907514450867052,0.2517341040462428,0.8702606072311125,0.29614643545279384,0.12312138728323699,7884.752118337473,0.303131021194605,0.6833333333333333,0.7456647398843931,0.0,0.0,0.0,-1.0,-1.0,-1.0,0,0,0,0,0
./datasets/Organised/20260306-handFlying-2/59692290.jpg,7,2,1,0.5623314065510597,0.015317919075144508,0.005876685934489403,0.19200385356454722,0.2060693641618497,0.931739284032834,0.24624277456647398,0.10452793834296724,10415.526806070664,0.48092485549132946,0.6833333333333333,0.838150289017341,0.0,0.0,0.5448940269749518,-1.0,-1.0,-1.0,0,0,1,0,0
./datasets/Organised/20260306-handFlying-2/179824658.jpg,8,2,2,0.02581888246628131,0.005202312138728324,0.002023121387283237,0.0640655105973025,0.060308285163776496,1.062282705280382,0.0754335260115607,0.031117533718689788,1326.3312366211144,0.012764932562620424,0.23333333333333334,0.13872832369942195,0.0,0.0,0.0,-1.0,-1.0,-1.0,0,0,0,0,0
./datasets/Organised/20260306-handFlying-2/148524897.jpg,7,2,1,0.0,0.0003853564547206166,0.00028901734104046245,0.005587668593448941,0.004913294797687861,1.1370234842398743,0.007321772639691715,0.0032755298651252407,133.19909611079555,0.0,0.0,0.0,0.0,0.0,0.0,-1.0,-1.0,-1.0,0,0,0,0,0
./datasets/Organised/20260306-handFlying-2/202657803.jpg,8,2,2,0.30539499036608864,0.01001926782273603,0.0035645472061657034,0.13699421965317918,0.1576107899807322,0.8691876392617996,0.17928709055876685,0.0754335260115607,3769.539594484725,0.29590558766859343,0.7166666666666667,0.6184971098265896,0.0,0.0,0.29614643545279384,-1.0,-1.0,-1.0,0,0,0,0,0
./datasets/Organised/20260306-handFlying-2/223191054.jpg,8,2,2,0.1197495183044316,0.009633911368015413,0.0027938342967244703,0.10664739884393064,0.10780346820809249,0.9892669628319265,0.130635838150289,0.05269749518304431,2364.6102639209093,0.06917148362235068,0.4,0.24277456647398843,0.0,0.0,0.08670520231213873,-1.0,-1.0,-1.0,0,0,0,0,0
./datasets/Organised/20260306-handFlying-2/202224467.jpg,7,2,1,0.29132947976878615,0.009248554913294798,0.003468208092485549,0.1359344894026975,0.151252408477842,0.8987201727927431,0.17851637764932562,0.07398843930635839,5314.174948266453,0.20096339113680153,0.5833333333333334,0.4624277456647399,0.0,0.0,0.2631984585741811,-1.0,-1.0,-1.0,0,0,0,0,0
./datasets/Organised/20260306-handFlying-2/46492390.jpg,8,2,2,0.08371868978805395,0.004238921001926782,0.002023121387283237,0.07466281310211946,0.0697495183044316,1.0704266422257647,0.08709055876685934,0.03863198458574181,1677.4836652206518,0.07524084778420038,0.9166666666666666,0.21965317919075145,0.0,0.0,0.0827552986512524,-1.0,-1.0,-1.0,0,0,0,0,0
./datasets/Organised/20260306-handFlying-2/182824661.jpg,6,2,0,0.23554913294797689,0.014932562620423893,0.004720616570327553,0.22321772639691714,0.2081888246628131,1.0721836514269774,0.26840077071290946,0.10953757225433526,5073.7594332141625,0.15867052023121386,0.5833333333333334,0.49710982658959535,0.0,0.0,0.17003853564547206,-1.0,-1.0,-1.0,0,0,0,0,0
./datasets/Organised/20260306-handFlying-2/67492208.jpg,7,2,1,0.17678227360308285,0.014836223506743738,0.0052986512524084775,0.21319845857418113,0.20394990366088633,1.0453420639345188,0.2548169556840077,0.11551059730250482,8456.257718405783,0.0972543352601156,0.7166666666666667,0.3063583815028902,0.0,0.0,0.06165703275529865,-1.0,-1.0,-1.0,0,0,0,0,1
./datasets/Organised/20260306-handFlying-2/140891621.jpg,8,2,2,0.0009633911368015414,0.002697495183044316,0.001445086705202312,0.03275529865125241,0.02697495183044316,1.2142407006483116,0.03863198458574181,0.018882466281310212,657.7091630191452,0.0001926782273603083,0.05,0.017341040462427744,0.0,0.0,0.0,-1.0,-1.0,-1.0,0,0,0,0,0
./datasets/Organised/20260306-handFlying-2/126191744.jpg,8,2,2,0.008863198458574181,0.0012524084778420038,0.0005780346820809249,0.026396917148362235,0.03188824662813102,0.8277686035102585,0.035452793834296725,0.014547206165703276,815.0611222114559,0.002167630057803468,0.08333333333333333,0.08092485549132948,0.0,0.0,0.005973025048169557,-1.0,-1.0,-1.0,0,0,0,0,0
./datasets/Organised/20260306-handFlying-2/142624944.jpg,6,2,0,0.0,0.0,0.0,0.0,0.0,0.0,0.0,0.0,0.0,0.0,0.0,0.0,0.0,0.0,0.0,-1.0,-1.0,-1.0,0,0,0,0,0
./datasets/Organised/20260306-handFlying-2/151491538.jpg,6,2,0,0.0,0.000674373795761079,0.0003853564547206166,0.0052986512524084775,0.005780346820809248,0.9165081107635046,0.007032755298651252,0.004720616570327553,154.47263969171485,0.0,0.0,0.0,0.0,0.0,0.0,-1.0,-1.0,-1.0,0,0,0,0,0
./datasets/Organised/20260306-handFlying-2/87892067.jpg,6,2,0,0.08795761078998073,0.008188824662813102,0.00394990366088632,0.12389210019267823,0.12013487475915222,1.031266475905357,0.15163776493256262,0.07032755298651253,4594.95474842312,0.06189788053949904,0.26666666666666666,0.42196531791907516,0.0,0.0,0.07177263969171484,-1.0,-1.0,-1.0,0,0,0,0,0
./datasets/Organised/20260306-handFlying-2/100758610.jpg,7,2,1,0.48015414258188827,0.016570327552986513,0.0045279383429672445,0.20385356454720616,0.2342003853564547,0.8704199773922808,0.26907514450867054,0.10857418111753372,4322.954141570235,0.43000963391136804,1.0,0.9075144508670521,0.0,0.0,0.44296724470134874,-1.0,-1.0,-1.0,0,0,0,1,0
./datasets/Organised/20260306-handFlying-2/152324891.jpg,6,2,0,0.0012524084778420038,0.0008670520231213873,0.0004816955684007707,0.010597302504816955,0.010308285163776493,1.0279376636173052,0.012716763005780347,0.006936416184971098,400.63905698115167,0.000722543352601156,0.06666666666666667,0.028901734104046242,0.0,0.0,0.0,-1.0,-1.0,-1.0,0,0,0,0,0
./datasets/Organised/20260306-handFlying-2/110325204.jpg,6,2,0,0.13574181117533718,0.01001926782273603,0.002601156069364162,0.14036608863198458,0.13111753371868978,1.070528205670261,0.1634874759152216,0.06290944123314066,1580.2793512331034,0.09234104046242775,0.5,0.2658959537572254,0.0,0.0,0.0,-1.0,-1.0,-1.0,0,0,0,0,1
./datasets/Organised/20260306-handFlying-2/193057878.jpg,8,2,2,0.16714836223506743,0.00674373795761079,0.0024084778420038534,0.07466281310211946,0.09730250481695568,0.7673188467627432,0.10809248554913295,0.048554913294797684,2075.1996575135227,0.15688824662813103,0.5,0.5144508670520231,0.0,0.0,0.15876685934489404,-1.0,-1.0,-1.0,0,0,0,0,0
./datasets/Organised/20260306-handFlying-2/149058244.jpg,7,2,1,0.0,9.633911368015414e-05,9.633911368015414e-05,0.0007707129094412332,0.0005780346820809249,1.3310306503082998,0.0011560693641618498,0.0009633911368015414,6.577263969171484,0.0,0.0,0.0,0.0,0.0,0.0,-1.0,-1.0,-1.0,0,0,0,0,0
./datasets/Organised/20260306-handFlying-2/137091655.jpg,8,2,2,0.06396917148362236,0.007514450867052023,0.003179190751445087,0.1172447013487476,0.10144508670520232,1.1557340963723453,0.13959537572254335,0.06175337186897881,2053.521593326428,0.03747591522157996,0.6833333333333333,0.13872832369942195,0.0,0.0,0.015895953757225433,-1.0,-1.0,-1.0,0,0,0,0,0
./datasets/Organised/20260306-handFlying-2/103391912.jpg,7,2,1,0.3109826589595376,0.016473988439306357,0.0056840077071290945,0.20703275529865126,0.19229287090558767,1.0766477076136247,0.2398843930635838,0.10115606936416185,3910.0898219861074,0.2804913294797688,1.0,0.5838150289017341,0.0,0.0,0.017726396917148363,-1.0,-1.0,-1.0,0,0,0,0,1
./datasets/Organised/20260306-handFlying-2/56192297.jpg,8,2,2,0.1384393063583815,0.011464354527938344,0.004238921001926782,0.1735067437379576,0.16262042389210019,1.0669365670606836,0.20626204238921003,0.0907514450867052,9111.710221375775,0.10597302504816955,0.5333333333333333,0.3583815028901734,0.0,0.0,0.1069364161849711,-1.0,-1.0,-1.0,0,0,0,0,0
./datasets/Organised/20260306-handFlying-2/183257962.jpg,6,2,0,0.2657996146435453,0.016377649325626204,0.005009633911368015,0.22552986512524084,0.22273603082851637,1.0125387066817582,0.2770712909441233,0.11801541425818883,5730.453773337641,0.16897880539499036,0.65,0.47398843930635837,0.0,0.0,0.17697495183044315,-1.0,-1.0,-1.0,0,0,0,0,0
./datasets/Organised/20260306-handFlying-2/195924518.jpg,6,2,0,0.013872832369942197,0.001348747591522158,0.001348747591522158,0.0220616570327553,0.024277456647398842,0.9086927292439304,0.028709055876685933,0.014065510597302504,1663.632214537368,0.009778420038535645,0.2,0.09248554913294797,0.0,0.0,0.011946050096339113,-1.0,-1.0,-1.0,0,0,0,0,0
./datasets/Organised/20260306-handFlying-2/206824438.jpg,8,2,2,0.3557803468208092,0.019653179190751446,0.004720616570327553,0.2605009633911368,0.2728323699421965,0.9547987603068039,0.33140655105973027,0.1384393063583815,8124.142100183397,0.22451830443159923,1.0,0.37572254335260113,0.0,0.0,0.11936416184971098,-1.0,-1.0,-1.0,0,0,0,0,0
./datasets/Organised/20260306-handFlying-2/240057506.jpg,8,2,2,0.10645472061657033,0.011271676300578034,0.0029865125240847784,0.15009633911368014,0.14017341040462428,1.0707827390207345,0.17485549132947978,0.07071290944123314,1684.8312945359576,0.08126204238921002,0.7,0.45664739884393063,0.0,0.0,0.0,-1.0,-1.0,-1.0,0,0,0,0,1
./datasets/Organised/20260306-handFlying-2/153558199.jpg,7,2,1,0.02764932562620424,0.0023121387283236996,0.0010597302504816955,0.030732177263969172,0.04605009633911368,0.6673495249203584,0.05452793834296724,0.023603082851637765,532.2860046183375,0.007321772639691715,0.06666666666666667,0.20809248554913296,0.0,0.0,0.006936416184971098,-1.0,-1.0,-1.0,0,0,0,0,0
./datasets/Organised/20260306-handFlying-2/49259025.jpg,6,2,0,0.555009633911368,0.012524084778420038,0.004142581888246628,0.17263969171483623,0.196242774566474,0.8797206030928522,0.21811175337186897,0.09219653179190751,9213.550838419444,0.5838631984585742,0.9333333333333333,0.7572254335260116,0.0,0.0,0.5545279383429672,-1.0,-1.0,-1.0,0,0,0,1,0
./datasets/Organised/20260306-handFlying-2/257190698.jpg,8,2,2,0.16714836223506743,0.005876685934489403,0.003179190751445087,0.11772639691714837,0.0918111753371869,1.2822525605649753,0.12620423892100194,0.05260115606936416,2862.620730580893,0.15708092485549133,1.0,0.1907514450867052,0.0,0.0,0.0,-1.0,-1.0,-1.0,0,0,0,0,0
./datasets/Organised/20260306-handFlying-2/234690878.jpg,7,2,1,0.1628131021194605,0.00838150289017341,0.0032755298651252407,0.10703275529865125,0.16608863198458573,0.6444276745015886,0.17736030828516378,0.07485549132947977,3260.1578003125915,0.08217726396917148,0.2833333333333333,0.43352601156069365,0.0,0.0,0.16878612716763006,-1.0,-1.0,-1.0,0,0,0,0,0
./datasets/Organised/20260306-handFlying-2/252224074.jpg,8,2,2,0.6577071290944123,0.015703275529865127,0.004816955684007707,0.19874759152215798,0.20202312138728323,0.983781491820751,0.24142581888246628,0.1048169556840077,4807.982333847513,0.33458574181117534,1.0,0.3930635838150289,0.0,0.0,0.6476878612716763,-1.0,-1.0,-1.0,0,0,0,1,0
./datasets/Organised/20260306-handFlying-2/194224543.jpg,8,2,2,0.13217726396917148,0.007803468208092485,0.002601156069364162,0.10770712909441234,0.10857418111753372,0.9920050603260637,0.1313102119460501,0.0581888246628131,2330.061226486017,0.04393063583815029,0.3,0.3468208092485549,0.0,0.0,0.04190751445086705,-1.0,-1.0,-1.0,0,0,0,0,0
./datasets/Organised/20260306-handFlying-2/44092389.jpg,8,2,2,0.007032755298651252,0.005491329479768786,0.002890173410404624,0.07061657032755299,0.06907514450867051,1.022300402401427,0.08429672447013488,0.039595375722543354,975.2873070990232,0.000722543352601156,0.06666666666666667,0.028901734104046242,0.0,0.0,0.0,-1.0,-1.0,-1.0,0,0,0,0,0
./datasets/Organised/20260306-handFlying-2/58192282.jpg,8,2,2,0.11502890173410404,0.012042389210019268,0.0052986512524084775,0.15394990366088632,0.15712909441233142,0.9797607787143573,0.18776493256262042,0.09132947976878612,9420.172365115961,0.09185934489402697,0.5666666666666667,0.3988439306358382,0.0,0.0,0.09903660886319846,-1.0,-1.0,-1.0,0,0,0,0,0
./datasets/Organised/20260306-handFlying-2/186224628.jpg,6,2,0,0.1605009633911368,0.007418111753371869,0.003468208092485549,0.11984585741811175,0.11936416184971098,1.004027101048177,0.15028901734104047,0.06714836223506744,5534.315135626538,0.0697495183044316,0.38333333333333336,0.3815028901734104,0.0,0.0,0.10202312138728324,-1.0,-1.0,-1.0,0,0,0,0,0
./datasets/Organised/20260306-handFlying-2/89125367.jpg,7,2,1,0.3161849710982659,0.021772639691714835,0.005973025048169557,0.26011560693641617,0.27196531791907513,0.9564258137796858,0.3190751445086705,0.13940269749518305,11011.174596508032,0.1834296724470135,0.4166666666666667,0.9075144508670521,0.0,0.0,0.24055876685934488,-1.0,-1.0,-1.0,0,0,0,1,0
./datasets/Organised/20260306-handFlying-2/191691220.jpg,7,2,1,0.21579961464354527,0.01560693641618497,0.004335260115606936,0.20549132947976878,0.20414258188824663,1.0066019591654856,0.24759152215799615,0.10674373795761079,4726.40864921054,0.07572254335260116,0.43333333333333335,0.3063583815028902,0.0,0.0,0.16647398843930636,-1.0,-1.0,-1.0,0,0,0,0,0
./datasets/Organised/20260306-handFlying-2/283223838.jpg,7,2,1,0.21965317919075145,0.011078998073217727,0.004046242774566474,0.12369942196531791,0.17678227360308285,0.699723562326661,0.19065510597302504,0.07947976878612717,2792.8911919227357,0.16021194605009634,0.65,0.9942196531791907,0.0,0.0,0.17803468208092485,-1.0,-1.0,-1.0,0,0,0,0,0
./datasets/Organised/20260306-handFlying-2/243290817.jpg,6,2,0,0.015510597302504817,0.0064547206165703275,0.0037572254335260114,0.09460500963391137,0.0838150289017341,1.1287221653608317,0.11069364161849711,0.052215799614643545,1926.8588241801892,0.0015414258188824663,0.08333333333333333,0.03468208092485549,0.0,0.0,0.0,-1.0,-1.0,-1.0,0,0,0,0,0
./datasets/Organised/20260306-handFlying-2/265357314.jpg,7,2,1,0.007129094412331407,0.006262042389210019,0.003371868978805395,0.07533718689788053,0.06599229287090559,1.1415885405999247,0.0894990366088632,0.05096339113680154,1859.80738201707,0.0007707129094412332,0.1,0.017341040462427744,0.0,0.0,0.0,-1.0,-1.0,-1.0,0,0,0,0,0
./datasets/Organised/20260306-handFlying-2/250090747.jpg,6,2,0,0.10568400770712909,0.016377649325626204,0.005780346820809248,0.1868015414258189,0.19672447013487476,0.9495544288075558,0.23304431599229286,0.1069364161849711,6257.546254236879,0.039210019267822735,0.45,0.2254335260115607,0.0,0.0,0.04508670520231214,-1.0,-1.0,-1.0,0,0,0,0,0
./datasets/Organised/20260306-handFlying-2/106425232.jpg,6,2,0,0.1464354527938343,0.018304431599229287,0.005876685934489403,0.2119460500963391,0.23362235067437379,0.9072126116012749,0.26734104046242774,0.11223506743737957,6709.285056067878,0.06878612716763005,0.55,0.5953757225433526,0.0,0.0,0.0,-1.0,-1.0,-1.0,0,0,0,0,0
./datasets/Organised/20260306-handFlying-2/53225650.jpg,8,2,2,0.12697495183044316,0.01069364161849711,0.00394990366088632,0.14932562620423892,0.14701348747591522,1.0157204828449462,0.17986512524084777,0.07707129094412331,6990.9863961282435,0.07533718689788053,0.4,0.41040462427745666,0.0,0.0,0.08188824662813102,-1.0,-1.0,-1.0,0,0,0,0,0
./datasets/Organised/20260306-handFlying-2/214824382.jpg,7,2,1,0.1394990366088632,0.008574181117533719,0.0030828516377649326,0.11705202312138728,0.12485549132947976,0.9374924913795829,0.14884393063583815,0.061464354527938345,2893.180744094356,0.04942196531791908,0.7833333333333333,0.1676300578034682,0.0,0.0,0.08063583815028902,-1.0,-1.0,-1.0,0,0,0,0,0
./datasets/Organised/20260306-handFlying-2/59092272.jpg,8,2,2,0.09720616570327553,0.009152215799614644,0.00394990366088632,0.12620423892100194,0.13015414258188826,0.9696446595769308,0.1556840077071291,0.07475915221579961,7926.8095429182395,0.07808285163776493,0.48333333333333334,0.3352601156069364,0.0,0.0,0.08805394990366089,-1.0,-1.0,-1.0,0,0,0,0,0
./datasets/Organised/20260306-handFlying-2/84025405.jpg,7,2,1,0.529383429672447,0.016570327552986513,0.004238921001926782,0.23468208092485549,0.20867052023121388,1.1246483500231426,0.2823699421965318,0.11165703275529865,8483.418740315043,0.5444605009633912,1.0,0.7861271676300579,0.0,0.0,0.5270712909441233,-1.0,-1.0,-1.0,0,0,0,1,0
./datasets/Organised/20260306-handFlying-2/187224625.jpg,7,2,1,0.35028901734104045,0.015317919075144508,0.004624277456647399,0.22890173410404624,0.22167630057803467,1.0325898660222472,0.27996146435452796,0.11242774566473988,4782.779934168272,0.20549132947976878,0.8,0.5606936416184971,0.0,0.0,0.10289017341040463,-1.0,-1.0,-1.0,0,0,0,0,0
./datasets/Organised/20260306-handFlying-2/108291880.jpg,7,2,1,0.022447013487475916,0.0029865125240847784,0.0010597302504816955,0.03998073217726397,0.04238921001926782,0.9431595681901869,0.04932562620423892,0.020809248554913295,498.78769962986473,0.012090558766859345,0.3,0.14450867052023122,0.0,0.0,0.0001926782273603083,-1.0,-1.0,-1.0,0,0,0,0,0
./datasets/Organised/20260306-handFlying-2/208891095.jpg,6,2,0,0.048843930635838154,0.005780346820809248,0.0025048169556840076,0.07919075144508671,0.10616570327552986,0.7459094895276758,0.12620423892100194,0.05558766859344894,2022.6910021402502,0.019026974951830443,0.13333333333333333,0.42196531791907516,0.0,0.0,0.04971098265895954,-1.0,-1.0,-1.0,0,0,0,0,0
./datasets/Organised/20260306-handFlying-2/113825169.jpg,8,2,2,0.7552986512524085,0.01676300578034682,0.005202312138728324,0.24730250481695568,0.2520231213872832,0.981265219597485,0.30240847784200386,0.12880539499036608,9283.241682500437,0.8098265895953757,1.0,0.8497109826589595,0.0,0.0,0.7535645472061657,-1.0,-1.0,-1.0,0,0,1,0,1
./datasets/Organised/20260306-handFlying-2/233757554.jpg,8,2,2,0.12909441233140656,0.01233140655105973,0.002890173410404624,0.1601156069364162,0.15019267822736032,1.0660608943476053,0.18660886319845857,0.07630057803468208,1877.8643806917112,0.09344894026974952,0.9666666666666667,0.35260115606936415,0.0,0.0,0.0,-1.0,-1.0,-1.0,0,0,0,0,1
./datasets/Organised/20260306-handFlying-2/177791329.jpg,7,2,1,0.10886319845857419,0.009633911368015413,0.0038535645472061657,0.10722543352601156,0.12350674373795761,0.8681676976749595,0.14219653179190753,0.07061657032755299,5492.539273493565,0.08184007707129094,0.18333333333333332,0.7745664739884393,0.0,0.0,0.09595375722543352,-1.0,-1.0,-1.0,0,0,0,1,0
./datasets/Organised/20260306-handFlying-2/194357870.jpg,8,2,2,0.13179190751445086,0.006647398843930636,0.002601156069364162,0.09161849710982659,0.10028901734104047,0.9135355595589737,0.11695568400770713,0.050385356454720615,2352.2610655959847,0.07813102119460501,0.45,0.24855491329479767,0.0,0.0,0.08246628131021194,-1.0,-1.0,-1.0,0,0,0,0,0
./datasets/Organised/20260306-handFlying-2/103925234.jpg,8,2,2,0.10452793834296724,0.009633911368015413,0.0024084778420038534,0.11926782273603083,0.1252408477842004,0.9523000885577544,0.1496146435452794,0.06290944123314066,2643.0037421527245,0.05751445086705202,0.3,0.48554913294797686,0.0,0.0,0.06955684007707129,-1.0,-1.0,-1.0,0,0,0,0,0
./datasets/Organised/20260306-handFlying-2/81258761.jpg,6,2,0,0.05770712909441233,0.013680154142581889,0.004720616570327553,0.17861271676300577,0.17042389210019268,1.0480435959906578,0.21165703275529865,0.09441233140655106,4853.0042060561855,0.027938342967244702,0.4666666666666667,0.2138728323699422,0.0,0.0,0.0,-1.0,-1.0,-1.0,0,0,0,0,0
./datasets/Organised/20260306-handFlying-2/223057675.jpg,8,2,2,0.1316955684007707,0.00953757225433526,0.0029865125240847784,0.11811175337186898,0.12389210019267823,0.9533360065103051,0.15019267822736032,0.06377649325626204,3114.340957451153,0.05505780346820809,0.4,0.2543352601156069,0.0,0.0,0.09739884393063585,-1.0,-1.0,-1.0,0,0,0,0,0
./datasets/Organised/20260306-handFlying-2/233757554.jpg,7,2,1,0.026493256262042388,0.00674373795761079,0.003371868978805395,0.09277456647398843,0.08834296724470135,1.0501516896678966,0.11271676300578035,0.0523121387283237,1247.9325386748637,0.005828516377649326,0.16666666666666666,0.12138728323699421,0.0,0.0,0.0,-1.0,-1.0,-1.0,0,0,0,0,0
./datasets/Organised/20260306-handFlying-2/191824552.jpg,8,2,2,0.009826589595375723,0.0017341040462427746,0.0010597302504816955,0.024373795761079,0.02398843930635838,1.0160219023801338,0.031791907514450865,0.014932562620423893,531.3178229587802,0.00510597302504817,0.13333333333333333,0.11560693641618497,0.0,0.0,0.007707129094412331,-1.0,-1.0,-1.0,0,0,0,0,0
./datasets/Organised/20260306-handFlying-2/191257894.jpg,6,2,0,0.023506743737957612,0.006936416184971098,0.0032755298651252407,0.11396917148362234,0.09922928709055877,1.1485321147928624,0.13371868978805396,0.06011560693641618,3107.5656976696696,0.010549132947976879,0.2,0.06936416184971098,0.0,0.0,0.012427745664739885,-1.0,-1.0,-1.0,0,0,0,0,0
./datasets/Organised/20260306-handFlying-2/117158487.jpg,8,2,2,0.20211946050096338,0.012620423892100193,0.004142581888246628,0.1653179190751445,0.18034682080924855,0.9166615838957047,0.2115606936416185,0.09325626204238921,5783.08463961004,0.13901734104046243,0.75,0.3179190751445087,0.0,0.0,0.14672447013487475,-1.0,-1.0,-1.0,0,0,0,0,0
./datasets/Organised/20260306-handFlying-2/237257528.jpg,8,2,2,0.0825626204238921,0.009248554913294798,0.002890173410404624,0.12466281310211946,0.11310211946050096,1.1022049055477687,0.1453757225433526,0.0626204238921002,1589.1299691120835,0.05279383429672447,0.7333333333333333,0.26011560693641617,0.0,0.0,0.003371868978805395,-1.0,-1.0,-1.0,0,0,0,0,0
./datasets/Organised/20260306-handFlying-2/73558837.jpg,6,2,0,0.10915221579961465,0.007707129094412331,0.0029865125240847784,0.09624277456647398,0.1159922928709056,0.8297270659742982,0.12967244701348749,0.05684007707129094,2857.8866226365362,0.07023121387283238,0.3,0.45664739884393063,0.0,0.0,0.07524084778420038,-1.0,-1.0,-1.0,0,0,0,0,0
./datasets/Organised/20260306-handFlying-2/256057378.jpg,7,2,1,0.24354527938342968,0.006647398843930636,0.0027938342967244703,0.08236994219653179,0.0951830443159923,0.8653755236862997,0.10366088631984585,0.04325626204238921,1483.8023768381465,0.22567437379576108,0.5333333333333333,0.7456647398843931,0.0,0.0,0.24132947976878613,-1.0,-1.0,-1.0,0,0,0,1,0
./datasets/Organised/20260306-handFlying-2/171558048.jpg,7,2,1,0.007707129094412331,0.001348747591522158,0.0009633911368015414,0.025144508670520233,0.02533718689788054,0.9923562712619935,0.032851637764932565,0.015028901734104046,404.1658723423213,0.0036127167630057803,0.06666666666666667,0.1676300578034682,0.0,0.0,0.007514450867052023,-1.0,-1.0,-1.0,0,0,0,0,0
./datasets/Organised/20260306-handFlying-2/193924571.jpg,8,2,2,0.14595375722543352,0.005009633911368015,0.0022157996146435453,0.0720616570327553,0.07947976878612717,0.9066552592950406,0.09200385356454721,0.038535645472061654,1977.7038761736108,0.13328516377649324,0.5,0.5202312138728323,0.0,0.0,0.14171483622350675,-1.0,-1.0,-1.0,0,0,0,0,0
./datasets/Organised/20260306-handFlying-2/150791579.jpg,8,2,2,0.0012524084778420038,0.0015414258188824663,0.0009633911368015414,0.020327552986512523,0.019942196531791908,1.019272560148916,0.024566473988439308,0.010789980732177264,408.72321697461774,0.0003853564547206166,0.06666666666666667,0.023121387283236993,0.0,0.0,0.0,-1.0,-1.0,-1.0,0,0,0,0,0
./datasets/Organised/20260306-handFlying-2/158025031.jpg,6,2,0,0.0,0.0001926782273603083,0.0001926782273603083,0.0011560693641618498,0.0011560693641618498,0.9991357475783448,0.0015414258188824663,0.0015414258188824663,92.67822736030828,0.0,0.0,0.0,0.0,0.0,0.0,-1.0,-1.0,-1.0,0,0,0,0,0
./datasets/Organised/20260306-handFlying-2/187091254.jpg,7,2,1,0.3439306358381503,0.013969171483622351,0.005009633911368015,0.22196531791907514,0.21628131021194605,1.0262758785106374,0.27302504816955686,0.11069364161849711,5287.706896868886,0.22114643545279383,0.8166666666666667,0.6011560693641619,0.0,0.0,0.08680154142581888,-1.0,-1.0,-1.0,0,0,0,0,0
./datasets/Organised/20260306-handFlying-2/67358878.jpg,8,2,2,0.017533718689788053,0.00674373795761079,0.003468208092485549,0.07418111753371869,0.06994219653179191,1.0605908967858007,0.09315992292870906,0.04980732177263969,1427.6158888164955,0.0060693641618497106,0.21666666666666667,0.07514450867052024,0.0,0.0,0.0,-1.0,-1.0,-1.0,0,0,0,0,0
./datasets/Organised/20260306-handFlying-2/183557969.jpg,7,2,1,0.31223506743737955,0.015510597302504817,0.005202312138728324,0.22341040462427747,0.25934489402697497,0.8614379859857748,0.30366088631984584,0.12639691714836224,8440.262234139314,0.24373795761078998,0.5666666666666667,0.791907514450867,0.0,0.0,0.0,-1.0,-1.0,-1.0,0,0,0,0,0
./datasets/Organised/20260306-handFlying-2/202524500.jpg,7,2,1,0.28978805394990365,0.007321772639691715,0.0024084778420038534,0.09720616570327553,0.11242774566473988,0.8646024211027155,0.126878612716763,0.053275529865125244,4012.268720416096,0.19889210019267822,0.6,0.4393063583815029,0.0,0.0,0.28978805394990365,-1.0,-1.0,-1.0,0,0,0,0,0
./datasets/Organised/20260306-handFlying-2/238724188.jpg,8,2,2,0.13641618497109825,0.011368015414258189,0.0027938342967244703,0.15289017341040462,0.14460500963391137,1.0572878250182387,0.1777456647398844,0.073121387283237,1776.537077936301,0.10375722543352602,0.7833333333333333,0.4624277456647399,0.0,0.0,0.0,-1.0,-1.0,-1.0,0,0,0,0,1
./datasets/Organised/20260306-handFlying-2/228924260.jpg,6,2,0,0.14759152215799615,0.014836223506743738,0.003179190751445087,0.19238921001926781,0.15818882466281312,1.2161920681646359,0.21897880539499037,0.09556840077071291,2413.655693326057,0.12480732177263969,0.9666666666666667,0.4508670520231214,0.0,0.0,0.0,-1.0,-1.0,-1.0,0,0,0,0,1
./datasets/Organised/20260306-handFlying-2/286224193.jpg,7,2,1,0.11791907514450867,0.010597302504816955,0.0027938342967244703,0.11695568400770713,0.12803468208092486,0.913461639027981,0.14701348747591522,0.06136801541425819,1515.7378476746817,0.09590558766859344,0.95,0.30057803468208094,0.0,0.0,0.0,-1.0,-1.0,-1.0,0,0,0,0,0
./datasets/Organised/20260306-handFlying-2/233157559.jpg,7,2,1,0.0430635838150289,0.0056840077071290945,0.0023121387283236996,0.06387283236994219,0.08285163776493257,0.7709209277218257,0.09759152215799614,0.04258188824662813,1024.8617713774452,0.02581888246628131,0.11666666666666667,0.4393063583815029,0.0,0.0,0.0348747591522158,-1.0,-1.0,-1.0,0,0,0,0,0
./datasets/Organised/20260306-handFlying-2/279157214.jpg,6,2,0,0.1955684007707129,0.009826589595375723,0.0045279383429672445,0.11329479768786127,0.12890173410404623,0.8789169483124638,0.14836223506743737,0.07244701348747591,7257.402186693695,0.17885356454720616,0.4166666666666667,0.7052023121387283,0.0,0.0,0.19238921001926781,-1.0,-1.0,-1.0,0,0,0,1,0
./datasets/Organised/20260306-handFlying-2/123425093.jpg,7,2,1,0.1791907514450867,0.01878612716763006,0.004238921001926782,0.2407514450867052,0.2289980732177264,1.0513206088734035,0.2848747591522158,0.12061657032755299,3424.6184930632126,0.052215799614643545,0.9166666666666666,0.2254335260115607,0.0,0.0,0.013102119460500963,-1.0,-1.0,-1.0,0,0,0,0,1
./datasets/Organised/20260306-handFlying-2/239924169.jpg,8,2,2,0.13073217726396918,0.011560693641618497,0.0024084778420038534,0.15915221579961464,0.15009633911368014,1.0603266969248306,0.1859344894026975,0.07466281310211946,1920.119779505942,0.09311175337186899,1.0,0.3236994219653179,0.0,0.0,0.0,-1.0,-1.0,-1.0,0,0,0,0,1
./datasets/Organised/20260306-handFlying-2/182091298.jpg,7,2,1,0.3519267822736031,0.014932562620423893,0.0045279383429672445,0.21445086705202313,0.20433526011560693,1.0494998143290557,0.26676300578034684,0.10269749518304432,6260.538926672754,0.21897880539499037,0.7,0.44508670520231214,0.0,0.0,0.2313102119460501,-1.0,-1.0,-1.0,0,0,0,0,1
./datasets/Organised/20260306-handFlying-2/94458661.jpg,7,2,1,0.17408477842003853,0.010886319845857417,0.004238921001926782,0.14238921001926783,0.1295761078998073,1.0988762778172763,0.1644508670520231,0.07716763005780347,4476.844468538504,0.14214836223506744,0.9,0.3815028901734104,0.0,0.0,0.0029865125240847784,-1.0,-1.0,-1.0,0,0,0,0,0
./datasets/Organised/20260306-handFlying-2/181057973.jpg,7,2,1,0.2455684007707129,0.008670520231213872,0.002890173410404624,0.1359344894026975,0.11579961464354528,1.1738667348280305,0.1651252408477842,0.07090558766859345,5915.712820675599,0.1386319845857418,0.5666666666666667,0.2947976878612717,0.0,0.0,0.05269749518304431,-1.0,-1.0,-1.0,0,0,0,0,0
./datasets/Organised/20260306-handFlying-2/216957703.jpg,8,2,2,0.002023121387283237,0.004335260115606936,0.0023121387283236996,0.043641618497109826,0.04354527938342967,1.0021893745006476,0.0581888246628131,0.032177263969171484,1324.3450221078774,0.0003853564547206166,0.06666666666666667,0.017341040462427744,0.0,0.0,0.0,-1.0,-1.0,-1.0,0,0,0,0,0
./datasets/Organised/20260306-handFlying-2/85558726.jpg,7,2,1,0.7482658959537573,0.018497109826589597,0.005973025048169557,0.26647398843930636,0.26001926782273604,1.0248200675686177,0.33188824662813105,0.1327552986512524,10883.21652741117,0.7008670520231214,1.0,0.9132947976878613,0.0,0.0,0.7484585741811175,-1.0,-1.0,-1.0,0,0,1,0,0
./datasets/Organised/20260306-handFlying-2/66192237.jpg,8,2,2,0.11204238921001927,0.012427745664739885,0.0045279383429672445,0.13805394990366088,0.12822736030828516,1.0766257134673884,0.16358381502890174,0.08159922928709056,2371.635195100627,0.09393063583815028,0.7666666666666667,0.2832369942196532,0.0,0.0,0.0,-1.0,-1.0,-1.0,0,0,0,0,0
./datasets/Organised/20260306-handFlying-2/227057610.jpg,7,2,1,0.10048169556840077,0.010500963391136802,0.0025048169556840076,0.12851637764932564,0.12157996146435453,1.0570436037142579,0.15202312138728324,0.06782273603082851,3206.5735384855266,0.04388246628131021,0.8,0.11560693641618497,0.0,0.0,0.0,-1.0,-1.0,-1.0,0,0,0,0,0
./datasets/Organised/20260306-handFlying-2/251124071.jpg,7,2,1,0.18776493256262042,0.011657032755298651,0.00394990366088632,0.16859344894026976,0.15385356454720617,1.0957975113474216,0.2023121387283237,0.08352601156069364,2614.7636816298573,0.07027938342967245,0.5833333333333334,0.3352601156069364,0.0,0.0,0.06782273603082851,-1.0,-1.0,-1.0,0,0,0,0,1
./datasets/Organised/20260306-handFlying-2/80192108.jpg,6,2,0,0.07475915221579961,0.012620423892100193,0.004238921001926782,0.14566473988439307,0.14942196531791907,0.9748484081711949,0.17716763005780348,0.0827552986512524,2804.686564498944,0.044171483622350675,0.48333333333333334,0.21965317919075145,0.0,0.0,0.0,-1.0,-1.0,-1.0,0,0,0,0,0
./datasets/Organised/20260306-handFlying-2/109325229.jpg,8,2,2,0.1825626204238921,0.009248554913294798,0.0027938342967244703,0.10780346820809249,0.1498073217726397,0.7196093443440551,0.1613680154142582,0.06570327552986513,3008.328154957474,0.16122350674373795,0.4,0.9479768786127167,0.0,0.0,0.1859344894026975,-1.0,-1.0,-1.0,0,0,0,1,0
./datasets/Organised/20260306-handFlying-2/231057573.jpg,8,2,2,0.002023121387283237,0.002023121387283237,0.0015414258188824663,0.027071290944123316,0.026685934489402697,1.0144024205879938,0.0325626204238921,0.01676300578034682,622.6048687077936,0.0008670520231213873,0.06666666666666667,0.028901734104046242,0.0,0.0,0.0,-1.0,-1.0,-1.0,0,0,0,0,0
./datasets/Organised/20260306-handFlying-2/269657324.jpg,8,2,2,0.006358381502890174,0.001445086705202312,0.0010597302504816955,0.019845857418111755,0.022254335260115606,0.8917348216127778,0.02716763005780347,0.015510597302504817,390.58241712794353,0.0022639691714836222,0.1,0.12138728323699421,0.0,0.0,0.004913294797687861,-1.0,-1.0,-1.0,0,0,0,0,0
./datasets/Organised/20260306-handFlying-2/126058409.jpg,8,2,2,0.008766859344894027,0.0023121387283236996,0.0007707129094412332,0.025529865125240848,0.029383429672447014,0.8688228905521183,0.03314065510597303,0.01464354527938343,801.942063355497,0.0034200385356454722,0.11666666666666667,0.08092485549132948,0.0,0.0,0.0010597302504816955,-1.0,-1.0,-1.0,0,0,0,0,0
./datasets/Organised/20260306-handFlying-2/214391037.jpg,6,2,0,0.12967244701348749,0.014065510597302504,0.00510597302504817,0.18102119460500962,0.16676300578034683,1.085493201952954,0.21348747591522158,0.09826589595375723,6372.6548960317195,0.03261078998073218,0.2833333333333333,0.32947976878612717,0.0,0.0,0.04277456647398844,-1.0,-1.0,-1.0,0,0,0,0,0
./datasets/Organised/20260306-handFlying-2/96658641.jpg,7,2,1,0.5332369942196532,0.021772639691714835,0.0052986512524084775,0.26897880539499036,0.27090558766859346,0.9928839594112736,0.3309248554913295,0.15096339113680154,6550.875742024643,0.4810693641618497,1.0,1.0,0.0,0.0,0.5098265895953757,-1.0,-1.0,-1.0,0,0,0,1,0
./datasets/Organised/20260306-handFlying-2/183857953.jpg,8,2,2,0.27591522157996146,0.015414258188824663,0.004238921001926782,0.22148362235067437,0.20741811175337188,1.0678072067632112,0.26146435452793837,0.10982658959537572,5123.7604974272435,0.2397398843930636,0.6666666666666666,0.6184971098265896,0.0,0.0,0.25761078998073217,-1.0,-1.0,-1.0,0,0,0,0,0
./datasets/Organised/20260306-handFlying-2/290224183.jpg,6,2,0,0.09951830443159923,0.006262042389210019,0.0019267822736030828,0.08121387283236994,0.08304431599229287,0.9779464604590957,0.10086705202312139,0.04200385356454721,5389.700673222924,0.0800578034682081,0.5,0.3236994219653179,0.0,0.0,0.097495183044316,-1.0,-1.0,-1.0,0,0,0,0,0
./datasets/Organised/20260306-handFlying-2/188691255.jpg,7,2,1,0.1947013487475915,0.007803468208092485,0.0032755298651252407,0.08921001926782274,0.098747591522158,0.9034054855132296,0.11801541425818883,0.053275529865125244,1660.691845246713,0.16021194605009634,0.43333333333333335,0.5375722543352601,0.0,0.0,0.18564547206165705,-1.0,-1.0,-1.0,0,0,0,0,0
./datasets/Organised/20260306-handFlying-2/188557916.jpg,7,2,1,0.22697495183044317,0.007418111753371869,0.003179190751445087,0.08670520231213873,0.10317919075144509,0.8403279900984713,0.11917148362235068,0.05048169556840077,1722.1635440449807,0.1791907514450867,0.48333333333333334,0.5722543352601156,0.0,0.0,0.225626204238921,-1.0,-1.0,-1.0,0,0,0,0,0
./datasets/Organised/20260306-handFlying-2/108425214.jpg,7,2,1,0.04161849710982659,0.002890173410404624,0.0012524084778420038,0.03747591522157996,0.036127167630057806,1.0373046207414311,0.046628131021194605,0.019460500963391136,535.8140466789921,0.018641618497109828,0.26666666666666666,0.09826589595375723,0.0,0.0,0.029576107899807323,-1.0,-1.0,-1.0,0,0,0,0,0
./datasets/Organised/20260306-handFlying-2/235457548.jpg,6,2,0,0.1163776493256262,0.005491329479768786,0.0024084778420038534,0.07957610789980732,0.08574181117533719,0.9280790635273264,0.10616570327552986,0.0464354527938343,5645.32782136241,0.09359344894026975,0.48333333333333334,0.23699421965317918,0.0,0.0,0.10279383429672447,-1.0,-1.0,-1.0,0,0,0,0,0
./datasets/Organised/20260306-handFlying-2/184157947.jpg,8,2,2,0.25953757225433527,0.013294797687861272,0.0038535645472061657,0.16811175337186898,0.17302504816955683,0.9715979481143089,0.21001926782273603,0.09026974951830444,3878.04458784865,0.23771676300578035,0.6666666666666666,0.5433526011560693,0.0,0.0,0.23554913294797689,-1.0,-1.0,-1.0,0,0,0,0,0
./datasets/Organised/20260306-handFlying-2/109858583.jpg,6,2,0,0.10009633911368016,0.008285163776493257,0.0018304431599229288,0.1128131021194605,0.10684007707129095,1.0558963388602367,0.13188824662813103,0.05202312138728324,1340.897465074751,0.044171483622350675,0.6333333333333333,0.24277456647398843,0.0,0.0,0.0,-1.0,-1.0,-1.0,0,0,0,0,0
./datasets/Organised/20260306-handFlying-2/109025205.jpg,7,2,1,0.101252408477842,0.0052986512524084775,0.0024084778420038534,0.07813102119460501,0.08140655105973026,0.9597515239990305,0.09470134874759152,0.03680154142581888,1395.3985396828048,0.07085741811175338,0.4666666666666667,0.3468208092485549,0.0,0.0,0.08776493256262043,-1.0,-1.0,-1.0,0,0,0,0,1
./datasets/Organised/20260306-handFlying-2/230124250.jpg,8,2,2,0.0,0.002601156069364162,0.002023121387283237,0.030635838150289016,0.031695568400770716,0.9665348552225007,0.03766859344894027,0.02167630057803468,705.3876702547881,0.0,0.0,0.0,0.0,0.0,0.0,-1.0,-1.0,-1.0,0,0,0,0,0
./datasets/Organised/20260306-handFlying-2/188857909.jpg,7,2,1,0.15375722543352602,0.005876685934489403,0.0029865125240847784,0.07341040462427746,0.07996146435452794,0.9180608078660414,0.09710982658959537,0.04672447013487476,1333.7280888009027,0.1285645472061657,0.4,0.44508670520231214,0.0,0.0,0.14065510597302505,-1.0,-1.0,-1.0,0,0,0,0,0
./datasets/Organised/20260306-handFlying-2/191424571.jpg,8,2,2,0.00789980732177264,0.0012524084778420038,0.0010597302504816955,0.018978805394990365,0.021001926782273604,0.9036266988755305,0.02485549132947977,0.011753371868978806,406.59607626939317,0.005973025048169557,0.13333333333333333,0.09826589595375723,0.0,0.0,0.008477842003853564,-1.0,-1.0,-1.0,0,0,0,0,0
./datasets/Organised/20260306-handFlying-2/235457548.jpg,8,2,2,0.11541425818882466,0.00953757225433526,0.003179190751445087,0.12244701348747591,0.15308285163776494,0.7998689096039762,0.17736030828516378,0.07851637764932562,2856.243156915812,0.0827552986512524,0.36666666666666664,0.44508670520231214,0.0,0.0,0.09364161849710982,-1.0,-1.0,-1.0,0,0,0,0,0
./datasets/Organised/20260306-handFlying-2/57558963.jpg,8,2,2,0.13497109826589596,0.011271676300578034,0.0045279383429672445,0.1508670520231214,0.15154142581888247,0.995543335194012,0.18448940269749517,0.08921001926782274,9712.298139448547,0.1161849710982659,0.5666666666666667,0.3352601156069364,0.0,0.0,0.11184971098265896,-1.0,-1.0,-1.0,0,0,0,0,0
./datasets/Organised/20260306-handFlying-2/249557424.jpg,6,2,0,0.2026974951830443,0.015317919075144508,0.005780346820809248,0.2241811175337187,0.23574181117533718,0.9509563257349157,0.2733140655105973,0.1151252408477842,9448.43186796715,0.13126204238921002,0.5166666666666667,0.5433526011560693,0.0,0.0,0.14778420038535645,-1.0,-1.0,-1.0,0,0,0,0,0
./datasets/Organised/20260306-handFlying-2/138958304.jpg,8,2,2,0.013198458574181117,0.0015414258188824663,0.0011560693641618498,0.023121387283236993,0.029479768786127167,0.7842871212407893,0.034007707129094414,0.014547206165703276,688.2126971889027,0.0056840077071290945,0.05,0.2832369942196532,0.0,0.0,0.010308285163776493,-1.0,-1.0,-1.0,0,0,0,0,0
./datasets/Organised/20260306-handFlying-2/133525022.jpg,7,2,1,0.0009633911368015414,0.0025048169556840076,0.0019267822736030828,0.028034682080924855,0.0289980732177264,0.9667440704204286,0.03641618497109827,0.018689788053949902,635.9972296936082,0.0001926782273603083,0.05,0.017341040462427744,0.0,0.0,0.0,-1.0,-1.0,-1.0,0,0,0,0,0
./datasets/Organised/20260306-handFlying-2/234857560.jpg,8,2,2,0.10568400770712909,0.007321772639691715,0.002119460500963391,0.10048169556840077,0.11705202312138728,0.8584288802536815,0.1407514450867052,0.05635838150289017,2423.493435018432,0.06151252408477842,0.21666666666666667,0.6069364161849711,0.0,0.0,0.08188824662813102,-1.0,-1.0,-1.0,0,0,0,0,0
./datasets/Organised/20260306-handFlying-2/279557235.jpg,8,2,2,0.22928709055876687,0.009633911368015413,0.0037572254335260114,0.13516377649325625,0.15038535645472062,0.898776855026422,0.17630057803468208,0.074373795761079,4280.788116793076,0.18492292870905588,0.6666666666666666,0.7167630057803468,0.0,0.0,0.202504816955684,-1.0,-1.0,-1.0,0,0,0,0,0
./datasets/Organised/20260306-handFlying-2/193324541.jpg,8,2,2,0.12447013487475915,0.005973025048169557,0.0029865125240847784,0.07427745664739885,0.08294797687861272,0.8954595878391153,0.09739884393063585,0.04344894026974952,2589.4516253188103,0.10765895953757225,0.38333333333333336,0.4624277456647399,0.0,0.0,0.11522157996146436,-1.0,-1.0,-1.0,0,0,0,0,0
./datasets/Organised/20260306-handFlying-2/70726685.jpg,7,2,1,0.3628131021194605,0.013680154142581889,0.004238921001926782,0.16791907514450868,0.14470134874759152,1.1604447101091273,0.18901734104046242,0.08901734104046242,3080.4509709646163,0.31305394990366087,1.0,0.5953757225433526,0.0,0.0,0.3197495183044316,-1.0,-1.0,-1.0,0,0,0,1,0
./datasets/Organised/20260306-handFlying-2/273190578.jpg,7,2,1,0.1535645472061657,0.007321772639691715,0.0030828516377649326,0.08680154142581888,0.12119460500963392,0.7162103066271996,0.12851637764932564,0.05346820809248555,1596.3970268431585,0.13535645472061658,0.6,0.5606936416184971,0.0,0.0,0.0,-1.0,-1.0,-1.0,0,0,0,0,0
./datasets/Organised/20260306-handFlying-2/116258491.jpg,6,2,0,0.2631984585741811,0.008188824662813102,0.0030828516377649326,0.1081888246628131,0.12052023121387283,0.8976744061867816,0.13940269749518305,0.06001926782273603,5448.232461817041,0.2491811175337187,0.8,0.44508670520231214,0.0,0.0,0.26310211946050094,-1.0,-1.0,-1.0,0,0,0,0,0
./datasets/Organised/20260306-handFlying-2/61192266.jpg,7,2,1,0.47620423892100194,0.011560693641618497,0.004913294797687861,0.17023121387283238,0.17755298651252407,0.9587574867592445,0.2197495183044316,0.09373795761078998,9788.61273134381,0.32312138728323697,0.65,0.6184971098265896,0.0,0.0,0.4611753371868979,-1.0,-1.0,-1.0,0,0,0,1,0
./datasets/Organised/20260306-handFlying-2/130525047.jpg,8,2,2,0.20626204238921003,0.02138728323699422,0.005780346820809248,0.2521194605009634,0.2542389210019268,0.9916596084021466,0.30761078998073216,0.12976878612716763,4619.486977281417,0.11319845857418112,0.7833333333333333,0.3236994219653179,0.0,0.0,0.016184971098265895,-1.0,-1.0,-1.0,0,0,0,0,0
./datasets/Organised/20260306-handFlying-2/197291190.jpg,7,2,1,0.27803468208092486,0.009730250481695568,0.0038535645472061657,0.14730250481695567,0.17447013487475915,0.8442800863460539,0.19826589595375724,0.0848747591522158,9000.390236299985,0.2857418111753372,0.7166666666666667,0.4913294797687861,0.0,0.0,0.27321772639691716,-1.0,-1.0,-1.0,0,0,0,0,1
./datasets/Organised/20260306-handFlying-2/263623983.jpg,8,2,2,0.0052986512524084775,0.0019267822736030828,0.0015414258188824663,0.031021194605009635,0.032947976878612714,0.9414918927314428,0.03651252408477842,0.016377649325626204,504.6091130026247,0.0011560693641618498,0.06666666666666667,0.04046242774566474,0.0,0.0,0.0,-1.0,-1.0,-1.0,0,0,0,0,0
./datasets/Organised/20260306-handFlying-2/94592032.jpg,7,2,1,0.1916184971098266,0.011753371868978806,0.004046242774566474,0.14364161849710982,0.1258188824662813,1.1416448313374048,0.1606936416184971,0.0733140655105973,3713.053465832098,0.15558766859344894,0.95,0.37572254335260113,0.0,0.0,0.0027938342967244703,-1.0,-1.0,-1.0,0,0,0,0,0
./datasets/Organised/20260306-handFlying-2/157058163.jpg,8,2,2,0.24653179190751445,0.011175337186897881,0.003468208092485549,0.1466281310211946,0.19238921001926781,0.762139253377341,0.21184971098265895,0.08757225433526011,3697.6050469073107,0.16170520231213872,0.45,0.6011560693641619,0.0,0.0,0.23535645472061656,-1.0,-1.0,-1.0,0,0,0,0,0
./datasets/Organised/20260306-handFlying-2/262257335.jpg,8,2,2,0.23901734104046243,0.017148362235067438,0.0037572254335260114,0.18969171483622352,0.1825626204238921,1.0390444404848063,0.22581888246628132,0.10317919075144509,1866.2859655258183,0.21685934489402697,1.0,0.3699421965317919,0.0,0.0,0.0,-1.0,-1.0,-1.0,0,0,0,0,1
./datasets/Organised/20260306-handFlying-2/193191213.jpg,7,2,1,0.24046242774566473,0.007707129094412331,0.0030828516377649326,0.10558766859344894,0.11473988439306358,0.9202270764424404,0.13583815028901733,0.06252408477842004,4516.473325165855,0.16830443159922928,0.5333333333333333,0.4393063583815029,0.0,0.0,0.23834296724470136,-1.0,-1.0,-1.0,0,0,0,0,0
./datasets/Organised/20260306-handFlying-2/280723848.jpg,6,2,0,0.5036608863198458,0.007803468208092485,0.0038535645472061657,0.10105973025048169,0.1220616570327553,0.8279332328753296,0.13477842003853566,0.0581888246628131,5566.910532287524,0.47909441233140654,0.85,1.0,0.0,0.0,0.498747591522158,-1.0,-1.0,-1.0,0,0,0,1,0
./datasets/Organised/20260306-handFlying-2/200324489.jpg,8,2,2,0.1252408477842004,0.007032755298651252,0.0023121387283236996,0.08333333333333333,0.09229287090558767,0.9029129726130941,0.10780346820809249,0.04797687861271676,2892.059881497321,0.06873795761078998,0.38333333333333336,0.36416184971098264,0.0,0.0,0.125626204238921,-1.0,-1.0,-1.0,0,0,0,0,0
./datasets/Organised/20260306-handFlying-2/242857481.jpg,6,2,0,0.16897880539499036,0.014739884393063583,0.004335260115606936,0.19017341040462427,0.1665703275529865,1.1416935507350743,0.21502890173410405,0.10028901734104047,2561.185420485891,0.1483140655105973,1.0,0.31213872832369943,0.0,0.0,0.0,-1.0,-1.0,-1.0,0,0,0,0,0
./datasets/Organised/20260306-handFlying-2/164491447.jpg,7,2,1,0.0,0.0,0.0,0.0,0.0,0.0,0.0,0.0,0.0,0.0,0.0,0.0,0.0,0.0,0.0,-1.0,-1.0,-1.0,0,0,0,0,0
./datasets/Organised/20260306-handFlying-2/171558048.jpg,6,2,0,0.0,0.0,0.0,0.0,0.0,0.0,0.0,0.0,0.0,0.0,0.0,0.0,0.0,0.0,0.0,-1.0,-1.0,-1.0,0,0,0,0,0
./datasets/Organised/20260306-handFlying-2/201057817.jpg,6,2,0,0.14421965317919075,0.019267822736030827,0.006165703275529865,0.24229287090558768,0.24961464354527937,0.9706638072210271,0.30028901734104047,0.13073217726396918,9749.511735357011,0.08477842003853564,0.43333333333333335,0.45664739884393063,0.0,0.0,0.09672447013487476,-1.0,-1.0,-1.0,0,0,0,0,0
./datasets/Organised/20260306-handFlying-2/99058636.jpg,8,2,2,0.3823699421965318,0.0174373795761079,0.00510597302504817,0.20828516377649325,0.2542389210019268,0.8192464934525949,0.28294797687861273,0.11685934489402698,8129.082648156193,0.36334296724470133,0.6666666666666666,1.0,0.0,0.0,0.3579961464354528,-1.0,-1.0,-1.0,0,0,0,1,0
./datasets/Organised/20260306-handFlying-2/106558567.jpg,6,2,0,0.17177263969171483,0.018111753371868978,0.005780346820809248,0.2138728323699422,0.23795761078998073,0.8987816480350176,0.27620423892100193,0.11984585741811175,6145.682254855009,0.09865125240847784,0.6166666666666667,0.630057803468208,0.0,0.0,0.0,-1.0,-1.0,-1.0,0,0,0,0,1
./datasets/Organised/20260306-handFlying-2/222924309.jpg,8,2,2,0.18477842003853565,0.010308285163776493,0.002601156069364162,0.14865125240847785,0.15308285163776494,0.9710446321942843,0.1779383429672447,0.07418111753371869,4445.126767423642,0.1105009633911368,0.45,0.3063583815028902,0.0,0.0,0.15770712909441234,-1.0,-1.0,-1.0,0,0,0,0,0
./datasets/Organised/20260306-handFlying-2/128825054.jpg,8,2,2,0.06897880539499036,0.0068400770712909445,0.002023121387283237,0.10048169556840077,0.09393063583815028,1.0697322012100015,0.11782273603082852,0.04816955684007707,1013.1947483488699,0.02186897880539499,0.4,0.2774566473988439,0.0,0.0,0.03911368015414258,-1.0,-1.0,-1.0,0,0,0,0,0
./datasets/Organised/20260306-handFlying-2/114925166.jpg,7,2,1,0.689402697495183,0.011271676300578034,0.004431599229287091,0.1624277456647399,0.17061657032755298,0.9519989374652903,0.19980732177263968,0.08901734104046242,7669.904491843659,0.6709055876685934,1.0,0.8497109826589595,0.0,0.0,0.6894990366088632,-1.0,-1.0,-1.0,0,0,1,0,0
./datasets/Organised/20260306-handFlying-2/203724463.jpg,6,2,0,0.19046242774566474,0.013680154142581889,0.004046242774566474,0.17090558766859346,0.16647398843930636,1.0266142035558838,0.20240847784200386,0.07890173410404624,4191.178651103909,0.08627167630057804,0.4,0.41040462427745666,0.0,0.0,0.098747591522158,-1.0,-1.0,-1.0,0,0,0,0,0
./datasets/Organised/20260306-handFlying-2/154591533.jpg,7,2,1,0.05982658959537572,0.004046242774566474,0.001445086705202312,0.054046242774566475,0.0653179190751445,0.8274209607233447,0.08092485549132948,0.032177263969171484,1050.8507715946257,0.030684007707129094,0.16666666666666666,0.47398843930635837,0.0,0.0,0.020809248554913295,-1.0,-1.0,-1.0,0,0,0,0,0
./datasets/Organised/20260306-handFlying-2/42459081.jpg,7,2,1,0.6019267822736031,0.01348747591522158,0.005009633911368015,0.21753371868978805,0.20616570327552985,1.0551350690177494,0.2523121387283237,0.1069364161849711,9626.37844884746,0.5932562620423892,1.0,0.7630057803468208,0.0,0.0,0.597495183044316,-1.0,-1.0,-1.0,0,0,1,0,0
./datasets/Organised/20260306-handFlying-2/168258075.jpg,7,2,1,0.026782273603082853,0.0016377649325626203,0.0005780346820809249,0.028034682080924855,0.042967244701348745,0.6524511828626052,0.048554913294797684,0.02042389210019268,500.2498061987444,0.012427745664739885,0.06666666666666667,0.4682080924855491,0.0,0.0,0.027071290944123316,-1.0,-1.0,-1.0,0,0,0,0,0
./datasets/Organised/20260306-handFlying-2/69292194.jpg,6,2,0,0.008959537572254336,0.0036608863198458576,0.002119460500963391,0.050385356454720615,0.05009633911368015,1.005749154468801,0.06117533718689788,0.027938342967244702,2163.764439720301,0.0028420038535645472,0.11666666666666667,0.046242774566473986,0.0,0.0,0.006551059730250481,-1.0,-1.0,-1.0,0,0,0,0,0
./datasets/Organised/20260306-handFlying-2/239324179.jpg,7,2,1,0.0394990366088632,0.011464354527938344,0.0038535645472061657,0.12167630057803468,0.11946050096339114,1.0185398609324543,0.1542389210019268,0.06859344894026975,1453.751456632549,0.0056840077071290945,0.2,0.10982658959537572,0.0,0.0,0.0,-1.0,-1.0,-1.0,0,0,0,0,0
./datasets/Organised/20260306-handFlying-2/193191213.jpg,6,2,0,0.14267822736030827,0.018689788053949902,0.005876685934489403,0.2407514450867052,0.23940269749518303,1.0056296022393276,0.2934489402697495,0.1315028901734104,8418.025207955123,0.09441233140655106,0.38333333333333336,0.5260115606936416,0.0,0.0,0.09547206165703276,-1.0,-1.0,-1.0,0,0,0,0,0
./datasets/Organised/20260306-handFlying-2/282657165.jpg,8,2,2,0.3828516377649326,0.00838150289017341,0.003179190751445087,0.08766859344894026,0.151252408477842,0.5796140022972333,0.14922928709055877,0.055876685934489405,2940.2118080475643,0.3741329479768786,0.7666666666666667,0.7052023121387283,0.0,0.0,0.38227360308285163,-1.0,-1.0,-1.0,0,0,0,1,0
./datasets/Organised/20260306-handFlying-2/191824552.jpg,7,2,1,0.2239884393063584,0.015317919075144508,0.00394990366088632,0.16493256262042388,0.17389210019267823,0.9484709999285433,0.21001926782273603,0.08940269749518305,3869.879519826551,0.14108863198458574,0.48333333333333334,0.5895953757225434,0.0,0.0,0.18458574181117535,-1.0,-1.0,-1.0,0,0,0,0,0
./datasets/Organised/20260306-handFlying-2/218257678.jpg,8,2,2,0.2208092485549133,0.014161849710982659,0.0037572254335260114,0.18901734104046242,0.18998073217726397,0.9949237691132233,0.22687861271676302,0.09190751445086705,4456.186862240636,0.16064547206165702,0.4666666666666667,0.5606936416184971,0.0,0.0,0.1554913294797688,-1.0,-1.0,-1.0,0,0,0,0,0
./datasets/Organised/20260306-handFlying-2/261590670.jpg,7,2,1,0.0038535645472061657,0.003468208092485549,0.0022157996146435453,0.04113680154142582,0.04325626204238921,0.9509802423721252,0.049903660886319846,0.02601156069364162,790.8014401769374,0.0008188824662813102,0.08333333333333333,0.023121387283236993,0.0,0.0,0.0,-1.0,-1.0,-1.0,0,0,0,0,0
./datasets/Organised/20260306-handFlying-2/223491000.jpg,8,2,2,0.1046242774566474,0.008959537572254336,0.0025048169556840076,0.12244701348747591,0.11194605009633911,1.0937940158503576,0.1428709055876686,0.05423892100192678,2819.907902730907,0.06811175337186898,0.31666666666666665,0.3352601156069364,0.0,0.0,0.07456647398843931,-1.0,-1.0,-1.0,0,0,0,0,0
./datasets/Organised/20260306-handFlying-2/190657898.jpg,7,2,1,0.2023121387283237,0.010404624277456647,0.0035645472061657034,0.14460500963391137,0.14865125240847785,0.9727737541208246,0.18159922928709055,0.0697495183044316,2426.773429663166,0.08670520231213873,0.5,0.3236994219653179,0.0,0.0,0.1720616570327553,-1.0,-1.0,-1.0,0,0,0,0,0
./datasets/Organised/20260306-handFlying-2/115958494.jpg,6,2,0,0.26310211946050094,0.008766859344894027,0.004046242774566474,0.11127167630057803,0.1151252408477842,0.9665188012843872,0.13834296724470135,0.061849710982658956,5794.608139040171,0.24922928709055878,0.7166666666666667,0.4797687861271676,0.0,0.0,0.2611753371868979,-1.0,-1.0,-1.0,0,0,0,0,0
./datasets/Organised/20260306-handFlying-2/190824558.jpg,6,2,0,0.11021194605009633,0.007418111753371869,0.0025048169556840076,0.09123314065510597,0.10597302504816955,0.8609009671345101,0.11830443159922929,0.050385356454720615,4446.037243058572,0.0947495183044316,0.38333333333333336,0.5086705202312138,0.0,0.0,0.10491329479768786,-1.0,-1.0,-1.0,0,0,0,0,0
./datasets/Organised/20260306-handFlying-2/150958223.jpg,7,2,1,0.004431599229287091,0.0003853564547206166,0.0004816955684007707,0.012716763005780347,0.013872832369942197,0.9166005950404409,0.017919075144508672,0.008863198458574181,248.66138129684697,0.0018786127167630057,0.05,0.11560693641618497,0.0,0.0,0.0,-1.0,-1.0,-1.0,0,0,0,0,0
./datasets/Organised/20260306-handFlying-2/240357499.jpg,8,2,2,0.11348747591522158,0.011657032755298651,0.002697495183044316,0.14258188824662812,0.13680154142581888,1.0422459024560087,0.16772639691714836,0.06984585741811175,1575.9870845723767,0.08261078998073218,0.85,0.34104046242774566,0.0,0.0,0.0,-1.0,-1.0,-1.0,0,0,0,0,1
./datasets/Organised/20260306-handFlying-2/130958374.jpg,8,2,2,0.13978805394990365,0.01676300578034682,0.00510597302504817,0.20529865125240848,0.22620423892100192,0.9075769077307061,0.2632947976878613,0.10857418111753372,4284.840197690089,0.057177263969171485,1.0,0.1907514450867052,0.0,0.0,0.06955684007707129,-1.0,-1.0,-1.0,0,0,0,0,1
./datasets/Organised/20260306-handFlying-2/158991476.jpg,7,2,1,0.0004816955684007707,0.001445086705202312,0.0007707129094412332,0.021965317919075144,0.017341040462427744,1.266593626434209,0.02485549132947977,0.011657032755298651,428.69989786012087,0.0001926782273603083,0.05,0.017341040462427744,0.0,0.0,0.0,-1.0,-1.0,-1.0,0,0,0,0,0
./datasets/Organised/20260306-handFlying-2/136958319.jpg,6,2,0,0.0,0.0010597302504816955,0.000674373795761079,0.014354527938342966,0.010886319845857417,1.3184629588892631,0.016184971098265895,0.009055876685934489,167.88872675517243,0.0,0.0,0.0,0.0,0.0,0.0,-1.0,-1.0,-1.0,0,0,0,0,0
./datasets/Organised/20260306-handFlying-2/122525108.jpg,8,2,2,0.13776493256262043,0.009633911368015413,0.0036608863198458576,0.12244701348747591,0.14364161849710982,0.8524420869558266,0.1665703275529865,0.07090558766859345,3906.2119784508527,0.07822736030828516,0.2833333333333333,0.6242774566473989,0.0,0.0,0.10809248554913295,-1.0,-1.0,-1.0,0,0,0,0,0
./datasets/Organised/20260306-handFlying-2/164624775.jpg,8,2,2,0.0,9.633911368015414e-05,9.633911368015414e-05,0.0005780346820809249,0.0005780346820809249,0.998272987731225,0.0007707129094412332,0.0,5.210019267822736,0.0,0.0,0.0,0.0,0.0,0.0,-1.0,-1.0,-1.0,0,0,0,0,0
./datasets/Organised/20260306-handFlying-2/152724866.jpg,7,2,1,0.10732177263969171,0.005009633911368015,0.002119460500963391,0.06666666666666667,0.0905587668593449,0.7361620836569911,0.10221579961464354,0.04161849710982659,1648.1269838618061,0.09258188824662814,0.23333333333333334,0.7976878612716763,0.0,0.0,0.0,-1.0,-1.0,-1.0,0,0,0,1,0
./datasets/Organised/20260306-handFlying-2/148791579.jpg,7,2,1,0.0004816955684007707,0.0004816955684007707,0.00028901734104046245,0.006647398843930636,0.006551059730250481,1.0145510141246088,0.008092485549132947,0.0037572254335260114,196.23795761078998,0.0001926782273603083,0.05,0.017341040462427744,0.0,0.0,0.0,-1.0,-1.0,-1.0,0,0,0,0,0
./datasets/Organised/20260306-handFlying-2/199891158.jpg,7,2,1,0.4613680154142582,0.009248554913294798,0.0030828516377649326,0.1197495183044316,0.14739884393063585,0.8124127889903596,0.1634874759152216,0.07225433526011561,7522.465853037374,0.4672928709055877,0.8166666666666667,0.7052023121387283,0.0,0.0,0.4590558766859345,-1.0,-1.0,-1.0,0,0,0,1,0
./datasets/Organised/20260306-handFlying-2/116991821.jpg,8,2,2,0.21907514450867052,0.011175337186897881,0.003179190751445087,0.1295761078998073,0.14826589595375722,0.8739382251599888,0.16907514450867053,0.07466281310211946,5546.91616725324,0.17061657032755298,0.6166666666666667,0.3815028901734104,0.0,0.0,0.18073217726396917,-1.0,-1.0,-1.0,0,0,0,0,0
./datasets/Organised/20260306-handFlying-2/199424491.jpg,8,2,2,0.30221579961464357,0.015414258188824663,0.004720616570327553,0.2153179190751445,0.2338150289017341,0.9208860491152905,0.2682080924855491,0.11628131021194606,10842.418667364615,0.3357418111753372,0.7833333333333333,0.6127167630057804,0.0,0.0,0.29152215799614645,-1.0,-1.0,-1.0,0,0,0,0,0
./datasets/Organised/20260306-handFlying-2/46925731.jpg,6,2,0,0.7362235067437379,0.013776493256262042,0.005491329479768786,0.17697495183044315,0.21184971098265895,0.8353757748064836,0.23246628131021194,0.09961464354527938,10229.948053161,0.7490847784200385,0.9166666666666666,1.0,0.0,0.0,0.7288053949903661,-1.0,-1.0,-1.0,0,0,0,1,0
./datasets/Organised/20260306-handFlying-2/133958346.jpg,8,2,2,0.05645472061657033,0.009344894026974951,0.003371868978805395,0.11705202312138728,0.1138728323699422,1.027909754904183,0.14499036608863197,0.06849710982658959,2104.247773842538,0.024084778420038536,0.5166666666666667,0.11560693641618497,0.0,0.0,0.007803468208092485,-1.0,-1.0,-1.0,0,0,0,0,0
./datasets/Organised/20260306-handFlying-2/64825557.jpg,6,2,0,0.00510597302504817,0.005876685934489403,0.003468208092485549,0.06541425818882467,0.06339113680154143,1.0318986153379526,0.07909441233140656,0.04373795761078998,2542.8388911163825,0.0006262042389210019,0.1,0.023121387283236993,0.0,0.0,0.0022157996146435453,-1.0,-1.0,-1.0,0,0,0,0,0
./datasets/Organised/20260306-handFlying-2/75425480.jpg,6,2,0,0.034296724470134876,0.004624277456647399,0.0012524084778420038,0.06483622350674374,0.0653179190751445,0.992610172133353,0.07890173410404624,0.03352601156069364,1063.7774386789476,0.0076107899807321775,0.21666666666666667,0.08670520231213873,0.0,0.0,0.0,-1.0,-1.0,-1.0,0,0,0,0,0
./datasets/Organised/20260306-handFlying-2/274790562.jpg,6,2,0,0.0,0.0,9.633911368015414e-05,0.0001926782273603083,0.00028901734104046245,0.6643679535473926,0.0003853564547206166,0.00028901734104046245,8.147206165703276,0.0,0.0,0.0,0.0,0.0,0.0,-1.0,-1.0,-1.0,0,0,0,0,0
./datasets/Organised/20260306-handFlying-2/79158776.jpg,7,2,1,0.09614643545279383,0.012427745664739885,0.0036608863198458576,0.15915221579961464,0.13535645472061658,1.1757920251094514,0.17909441233140655,0.0766859344894027,2006.6456008850573,0.033622350674373795,0.5166666666666667,0.18497109826589594,0.0,0.0,0.0,-1.0,-1.0,-1.0,0,0,0,0,0
./datasets/Organised/20260306-handFlying-2/182391296.jpg,6,2,0,0.16502890173410403,0.015510597302504817,0.0052986512524084775,0.2151252408477842,0.2119460500963391,1.0149952110680496,0.2653179190751445,0.11396917148362234,6214.266148440197,0.04079961464354528,0.4166666666666667,0.15606936416184972,0.0,0.0,0.03044315992292871,-1.0,-1.0,-1.0,0,0,0,0,0
./datasets/Organised/20260306-handFlying-2/123591759.jpg,7,2,1,0.1861271676300578,0.016473988439306357,0.004816955684007707,0.23689788053949903,0.2241811175337187,1.056720683815772,0.2789980732177264,0.11589595375722543,3444.954375902599,0.09277456647398843,0.85,0.2947976878612717,0.0,0.0,0.10520231213872833,-1.0,-1.0,-1.0,0,0,0,0,1
./datasets/Organised/20260306-handFlying-2/78725462.jpg,8,2,2,0.009922928709055878,0.002119460500963391,0.0004816955684007707,0.025433526011560695,0.02283236994219653,1.1138752657162105,0.028901734104046242,0.012716763005780347,258.364443061542,0.004431599229287091,0.25,0.05202312138728324,0.0,0.0,0.0,-1.0,-1.0,-1.0,0,0,0,0,0
./datasets/Organised/20260306-handFlying-2/123891795.jpg,7,2,1,0.2340077071290944,0.019460500963391136,0.004913294797687861,0.25828516377649324,0.23930635838150288,1.079303058306866,0.29903660886319844,0.12408477842003854,3853.2565940410823,0.1755780346820809,0.8,0.4161849710982659,0.0,0.0,0.16435452793834296,-1.0,-1.0,-1.0,0,0,0,0,1
./datasets/Organised/20260306-handFlying-2/189124627.jpg,8,2,2,0.001445086705202312,0.001445086705202312,0.0004816955684007707,0.016377649325626204,0.014836223506743738,1.1038217034462223,0.018978805394990365,0.010308285163776493,295.41951782180786,0.0004816955684007707,0.06666666666666667,0.023121387283236993,0.0,0.0,0.0,-1.0,-1.0,-1.0,0,0,0,0,0
./datasets/Organised/20260306-handFlying-2/118892241.jpg,6,2,0,0.1115606936416185,0.009633911368015413,0.0036608863198458576,0.12928709055876686,0.12495183044315993,1.034687170352484,0.15606936416184972,0.06705202312138728,3966.0080654214976,0.05616570327552987,0.6,0.2138728323699422,0.0,0.0,0.09489402697495183,-1.0,-1.0,-1.0,0,0,0,0,0
./datasets/Organised/20260306-handFlying-2/178657993.jpg,6,2,0,0.10105973025048169,0.011368015414258189,0.003179190751445087,0.14566473988439307,0.12148362235067438,1.199038504346015,0.16714836223506743,0.0779383429672447,3108.435934480122,0.07153179190751445,1.0,0.15028901734104047,0.0,0.0,0.014739884393063583,-1.0,-1.0,-1.0,0,0,0,0,0
./datasets/Organised/20260306-handFlying-2/98591980.jpg,6,2,0,0.11204238921001927,0.009055876685934489,0.0025048169556840076,0.12552986512524084,0.14797687861271677,0.8483015590037873,0.16878612716763006,0.0686897880539499,2283.7496712126103,0.04686897880539499,0.4,0.5664739884393064,0.0,0.0,0.08410404624277457,-1.0,-1.0,-1.0,0,0,0,0,1
./datasets/Organised/20260306-handFlying-2/277457210.jpg,6,2,0,0.14190751445086705,0.009441233140655106,0.00394990366088632,0.1186897880539499,0.15067437379576107,0.7877185572131562,0.1642581888246628,0.07196531791907515,5215.810240337316,0.06936416184971098,0.2833333333333333,0.5028901734104047,0.0,0.0,0.09701348747591522,-1.0,-1.0,-1.0,0,0,0,0,0
./datasets/Organised/20260306-handFlying-2/145591623.jpg,8,2,2,0.001445086705202312,0.0005780346820809249,0.0005780346820809249,0.009826589595375723,0.009152215799614644,1.0735669092156037,0.011753371868978806,0.005780346820809248,154.0793810536789,0.00043352601156069364,0.05,0.028901734104046242,0.0,0.0,0.0,-1.0,-1.0,-1.0,0,0,0,0,0
./datasets/Organised/20260306-handFlying-2/170358072.jpg,7,2,1,0.01878612716763006,0.002601156069364162,0.0007707129094412332,0.03333333333333333,0.03901734104046243,0.8542990922849927,0.04682080924855491,0.021483622350674372,827.971153173622,0.009633911368015413,0.13333333333333333,0.3699421965317919,0.0,0.0,0.01705202312138728,-1.0,-1.0,-1.0,0,0,0,0,0
./datasets/Organised/20260306-handFlying-2/182091298.jpg,8,2,2,0.15414258188824662,0.015221579961464355,0.004913294797687861,0.21204238921001928,0.20770712909441233,1.0208670702225469,0.25317919075144507,0.10741811175337188,5029.125776662175,0.10915221579961465,0.43333333333333335,0.6416184971098265,0.0,0.0,0.11628131021194606,-1.0,-1.0,-1.0,0,0,0,0,0
./datasets/Organised/20260306-handFlying-2/156791493.jpg,8,2,2,0.3649325626204239,0.01695568400770713,0.004913294797687861,0.1857418111753372,0.23670520231213873,0.7846934696303562,0.2651252408477842,0.11666666666666667,5987.447237155713,0.3073699421965318,0.5833333333333334,0.7976878612716763,0.0,0.0,0.3204238921001927,-1.0,-1.0,-1.0,0,0,0,1,0
./datasets/Organised/20260306-handFlying-2/116858494.jpg,7,2,1,0.7279383429672447,0.034393063583815026,0.007707129094412331,0.4234104046242775,0.40452793834296724,1.046675193024886,0.4999036608863198,0.20211946050096338,13414.443071296515,0.7712909441233141,1.0,1.0,0.0,0.0,0.7209055876685935,-1.0,-1.0,-1.0,0,0,0,1,0
./datasets/Organised/20260306-handFlying-2/81092099.jpg,6,2,0,0.04710982658959537,0.01233140655105973,0.004431599229287091,0.15366088631984587,0.1519267822736031,1.0114074201591494,0.18227360308285165,0.07938342967244702,3536.7986959879117,0.012379576107899807,0.2833333333333333,0.10982658959537572,0.0,0.0,0.0,-1.0,-1.0,-1.0,0,0,0,0,0
./datasets/Organised/20260306-handFlying-2/188557916.jpg,6,2,0,0.2877649325626204,0.020520231213872833,0.0056840077071290945,0.2566473988439306,0.27552986512524086,0.9314651508362707,0.3211946050096339,0.13285163776493256,9207.29692546434,0.20920038535645472,0.5833333333333334,0.861271676300578,0.0,0.0,0.23102119460500964,-1.0,-1.0,-1.0,0,0,0,1,0
./datasets/Organised/20260306-handFlying-2/117291810.jpg,8,2,2,0.16377649325626203,0.01021194605009634,0.0038535645472061657,0.15077071290944125,0.15529865125240847,0.9708374210344727,0.18391136801541424,0.07321772639691715,5091.955069182251,0.10428709055876687,0.55,0.2774566473988439,0.0,0.0,0.11175337186897881,-1.0,-1.0,-1.0,0,0,0,0,0
./datasets/Organised/20260306-handFlying-2/98925294.jpg,6,2,0,0.06657032755298652,0.006358381502890174,0.0022157996146435453,0.08554913294797688,0.10732177263969171,0.7971200411974617,0.1220616570327553,0.050289017341040465,1809.5022149086167,0.019653179190751446,0.15,0.24277456647398843,0.0,0.0,0.025433526011560695,-1.0,-1.0,-1.0,0,0,0,0,0
./datasets/Organised/20260306-handFlying-2/90792024.jpg,8,2,2,0.19229287090558767,0.01724470134874759,0.005009633911368015,0.22976878612716764,0.22658959537572254,1.0140261370785277,0.27976878612716766,0.1142581888246628,4927.317332872984,0.15110789980732178,0.75,0.45664739884393063,0.0,0.0,0.009248554913294798,-1.0,-1.0,-1.0,0,0,0,0,1
./datasets/Organised/20260306-handFlying-2/174024695.jpg,8,2,2,0.11570327552986512,0.009248554913294798,0.002890173410404624,0.12042389210019268,0.11021194605009633,1.0926474286011287,0.14065510597302505,0.05982658959537572,2510.0593590014887,0.0760597302504817,0.4166666666666667,0.28901734104046245,0.0,0.0,0.08535645472061656,-1.0,-1.0,-1.0,0,0,0,0,0
./datasets/Organised/20260306-handFlying-2/214824382.jpg,6,2,0,0.061464354527938345,0.009633911368015413,0.0045279383429672445,0.12292870905587669,0.12119460500963392,1.0143000568882428,0.1430635838150289,0.06657032755298652,4738.425621155253,0.03395953757225433,0.4166666666666667,0.2023121387283237,0.0,0.0,0.005491329479768786,-1.0,-1.0,-1.0,0,0,0,0,0
./datasets/Organised/20260306-handFlying-2/200024490.jpg,6,2,0,0.10366088631984585,0.0035645472061657034,0.002119460500963391,0.053275529865125244,0.057803468208092484,0.9216507221091742,0.06666666666666667,0.032851637764932565,3157.2721623026346,0.09494219653179191,0.5333333333333333,0.23699421965317918,0.0,0.0,0.09913294797687862,-1.0,-1.0,-1.0,0,0,0,0,0
./datasets/Organised/20260306-handFlying-2/261890663.jpg,8,2,2,0.2567437379576108,0.017919075144508672,0.004046242774566474,0.2016377649325626,0.19152215799614644,1.0528114043348202,0.2371868978805395,0.10809248554913295,1735.862768654334,0.2127649325626204,1.0,0.3930635838150289,0.0,0.0,0.0,-1.0,-1.0,-1.0,0,0,0,0,1
./datasets/Organised/20260306-handFlying-2/263623983.jpg,7,2,1,0.014258188824662813,0.0072254335260115606,0.00394990366088632,0.09335260115606936,0.09826589595375723,0.9499903324513226,0.11917148362235068,0.060404624277456645,1997.9236036397251,0.0023121387283236996,0.1,0.06358381502890173,0.0,0.0,0.0,-1.0,-1.0,-1.0,0,0,0,0,0
./datasets/Organised/20260306-handFlying-2/277723886.jpg,8,2,2,0.11714836223506744,0.008959537572254336,0.003468208092485549,0.1409441233140655,0.13998073217726398,1.006875119501899,0.17591522157996145,0.07186897880539499,2394.549295740661,0.038824662813102116,0.18333333333333332,0.3699421965317919,0.0,0.0,0.05500963391136802,-1.0,-1.0,-1.0,0,0,0,0,0
./datasets/Organised/20260306-handFlying-2/107725220.jpg,8,2,2,0.1971098265895954,0.009441233140655106,0.003371868978805395,0.10838150289017341,0.13092485549132948,0.8278082467626185,0.15048169556840077,0.06811175337186898,2238.129705664517,0.11685934489402698,0.35,0.6069364161849711,0.0,0.0,0.17418111753371868,-1.0,-1.0,-1.0,0,0,0,0,0
./datasets/Organised/20260306-handFlying-2/194224543.jpg,6,2,0,0.07591522157996146,0.011946050096339113,0.004913294797687861,0.1508670520231214,0.16156069364161849,0.9338045957711962,0.19113680154142582,0.08747591522157996,7220.7602499526665,0.03954720616570328,0.4,0.3988439306358382,0.0,0.0,0.07109826589595376,-1.0,-1.0,-1.0,0,0,0,0,0
./datasets/Organised/20260306-handFlying-2/202657803.jpg,6,2,0,0.23227360308285164,0.021098265895953757,0.0052986512524084775,0.24672447013487475,0.2529865125240848,0.9752436698289061,0.30077071290944124,0.1338150289017341,8253.689949872105,0.14633911368015415,0.4666666666666667,0.5549132947976878,0.0,0.0,0.13728323699421965,-1.0,-1.0,-1.0,0,0,0,0,0
./datasets/Organised/20260306-handFlying-2/61792254.jpg,7,2,1,0.46098265895953755,0.01628131021194605,0.005876685934489403,0.2418111753371869,0.2386319845857418,1.0133183212579029,0.2934489402697495,0.1295761078998073,16280.860934619339,0.2583815028901734,0.65,0.45664739884393063,0.0,0.0,0.452504816955684,-1.0,-1.0,-1.0,0,0,0,1,0
./datasets/Organised/20260306-handFlying-2/59258964.jpg,7,2,1,0.5839113680154142,0.011849710982658959,0.004624277456647399,0.16329479768786126,0.17861271676300577,0.9142343636716855,0.21213872832369943,0.09421965317919075,9338.989872104721,0.5338631984585742,0.7166666666666667,0.9248554913294798,0.0,0.0,0.5631984585741812,-1.0,-1.0,-1.0,0,0,1,0,0
./datasets/Organised/20260306-handFlying-2/67192232.jpg,7,2,1,0.15163776493256262,0.014354527938342966,0.005009633911368015,0.1945086705202312,0.18285163776493257,1.063745499642631,0.23159922928709056,0.10385356454720616,5793.663539367244,0.11517341040462428,0.8333333333333334,0.24855491329479767,0.0,0.0,0.013776493256262042,-1.0,-1.0,-1.0,0,0,0,0,1
./datasets/Organised/20260306-handFlying-2/140191633.jpg,8,2,2,0.0012524084778420038,0.0017341040462427746,0.0011560693641618498,0.023121387283236993,0.020520231213872833,1.1267056563159035,0.028323699421965318,0.014354527938342966,627.9278278871105,0.000674373795761079,0.08333333333333333,0.017341040462427744,0.0,0.0,0.0,-1.0,-1.0,-1.0,0,0,0,0,0
./datasets/Organised/20260306-handFlying-2/142258276.jpg,6,2,0,0.0,0.0,0.0,0.0,0.0,0.0,0.0,0.0,0.0,0.0,0.0,0.0,0.0,0.0,0.0,-1.0,-1.0,-1.0,0,0,0,0,0
./datasets/Organised/20260306-handFlying-2/238257523.jpg,6,2,0,0.017919075144508672,0.00510597302504817,0.001445086705202312,0.06560693641618497,0.052215799614643545,1.2564335022513775,0.0779383429672447,0.04046242774566474,5373.501124847325,0.004431599229287091,0.18333333333333332,0.05202312138728324,0.0,0.0,0.0,-1.0,-1.0,-1.0,0,0,0,0,0
./datasets/Organised/20260306-handFlying-2/92625326.jpg,7,2,1,0.1596339113680154,0.018497109826589597,0.005587668593448941,0.21146435452793835,0.20635838150289018,1.0247382648071015,0.2565510597302505,0.12071290944123314,7501.359532560392,0.10838150289017341,0.7166666666666667,0.4797687861271676,0.0,0.0,0.001445086705202312,-1.0,-1.0,-1.0,0,0,0,0,1
./datasets/Organised/20260306-handFlying-2/64692298.jpg,6,2,0,0.020134874759152217,0.0038535645472061657,0.0027938342967244703,0.0430635838150289,0.04556840077071291,0.9450109741777759,0.054046242774566475,0.029383429672447014,1902.3748038877197,0.013342967244701348,0.15,0.15606936416184972,0.0,0.0,0.0174373795761079,-1.0,-1.0,-1.0,0,0,0,0,0
./datasets/Organised/20260306-handFlying-2/86158726.jpg,6,2,0,0.36560693641618497,0.011368015414258189,0.005491329479768786,0.1735067437379576,0.1894990366088632,0.9156026924474084,0.21753371868978805,0.09094412331406551,8668.029600461836,0.36122350674373793,0.65,1.0,0.0,0.0,0.3576107899807322,-1.0,-1.0,-1.0,0,0,0,1,0
./datasets/Organised/20260306-handFlying-2/87558729.jpg,6,2,0,0.20539499036608863,0.01001926782273603,0.00394990366088632,0.1443159922928709,0.15269749518304432,0.945104220705482,0.17822736030828518,0.07485549132947977,5732.968892406473,0.1804431599229287,0.5166666666666667,0.5838150289017341,0.0,0.0,0.194990366088632,-1.0,-1.0,-1.0,0,0,0,0,0
./datasets/Organised/20260306-handFlying-2/168791404.jpg,7,2,1,0.0045279383429672445,0.0012524084778420038,0.0009633911368015414,0.02186897880539499,0.02186897880539499,0.9999542752186045,0.02813102119460501,0.012524084778420038,462.0882367065017,0.0009633911368015414,0.03333333333333333,0.12716763005780346,0.0,0.0,0.0045279383429672445,-1.0,-1.0,-1.0,0,0,0,0,0
./datasets/Organised/20260306-handFlying-2/247424419.jpg,6,2,0,0.1936416184971098,0.015028901734104046,0.004720616570327553,0.19431599229287091,0.2106936416184971,0.9222635696863954,0.24489402697495183,0.10953757225433526,9930.364615692324,0.15486512524084778,0.6333333333333333,0.6647398843930635,0.0,0.0,0.16984585741811176,-1.0,-1.0,-1.0,0,0,0,0,0
./datasets/Organised/20260306-handFlying-2/77092127.jpg,8,2,2,0.130635838150289,0.009152215799614644,0.004046242774566474,0.12379576107899808,0.14132947976878613,0.875931089185613,0.16560693641618496,0.07215799614643545,2672.465760624218,0.07846820809248554,0.4,0.6184971098265896,0.0,0.0,0.11502890173410404,-1.0,-1.0,-1.0,0,0,0,0,0
./datasets/Organised/20260306-handFlying-2/215657697.jpg,7,2,1,0.14547206165703275,0.010886319845857417,0.003371868978805395,0.14248554913294798,0.14210019267822735,1.0027048080841303,0.1676300578034682,0.0697495183044316,3747.0842358303544,0.06069364161849711,0.38333333333333336,0.2543352601156069,0.0,0.0,0.07292870905587669,-1.0,-1.0,-1.0,0,0,0,0,0
./datasets/Organised/20260306-handFlying-2/239757513.jpg,8,2,2,0.14450867052023122,0.013294797687861272,0.003371868978805395,0.16801541425818883,0.15433526011560694,1.0886321473148008,0.1951830443159923,0.08208092485549133,1950.7634554000022,0.1119942196531792,0.8666666666666667,0.23699421965317918,0.0,0.0,0.0,-1.0,-1.0,-1.0,0,0,0,0,1
./datasets/Organised/20260306-handFlying-2/273190578.jpg,8,2,2,0.17398843930635838,0.0068400770712909445,0.0024084778420038534,0.07832369942196532,0.09470134874759152,0.8270512870881384,0.10452793834296724,0.04238921001926782,1901.5310183267063,0.16541425818882466,0.5833333333333334,0.43352601156069365,0.0,0.0,0.0,-1.0,-1.0,-1.0,0,0,0,0,0
./datasets/Organised/20260306-handFlying-2/212491054.jpg,8,2,2,0.1733140655105973,0.013872832369942197,0.0032755298651252407,0.17003853564547206,0.17273603082851638,0.9843780157034004,0.21001926782273603,0.09152215799614644,2347.581002780655,0.13145472061657032,0.6333333333333333,0.3815028901734104,0.0,0.0,0.0,-1.0,-1.0,-1.0,0,0,0,0,1
./datasets/Organised/20260306-handFlying-2/92192009.jpg,7,2,1,0.11001926782273604,0.017148362235067438,0.005587668593448941,0.20385356454720616,0.1970134874759152,1.0347135744122726,0.247495183044316,0.11965317919075144,6219.206815491107,0.06401734104046243,0.6333333333333333,0.2658959537572254,0.0,0.0,0.0009633911368015414,-1.0,-1.0,-1.0,0,0,0,0,0
./datasets/Organised/20260306-handFlying-2/185157938.jpg,8,2,2,0.1882466281310212,0.01233140655105973,0.0045279383429672445,0.16184971098265896,0.16473988439306358,0.9824501767059449,0.20520231213872833,0.08641618497109826,3366.3973787593604,0.1317437379576108,0.65,0.3236994219653179,0.0,0.0,0.13680154142581888,-1.0,-1.0,-1.0,0,0,0,0,0
./datasets/Organised/20260306-handFlying-2/199591161.jpg,8,2,2,0.2932562620423892,0.015028901734104046,0.004624277456647399,0.21551059730250482,0.2252408477842004,0.9567964364640673,0.26473988439306356,0.10963391136801541,9788.245691655435,0.30447976878612715,0.75,0.5895953757225434,0.0,0.0,0.2665703275529865,-1.0,-1.0,-1.0,0,0,0,0,0
./datasets/Organised/20260306-handFlying-2/238124191.jpg,8,2,2,0.13554913294797688,0.013680154142581889,0.002890173410404624,0.15828516377649327,0.14152215799614642,1.1184400208254486,0.1836223506743738,0.07938342967244702,1992.570946202308,0.10173410404624278,0.8833333333333333,0.3352601156069364,0.0,0.0,0.0,-1.0,-1.0,-1.0,0,0,0,0,1
./datasets/Organised/20260306-handFlying-2/203424463.jpg,8,2,2,0.1747591522157996,0.012524084778420038,0.0037572254335260114,0.16127167630057804,0.17148362235067438,0.9404439540403129,0.20491329479768786,0.08805394990366089,3591.0212519536976,0.11319845857418112,0.5166666666666667,0.5895953757225434,0.0,0.0,0.125626204238921,-1.0,-1.0,-1.0,0,0,0,0,1
./datasets/Organised/20260306-handFlying-2/197924550.jpg,7,2,1,0.34816955684007705,0.009152215799614644,0.003179190751445087,0.11946050096339114,0.14229287090558768,0.8395337072715765,0.16368015414258189,0.07726396917148362,8435.753819697358,0.17610789980732178,0.6666666666666666,0.3236994219653179,0.0,0.0,0.34807321772639693,-1.0,-1.0,-1.0,0,0,0,1,0
./datasets/Organised/20260306-handFlying-2/144658272.jpg,8,2,2,0.0,0.0,0.0,0.0,0.0,0.0,0.0,0.0,0.0,0.0,0.0,0.0,0.0,0.0,0.0,-1.0,-1.0,-1.0,0,0,0,0,0
./datasets/Organised/20260306-handFlying-2/126491736.jpg,6,2,0,0.21127167630057803,0.011753371868978806,0.0035645472061657034,0.1764932562620424,0.17157996146435453,1.0286296029335888,0.20452793834296726,0.08073217726396917,1936.224561425002,0.2176300578034682,1.0,0.3930635838150289,0.0,0.0,0.21011560693641618,-1.0,-1.0,-1.0,0,0,0,0,1
./datasets/Organised/20260306-handFlying-2/163024802.jpg,8,2,2,0.0,0.0012524084778420038,0.000674373795761079,0.013198458574181117,0.010597302504816955,1.2453370309238094,0.01628131021194605,0.010789980732177264,279.29082171323984,0.0,0.0,0.0,0.0,0.0,0.0,-1.0,-1.0,-1.0,0,0,0,0,0
./datasets/Organised/20260306-handFlying-2/238257523.jpg,8,2,2,0.13766859344894028,0.012620423892100193,0.0025048169556840076,0.14739884393063585,0.13680154142581888,1.0774569126741174,0.1720616570327553,0.07061657032755299,1679.6503061968876,0.1052504816955684,1.0,0.3179190751445087,0.0,0.0,0.0,-1.0,-1.0,-1.0,0,0,0,0,1
./datasets/Organised/20260306-handFlying-2/200324489.jpg,7,2,1,0.3153179190751445,0.013969171483622351,0.004431599229287091,0.17514450867052023,0.20847784200385355,0.8401068760123045,0.23362235067437379,0.09595375722543352,8608.824457660909,0.14763969171483624,0.6833333333333333,0.3179190751445087,0.0,0.0,0.2901734104046243,-1.0,-1.0,-1.0,0,0,0,0,0
./datasets/Organised/20260306-handFlying-2/203557797.jpg,7,2,1,0.2277456647398844,0.007514450867052023,0.0027938342967244703,0.09017341040462427,0.10684007707129095,0.843995707235851,0.12032755298651253,0.05067437379576108,3021.1264519640927,0.2029383429672447,0.7,0.45664739884393063,0.0,0.0,0.225626204238921,-1.0,-1.0,-1.0,0,0,0,0,0
./datasets/Organised/20260306-handFlying-2/203124463.jpg,8,2,2,0.1905587668593449,0.010886319845857417,0.002890173410404624,0.1567437379576108,0.17273603082851638,0.9074124824642678,0.20192678227360308,0.08362235067437379,3800.000684759486,0.14735067437379576,0.5666666666666667,0.43352601156069365,0.0,0.0,0.17235067437379575,-1.0,-1.0,-1.0,0,0,0,0,0
./datasets/Organised/20260306-handFlying-2/198524500.jpg,8,2,2,0.2365125240847784,0.014932562620423893,0.005009633911368015,0.1947013487475915,0.21088631984585743,0.9232482488273992,0.24508670520231213,0.1046242774566474,7731.300379750594,0.2193159922928709,0.6,0.6184971098265896,0.0,0.0,0.21657032755298652,-1.0,-1.0,-1.0,0,0,0,0,0
./datasets/Organised/20260306-handFlying-2/221624316.jpg,7,2,1,0.44942196531791906,0.021772639691714835,0.0064547206165703275,0.30751445086705204,0.3315028901734104,0.9276345164643184,0.3943159922928709,0.1674373795761079,13775.193886076677,0.4046242774566474,0.7,1.0,0.0,0.0,0.4031791907514451,-1.0,-1.0,-1.0,0,0,0,1,0
./datasets/Organised/20260306-handFlying-2/179091325.jpg,8,2,2,0.03265895953757225,0.004431599229287091,0.0018304431599229288,0.062235067437379575,0.06801541425818883,0.9150007114626274,0.08102119460500963,0.03699421965317919,2140.1650937218087,0.0151252408477842,0.16666666666666666,0.16184971098265896,0.0,0.0,0.019171483622350674,-1.0,-1.0,-1.0,0,0,0,0,0
./datasets/Organised/20260306-handFlying-2/149991550.jpg,8,2,2,0.0,0.0001926782273603083,9.633911368015414e-05,0.002890173410404624,0.005009633911368015,0.5768079371848466,0.0052986512524084775,0.0027938342967244703,46.648138696767546,0.0,0.0,0.0,0.0,0.0,0.0,-1.0,-1.0,-1.0,0,0,0,0,0
./datasets/Organised/20260306-handFlying-2/123125105.jpg,7,2,1,0.22177263969171485,0.0174373795761079,0.004046242774566474,0.20982658959537573,0.21223506743737958,0.9886471801372084,0.2592485549132948,0.10905587668593449,3877.000848109043,0.15679190751445088,1.0,0.3815028901734104,0.0,0.0,0.1945086705202312,-1.0,-1.0,-1.0,0,0,0,0,1
./datasets/Organised/20260306-handFlying-2/214124395.jpg,6,2,0,0.09373795761078998,0.0128131021194605,0.0037572254335260114,0.15366088631984587,0.1476878612716763,1.040436529855721,0.18391136801541424,0.08294797687861272,4488.966716970905,0.057321772639691716,0.8333333333333334,0.17341040462427745,0.0,0.0,0.009441233140655106,-1.0,-1.0,-1.0,0,0,0,0,0
./datasets/Organised/20260306-handFlying-2/121125138.jpg,6,2,0,0.011464354527938344,0.0038535645472061657,0.0016377649325626203,0.05626204238921002,0.052215799614643545,1.0774701399630022,0.06820809248554913,0.031021194605009635,1813.2602063773154,0.0035645472061657034,0.16666666666666666,0.06936416184971098,0.0,0.0,0.0029865125240847784,-1.0,-1.0,-1.0,0,0,0,0,0
./datasets/Organised/20260306-handFlying-2/92325347.jpg,7,2,1,0.12071290944123314,0.01676300578034682,0.005202312138728324,0.22003853564547207,0.20452793834296726,1.0758308209496366,0.25741811175337187,0.1197495183044316,7359.279955255216,0.0773121387283237,0.4666666666666667,0.32947976878612717,0.0,0.0,0.011464354527938344,-1.0,-1.0,-1.0,0,0,0,0,1
./datasets/Organised/20260306-handFlying-2/55258971.jpg,8,2,2,0.43795761078998074,0.018015414258188825,0.005876685934489403,0.2844894026974952,0.2519267822736031,1.1292498196508114,0.32572254335260115,0.1352601156069364,15611.277831200508,0.3871868978805395,1.0,0.6936416184971098,0.0,0.0,0.42283236994219653,-1.0,-1.0,-1.0,0,0,0,1,0
./datasets/Organised/20260306-handFlying-2/234390891.jpg,7,2,1,0.06714836223506744,0.005876685934489403,0.0027938342967244703,0.07967244701348748,0.09489402697495183,0.8395850610224026,0.11522157996146436,0.04980732177263969,1280.924664706472,0.03839113680154142,0.15,0.4046242774566474,0.0,0.0,0.0579961464354528,-1.0,-1.0,-1.0,0,0,0,0,0
./datasets/Organised/20260306-handFlying-2/270223938.jpg,8,2,2,0.04046242774566474,0.0017341040462427746,0.0005780346820809249,0.021290944123314066,0.024951830443159923,0.8532476574877038,0.027745664739884393,0.011175337186897881,285.30303926700594,0.03603082851637765,0.38333333333333336,0.1676300578034682,0.0,0.0,0.04046242774566474,-1.0,-1.0,-1.0,0,0,0,0,0
./datasets/Organised/20260306-handFlying-2/181358028.jpg,6,2,0,0.2220616570327553,0.013776493256262042,0.004720616570327553,0.20886319845857418,0.19547206165703276,1.068501187263517,0.2508670520231214,0.10472061657032755,5663.390639281484,0.13376685934489402,0.43333333333333335,0.47398843930635837,0.0,0.0,0.023603082851637765,-1.0,-1.0,-1.0,0,0,0,0,0
./datasets/Organised/20260306-handFlying-2/58492277.jpg,8,2,2,0.11117533718689789,0.009248554913294798,0.004046242774566474,0.1245664739884393,0.12620423892100194,0.9870150799873814,0.1535645472061657,0.07254335260115607,7616.877615124313,0.0861271676300578,0.5333333333333333,0.3468208092485549,0.0,0.0,0.09759152215799614,-1.0,-1.0,-1.0,0,0,0,0,0
./datasets/Organised/20260306-handFlying-2/168524736.jpg,8,2,2,0.0,0.0001926782273603083,0.00028901734104046245,0.0023121387283236996,0.0016377649325626203,1.4109032249720468,0.002601156069364162,0.0015414258188824663,24.234256295454802,0.0,0.0,0.0,0.0,0.0,0.0,-1.0,-1.0,-1.0,0,0,0,0,0
./datasets/Organised/20260306-handFlying-2/167591414.jpg,7,2,1,0.01763005780346821,0.0010597302504816955,0.0008670520231213873,0.026782273603082853,0.032466281310211946,0.8249004081120588,0.039210019267822735,0.015028901734104046,424.3061768036205,0.003516377649325626,0.05,0.2023121387283237,0.0,0.0,0.017822736030828516,-1.0,-1.0,-1.0,0,0,0,0,0
./datasets/Organised/20260306-handFlying-2/42459081.jpg,6,2,0,0.20905587668593448,0.011946050096339113,0.004720616570327553,0.18073217726396917,0.16579961464354528,1.0900573417808206,0.2241811175337187,0.09691714836223507,3040.1086915329247,0.15712909441233142,1.0,0.2138728323699422,0.0,0.0,0.16579961464354528,-1.0,-1.0,-1.0,0,0,0,0,0
./datasets/Organised/20260306-handFlying-2/61058923.jpg,7,2,1,0.43516377649325627,0.016377649325626204,0.005394990366088632,0.2105009633911368,0.21888246628131022,0.9617033527813371,0.26146435452793837,0.12042389210019268,13272.637196216228,0.2937861271676301,0.55,0.6184971098265896,0.0,0.0,0.41753371868978806,-1.0,-1.0,-1.0,0,0,0,1,0
./datasets/Organised/20260306-handFlying-2/106558567.jpg,7,2,1,0.3079961464354528,0.011657032755298651,0.0036608863198458576,0.1628131021194605,0.1451830443159923,1.1214255869956251,0.1857418111753372,0.08497109826589595,3422.708716703605,0.313102119460501,1.0,0.4508670520231214,0.0,0.0,0.0,-1.0,-1.0,-1.0,0,0,0,0,1
./datasets/Organised/20260306-handFlying-2/209024449.jpg,8,2,2,0.004431599229287091,0.0052986512524084775,0.002890173410404624,0.06522157996146435,0.06252408477842004,1.0431266137838966,0.07726396917148362,0.03631984585741811,2060.1702278633506,0.001445086705202312,0.13333333333333333,0.028901734104046242,0.0,0.0,9.633911368015414e-05,-1.0,-1.0,-1.0,0,0,0,0,0
./datasets/Organised/20260306-handFlying-2/116691812.jpg,8,2,2,0.3758188824662813,0.012909441233140655,0.003468208092485549,0.1588631984585742,0.17764932562620425,0.8942465931238412,0.20452793834296726,0.08651252408477841,7222.481975220985,0.30871868978805395,0.9666666666666667,0.43352601156069365,0.0,0.0,0.37215799614643547,-1.0,-1.0,-1.0,0,0,0,1,0
./datasets/Organised/20260306-handFlying-2/273857241.jpg,7,2,1,0.16252408477842004,0.0076107899807321775,0.003371868978805395,0.08073217726396917,0.11955684007707129,0.6752562375827992,0.12533718689788054,0.05134874759152216,1541.113776038476,0.14503853564547206,0.5333333333333333,0.5895953757225434,0.0,0.0,0.0,-1.0,-1.0,-1.0,0,0,0,0,0
./datasets/Organised/20260306-handFlying-2/280423849.jpg,8,2,2,0.11840077071290944,0.01001926782273603,0.004624277456647399,0.12418111753371869,0.15057803468208092,0.8246906204167371,0.16907514450867053,0.07726396917148362,4750.40339703038,0.08790944123314065,0.36666666666666664,0.5838150289017341,0.0,0.0,0.10346820809248555,-1.0,-1.0,-1.0,0,0,0,0,0
./datasets/Organised/20260306-handFlying-2/69592184.jpg,8,2,2,0.0072254335260115606,0.006262042389210019,0.004335260115606936,0.0766859344894027,0.07456647398843931,1.0284099807550384,0.09499036608863198,0.04797687861271676,1308.7021409558176,0.001348747591522158,0.1,0.03468208092485549,0.0,0.0,0.0,-1.0,-1.0,-1.0,0,0,0,0,0
./datasets/Organised/20260306-handFlying-2/271857268.jpg,7,2,1,0.13410404624277455,0.005491329479768786,0.0024084778420038534,0.0676300578034682,0.08641618497109826,0.7825996394824327,0.09672447013487476,0.039595375722543354,1065.9814677978623,0.1180635838150289,0.4666666666666667,0.5780346820809249,0.0,0.0,0.0,-1.0,-1.0,-1.0,0,0,0,0,0
./datasets/Organised/20260306-handFlying-2/55258971.jpg,6,2,0,0.5816955684007707,0.015510597302504817,0.005876685934489403,0.24152215799614643,0.2642581888246628,0.9139593558519455,0.29884393063583814,0.1233140655105973,12600.74993717539,0.5780346820809249,1.0,0.7687861271676301,0.0,0.0,0.5803468208092486,-1.0,-1.0,-1.0,0,0,1,0,0
./datasets/Organised/20260306-handFlying-2/84625399.jpg,7,2,1,0.6255298651252409,0.013969171483622351,0.004142581888246628,0.2394990366088632,0.1968208092485549,1.2168318009231065,0.2816955684007707,0.10867052023121387,7938.959711316782,0.6385838150289017,1.0,0.8208092485549133,0.0,0.0,0.6241811175337187,-1.0,-1.0,-1.0,0,0,1,0,0
./datasets/Organised/20260306-handFlying-2/62425584.jpg,7,2,1,0.27157996146435454,0.012620423892100193,0.0052986512524084775,0.1631984585741811,0.15973025048169556,1.0217065106673215,0.1947976878612717,0.08362235067437379,8110.422518284013,0.16984585741811176,0.38333333333333336,0.5780346820809249,0.0,0.0,0.2316955684007707,-1.0,-1.0,-1.0,0,0,0,0,1
./datasets/Organised/20260306-handFlying-2/219724335.jpg,8,2,2,0.07398843930635839,0.006936416184971098,0.0024084778420038534,0.08805394990366089,0.08082851637764933,1.0893786558397525,0.10655105973025049,0.04942196531791908,1923.490450139404,0.03617533718689788,0.31666666666666665,0.23699421965317918,0.0,0.0,0.04325626204238921,-1.0,-1.0,-1.0,0,0,0,0,0
./datasets/Organised/20260306-handFlying-2/223790966.jpg,7,2,1,0.1590558766859345,0.019845857418111755,0.006165703275529865,0.22196531791907514,0.23795761078998073,0.9327896022849912,0.2869942196531792,0.1396917148362235,8550.83701701434,0.0626204238921002,0.38333333333333336,0.7341040462427746,0.0,0.0,0.08420038535645472,-1.0,-1.0,-1.0,0,0,0,0,1
./datasets/Organised/20260306-handFlying-2/266223961.jpg,7,2,1,0.004913294797687861,0.0032755298651252407,0.0027938342967244703,0.04460500963391137,0.046242774566473986,0.9645624746698186,0.055973025048169554,0.0302504816955684,782.9169883167942,0.0008188824662813102,0.08333333333333333,0.023121387283236993,0.0,0.0,0.0,-1.0,-1.0,-1.0,0,0,0,0,0
./datasets/Organised/20260306-handFlying-2/273457240.jpg,7,2,1,0.14884393063583815,0.008188824662813102,0.003179190751445087,0.09007707129094412,0.12186897880539499,0.7391243698727594,0.1325626204238921,0.05789980732177264,1941.6888364963747,0.13261078998073217,0.55,0.5317919075144508,0.0,0.0,0.0,-1.0,-1.0,-1.0,0,0,0,0,0
./datasets/Organised/20260306-handFlying-2/212224393.jpg,6,2,0,0.002023121387283237,0.0,9.633911368015414e-05,0.0037572254335260114,0.0037572254335260114,0.9997339169728672,0.005202312138728324,0.0024084778420038534,67.25056310119135,0.0005298651252408478,0.1,0.017341040462427744,0.0,0.0,0.0004816955684007707,-1.0,-1.0,-1.0,0,0,0,0,0
./datasets/Organised/20260306-handFlying-2/126625070.jpg,6,2,0,0.21021194605009633,0.013969171483622351,0.003468208092485549,0.17504816955684008,0.18863198458574182,0.927982823053267,0.21734104046242775,0.09450867052023121,2634.0932210305127,0.19778420038535646,1.0,0.43352601156069365,0.0,0.0,0.2081888246628131,-1.0,-1.0,-1.0,0,0,0,0,1
./datasets/Organised/20260306-handFlying-2/242590864.jpg,7,2,1,0.10308285163776493,0.011368015414258189,0.00394990366088632,0.13246628131021196,0.13410404624277455,0.9877799905486339,0.16724470134874758,0.073121387283237,2906.599536087258,0.0821290944123314,0.5666666666666667,0.3468208092485549,0.0,0.0,0.0024084778420038534,-1.0,-1.0,-1.0,0,0,0,0,1
./datasets/Organised/20260306-handFlying-2/62725577.jpg,6,2,0,0.33834296724470136,0.009152215799614644,0.0038535645472061657,0.11473988439306358,0.14171483622350675,0.8096475838600132,0.15394990366088632,0.06416184971098265,5439.605975800134,0.3143063583815029,0.45,1.0,0.0,0.0,0.3338150289017341,-1.0,-1.0,-1.0,0,0,0,1,0
./datasets/Organised/20260306-handFlying-2/115658489.jpg,6,2,0,0.2591522157996146,0.008285163776493257,0.0029865125240847784,0.11676300578034682,0.11897880539499037,0.9813682699573747,0.14123314065510598,0.060308285163776496,4493.638218775175,0.24113680154142583,0.8,0.5028901734104047,0.0,0.0,0.2517341040462428,-1.0,-1.0,-1.0,0,0,0,0,0
./datasets/Organised/20260306-handFlying-2/283223838.jpg,8,2,2,0.26926782273603084,0.005973025048169557,0.002119460500963391,0.06984585741811175,0.1138728323699422,0.6133617879057881,0.11551059730250482,0.04508670520231214,2371.59524551624,0.2559248554913295,0.6,0.6184971098265896,0.0,0.0,0.2680154142581888,-1.0,-1.0,-1.0,0,0,0,0,0
./datasets/Organised/20260306-handFlying-2/157591497.jpg,7,2,1,0.001445086705202312,0.0001926782273603083,0.00028901734104046245,0.0038535645472061657,0.004142581888246628,0.9300080585198269,0.005587668593448941,0.0025048169556840076,51.921577093565894,0.000674373795761079,0.05,0.046242774566473986,0.0,0.0,0.002023121387283237,-1.0,-1.0,-1.0,0,0,0,0,0
./datasets/Organised/20260306-handFlying-2/237557532.jpg,8,2,2,0.08304431599229287,0.011271676300578034,0.0025048169556840076,0.13776493256262043,0.12071290944123314,1.141251519400821,0.15838150289017341,0.06570327552986513,1775.8234223217173,0.05192678227360308,0.75,0.26011560693641617,0.0,0.0,0.0,-1.0,-1.0,-1.0,0,0,0,0,0
./datasets/Organised/20260306-handFlying-2/115058496.jpg,7,2,1,0.7116570327552987,0.011753371868978806,0.004431599229287091,0.15664739884393064,0.17023121387283238,0.9201983295649909,0.19595375722543354,0.08699421965317919,6955.768996950189,0.7384393063583815,1.0,0.8901734104046243,0.0,0.0,0.7111753371868978,-1.0,-1.0,-1.0,0,0,1,0,0
./datasets/Organised/20260306-handFlying-2/131425032.jpg,6,2,0,0.008477842003853564,0.003371868978805395,0.001445086705202312,0.045472061657032756,0.04605009633911368,0.9874262563084927,0.05539499036608863,0.02254335260115607,688.4020225273888,0.0027938342967244703,0.08333333333333333,0.06358381502890173,0.0,0.0,0.0,-1.0,-1.0,-1.0,0,0,0,0,0
./datasets/Organised/20260306-handFlying-2/239324179.jpg,8,2,2,0.15635838150289016,0.01233140655105973,0.0027938342967244703,0.13988439306358383,0.14190751445086705,0.9857364345253291,0.17023121387283238,0.06705202312138728,1692.4164661086797,0.15852601156069365,0.9333333333333333,0.4682080924855491,0.0,0.0,0.0,-1.0,-1.0,-1.0,0,0,0,0,1
./datasets/Organised/20260306-handFlying-2/243724143.jpg,7,2,1,0.2540462427745665,0.012620423892100193,0.004142581888246628,0.15828516377649327,0.17061657032755298,0.9277190120139218,0.20067437379576109,0.08998073217726398,3338.7490924818367,0.18179190751445087,0.7666666666666667,0.6242774566473989,0.0,0.0,0.055491329479768786,-1.0,-1.0,-1.0,0,0,0,0,1
./datasets/Organised/20260306-handFlying-2/185624628.jpg,7,2,1,0.3891136801541426,0.01859344894026975,0.005394990366088632,0.24248554913294798,0.2906551059730251,0.834269585774511,0.33420038535645474,0.13776493256262043,9840.735982742492,0.3341522157996146,0.7,0.8959537572254336,0.0,0.0,0.0,-1.0,-1.0,-1.0,0,0,0,0,1
./datasets/Organised/20260306-handFlying-2/180091311.jpg,7,2,1,0.21435452793834298,0.007032755298651252,0.0030828516377649326,0.09922928709055877,0.10626204238921001,0.9338080753147582,0.1295761078998073,0.051252408477842,4415.703641061624,0.18415221579961463,0.4166666666666667,0.5780346820809249,0.0,0.0,0.0,-1.0,-1.0,-1.0,0,0,0,0,0
./datasets/Organised/20260306-handFlying-2/78725462.jpg,7,2,1,0.1336223506743738,0.012524084778420038,0.0032755298651252407,0.18304431599229287,0.16522157996146436,1.1078650147878404,0.21233140655105973,0.08699421965317919,2458.3351047386222,0.04633911368015414,0.4666666666666667,0.2658959537572254,0.0,0.0,0.0,-1.0,-1.0,-1.0,0,0,0,0,1
./datasets/Organised/20260306-handFlying-2/192891215.jpg,6,2,0,0.24855491329479767,0.01878612716763006,0.006262042389210019,0.2630057803468208,0.27148362235067436,0.9687686104264813,0.32302504816955685,0.1359344894026975,12748.059978198404,0.21392100192678226,0.65,0.8265895953757225,0.0,0.0,0.22745664739884394,-1.0,-1.0,-1.0,0,0,0,0,0
./datasets/Organised/20260306-handFlying-2/222024311.jpg,8,2,2,0.2035645472061657,0.010308285163776493,0.0030828516377649326,0.12427745664739884,0.1371868978805395,0.9058922730605375,0.1621387283236994,0.07138728323699423,3533.61093461934,0.09296724470134875,0.5,0.23121387283236994,0.0,0.0,0.19219653179190752,-1.0,-1.0,-1.0,0,0,0,0,0
./datasets/Organised/20260306-handFlying-2/153124863.jpg,8,2,2,0.0030828516377649326,0.002023121387283237,0.0015414258188824663,0.026878612716763006,0.026685934489402697,1.0071824745339868,0.03265895953757225,0.0151252408477842,382.246527104889,0.0003853564547206166,0.05,0.023121387283236993,0.0,0.0,0.0,-1.0,-1.0,-1.0,0,0,0,0,0
./datasets/Organised/20260306-handFlying-2/93425334.jpg,7,2,1,0.20414258188824663,0.017341040462427744,0.004720616570327553,0.21628131021194605,0.19903660886319846,1.0866353924126944,0.24807321772639693,0.10992292870905587,6901.401925631401,0.15366088631984587,0.9166666666666666,0.4682080924855491,0.0,0.0,0.0001926782273603083,-1.0,-1.0,-1.0,0,0,0,0,1
./datasets/Organised/20260306-handFlying-2/88958708.jpg,6,2,0,0.027842003853564546,0.005202312138728324,0.0027938342967244703,0.07813102119460501,0.0710019267822736,1.100391557578877,0.09479768786127167,0.04759152215799615,2878.453790442937,0.011464354527938344,0.13333333333333333,0.17341040462427745,0.0,0.0,0.016859344894026976,-1.0,-1.0,-1.0,0,0,0,0,0
./datasets/Organised/20260306-handFlying-2/275723888.jpg,8,2,2,0.1735067437379576,0.009441233140655106,0.003371868978805395,0.11473988439306358,0.1443159922928709,0.7950545709836804,0.16059730250481696,0.06493256262042389,2936.921001778283,0.15077071290944125,0.4666666666666667,0.5144508670520231,0.0,0.0,0.16387283236994218,-1.0,-1.0,-1.0,0,0,0,0,0
./datasets/Organised/20260306-handFlying-2/274390578.jpg,8,2,2,0.15973025048169556,0.00674373795761079,0.0027938342967244703,0.0651252408477842,0.10423892100192678,0.6247629528286042,0.10944123314065511,0.050289017341040465,1964.2469332605685,0.1460019267822736,0.48333333333333334,0.5722543352601156,0.0,0.0,0.004142581888246628,-1.0,-1.0,-1.0,0,0,0,0,0
./datasets/Organised/20260306-handFlying-2/273057277.jpg,8,2,2,0.17524084778420038,0.004335260115606936,0.0022157996146435453,0.06021194605009634,0.07090558766859345,0.8491728065030821,0.08102119460500963,0.03497109826589596,1592.6862445844051,0.1678227360308285,0.5666666666666667,0.4161849710982659,0.0,0.0,0.0,-1.0,-1.0,-1.0,0,0,0,0,0
./datasets/Organised/20260306-handFlying-2/46192377.jpg,8,2,2,0.10655105973025049,0.004720616570327553,0.0019267822736030828,0.07389210019267822,0.07023121387283238,1.0521112195960776,0.08477842003853564,0.03892100192678227,1665.3340394489176,0.09633911368015415,0.8333333333333334,0.23699421965317918,0.0,0.0,0.10394990366088631,-1.0,-1.0,-1.0,0,0,0,0,0
./datasets/Organised/20260306-handFlying-2/236957549.jpg,6,2,0,0.00394990366088632,0.0030828516377649326,0.001348747591522158,0.034296724470134876,0.03198458574181118,1.0722556324895625,0.04200385356454721,0.024566473988439308,3740.604788406637,0.0022639691714836222,0.13333333333333333,0.03468208092485549,0.0,0.0,0.0003853564547206166,-1.0,-1.0,-1.0,0,0,0,0,0
./datasets/Organised/20260306-handFlying-2/132025033.jpg,7,2,1,0.025915221579961463,0.0015414258188824663,0.0007707129094412332,0.021290944123314066,0.026685934489402697,0.7978040389677816,0.030154142581888248,0.01464354527938343,1113.5166664346361,0.015847784200385358,0.18333333333333332,0.15028901734104047,0.0,0.0,0.02764932562620424,-1.0,-1.0,-1.0,0,0,0,0,0
./datasets/Organised/20260306-handFlying-2/184724656.jpg,8,2,2,0.24826589595375723,0.016473988439306357,0.004624277456647399,0.19132947976878611,0.20597302504816956,0.9289010093580555,0.23689788053949903,0.10163776493256262,4771.405684564581,0.18598265895953758,0.6666666666666666,0.41040462427745666,0.0,0.0,0.18728323699421964,-1.0,-1.0,-1.0,0,0,0,0,0
./datasets/Organised/20260306-handFlying-2/202357808.jpg,6,2,0,0.21570327552986512,0.017341040462427744,0.0045279383429672445,0.2130057803468208,0.21734104046242775,0.9800486822228185,0.25789980732177264,0.10973025048169557,7395.172603485657,0.13126204238921002,0.48333333333333334,0.5317919075144508,0.0,0.0,0.13535645472061658,-1.0,-1.0,-1.0,0,0,0,0,0
./datasets/Organised/20260306-handFlying-2/261290708.jpg,8,2,2,0.20192678227360308,0.01464354527938343,0.0029865125240847784,0.1569364161849711,0.13834296724470135,1.1343929143464826,0.1802504816955684,0.08121387283236994,1333.7089804667344,0.1881984585741811,0.9,0.3815028901734104,0.0,0.0,0.0,-1.0,-1.0,-1.0,0,0,0,0,1
./datasets/Organised/20260306-handFlying-2/225090961.jpg,8,2,2,0.055202312138728324,0.009055876685934489,0.0032755298651252407,0.10578034682080925,0.12090558766859345,0.8748931622382279,0.1394990366088632,0.06319845857418112,3364.0064582846067,0.026204238921001925,0.45,0.14450867052023122,0.0,0.0,0.011368015414258189,-1.0,-1.0,-1.0,0,0,0,0,0
./datasets/Organised/20260306-handFlying-2/73258826.jpg,6,2,0,0.10038535645472062,0.007418111753371869,0.0038535645472061657,0.1001926782273603,0.11406551059730251,0.878370677797605,0.13304431599229288,0.062235067437379575,4176.973581281255,0.05308285163776493,0.35,0.23121387283236994,0.0,0.0,0.0951830443159923,-1.0,-1.0,-1.0,0,0,0,0,0
./datasets/Organised/20260306-handFlying-2/117458476.jpg,6,2,0,0.18622350674373797,0.00789980732177264,0.00394990366088632,0.11069364161849711,0.12302504816955684,0.8997577607787338,0.1420038535645472,0.06493256262042389,5855.431759413947,0.16965317919075146,0.5333333333333333,0.630057803468208,0.0,0.0,0.18092485549132947,-1.0,-1.0,-1.0,0,0,0,0,0
./datasets/Organised/20260306-handFlying-2/225390954.jpg,7,2,1,0.08265895953757225,0.009633911368015413,0.0032755298651252407,0.11541425818882466,0.10500963391136801,1.0990721024142907,0.13709055876685936,0.06175337186897881,2554.9042423643364,0.04132947976878613,0.5833333333333334,0.21965317919075145,0.0,0.0,0.0,-1.0,-1.0,-1.0,0,0,0,0,0
./datasets/Organised/20260306-handFlying-2/66325546.jpg,7,2,1,0.10452793834296724,0.013198458574181117,0.004913294797687861,0.16156069364161849,0.17967244701348747,0.8991907058447578,0.21242774566473988,0.09865125240847784,9040.152376698928,0.04123314065510597,0.23333333333333334,0.47398843930635837,0.0,0.0,0.09084778420038536,-1.0,-1.0,-1.0,0,0,0,0,0
./datasets/Organised/20260306-handFlying-2/56958955.jpg,7,2,1,0.6786127167630058,0.012427745664739885,0.004624277456647399,0.1611753371868979,0.1827552986512524,0.8819139935333407,0.20992292870905588,0.09489402697495183,10664.089228535311,0.6694123314065511,0.8166666666666667,0.9942196531791907,0.0,0.0,0.6766859344894027,-1.0,-1.0,-1.0,0,0,0,1,0
./datasets/Organised/20260306-handFlying-2/46325704.jpg,6,2,0,0.8876685934489402,0.0056840077071290945,0.003371868978805395,0.06570327552986513,0.0651252408477842,1.0088602485660056,0.08121387283236994,0.042196531791907514,3244.0425051417983,0.8673892100192678,1.0,0.930635838150289,0.0,0.0,0.886223506743738,-1.0,-1.0,-1.0,0,0,1,0,0
./datasets/Organised/20260306-handFlying-2/127358399.jpg,8,2,2,0.07986512524084778,0.01021194605009634,0.0016377649325626203,0.11589595375722543,0.11888246628131022,0.9748702437981113,0.14132947976878613,0.05838150289017341,2561.6205681130527,0.04002890173410405,0.5833333333333334,0.1907514450867052,0.0,0.0,0.0,-1.0,-1.0,-1.0,0,0,0,0,0
./datasets/Organised/20260306-handFlying-2/206391105.jpg,8,2,2,0.3563583815028902,0.02003853564547206,0.005202312138728324,0.2540462427745665,0.29595375722543354,0.8583955370619549,0.33622350674373797,0.1386319845857418,7717.7635438222305,0.16748554913294797,0.8666666666666667,0.35260115606936415,0.0,0.0,0.14585741811175337,-1.0,-1.0,-1.0,0,0,0,0,0
./datasets/Organised/20260306-handFlying-2/73858819.jpg,7,2,1,0.2697495183044316,0.01348747591522158,0.004335260115606936,0.17418111753371868,0.23285163776493256,0.7480315413457181,0.2544315992292871,0.10510597302504816,5548.836355263012,0.13569364161849712,0.36666666666666664,0.5722543352601156,0.0,0.0,0.2375722543352601,-1.0,-1.0,-1.0,0,0,0,0,0
./datasets/Organised/20260306-handFlying-2/146958247.jpg,6,2,0,0.0,0.0,0.0,0.0,0.0,0.0,0.0,0.0,0.0,0.0,0.0,0.0,0.0,0.0,0.0,-1.0,-1.0,-1.0,0,0,0,0,0
./datasets/Organised/20260306-handFlying-2/168125329.jpg,8,2,2,0.008766859344894027,0.000674373795761079,0.0005780346820809249,0.008285163776493257,0.014450867052023121,0.5732936614119637,0.01695568400770713,0.0076107899807321775,193.59632775346094,0.0035645472061657034,0.06666666666666667,0.09826589595375723,0.0,0.0,0.010597302504816955,-1.0,-1.0,-1.0,0,0,0,0,0
./datasets/Organised/20260306-handFlying-2/282223839.jpg,7,2,1,0.39980732177263967,0.005491329479768786,0.002023121387283237,0.06136801541425819,0.12466281310211946,0.49226807593305394,0.1186897880539499,0.043641618497109826,2203.6509170221375,0.3861753371868979,0.6833333333333333,0.6473988439306358,0.0,0.0,0.39980732177263967,-1.0,-1.0,-1.0,0,0,0,1,0
./datasets/Organised/20260306-handFlying-2/198091171.jpg,7,2,1,0.3602119460500963,0.00953757225433526,0.003468208092485549,0.12572254335260116,0.1359344894026975,0.9248691707002183,0.16310211946050096,0.07447013487475915,8312.156237762703,0.23728323699421966,0.6833333333333333,0.4277456647398844,0.0,0.0,0.3573217726396917,-1.0,-1.0,-1.0,0,0,0,1,0
./datasets/Organised/20260306-handFlying-2/146158250.jpg,8,2,2,0.001348747591522158,0.0011560693641618498,0.0010597302504816955,0.01599229287090559,0.015703275529865127,1.0183400590809002,0.019171483622350674,0.007996146435452794,288.88475967196433,0.0003853564547206166,0.05,0.023121387283236993,0.0,0.0,0.0005780346820809249,-1.0,-1.0,-1.0,0,0,0,0,0
./datasets/Organised/20260306-handFlying-2/147924928.jpg,6,2,0,0.058959537572254334,0.005202312138728324,0.0012524084778420038,0.07687861271676301,0.06907514450867051,1.1129545990673106,0.0907514450867052,0.0430635838150289,1131.2470796718903,0.033477842003853564,0.5666666666666667,0.11560693641618497,0.0,0.0,0.0,-1.0,-1.0,-1.0,0,0,0,0,0
./datasets/Organised/20260306-handFlying-2/43359074.jpg,8,2,2,0.00789980732177264,0.00510597302504817,0.002601156069364162,0.057032755298651254,0.058959537572254334,0.9673038552058546,0.07418111753371869,0.03265895953757225,719.2723569020757,0.0019267822736030828,0.08333333333333333,0.06358381502890173,0.0,0.0,0.0,-1.0,-1.0,-1.0,0,0,0,0,0
./datasets/Organised/20260306-handFlying-2/79158776.jpg,8,2,2,0.01695568400770713,0.0022157996146435453,0.0005780346820809249,0.03265895953757225,0.03275529865125241,0.9970283848393098,0.0394990366088632,0.014354527938342966,438.90144500317416,0.007803468208092485,0.31666666666666665,0.06936416184971098,0.0,0.0,0.0,-1.0,-1.0,-1.0,0,0,0,0,0
./datasets/Organised/20260306-handFlying-2/254757392.jpg,6,2,0,0.03709055876685934,0.00510597302504817,0.0019267822736030828,0.07495183044315992,0.07928709055876686,0.9453100700868439,0.09614643545279383,0.04152215799614643,1729.669975571816,0.027938342967244702,0.23333333333333334,0.3352601156069364,0.0,0.0,0.03352601156069364,-1.0,-1.0,-1.0,0,0,0,0,0
./datasets/Organised/20260306-handFlying-2/167858083.jpg,6,2,0,0.0,0.000674373795761079,0.0003853564547206166,0.005587668593448941,0.0052986512524084775,1.0543464706115466,0.006936416184971098,0.004624277456647399,732.0737777926278,0.0,0.0,0.0,0.0,0.0,0.0,-1.0,-1.0,-1.0,0,0,0,0,0
./datasets/Organised/20260306-handFlying-2/218857683.jpg,7,2,1,0.9046242774566474,0.011560693641618497,0.006358381502890174,0.20173410404624278,0.22254335260115607,0.9064894331773523,0.25770712909441235,0.11339113680154142,14513.432309233705,0.9404624277456647,1.0,1.0,0.0,0.0,0.9,-1.0,-1.0,-1.0,0,0,0,1,0
./datasets/Organised/20260306-handFlying-2/215391034.jpg,7,2,1,0.17186897880539498,0.011753371868978806,0.003179190751445087,0.14508670520231215,0.15414258188824662,0.9412438936802399,0.17996146435452795,0.0777456647398844,3775.0760350885994,0.10712909441233141,0.4666666666666667,0.3872832369942196,0.0,0.0,0.11290944123314066,-1.0,-1.0,-1.0,0,0,0,0,0
./datasets/Organised/20260306-handFlying-2/130091730.jpg,8,2,2,0.13872832369942195,0.013680154142581889,0.0037572254335260114,0.18400770712909442,0.17495183044315993,1.0517561028478262,0.22148362235067437,0.09364161849710982,3091.9380498568826,0.050385356454720615,0.4,0.36416184971098264,0.0,0.0,0.011753371868978806,-1.0,-1.0,-1.0,0,0,0,0,0
./datasets/Organised/20260306-handFlying-2/49259025.jpg,8,2,2,0.11204238921001927,0.01021194605009634,0.0038535645472061657,0.12976878612716763,0.12947976878612716,1.0022244024633205,0.15809248554913294,0.07418111753371869,5151.468695134039,0.10982658959537572,0.6666666666666666,0.31213872832369943,0.0,0.0,0.11348747591522158,-1.0,-1.0,-1.0,0,0,0,0,1
./datasets/Organised/20260306-handFlying-2/250090747.jpg,7,2,1,0.22947976878612716,0.01579961464354528,0.004046242774566474,0.20279383429672446,0.20086705202312138,1.0095872999922426,0.2523121387283237,0.1,4368.7874370361715,0.14686897880539498,0.48333333333333334,0.6705202312138728,0.0,0.0,0.17003853564547206,-1.0,-1.0,-1.0,0,0,0,1,0
./datasets/Organised/20260306-handFlying-2/275457223.jpg,8,2,2,0.1567437379576108,0.009152215799614644,0.0032755298651252407,0.1149325626204239,0.14633911368015415,0.7853797549428201,0.16368015414258189,0.06859344894026975,3283.472290866161,0.14002890173410404,0.43333333333333335,0.48554913294797686,0.0,0.0,0.15289017341040462,-1.0,-1.0,-1.0,0,0,0,0,0
./datasets/Organised/20260306-handFlying-2/255190718.jpg,8,2,2,0.0004816955684007707,0.0012524084778420038,0.0011560693641618498,0.01907514450867052,0.02023121387283237,0.9428105410789696,0.02254335260115607,0.010597302504816955,286.6219653179191,0.0001926782273603083,0.05,0.017341040462427744,0.0,0.0,0.0,-1.0,-1.0,-1.0,0,0,0,0,0
./datasets/Organised/20260306-handFlying-2/262423992.jpg,6,2,0,0.002023121387283237,0.0036608863198458576,0.0023121387283236996,0.05279383429672447,0.04865125240847784,1.085126210673135,0.06127167630057803,0.031021194605009635,1231.0275478261517,0.0003853564547206166,0.06666666666666667,0.017341040462427744,0.0,0.0,0.0,-1.0,-1.0,-1.0,0,0,0,0,0
./datasets/Organised/20260306-handFlying-2/262423992.jpg,8,2,2,0.19152215799614644,0.013294797687861272,0.0027938342967244703,0.15472061657032754,0.1510597302504817,1.024227913593276,0.18564547206165705,0.08333333333333333,1466.0788671986666,0.17533718689788053,0.95,0.30057803468208094,0.0,0.0,0.0,-1.0,-1.0,-1.0,0,0,0,0,1
./datasets/Organised/20260306-handFlying-2/232124234.jpg,7,2,1,0.16676300578034683,0.01233140655105973,0.0038535645472061657,0.1558766859344894,0.2014450867052023,0.773788602618032,0.2300578034682081,0.09161849710982659,2613.2865509390745,0.04966281310211946,0.18333333333333332,0.3930635838150289,0.0,0.0,0.12215799614643545,-1.0,-1.0,-1.0,0,0,0,0,0
./datasets/Organised/20260306-handFlying-2/182391296.jpg,7,2,1,0.40664739884393064,0.016666666666666666,0.005780346820809248,0.27639691714836223,0.2655105973025048,1.0409975306406503,0.3400770712909441,0.1420038535645472,10456.228716258107,0.24026974951830443,0.8333333333333334,0.3699421965317919,0.0,0.0,0.24508670520231213,-1.0,-1.0,-1.0,0,0,0,0,0
./datasets/Organised/20260306-handFlying-2/59392280.jpg,7,2,1,0.6147398843930636,0.014450867052023121,0.0052986512524084775,0.2136801541425819,0.2208092485549133,0.9677094045272169,0.26714836223506744,0.11483622350674373,12722.854527567095,0.5647880539499036,0.7833333333333333,0.8959537572254336,0.0,0.0,0.6000963391136801,-1.0,-1.0,-1.0,0,0,1,0,0
./datasets/Organised/20260306-handFlying-2/211224408.jpg,6,2,0,0.00789980732177264,0.002023121387283237,0.0005780346820809249,0.018882466281310212,0.018497109826589597,1.0207781475147333,0.024084778420038536,0.012042389210019268,202.9521996502834,0.005924855491329479,0.3,0.04046242774566474,0.0,0.0,0.0,-1.0,-1.0,-1.0,0,0,0,0,0
./datasets/Organised/20260306-handFlying-2/205357778.jpg,8,2,2,0.39296724470134875,0.021098265895953757,0.00510597302504817,0.27427745664739883,0.31628131021194605,0.8671918972123385,0.3582851637764933,0.14672447013487475,8914.4856383348,0.24060693641618497,1.0,0.35260115606936415,0.0,0.0,0.1260115606936416,-1.0,-1.0,-1.0,0,0,0,0,0
./datasets/Organised/20260306-handFlying-2/267423967.jpg,8,2,2,0.14759152215799615,0.011271676300578034,0.003468208092485549,0.15038535645472062,0.1605009633911368,0.9369689521382213,0.1970134874759152,0.08188824662813102,2126.6212262632675,0.05640655105973025,0.25,0.48554913294797686,0.0,0.0,0.12032755298651253,-1.0,-1.0,-1.0,0,0,0,0,0
./datasets/Organised/20260306-handFlying-2/177191338.jpg,7,2,1,0.20096339113680153,0.011368015414258189,0.004720616570327553,0.13188824662813103,0.15452793834296724,0.8534857486396068,0.17784200385356455,0.08439306358381503,6504.277839135956,0.17056840077071292,0.35,0.9248554913294798,0.0,0.0,0.19007707129094412,-1.0,-1.0,-1.0,0,0,0,1,0
./datasets/Organised/20260306-handFlying-2/129225060.jpg,8,2,2,0.21146435452793835,0.015414258188824663,0.0037572254335260114,0.2103082851637765,0.196242774566474,1.071668569504295,0.24296724470134876,0.10423892100192678,2313.8912378183923,0.151878612716763,0.85,0.4797687861271676,0.0,0.0,0.01579961464354528,-1.0,-1.0,-1.0,0,0,0,0,1
./datasets/Organised/20260306-handFlying-2/177191338.jpg,8,2,2,0.08689788053949904,0.009730250481695568,0.0030828516377649326,0.12157996146435453,0.13747591522157995,0.8843663772088329,0.15789980732177264,0.07129094412331406,4011.3007890526096,0.03444123314065511,0.2,0.3815028901734104,0.0,0.0,0.06358381502890173,-1.0,-1.0,-1.0,0,0,0,0,0
./datasets/Organised/20260306-handFlying-2/64992224.jpg,8,2,2,0.023410404624277455,0.00953757225433526,0.004335260115606936,0.1138728323699422,0.10655105973025049,1.0687060640425454,0.13940269749518305,0.07167630057803469,2203.8757831590324,0.005491329479768786,0.2,0.06936416184971098,0.0,0.0,0.002601156069364162,-1.0,-1.0,-1.0,0,0,0,0,0
./datasets/Organised/20260306-handFlying-2/147391587.jpg,8,2,2,0.0017341040462427746,0.002119460500963391,0.0004816955684007707,0.024951830443159923,0.019942196531791908,1.2511449908936934,0.02861271676300578,0.016088631984585742,513.4903231722484,0.0005298651252408478,0.06666666666666667,0.023121387283236993,0.0,0.0,0.0,-1.0,-1.0,-1.0,0,0,0,0,0
./datasets/Organised/20260306-handFlying-2/195357861.jpg,8,2,2,0.3015414258188825,0.012427745664739885,0.004046242774566474,0.16830443159922928,0.17851637764932562,0.9427901855574063,0.2126204238921002,0.09219653179190751,6979.520938071954,0.2501926782273603,0.65,0.5260115606936416,0.0,0.0,0.2884393063583815,-1.0,-1.0,-1.0,0,0,0,0,0
./datasets/Organised/20260306-handFlying-2/56958955.jpg,6,2,0,0.5449903660886319,0.015221579961464355,0.0056840077071290945,0.1964354527938343,0.2229287090558767,0.8811542150472116,0.2545279383429672,0.11088631984585742,9852.701259452928,0.5569364161849711,0.8166666666666667,0.9421965317919075,0.0,0.0,0.5373795761078998,-1.0,-1.0,-1.0,0,0,0,1,0
./datasets/Organised/20260306-handFlying-2/264923994.jpg,6,2,0,0.0035645472061657034,0.0023121387283236996,0.0019267822736030828,0.03236994219653179,0.035838150289017344,0.9032006042412041,0.04113680154142582,0.020712909441233142,824.8681867085435,0.0007707129094412332,0.05,0.03468208092485549,0.0,0.0,0.0,-1.0,-1.0,-1.0,0,0,0,0,0
./datasets/Organised/20260306-handFlying-2/199291175.jpg,8,2,2,0.2995183044315992,0.016473988439306357,0.005491329479768786,0.22870905587668594,0.24190751445086706,0.9454361554650363,0.2812138728323699,0.12032755298651253,10896.349391810616,0.3113680154142582,0.7666666666666667,0.630057803468208,0.0,0.0,0.2844894026974952,-1.0,-1.0,-1.0,0,0,0,0,0
./datasets/Organised/20260306-handFlying-2/98458619.jpg,8,2,2,0.21666666666666667,0.010597302504816955,0.0037572254335260114,0.12610789980732176,0.15664739884393064,0.8050379112585984,0.17292870905587668,0.07052023121387284,3699.53371976641,0.17601156069364163,0.4666666666666667,0.630057803468208,0.0,0.0,0.18246628131021195,-1.0,-1.0,-1.0,0,0,0,0,0
./datasets/Organised/20260306-handFlying-2/158458173.jpg,6,2,0,0.0004816955684007707,0.002890173410404624,0.001348747591522158,0.0313102119460501,0.030346820809248554,1.0317120343780417,0.03766859344894027,0.020616570327552985,1243.7453262628965,0.0001926782273603083,0.05,0.017341040462427744,0.0,0.0,0.0,-1.0,-1.0,-1.0,0,0,0,0,0
./datasets/Organised/20260306-handFlying-2/234990876.jpg,8,2,2,0.11791907514450867,0.007996146435452794,0.0023121387283236996,0.11098265895953757,0.124373795761079,0.8923243514122636,0.15019267822736032,0.06551059730250482,2719.7179217759813,0.05279383429672447,0.26666666666666666,0.3063583815028902,0.0,0.0,0.0873795761078998,-1.0,-1.0,-1.0,0,0,0,0,0
./datasets/Organised/20260306-handFlying-2/182391296.jpg,8,2,2,0.2545279383429672,0.01599229287090559,0.004335260115606936,0.1978805394990366,0.203757225433526,0.971153626205844,0.24672447013487475,0.10520231213872833,5356.838046376424,0.22008670520231213,0.6666666666666666,0.6184971098265896,0.0,0.0,0.2197495183044316,-1.0,-1.0,-1.0,0,0,0,0,0
./datasets/Organised/20260306-handFlying-2/84325406.jpg,8,2,2,0.040366088631984584,0.008285163776493257,0.002601156069364162,0.08853564547206166,0.0907514450867052,0.9755731141731157,0.11213872832369942,0.05269749518304431,2034.6090900315933,0.01151252408477842,0.23333333333333334,0.09248554913294797,0.0,0.0,0.0025048169556840076,-1.0,-1.0,-1.0,0,0,0,0,0
./datasets/Organised/20260306-handFlying-2/160858201.jpg,8,2,2,0.0030828516377649326,0.0011560693641618498,0.0010597302504816955,0.017533718689788053,0.016473988439306357,1.064262882756006,0.02138728323699422,0.007321772639691715,210.5866072946715,0.0010115606936416184,0.11666666666666667,0.046242774566473986,0.0,0.0,0.0,-1.0,-1.0,-1.0,0,0,0,0,0
./datasets/Organised/20260306-handFlying-2/95025325.jpg,7,2,1,0.26926782273603084,0.012524084778420038,0.0032755298651252407,0.15732177263969171,0.13073217726396918,1.2033806255778234,0.1724470134874759,0.08323699421965318,3074.377607105335,0.2516377649325626,1.0,0.884393063583815,0.0,0.0,0.0,-1.0,-1.0,-1.0,0,0,0,0,1
./datasets/Organised/20260306-handFlying-2/183424643.jpg,7,2,1,0.31233140655105973,0.015317919075144508,0.005009633911368015,0.22321772639691714,0.2615606936416185,0.8534037354214462,0.30626204238921,0.1291907514450867,8519.45653872498,0.24527938342967245,0.5333333333333333,0.7745664739884393,0.0,0.0,0.0,-1.0,-1.0,-1.0,0,0,0,0,1
./datasets/Organised/20260306-handFlying-2/40592474.jpg,7,2,1,0.2590558766859345,0.004238921001926782,0.002119460500963391,0.07485549132947977,0.06358381502890173,1.1772542122746616,0.08911368015414259,0.03709055876685934,2752.363915897253,0.25158959537572256,1.0,0.3063583815028902,0.0,0.0,0.25105973025048167,-1.0,-1.0,-1.0,0,0,0,0,0
./datasets/Organised/20260306-handFlying-2/86458726.jpg,6,2,0,0.2327552986512524,0.010982658959537572,0.004335260115606936,0.14402697495183045,0.15433526011560694,0.9332024427956578,0.1811175337186898,0.07870905587668593,6482.659647610456,0.2302504816955684,0.5666666666666667,0.8265895953757225,0.0,0.0,0.224373795761079,-1.0,-1.0,-1.0,0,0,0,1,0
./datasets/Organised/20260306-handFlying-2/202657803.jpg,7,2,1,0.2502890173410405,0.007514450867052023,0.002601156069364162,0.10077071290944123,0.10789980732177264,0.9339199159922071,0.1260115606936416,0.05375722543352601,4158.369758948029,0.18901734104046242,0.6333333333333333,0.49710982658959535,0.0,0.0,0.24932562620423893,-1.0,-1.0,-1.0,0,0,0,0,0
./datasets/Organised/20260306-handFlying-2/74025485.jpg,8,2,2,0.023892100192678227,0.004238921001926782,0.002697495183044316,0.058959537572254334,0.06069364161849711,0.971412566250099,0.07552986512524085,0.035838150289017344,1915.7342258530373,0.006695568400770713,0.13333333333333333,0.1329479768786127,0.0,0.0,0.021965317919075144,-1.0,-1.0,-1.0,0,0,0,0,0
./datasets/Organised/20260306-handFlying-2/135091671.jpg,6,2,0,0.0,0.0022157996146435453,0.0011560693641618498,0.03265895953757225,0.025529865125240848,1.279195177185135,0.038053949903660886,0.018208092485549134,737.0921212053712,0.0,0.0,0.0,0.0,0.0,0.0,-1.0,-1.0,-1.0,0,0,0,0,0
./datasets/Organised/20260306-handFlying-2/121558451.jpg,6,2,0,0.022350674373795763,0.002601156069364162,0.0008670520231213873,0.04152215799614643,0.04267822736030828,0.9728891679693825,0.053660886319845856,0.024277456647398842,850.3722909404108,0.010404624277456647,0.15,0.18497109826589594,0.0,0.0,0.015028901734104046,-1.0,-1.0,-1.0,0,0,0,0,0
./datasets/Organised/20260306-handFlying-2/110625203.jpg,6,2,0,0.05385356454720617,0.004816955684007707,0.0011560693641618498,0.06117533718689788,0.06454720616570328,0.9477465110316649,0.075626204238921,0.029672447013487476,673.5960656795155,0.03106936416184971,0.7,0.09248554913294797,0.0,0.0,0.0,-1.0,-1.0,-1.0,0,0,0,0,0
./datasets/Organised/20260306-handFlying-2/40925758.jpg,8,2,2,0.0027938342967244703,0.003468208092485549,0.002023121387283237,0.04315992292870906,0.03969171483622351,1.0873512458593881,0.053371868978805394,0.028034682080924855,713.7464302924329,0.0005298651252408478,0.06666666666666667,0.023121387283236993,0.0,0.0,0.0,-1.0,-1.0,-1.0,0,0,0,0,0
./datasets/Organised/20260306-handFlying-2/155558189.jpg,6,2,0,0.0,0.0,0.0,0.0,0.0,0.0,0.0,0.0,0.0,0.0,0.0,0.0,0.0,0.0,0.0,-1.0,-1.0,-1.0,0,0,0,0,0
./datasets/Organised/20260306-handFlying-2/105458596.jpg,8,2,2,0.016088631984585742,0.0064547206165703275,0.003371868978805395,0.08208092485549133,0.07851637764932562,1.045385458771703,0.10067437379576108,0.04980732177263969,1422.9775739156746,0.004576107899807322,0.2,0.08092485549132948,0.0,0.0,0.0,-1.0,-1.0,-1.0,0,0,0,0,0
./datasets/Organised/20260306-handFlying-2/282523831.jpg,7,2,1,0.3645472061657033,0.010982658959537572,0.004046242774566474,0.10770712909441234,0.16040462427745664,0.6714672853871338,0.16647398843930636,0.06840077071290944,2873.2524457512413,0.2401252408477842,0.8166666666666667,0.3583815028901734,0.0,0.0,0.33603082851637767,-1.0,-1.0,-1.0,0,0,0,1,0
./datasets/Organised/20260306-handFlying-2/136091671.jpg,7,2,1,0.0009633911368015414,0.0045279383429672445,0.0023121387283236996,0.04383429672447013,0.039884393063583816,1.099006261630445,0.05308285163776493,0.031695568400770716,1005.439732329476,0.0001926782273603083,0.05,0.017341040462427744,0.0,0.0,0.0,-1.0,-1.0,-1.0,0,0,0,0,0
./datasets/Organised/20260306-handFlying-2/112958676.jpg,7,2,1,0.15520231213872832,0.0045279383429672445,0.002023121387283237,0.059633911368015415,0.05905587668593449,1.0097708296554455,0.07254335260115607,0.02928709055876686,840.7996629430392,0.1411849710982659,1.0,0.1791907514450867,0.0,0.0,0.1544315992292871,-1.0,-1.0,-1.0,0,0,0,0,0
./datasets/Organised/20260306-handFlying-2/229824251.jpg,7,2,1,0.12909441233140656,0.008285163776493257,0.0032755298651252407,0.10558766859344894,0.12167630057803468,0.867768006783919,0.13641618497109825,0.05568400770712909,3652.2592859675315,0.06628131021194605,0.3,0.35260115606936415,0.0,0.0,0.11695568400770713,-1.0,-1.0,-1.0,0,0,0,0,0
./datasets/Organised/20260306-handFlying-2/206091106.jpg,6,2,0,0.032177263969171484,0.006358381502890174,0.0023121387283236996,0.08468208092485549,0.0686897880539499,1.2328011269625556,0.09768786127167631,0.04720616570327553,5341.5030494392295,0.009826589595375723,0.38333333333333336,0.057803468208092484,0.0,0.0,0.014354527938342966,-1.0,-1.0,-1.0,0,0,0,0,0
./datasets/Organised/20260306-handFlying-2/160991460.jpg,7,2,1,0.0007707129094412332,0.001445086705202312,0.000674373795761079,0.017341040462427744,0.013969171483622351,1.2412904510697784,0.019267822736030827,0.009633911368015413,289.5534859909192,0.0003853564547206166,0.06666666666666667,0.017341040462427744,0.0,0.0,0.0,-1.0,-1.0,-1.0,0,0,0,0,0
./datasets/Organised/20260306-handFlying-2/41925769.jpg,8,2,2,0.0038535645472061657,0.003371868978805395,0.0019267822736030828,0.04123314065510597,0.039884393063583816,1.0337905054457812,0.0489402697495183,0.02254335260115607,535.4492123488552,0.0011078998073217727,0.08333333333333333,0.03468208092485549,0.0,0.0,0.0,-1.0,-1.0,-1.0,0,0,0,0,0
./datasets/Organised/20260306-handFlying-2/177324673.jpg,7,2,1,0.1608863198458574,0.011946050096339113,0.004624277456647399,0.14421965317919075,0.16021194605009634,0.9001747782235731,0.19094412331406552,0.08930635838150289,8171.891670091439,0.13102119460500963,0.3,0.884393063583815,0.0,0.0,0.15019267822736032,-1.0,-1.0,-1.0,0,0,0,1,0
./datasets/Organised/20260306-handFlying-2/80058775.jpg,6,2,0,0.07967244701348748,0.012716763005780347,0.004335260115606936,0.15510597302504817,0.14595375722543352,1.0626989895607184,0.18371868978805395,0.08246628131021194,3022.4420637731514,0.05423892100192678,0.5166666666666667,0.24277456647398843,0.0,0.0,0.0,-1.0,-1.0,-1.0,0,0,0,0,0
./datasets/Organised/20260306-handFlying-2/42325740.jpg,8,2,2,0.0052986512524084775,0.005009633911368015,0.003179190751445087,0.06647398843930635,0.06213872832369942,1.0697502263451946,0.07938342967244702,0.03766859344894027,961.2433752009385,0.0013969171483622352,0.1,0.03468208092485549,0.0,0.0,0.0,-1.0,-1.0,-1.0,0,0,0,0,0
./datasets/Organised/20260306-handFlying-2/231824240.jpg,6,2,0,0.0027938342967244703,0.0016377649325626203,0.0011560693641618498,0.024084778420038536,0.023506743737957612,1.0245465787152168,0.027360308285163778,0.011464354527938344,313.1055252616377,0.001300578034682081,0.11666666666666667,0.023121387283236993,0.0,0.0,0.0,-1.0,-1.0,-1.0,0,0,0,0,0
./datasets/Organised/20260306-handFlying-2/117458476.jpg,7,2,1,0.677552986512524,0.02976878612716763,0.00674373795761079,0.36628131021194604,0.3619460500963391,1.0119748458081184,0.44682080924855494,0.18776493256262042,13222.554515650001,0.6655105973025048,1.0,1.0,0.0,0.0,0.6575144508670521,-1.0,-1.0,-1.0,0,0,0,1,0
./datasets/Organised/20260306-handFlying-2/110025200.jpg,8,2,2,0.0,0.0012524084778420038,0.0009633911368015414,0.012138728323699421,0.01348747591522158,0.8999332763756516,0.015414258188824663,0.008959537572254336,1024.5248554913294,0.0,0.0,0.0,0.0,0.0,0.0,-1.0,-1.0,-1.0,0,0,0,0,0
./datasets/Organised/20260306-handFlying-2/147391587.jpg,6,2,0,0.0036608863198458576,0.0008670520231213873,0.0003853564547206166,0.008188824662813102,0.007707129094412331,1.0623621585099334,0.009730250481695568,0.00510597302504817,196.89061608770382,0.0026493256262042388,0.15,0.04046242774566474,0.0,0.0,0.0,-1.0,-1.0,-1.0,0,0,0,0,0
./datasets/Organised/20260306-handFlying-2/41925769.jpg,7,2,1,0.19614643545279384,0.014547206165703276,0.004046242774566474,0.1804431599229287,0.15703275529865124,1.1490724371951546,0.2081888246628131,0.09942196531791908,4639.960425228597,0.17157996146435453,0.8833333333333333,0.4161849710982659,0.0,0.0,0.0,-1.0,-1.0,-1.0,0,0,0,0,0
./datasets/Organised/20260306-handFlying-2/47492370.jpg,7,2,1,0.6642581888246628,0.013969171483622351,0.0045279383429672445,0.24479768786127168,0.21984585741811175,1.113491867639971,0.2795761078998073,0.11348747591522158,10358.735221542835,0.6695086705202312,1.0,0.884393063583815,0.0,0.0,0.6610789980732177,-1.0,-1.0,-1.0,0,0,1,0,0
./datasets/Organised/20260306-handFlying-2/181524659.jpg,7,2,1,0.1764932562620424,0.0076107899807321775,0.0030828516377649326,0.11445086705202312,0.11021194605009633,1.0384521161425126,0.14344894026974953,0.06473988439306358,4954.222713050516,0.07740847784200386,0.3,0.3352601156069364,0.0,0.0,0.08342967244701349,-1.0,-1.0,-1.0,0,0,0,0,0
./datasets/Organised/20260306-handFlying-2/272390595.jpg,7,2,1,0.255009633911368,0.0068400770712909445,0.002697495183044316,0.09190751445086705,0.11820809248554913,0.7774995350895075,0.12842003853564546,0.052215799614643545,1664.6674767690945,0.23670520231213873,0.6,0.7283236994219653,0.0,0.0,0.0,-1.0,-1.0,-1.0,0,0,0,1,0
./datasets/Organised/20260306-handFlying-2/137824993.jpg,8,2,2,0.0007707129094412332,0.0016377649325626203,0.001348747591522158,0.029479768786127167,0.028709055876685933,1.026809871521925,0.03574181117533719,0.01724470134874759,525.8322487294004,0.0003853564547206166,0.06666666666666667,0.017341040462427744,0.0,0.0,0.0,-1.0,-1.0,-1.0,0,0,0,0,0
./datasets/Organised/20260306-handFlying-2/239024182.jpg,8,2,2,0.1375722543352601,0.012716763005780347,0.002697495183044316,0.14845857418111755,0.14383429672447012,1.032142857573435,0.1779383429672447,0.07456647398843931,1929.664453874169,0.11478805394990366,0.8,0.34104046242774566,0.0,0.0,0.0,-1.0,-1.0,-1.0,0,0,0,0,1
./datasets/Organised/20260306-handFlying-2/179657983.jpg,7,2,1,0.0964354527938343,0.007032755298651252,0.0035645472061657034,0.08641618497109826,0.0951830443159923,0.9078851985340477,0.10905587668593449,0.048747591522158,4427.501414932006,0.0811175337186898,0.23333333333333334,0.6936416184971098,0.0,0.0,0.09662813102119461,-1.0,-1.0,-1.0,0,0,0,1,0
./datasets/Organised/20260306-handFlying-2/270890590.jpg,7,2,1,0.201252408477842,0.00838150289017341,0.003371868978805395,0.10202312138728324,0.10664739884393064,0.9566305963635138,0.129383429672447,0.05751445086705202,1552.5597849261771,0.15394990366088632,0.5833333333333334,0.3236994219653179,0.0,0.0,0.16454720616570329,-1.0,-1.0,-1.0,0,0,0,0,0
./datasets/Organised/20260306-handFlying-2/182957957.jpg,8,2,2,0.39373795761079,0.018015414258188825,0.005394990366088632,0.23911368015414258,0.24161849710982658,0.9896290780104348,0.2926782273603083,0.12235067437379576,7059.73454890463,0.37866088631984585,0.85,0.8901734104046243,0.0,0.0,0.38034682080924853,-1.0,-1.0,-1.0,0,0,0,1,0
./datasets/Organised/20260306-handFlying-2/75592141.jpg,7,2,1,0.1279383429672447,0.0151252408477842,0.0036608863198458576,0.17485549132947978,0.19248554913294796,0.9084036890739278,0.22177263969171485,0.09402697495183045,3338.9931001425593,0.0720616570327553,0.6666666666666666,0.34104046242774566,0.0,0.0,0.001348747591522158,-1.0,-1.0,-1.0,0,0,0,0,1
./datasets/Organised/20260306-handFlying-2/238590880.jpg,8,2,2,0.12157996146435453,0.014065510597302504,0.0027938342967244703,0.15394990366088632,0.1441233140655106,1.0681744066508414,0.1802504816955684,0.07813102119460501,1952.293074350036,0.09335260115606936,0.8,0.3063583815028902,0.0,0.0,0.0,-1.0,-1.0,-1.0,0,0,0,0,1
./datasets/Organised/20260306-handFlying-2/282223839.jpg,6,2,0,0.17427745664739885,0.0072254335260115606,0.002601156069364162,0.07996146435452794,0.11791907514450867,0.6780988246194449,0.12379576107899808,0.04816955684007707,2197.7644185591084,0.13482658959537572,0.6166666666666667,0.3236994219653179,0.0,0.0,0.13468208092485548,-1.0,-1.0,-1.0,0,0,0,0,0
./datasets/Organised/20260306-handFlying-2/76192151.jpg,7,2,1,0.1936416184971098,0.01878612716763006,0.004720616570327553,0.25626204238921,0.23940269749518303,1.0704180640082477,0.2969171483622351,0.12167630057803468,4440.9745296832125,0.14359344894026976,0.8333333333333334,0.48554913294797686,0.0,0.0,0.004720616570327553,-1.0,-1.0,-1.0,0,0,0,0,1
./datasets/Organised/20260306-handFlying-2/60892267.jpg,8,2,2,0.02533718689788054,0.006551059730250481,0.0036608863198458576,0.09951830443159923,0.10192678227360308,0.9763609313549457,0.12235067437379576,0.061078998073217726,5032.963326641569,0.012909441233140655,0.26666666666666666,0.11560693641618497,0.0,0.0,0.017822736030828516,-1.0,-1.0,-1.0,0,0,0,0,0
./datasets/Organised/20260306-handFlying-2/230758413.jpg,7,2,1,0.09315992292870906,0.008670520231213872,0.003179190751445087,0.10221579961464354,0.12302504816955684,0.8308468095615635,0.146242774566474,0.06445086705202312,2569.6759107294674,0.047254335260115604,0.21666666666666667,0.5028901734104047,0.0,0.0,0.057321772639691716,-1.0,-1.0,-1.0,0,0,0,0,0
./datasets/Organised/20260306-handFlying-2/128825054.jpg,7,2,1,0.2973988439306358,0.026493256262042388,0.0060693641618497106,0.3422928709055877,0.3014450867052023,1.135502784749471,0.39065510597302505,0.17485549132947978,4568.992587419856,0.26753371868978804,1.0,0.6184971098265896,0.0,0.0,0.27350674373795764,-1.0,-1.0,-1.0,0,0,0,0,1
./datasets/Organised/20260306-handFlying-2/50959029.jpg,8,2,2,0.11753371868978806,0.010308285163776493,0.003371868978805395,0.13217726396917148,0.12784200385356453,1.0339029902689987,0.16040462427745664,0.07341040462427746,6068.231746986387,0.08858381502890174,0.4666666666666667,0.43352601156069365,0.0,0.0,0.0978805394990366,-1.0,-1.0,-1.0,0,0,0,0,0
./datasets/Organised/20260306-handFlying-2/229824251.jpg,8,2,2,0.0037572254335260114,0.0029865125240847784,0.0022157996146435453,0.029479768786127167,0.029865125240847785,0.9870637234791944,0.03641618497109827,0.020809248554913295,727.8406008664949,0.002071290944123314,0.13333333333333333,0.04046242774566474,0.0,0.0,0.0001926782273603083,-1.0,-1.0,-1.0,0,0,0,0,0
./datasets/Organised/20260306-handFlying-2/272790595.jpg,6,2,0,0.0037572254335260114,0.0015414258188824663,0.0008670520231213873,0.02023121387283237,0.020134874759152217,1.0047347887698208,0.02533718689788054,0.013391136801541427,298.15944122385946,0.0018786127167630057,0.11666666666666667,0.04046242774566474,0.0,0.0,0.0,-1.0,-1.0,-1.0,0,0,0,0,0
./datasets/Organised/20260306-handFlying-2/169058069.jpg,6,2,0,0.0,9.633911368015414e-05,9.633911368015414e-05,0.001348747591522158,0.0011560693641618498,1.1656583721747356,0.0017341040462427746,0.001445086705202312,16.51811175337187,0.0,0.0,0.0,0.0,0.0,0.0,-1.0,-1.0,-1.0,0,0,0,0,0
./datasets/Organised/20260306-handFlying-2/259557371.jpg,7,2,1,0.006936416184971098,0.0035645472061657034,0.0023121387283236996,0.059248554913294796,0.05202312138728324,1.1388669973343846,0.06897880539499036,0.0313102119460501,1157.0763371831854,0.0012524084778420038,0.08333333333333333,0.03468208092485549,0.0,0.0,0.0,-1.0,-1.0,-1.0,0,0,0,0,0
./datasets/Organised/20260306-handFlying-2/205524447.jpg,7,2,1,0.2516377649325626,0.007803468208092485,0.002601156069364162,0.10645472061657033,0.1485549132947977,0.7165969920384063,0.16368015414258189,0.07090558766859345,3424.422144065028,0.2342485549132948,0.43333333333333335,0.7630057803468208,0.0,0.0,0.24710982658959538,-1.0,-1.0,-1.0,0,0,0,1,0
./datasets/Organised/20260306-handFlying-2/239924169.jpg,6,2,0,0.024566473988439308,0.004816955684007707,0.0016377649325626203,0.07552986512524085,0.05828516377649326,1.295845535741056,0.0873795761078998,0.04633911368015414,6030.844119601575,0.01873795761078998,0.9,0.06936416184971098,0.0,0.0,0.0,-1.0,-1.0,-1.0,0,0,0,0,0
./datasets/Organised/20260306-handFlying-2/43525801.jpg,7,2,1,0.5739884393063583,0.015414258188824663,0.0045279383429672445,0.2329479768786127,0.21685934489402697,1.0741842958538468,0.26946050096339114,0.11213872832369942,9610.928071101607,0.5847784200385356,1.0,0.791907514450867,0.0,0.0,0.5745664739884393,-1.0,-1.0,-1.0,0,0,1,0,0
./datasets/Organised/20260306-handFlying-2/221324321.jpg,6,2,0,0.026204238921001925,0.0045279383429672445,0.002119460500963391,0.05077071290944123,0.05086705202312139,0.9980864391340185,0.0630057803468208,0.032177263969171484,2675.414362175668,0.01695568400770713,0.43333333333333335,0.07514450867052024,0.0,0.0,0.020134874759152217,-1.0,-1.0,-1.0,0,0,0,0,0
./datasets/Organised/20260306-handFlying-2/230590915.jpg,7,2,1,0.11685934489402698,0.007803468208092485,0.0022157996146435453,0.0894990366088632,0.12032755298651253,0.7437888546610797,0.13265895953757226,0.053660886319845856,3663.241680226536,0.09869942196531792,0.35,0.6242774566473989,0.0,0.0,0.10578034682080925,-1.0,-1.0,-1.0,0,0,0,0,0
./datasets/Organised/20260306-handFlying-2/41625748.jpg,6,2,0,0.4661849710982659,0.01069364161849711,0.004238921001926782,0.1567437379576108,0.14595375722543352,1.073920034792105,0.18670520231213872,0.07427745664739885,6088.74207337922,0.4728323699421965,0.8666666666666667,0.6705202312138728,0.0,0.0,0.45635838150289015,-1.0,-1.0,-1.0,0,0,0,1,0
./datasets/Organised/20260306-handFlying-2/205224448.jpg,7,2,1,0.2060693641618497,0.00789980732177264,0.002601156069364162,0.07957610789980732,0.12755298651252409,0.6238621784823167,0.13574181117533718,0.0579961464354528,3014.059106737798,0.2002408477842004,0.36666666666666664,0.7052023121387283,0.0,0.0,0.205009633911368,-1.0,-1.0,-1.0,0,0,0,1,0
./datasets/Organised/20260306-handFlying-2/174724688.jpg,8,2,2,0.18458574181117535,0.005202312138728324,0.0024084778420038534,0.09267822736030829,0.07967244701348748,1.163226028674513,0.11165703275529865,0.04903660886319846,4078.5499231421763,0.08501926782273603,0.43333333333333335,0.23121387283236994,0.0,0.0,0.17861271676300577,-1.0,-1.0,-1.0,0,0,0,0,0
./datasets/Organised/20260306-handFlying-2/89258698.jpg,8,2,2,0.10452793834296724,0.014450867052023121,0.004720616570327553,0.20423892100192678,0.19845857418111754,1.0291210280212277,0.23872832369942196,0.098747591522158,5147.500554274747,0.043015414258188826,0.5333333333333333,0.2774566473988439,0.0,0.0,0.05443159922928709,-1.0,-1.0,-1.0,0,0,0,0,1
./datasets/Organised/20260306-handFlying-2/212657722.jpg,7,2,1,0.1869942196531792,0.008766859344894027,0.0029865125240847784,0.10558766859344894,0.13092485549132948,0.8064691897349598,0.14460500963391137,0.0581888246628131,2619.9907185802695,0.15457610789980733,0.4,0.6994219653179191,0.0,0.0,0.18477842003853565,-1.0,-1.0,-1.0,0,0,0,1,0
./datasets/Organised/20260306-handFlying-2/95625315.jpg,6,2,0,0.11377649325626205,0.013198458574181117,0.004624277456647399,0.1653179190751445,0.1605009633911368,1.030005587360146,0.1980732177263969,0.08930635838150289,4122.405506216564,0.04431599229287091,0.7,0.21965317919075145,0.0,0.0,0.04161849710982659,-1.0,-1.0,-1.0,0,0,0,0,0
./datasets/Organised/20260306-handFlying-2/197157912.jpg,7,2,1,0.2176300578034682,0.010982658959537572,0.0036608863198458576,0.14277456647398845,0.18121387283236995,0.7878744401187197,0.19990366088631983,0.0871868978805395,8075.469892040794,0.22938342967244701,0.5666666666666667,0.5491329479768786,0.0,0.0,0.20982658959537573,-1.0,-1.0,-1.0,0,0,0,0,0
./datasets/Organised/20260306-handFlying-2/67358878.jpg,7,2,1,0.19104046242774567,0.015414258188824663,0.005876685934489403,0.2069364161849711,0.19672447013487476,1.0519045451669056,0.2464354527938343,0.11242774566473988,7321.073155319441,0.11319845857418112,0.7333333333333333,0.2774566473988439,0.0,0.0,0.06473988439306358,-1.0,-1.0,-1.0,0,0,0,0,1
./datasets/Organised/20260306-handFlying-2/206991101.jpg,8,2,2,0.36859344894026974,0.016859344894026976,0.004913294797687861,0.22052023121387282,0.23998073217726396,0.9189042399735002,0.2906551059730251,0.12013487475915222,6654.42078359525,0.2720616570327553,1.0,0.3583815028901734,0.0,0.0,0.09826589595375723,-1.0,-1.0,-1.0,0,0,0,0,0
./datasets/Organised/20260306-handFlying-2/161924810.jpg,6,2,0,0.0,0.0003853564547206166,0.0003853564547206166,0.004238921001926782,0.0045279383429672445,0.9359635042303424,0.0056840077071290945,0.003371868978805395,378.9988439306358,0.0,0.0,0.0,0.0,0.0,0.0,-1.0,-1.0,-1.0,0,0,0,0,0
./datasets/Organised/20260306-handFlying-2/60458929.jpg,7,2,1,0.2945086705202312,0.012524084778420038,0.00510597302504817,0.18535645472061657,0.18603082851637764,0.9963695793287243,0.22263969171483622,0.0964354527938343,9358.898748695989,0.17288053949903662,0.38333333333333336,0.6416184971098265,0.0,0.0,0.22870905587668594,-1.0,-1.0,-1.0,0,0,0,0,1
./datasets/Organised/20260306-handFlying-2/76958802.jpg,6,2,0,0.0,0.0,0.0,0.0,0.0,0.0,0.0,0.0,0.0,0.0,0.0,0.0,0.0,0.0,0.0,-1.0,-1.0,-1.0,0,0,0,0,0
./datasets/Organised/20260306-handFlying-2/74792175.jpg,7,2,1,0.07283236994219654,0.008092485549132947,0.0038535645472061657,0.09354527938342967,0.11878612716763005,0.7875035082835231,0.13728323699421965,0.07032755298651253,3501.58496711662,0.03877649325626204,0.2,0.35260115606936415,0.0,0.0,0.07215799614643545,-1.0,-1.0,-1.0,0,0,0,0,0
./datasets/Organised/20260306-handFlying-2/266723957.jpg,7,2,1,0.012235067437379576,0.0052986512524084775,0.0030828516377649326,0.0766859344894027,0.07447013487475915,1.0297403768368545,0.09026974951830444,0.04123314065510597,1031.8733138334799,0.001445086705202312,0.15,0.04046242774566474,0.0,0.0,0.0,-1.0,-1.0,-1.0,0,0,0,0,0
./datasets/Organised/20260306-handFlying-2/43092473.jpg,6,2,0,0.29123314065510597,0.013680154142581889,0.004238921001926782,0.147495183044316,0.14797687861271677,0.9967380558977733,0.1916184971098266,0.08082851637764933,4291.048927647284,0.25447976878612716,0.9333333333333333,0.43352601156069365,0.0,0.0,0.2565510597302505,-1.0,-1.0,-1.0,0,0,0,0,0
./datasets/Organised/20260306-handFlying-2/192757884.jpg,6,2,0,0.2680154142581888,0.022254335260115606,0.005973025048169557,0.2800578034682081,0.28728323699421965,0.9748457012413216,0.34826589595375723,0.1578034682080925,14452.805155312017,0.16666666666666666,0.6666666666666666,0.3930635838150289,0.0,0.0,0.2498073217726397,-1.0,-1.0,-1.0,0,0,0,0,0
./datasets/Organised/20260306-handFlying-2/72958832.jpg,6,2,0,0.1464354527938343,0.014258188824662813,0.00394990366088632,0.1611753371868979,0.1766859344894027,0.9122085775763167,0.2069364161849711,0.09142581888246629,5124.133884071934,0.08728323699421965,0.3333333333333333,0.5260115606936416,0.0,0.0,0.09441233140655106,-1.0,-1.0,-1.0,0,0,0,0,0
./datasets/Organised/20260306-handFlying-2/88658729.jpg,7,2,1,0.19633911368015414,0.018882466281310212,0.0060693641618497106,0.2583815028901734,0.2752408477842004,0.9387435267211036,0.3245664739884393,0.13535645472061658,7707.834823851635,0.07384393063583815,0.4666666666666667,0.41040462427745666,0.0,0.0,0.09296724470134875,-1.0,-1.0,-1.0,0,0,0,0,1
./datasets/Organised/20260306-handFlying-2/145458266.jpg,7,2,1,0.0,0.0003853564547206166,0.00028901734104046245,0.005587668593448941,0.0076107899807321775,0.734080762552971,0.008188824662813102,0.004335260115606936,759.1159922928709,0.0,0.0,0.0,0.0,0.0,0.0,-1.0,-1.0,-1.0,0,0,0,0,0
./datasets/Organised/20260306-handFlying-2/156091505.jpg,8,2,2,0.29653179190751444,0.01348747591522158,0.004720616570327553,0.1724470134874759,0.22687861271676302,0.7600815755215481,0.2518304431599229,0.09768786127167631,4277.912540893077,0.25052986512524084,0.4666666666666667,0.7861271676300579,0.0,0.0,0.2626204238921002,-1.0,-1.0,-1.0,0,0,0,1,0
./datasets/Organised/20260306-handFlying-2/94891992.jpg,6,2,0,0.01724470134874759,0.005009633911368015,0.0027938342967244703,0.0710019267822736,0.06666666666666667,1.065012926540206,0.08420038535645472,0.044797687861271675,3324.7778015748377,0.0023603082851637765,0.16666666666666666,0.03468208092485549,0.0,0.0,0.0,-1.0,-1.0,-1.0,0,0,0,0,0
./datasets/Organised/20260306-handFlying-2/99825296.jpg,7,2,1,0.5452793834296724,0.017533718689788053,0.004816955684007707,0.23352601156069364,0.24238921001926783,0.9634300475342236,0.28439306358381505,0.128131021194605,4455.332751363412,0.5080443159922928,1.0,1.0,0.0,0.0,0.5315992292870906,-1.0,-1.0,-1.0,0,0,0,1,0
./datasets/Organised/20260306-handFlying-2/185324630.jpg,6,2,0,0.14865125240847785,0.009922928709055878,0.0038535645472061657,0.14778420038535645,0.13554913294797688,1.0902549276146776,0.17601156069364163,0.07755298651252408,7311.228496738577,0.12634874759152215,0.5166666666666667,0.4508670520231214,0.0,0.0,0.14267822736030827,-1.0,-1.0,-1.0,0,0,0,0,0
./datasets/Organised/20260306-handFlying-2/220890997.jpg,8,2,2,0.18892100192678227,0.007032755298651252,0.0024084778420038534,0.09123314065510597,0.10048169556840077,0.9079487780361304,0.11955684007707129,0.05211946050096339,2348.5544171112374,0.11787090558766859,0.43333333333333335,0.4624277456647399,0.0,0.0,0.18757225433526012,-1.0,-1.0,-1.0,0,0,0,0,0
./datasets/Organised/20260306-handFlying-2/129358386.jpg,8,2,2,0.23670520231213873,0.01579961464354528,0.0038535645472061657,0.21348747591522158,0.19402697495183044,1.100292243776817,0.24566473988439305,0.10452793834296724,2410.486660615308,0.2023121387283237,1.0,0.4393063583815029,0.0,0.0,0.20491329479768786,-1.0,-1.0,-1.0,0,0,0,0,1
./datasets/Organised/20260306-handFlying-2/182524653.jpg,7,2,1,0.4098265895953757,0.017822736030828516,0.00510597302504817,0.2545279383429672,0.2569364161849711,0.9906223162131075,0.3288053949903661,0.13082851637764933,7842.812306115215,0.20308285163776493,0.95,0.2947976878612717,0.0,0.0,0.21001926782273603,-1.0,-1.0,-1.0,0,0,0,0,0
./datasets/Organised/20260306-handFlying-2/63792252.jpg,8,2,2,0.013680154142581889,0.00789980732177264,0.0036608863198458576,0.09142581888246629,0.09325626204238921,0.9803613882735431,0.11522157996146436,0.05684007707129094,2920.4380382089466,0.006310211946050096,0.16666666666666666,0.1329479768786127,0.0,0.0,0.008959537572254336,-1.0,-1.0,-1.0,0,0,0,0,0
./datasets/Organised/20260306-handFlying-2/275057247.jpg,8,2,2,0.1394990366088632,0.007129094412331407,0.0027938342967244703,0.08333333333333333,0.11078998073217726,0.752167123917612,0.12350674373795761,0.05202312138728324,3144.595231483029,0.0907514450867052,0.36666666666666664,0.4624277456647399,0.0,0.0,0.0,-1.0,-1.0,-1.0,0,0,0,0,0
./datasets/Organised/20260306-handFlying-2/154858208.jpg,7,2,1,0.06454720616570328,0.004624277456647399,0.0023121387283236996,0.05452793834296724,0.07263969171483622,0.7506527960530198,0.08448940269749518,0.03516377649325626,1293.9801521007123,0.04686897880539499,0.18333333333333332,0.5491329479768786,0.0,0.0,0.00789980732177264,-1.0,-1.0,-1.0,0,0,0,0,0
./datasets/Organised/20260306-handFlying-2/113691841.jpg,6,2,0,0.12398843930635838,0.004816955684007707,0.001348747591522158,0.060404624277456645,0.0733140655105973,0.8239046621151213,0.07870905587668593,0.03198458574181118,1401.171480086204,0.11748554913294798,0.55,0.44508670520231214,0.0,0.0,0.12244701348747591,-1.0,-1.0,-1.0,0,0,0,0,0
./datasets/Organised/20260306-handFlying-2/63325585.jpg,6,2,0,0.13005780346820808,0.007707129094412331,0.0035645472061657034,0.08689788053949904,0.10520231213872833,0.8259994744738598,0.11965317919075144,0.05529865125240848,3663.0561016256993,0.10867052023121387,0.2,0.8959537572254336,0.0,0.0,0.12418111753371869,-1.0,-1.0,-1.0,0,0,0,1,0
./datasets/Organised/20260306-handFlying-2/200757835.jpg,7,2,1,0.21358381502890172,0.008285163776493257,0.0027938342967244703,0.12138728323699421,0.12244701348747591,0.9913373012736528,0.14816955684007707,0.060308285163776496,4986.250604987359,0.15067437379576107,0.55,0.3699421965317919,0.0,0.0,0.20905587668593448,-1.0,-1.0,-1.0,0,0,0,0,0
./datasets/Organised/20260306-handFlying-2/259424014.jpg,7,2,1,0.011368015414258189,0.005491329479768786,0.0032755298651252407,0.07687861271676301,0.07678227360308285,1.0012416651336462,0.09104046242774566,0.041425818882466284,1275.1487254186763,0.0011078998073217727,0.06666666666666667,0.03468208092485549,0.0,0.0,0.0,-1.0,-1.0,-1.0,0,0,0,0,0
./datasets/Organised/20260306-handFlying-2/257557371.jpg,8,2,2,0.2546242774566474,0.0076107899807321775,0.002890173410404624,0.13121387283236993,0.11541425818882466,1.136884974235365,0.14710982658959537,0.06782273603082851,3409.958690112897,0.2491811175337187,1.0,0.30057803468208094,0.0,0.0,0.0,-1.0,-1.0,-1.0,0,0,0,0,0
./datasets/Organised/20260306-handFlying-2/77558802.jpg,7,2,1,0.13882466281310213,0.014547206165703276,0.0032755298651252407,0.1764932562620424,0.1699421965317919,1.038542641682188,0.20886319845857418,0.08516377649325627,2468.298858594971,0.04489402697495183,0.5,0.31213872832369943,0.0,0.0,0.0,-1.0,-1.0,-1.0,0,0,0,0,1
./datasets/Organised/20260306-handFlying-2/278723874.jpg,8,2,2,0.1508670520231214,0.01021194605009634,0.003468208092485549,0.13439306358381503,0.16156069364161849,0.8318374272674449,0.18400770712909442,0.07890173410404624,4109.338049485635,0.07707129094412331,0.4666666666666667,0.3236994219653179,0.0,0.0,0.12890173410404623,-1.0,-1.0,-1.0,0,0,0,0,0
./datasets/Organised/20260306-handFlying-2/206524484.jpg,6,2,0,0.14720616570327552,0.007129094412331407,0.002119460500963391,0.09046242774566474,0.10385356454720616,0.8710491266327138,0.12061657032755299,0.053660886319845856,4337.039370389552,0.09354527938342967,0.5833333333333334,0.2138728323699422,0.0,0.0,0.14152215799614642,-1.0,-1.0,-1.0,0,0,0,0,0
./datasets/Organised/20260306-handFlying-2/159924805.jpg,8,2,2,0.0,0.000674373795761079,0.0007707129094412332,0.00953757225433526,0.01001926782273603,0.9518280771592221,0.0128131021194605,0.005780346820809248,214.0443759118803,0.0,0.0,0.0,0.0,0.0,0.0,-1.0,-1.0,-1.0,0,0,0,0,0
./datasets/Organised/20260306-handFlying-2/224057641.jpg,7,2,1,0.17071290944123313,0.0174373795761079,0.006262042389210019,0.23786127167630058,0.25616570327552984,0.9285409408593586,0.30963391136801544,0.1439306358381503,9674.561364664893,0.10183044315992293,0.31666666666666665,0.791907514450867,0.0,0.0,0.11676300578034682,-1.0,-1.0,-1.0,0,0,0,1,0
./datasets/Organised/20260306-handFlying-2/276323911.jpg,8,2,2,0.0315028901734104,0.008092485549132947,0.0030828516377649326,0.09730250481695568,0.10934489402697495,0.8898597033094975,0.12880539499036608,0.0579961464354528,1644.4769218260997,0.00789980732177264,0.21666666666666667,0.09826589595375723,0.0,0.0,0.0,-1.0,-1.0,-1.0,0,0,0,0,0
./datasets/Organised/20260306-handFlying-2/224957657.jpg,8,2,2,0.11878612716763005,0.011175337186897881,0.003468208092485549,0.1329479768786127,0.17514450867052023,0.7590715736177479,0.1939306358381503,0.08631984585741811,5294.619323732834,0.05761078998073218,0.25,0.6589595375722543,0.0,0.0,0.07225433526011561,-1.0,-1.0,-1.0,0,0,0,1,0
./datasets/Organised/20260306-handFlying-2/98925294.jpg,7,2,1,0.6607899807321773,0.0174373795761079,0.005491329479768786,0.2130057803468208,0.26685934489402696,0.7981919547897146,0.2969171483622351,0.13342967244701348,4401.470905810418,0.6233622350674374,1.0,1.0,0.0,0.0,0.6351637764932563,-1.0,-1.0,-1.0,0,0,0,1,0
./datasets/Organised/20260306-handFlying-2/77092127.jpg,6,2,0,0.0,0.0,0.0,0.0,0.0,0.0,0.0,0.0,0.0,0.0,0.0,0.0,0.0,0.0,0.0,-1.0,-1.0,-1.0,0,0,0,0,0
./datasets/Organised/20260306-handFlying-2/181791302.jpg,7,2,1,0.2263005780346821,0.010789980732177264,0.004238921001926782,0.15732177263969171,0.15684007707129094,1.003064857608586,0.1994219653179191,0.08333333333333333,6148.538283790155,0.11647398843930636,0.43333333333333335,0.41040462427745666,0.0,0.0,0.13208092485549133,-1.0,-1.0,-1.0,0,0,0,0,0
./datasets/Organised/20260306-handFlying-2/184891305.jpg,6,2,0,0.21628131021194605,0.012235067437379576,0.004335260115606936,0.18092485549132947,0.1764932562620424,1.025103362132697,0.22032755298651252,0.09556840077071291,6828.236095527935,0.16026011560693643,0.55,0.6069364161849711,0.0,0.0,0.15712909441233142,-1.0,-1.0,-1.0,0,0,0,0,0
./datasets/Organised/20260306-handFlying-2/270623945.jpg,7,2,1,0.2842003853564547,0.009922928709055878,0.0045279383429672445,0.11676300578034682,0.12899807321772638,0.9051460825867534,0.15346820809248554,0.06840077071290944,2195.8122326079124,0.24494219653179192,0.7166666666666667,0.5086705202312138,0.0,0.0,0.2567437379576108,-1.0,-1.0,-1.0,0,0,0,0,0
./datasets/Organised/20260306-handFlying-2/109591885.jpg,8,2,2,0.10915221579961465,0.0072254335260115606,0.002601156069364162,0.09017341040462427,0.12427745664739884,0.725575556996681,0.13391136801541426,0.05973025048169557,3022.202392876103,0.05539499036608863,0.31666666666666665,0.3468208092485549,0.0,0.0,0.10645472061657033,-1.0,-1.0,-1.0,0,0,0,0,0
./datasets/Organised/20260306-handFlying-2/202224467.jpg,8,2,2,0.31233140655105973,0.00953757225433526,0.0029865125240847784,0.10635838150289018,0.13121387283236993,0.810566509779463,0.14450867052023122,0.061464354527938345,2814.5287853382633,0.30703275529865126,0.65,0.7514450867052023,0.0,0.0,0.3133911368015414,-1.0,-1.0,-1.0,0,0,0,1,0
./datasets/Organised/20260306-handFlying-2/190091236.jpg,8,2,2,0.0024084778420038534,0.0019267822736030828,0.0009633911368015414,0.028034682080924855,0.024277456647398842,1.1547143415283132,0.031695568400770716,0.012909441233140655,346.3881086255991,0.0012524084778420038,0.1,0.028901734104046242,0.0,0.0,0.0,-1.0,-1.0,-1.0,0,0,0,0,0
./datasets/Organised/20260306-handFlying-2/287690999.jpg,8,2,2,0.06946050096339114,0.011175337186897881,0.004046242774566474,0.14576107899807322,0.13352601156069363,1.091622416276565,0.17109826589595376,0.08092485549132948,4383.322435421237,0.03304431599229287,0.7,0.15028901734104047,0.0,0.0,0.0,-1.0,-1.0,-1.0,0,0,0,0,0
./datasets/Organised/20260306-handFlying-2/280257185.jpg,8,2,2,0.12350674373795761,0.010308285163776493,0.004046242774566474,0.13458574181117533,0.16059730250481696,0.8380271753316856,0.18179190751445087,0.07764932562620423,5011.968291725603,0.07316955684007707,0.3,0.5317919075144508,0.0,0.0,0.10057803468208093,-1.0,-1.0,-1.0,0,0,0,0,0
./datasets/Organised/20260306-handFlying-2/219157694.jpg,7,2,1,0.6502890173410405,0.018208092485549134,0.006358381502890174,0.2476878612716763,0.2927745664739884,0.8459990847415271,0.33285163776493254,0.14691714836223507,15129.177416654604,0.6802023121387283,0.9333333333333333,1.0,0.0,0.0,0.6500963391136801,-1.0,-1.0,-1.0,0,0,0,1,0
./datasets/Organised/20260306-handFlying-2/109591885.jpg,6,2,0,0.03978805394990366,0.003468208092485549,0.0009633911368015414,0.04672447013487476,0.041425818882466284,1.1278797502516102,0.05443159922928709,0.022928709055876687,478.2346678249635,0.01825626204238921,0.36666666666666664,0.12138728323699421,0.0,0.0,0.0,-1.0,-1.0,-1.0,0,0,0,0,0
./datasets/Organised/20260306-handFlying-2/80658768.jpg,7,2,1,0.10173410404624278,0.012235067437379576,0.003468208092485549,0.1556840077071291,0.15973025048169556,0.9746621731041274,0.19026974951830444,0.08140655105973026,2642.8644285085816,0.04614643545279384,0.31666666666666665,0.3583815028901734,0.0,0.0,0.0018304431599229288,-1.0,-1.0,-1.0,0,0,0,0,1
./datasets/Organised/20260306-handFlying-2/203557797.jpg,6,2,0,0.17620423892100193,0.01233140655105973,0.003468208092485549,0.15520231213872832,0.15789980732177264,0.9829101875486597,0.1859344894026975,0.07764932562620423,3583.8569478877785,0.06522157996146435,0.3333333333333333,0.2832369942196532,0.0,0.0,0.08631984585741811,-1.0,-1.0,-1.0,0,0,0,0,0
./datasets/Organised/20260306-handFlying-2/219424337.jpg,8,2,2,0.21551059730250482,0.010308285163776493,0.0035645472061657034,0.146242774566474,0.1384393063583815,1.0563598016598879,0.17870905587668592,0.07350674373795761,3371.154212710823,0.16146435452793834,0.5666666666666667,0.4624277456647399,0.0,0.0,0.18786127167630057,-1.0,-1.0,-1.0,0,0,0,0,0
./datasets/Organised/20260306-handFlying-2/236957549.jpg,7,2,1,0.15048169556840077,0.009248554913294798,0.0035645472061657034,0.11339113680154142,0.17639691714836223,0.642814488031466,0.18969171483622352,0.08015414258188824,3281.6573633154017,0.1384393063583815,0.2833333333333333,0.9364161849710982,0.0,0.0,0.1489402697495183,-1.0,-1.0,-1.0,0,0,0,1,0
./datasets/Organised/20260306-handFlying-2/87892067.jpg,8,2,2,0.06849710982658959,0.009248554913294798,0.003371868978805395,0.10240847784200385,0.1199421965317919,0.8538081425473738,0.13689788053949903,0.05934489402697495,4100.3700258296485,0.03212909441233141,0.23333333333333334,0.26011560693641617,0.0,0.0,0.037283236994219655,-1.0,-1.0,-1.0,0,0,0,0,0
./datasets/Organised/20260306-handFlying-2/280123858.jpg,7,2,1,0.5980732177263969,0.014739884393063583,0.005009633911368015,0.17938342967244703,0.23593448940269748,0.7603071082124202,0.2564547206165703,0.1128131021194605,9885.781934457846,0.5802986512524084,0.8833333333333333,1.0,0.0,0.0,0.5942196531791908,-1.0,-1.0,-1.0,0,0,0,1,0
./datasets/Organised/20260306-handFlying-2/200591149.jpg,7,2,1,0.18709055876685934,0.009152215799614644,0.002890173410404624,0.1313102119460501,0.13921001926782273,0.943245819452176,0.16396917148362236,0.07032755298651253,5512.771745018766,0.15130057803468208,0.5333333333333333,0.3872832369942196,0.0,0.0,0.1684971098265896,-1.0,-1.0,-1.0,0,0,0,0,0
./datasets/Organised/20260306-handFlying-2/187691259.jpg,7,2,1,0.33265895953757224,0.013583815028901734,0.004431599229287091,0.17784200385356455,0.1711946050096339,1.0388234198159272,0.21445086705202313,0.08998073217726398,3797.788454861691,0.13439306358381503,0.6666666666666666,0.35260115606936415,0.0,0.0,0.17533718689788053,-1.0,-1.0,-1.0,0,0,0,0,0
./datasets/Organised/20260306-handFlying-2/132425052.jpg,8,2,2,0.03574181117533719,0.0025048169556840076,0.0019267822736030828,0.034778420038535644,0.042485549132947976,0.8185748371727667,0.048458574181117535,0.022157996146435453,1608.9191575617851,0.02880539499036609,0.15,0.3930635838150289,0.0,0.0,0.0,-1.0,-1.0,-1.0,0,0,0,0,0
./datasets/Organised/20260306-handFlying-2/235890867.jpg,8,2,2,0.15115606936416184,0.009441233140655106,0.002697495183044316,0.13699421965317918,0.16483622350674373,0.8310878862114208,0.19527938342967244,0.07976878612716763,3487.476947098875,0.09315992292870906,0.38333333333333336,0.42196531791907516,0.0,0.0,0.10963391136801541,-1.0,-1.0,-1.0,0,0,0,0,0
./datasets/Organised/20260306-handFlying-2/156091505.jpg,7,2,1,0.09344894026974952,0.004335260115606936,0.0010597302504816955,0.04161849710982659,0.07109826589595376,0.585357620579808,0.07273603082851637,0.027071290944123316,956.3625266742399,0.08169556840077072,0.26666666666666666,0.6416184971098265,0.0,0.0,0.0,-1.0,-1.0,-1.0,0,0,0,0,0
./datasets/Organised/20260306-handFlying-2/239024182.jpg,7,2,1,0.02321772639691715,0.009152215799614644,0.004238921001926782,0.12013487475915222,0.1176300578034682,1.0212853391139884,0.15048169556840077,0.0626204238921002,1483.1051758049605,0.003516377649325626,0.18333333333333332,0.04046242774566474,0.0,0.0,0.0,-1.0,-1.0,-1.0,0,0,0,0,0
./datasets/Organised/20260306-handFlying-2/56025642.jpg,8,2,2,0.11695568400770713,0.01021194605009634,0.004046242774566474,0.14566473988439307,0.13805394990366088,1.055121456970884,0.17514450867052023,0.07524084778420038,6611.2372079105735,0.052360308285163776,0.4,0.3583815028901734,0.0,0.0,0.07003853564547206,-1.0,-1.0,-1.0,0,0,0,0,0
./datasets/Organised/20260306-handFlying-2/224357637.jpg,7,2,1,0.2319845857418112,0.017341040462427744,0.005587668593448941,0.20366088631984586,0.23140655105973024,0.8800961134897344,0.27533718689788056,0.12774566473988438,9167.56541927005,0.16599229287090558,0.38333333333333336,0.884393063583815,0.0,0.0,0.18102119460500962,-1.0,-1.0,-1.0,0,0,0,1,0
./datasets/Organised/20260306-handFlying-2/282057217.jpg,6,2,0,0.5685934489402698,0.009633911368015413,0.002890173410404624,0.11165703275529865,0.15472061657032754,0.7216640779121241,0.1599229287090559,0.0626204238921002,3633.7256833301776,0.5495664739884393,0.9166666666666666,0.838150289017341,0.0,0.0,0.5685934489402698,-1.0,-1.0,-1.0,0,0,0,1,0
./datasets/Organised/20260306-handFlying-2/57258958.jpg,8,2,2,0.1336223506743738,0.011078998073217727,0.004913294797687861,0.15645472061657031,0.16098265895953756,0.9718670927705428,0.19026974951830444,0.09132947976878612,10167.875297639597,0.11233140655105973,0.5666666666666667,0.30057803468208094,0.0,0.0,0.11753371868978806,-1.0,-1.0,-1.0,0,0,0,0,0
./datasets/Organised/20260306-handFlying-2/223924302.jpg,7,2,1,0.12177263969171484,0.014450867052023121,0.005491329479768786,0.19258188824662814,0.20789980732177263,0.9263162116949596,0.2489402697495183,0.11194605009633911,7074.066337470903,0.04238921001926782,0.45,0.2774566473988439,0.0,0.0,0.06233140655105973,-1.0,-1.0,-1.0,0,0,0,0,1
./datasets/Organised/20260306-handFlying-2/244724135.jpg,6,2,0,0.026782273603082853,0.0024084778420038534,0.0015414258188824663,0.031695568400770716,0.03526011560693642,0.8988816109532194,0.03978805394990366,0.017919075144508672,1676.2591165387712,0.0220616570327553,0.26666666666666666,0.18497109826589594,0.0,0.0,0.026107899807321772,-1.0,-1.0,-1.0,0,0,0,0,0
./datasets/Organised/20260306-handFlying-2/220157663.jpg,7,2,1,0.2060693641618497,0.019267822736030827,0.005876685934489403,0.25703275529865127,0.2640655105973025,0.973363698097342,0.3200385356454721,0.1409441233140655,6614.3995708361645,0.03863198458574181,0.23333333333333334,0.4393063583815029,0.0,0.0,0.0941233140655106,-1.0,-1.0,-1.0,0,0,0,0,1
./datasets/Organised/20260306-handFlying-2/190524568.jpg,7,2,1,0.10982658959537572,0.007032755298651252,0.002601156069364162,0.09152215799614644,0.10732177263969171,0.8527748188486359,0.12148362235067438,0.04720616570327553,1979.8813697138783,0.05582851637764932,0.4,0.23121387283236994,0.0,0.0,0.10240847784200385,-1.0,-1.0,-1.0,0,0,0,0,0
./datasets/Organised/20260306-handFlying-2/193324541.jpg,7,2,1,0.21165703275529865,0.010500963391136802,0.0035645472061657034,0.11791907514450867,0.13246628131021196,0.890175098169077,0.15366088631984587,0.06840077071290944,4662.054550064783,0.1523121387283237,0.43333333333333335,0.47398843930635837,0.0,0.0,0.20452793834296726,-1.0,-1.0,-1.0,0,0,0,0,0
./datasets/Organised/20260306-handFlying-2/190524568.jpg,8,2,2,0.0,0.0004816955684007707,0.0003853564547206166,0.0052986512524084775,0.005009633911368015,1.0574812181722186,0.006165703275529865,0.0025048169556840076,205.24200385356454,0.0,0.0,0.0,0.0,0.0,0.0,-1.0,-1.0,-1.0,0,0,0,0,0
./datasets/Organised/20260306-handFlying-2/277323883.jpg,6,2,0,0.22870905587668594,0.007418111753371869,0.0027938342967244703,0.11069364161849711,0.1252408477842004,0.8838390967309045,0.1396917148362235,0.058959537572254334,3710.691401678417,0.2002408477842004,0.7,0.6242774566473989,0.0,0.0,0.22119460500963392,-1.0,-1.0,-1.0,0,0,0,0,0
./datasets/Organised/20260306-handFlying-2/221457656.jpg,8,2,2,0.23680154142581888,0.008092485549132947,0.002697495183044316,0.10414258188824663,0.11608863198458574,0.8970877080743487,0.13574181117533718,0.058477842003853565,3196.0976794988887,0.12764932562620424,0.5,0.4682080924855491,0.0,0.0,0.23535645472061656,-1.0,-1.0,-1.0,0,0,0,0,0
./datasets/Organised/20260306-handFlying-2/126791734.jpg,6,2,0,0.2996146435452794,0.018978805394990365,0.00394990366088632,0.21146435452793835,0.2220616570327553,0.9522733689381477,0.26242774566473986,0.1115606936416185,3212.496864384599,0.28439306358381505,1.0,0.5491329479768786,0.0,0.0,0.30038535645472064,-1.0,-1.0,-1.0,0,0,0,1,0
./datasets/Organised/20260306-handFlying-2/269790606.jpg,8,2,2,0.0007707129094412332,0.00028901734104046245,0.0007707129094412332,0.006165703275529865,0.006358381502890174,0.9695444867913198,0.008670520231213872,0.005491329479768786,100.30189124446375,0.00028901734104046245,0.03333333333333333,0.028901734104046242,0.0,0.0,0.0018304431599229288,-1.0,-1.0,-1.0,0,0,0,0,0
./datasets/Organised/20260306-handFlying-2/213957710.jpg,8,2,2,0.1508670520231214,0.0052986512524084775,0.0023121387283236996,0.05982658959537572,0.07350674373795761,0.8138814572876453,0.08294797687861272,0.0348747591522158,1503.8397861605797,0.14421965317919075,0.5333333333333333,0.4624277456647399,0.0,0.0,0.15038535645472062,-1.0,-1.0,-1.0,0,0,0,0,0
./datasets/Organised/20260306-handFlying-2/225224288.jpg,8,2,2,0.12215799614643545,0.0128131021194605,0.004335260115606936,0.1567437379576108,0.19595375722543354,0.799897589509843,0.22283236994219655,0.09971098265895954,6406.485924567773,0.061464354527938345,0.21666666666666667,0.7572254335260116,0.0,0.0,0.07639691714836223,-1.0,-1.0,-1.0,0,0,0,1,0
./datasets/Organised/20260306-handFlying-2/182224655.jpg,7,2,1,0.3523121387283237,0.01560693641618497,0.0052986512524084775,0.22042389210019267,0.22254335260115607,0.990471739784996,0.2789980732177264,0.1174373795761079,8067.280921291501,0.22726396917148362,0.7,0.4046242774566474,0.0,0.0,0.22996146435452794,-1.0,-1.0,-1.0,0,0,0,0,0
./datasets/Organised/20260306-handFlying-2/269257281.jpg,7,2,1,0.0060693641618497106,0.0017341040462427746,0.001348747591522158,0.034007707129094414,0.03352601156069364,1.0143375608509149,0.0405587668593449,0.020905587668593448,503.267365088116,0.0018304431599229288,0.13333333333333333,0.03468208092485549,0.0,0.0,0.0,-1.0,-1.0,-1.0,0,0,0,0,0
./datasets/Organised/20260306-handFlying-2/279423857.jpg,7,2,1,0.47003853564547204,0.015510597302504817,0.005780346820809248,0.18102119460500962,0.24836223506743738,0.7288566464189333,0.274373795761079,0.12447013487475915,9206.667258808811,0.4267341040462428,0.5666666666666667,1.0,0.0,0.0,0.4441233140655106,-1.0,-1.0,-1.0,0,0,0,1,0
./datasets/Organised/20260306-handFlying-2/61192266.jpg,6,2,0,0.48333333333333334,0.010982658959537572,0.004720616570327553,0.1405587668593449,0.16021194605009634,0.8773246502526341,0.1850674373795761,0.08391136801541425,7405.161364590642,0.451878612716763,0.6333333333333333,1.0,0.0,0.0,0.4624277456647399,-1.0,-1.0,-1.0,0,0,0,1,0
./datasets/Organised/20260306-handFlying-2/97825340.jpg,8,2,2,0.15057803468208092,0.005491329479768786,0.0024084778420038534,0.07630057803468208,0.0884393063583815,0.8627353429271682,0.09816955684007707,0.04161849710982659,3063.649071793987,0.1273121387283237,0.5166666666666667,0.47398843930635837,0.0,0.0,0.13728323699421965,-1.0,-1.0,-1.0,0,0,0,0,0
./datasets/Organised/20260306-handFlying-2/43659059.jpg,6,2,0,0.7589595375722543,0.009633911368015413,0.003371868978805395,0.13545279383429673,0.12620423892100194,1.073273938485892,0.1621387283236994,0.07071290944123314,5179.053198458574,0.7251445086705203,1.0,0.8323699421965318,0.0,0.0,0.7476878612716763,-1.0,-1.0,-1.0,0,0,1,0,0
./datasets/Organised/20260306-handFlying-2/180524686.jpg,7,2,1,0.15452793834296724,0.0064547206165703275,0.0027938342967244703,0.08757225433526011,0.0941233140655106,0.9303892963757457,0.11319845857418112,0.048843930635838154,3861.746460874069,0.10977842003853565,0.38333333333333336,0.42196531791907516,0.0,0.0,0.1533718689788054,-1.0,-1.0,-1.0,0,0,0,0,0
./datasets/Organised/20260306-handFlying-2/188991287.jpg,7,2,1,0.11233140655105973,0.004238921001926782,0.0022157996146435453,0.06339113680154143,0.06965317919075145,0.9100837528777941,0.08526011560693642,0.03709055876685934,1222.1549793307122,0.08930635838150289,0.36666666666666664,0.35260115606936415,0.0,0.0,0.09778420038535646,-1.0,-1.0,-1.0,0,0,0,0,0
./datasets/Organised/20260306-handFlying-2/204457800.jpg,8,2,2,0.22129094412331407,0.014065510597302504,0.0036608863198458576,0.18795761078998074,0.1907514450867052,0.9853483697393547,0.22813102119460502,0.09065510597302505,5155.962837038399,0.17620423892100193,1.0,0.4393063583815029,0.0,0.0,0.0,-1.0,-1.0,-1.0,0,0,0,0,0
./datasets/Organised/20260306-handFlying-2/225524285.jpg,7,2,1,0.0653179190751445,0.009922928709055878,0.0032755298651252407,0.11040462427745665,0.10809248554913295,1.0213809251925103,0.1361271676300578,0.06464354527938343,3021.86094144104,0.03501926782273603,0.35,0.17341040462427745,0.0,0.0,0.0,-1.0,-1.0,-1.0,0,0,0,0,0
./datasets/Organised/20260306-handFlying-2/65158928.jpg,7,2,1,0.20934489402697495,0.01628131021194605,0.005394990366088632,0.22023121387283237,0.21204238921001928,1.0386139114891406,0.26078998073217724,0.12196531791907514,12382.80187350804,0.06233140655105973,0.23333333333333334,0.5375722543352601,0.0,0.0,0.07851637764932562,-1.0,-1.0,-1.0,0,0,0,0,0
./datasets/Organised/20260306-handFlying-2/230290918.jpg,7,2,1,0.11589595375722543,0.00674373795761079,0.0027938342967244703,0.08179190751445087,0.11069364161849711,0.7388967191053575,0.1186897880539499,0.051059730250481696,3605.7418239834274,0.0985549132947977,0.43333333333333335,0.48554913294797686,0.0,0.0,0.11069364161849711,-1.0,-1.0,-1.0,0,0,0,0,0
./datasets/Organised/20260306-handFlying-2/193791226.jpg,6,2,0,0.1272639691714836,0.014065510597302504,0.0060693641618497106,0.20876685934489403,0.21628131021194605,0.965251661776281,0.2563583815028902,0.10867052023121387,10909.737691898605,0.06565510597302505,0.5166666666666667,0.2947976878612717,0.0,0.0,0.10394990366088631,-1.0,-1.0,-1.0,0,0,0,0,0
./datasets/Organised/20260306-handFlying-2/68358874.jpg,8,2,2,0.0035645472061657034,0.004816955684007707,0.0032755298651252407,0.0630057803468208,0.05876685934489403,1.0721129040459934,0.07504816955684007,0.03795761078998073,967.3255238416104,0.0003853564547206166,0.06666666666666667,0.017341040462427744,0.0,0.0,0.0,-1.0,-1.0,-1.0,0,0,0,0,0
./datasets/Organised/20260306-handFlying-2/172091381.jpg,6,2,0,0.0,0.0,0.0,0.0,0.0,0.0,0.0,0.0,0.0,0.0,0.0,0.0,0.0,0.0,0.0,-1.0,-1.0,-1.0,0,0,0,0,0
./datasets/Organised/20260306-handFlying-2/64692298.jpg,8,2,2,0.03448940269749518,0.008574181117533719,0.0038535645472061657,0.1058766859344894,0.1058766859344894,0.9999905551392517,0.1315028901734104,0.0628131021194605,1739.6165058323215,0.016184971098265895,0.18333333333333332,0.16184971098265896,0.0,0.0,0.02042389210019268,-1.0,-1.0,-1.0,0,0,0,0,0
./datasets/Organised/20260306-handFlying-2/264623976.jpg,7,2,1,0.0032755298651252407,0.004335260115606936,0.002890173410404624,0.05674373795761079,0.05009633911368015,1.1326696978625697,0.06724470134874759,0.03786127167630058,1190.6494792861624,0.0005780346820809249,0.05,0.028901734104046242,0.0,0.0,0.0,-1.0,-1.0,-1.0,0,0,0,0,0
./datasets/Organised/20260306-handFlying-2/216657697.jpg,6,2,0,0.02581888246628131,0.0056840077071290945,0.0027938342967244703,0.06782273603082851,0.06657032755298652,1.0187980099517462,0.08208092485549133,0.041425818882466284,2611.7656626144835,0.019508670520231215,0.36666666666666664,0.09248554913294797,0.0,0.0,0.0,-1.0,-1.0,-1.0,0,0,0,0,0
./datasets/Organised/20260306-handFlying-2/45892388.jpg,6,2,0,0.12109826589595375,0.007129094412331407,0.003468208092485549,0.08121387283236994,0.08834296724470135,0.9192916660332677,0.10626204238921001,0.04710982658959537,4036.3898721047212,0.09104046242774566,0.21666666666666667,0.7398843930635838,0.0,0.0,0.11194605009633911,-1.0,-1.0,-1.0,0,0,0,1,0
./datasets/Organised/20260306-handFlying-2/65625581.jpg,7,2,1,0.1777456647398844,0.015510597302504817,0.0052986512524084775,0.2163776493256262,0.2172447013487476,0.996004284468083,0.26310211946050094,0.1153179190751445,12053.546941428047,0.07615606936416185,0.7333333333333333,0.1907514450867052,0.0,0.0,0.07591522157996146,-1.0,-1.0,-1.0,0,0,0,0,0
./datasets/Organised/20260306-handFlying-2/205957796.jpg,7,2,1,0.35472061657032755,0.008863198458574181,0.002890173410404624,0.10375722543352602,0.18198458574181117,0.5701397998670605,0.18641618497109827,0.07813102119460501,3853.4172406547345,0.3377649325626204,0.4666666666666667,0.9132947976878613,0.0,0.0,0.3511560693641618,-1.0,-1.0,-1.0,0,0,0,1,0
./datasets/Organised/20260306-handFlying-2/269657324.jpg,6,2,0,0.20578034682080926,0.005009633911368015,0.0022157996146435453,0.05751445086705202,0.06791907514450866,0.8467960429178363,0.07745664739884393,0.03593448940269749,1098.2795131719142,0.1958092485549133,0.7,0.43352601156069365,0.0,0.0,0.2056840077071291,-1.0,-1.0,-1.0,0,0,0,0,0
./datasets/Organised/20260306-handFlying-2/176158011.jpg,7,2,1,0.2746628131021195,0.011849710982658959,0.004720616570327553,0.14450867052023122,0.16608863198458573,0.870064367013846,0.19373795761079,0.09315992292870906,7633.951038002903,0.24373795761078998,0.4,0.9364161849710982,0.0,0.0,0.26001926782273604,-1.0,-1.0,-1.0,0,0,0,1,0
./datasets/Organised/20260306-handFlying-2/217691020.jpg,6,2,0,0.014354527938342966,0.0060693641618497106,0.002119460500963391,0.06734104046242774,0.060789980732177264,1.1077472291343289,0.08073217726396917,0.046628131021194605,2438.0981773159438,0.004046242774566474,0.16666666666666666,0.09248554913294797,0.0,0.0,0.0,-1.0,-1.0,-1.0,0,0,0,0,0
./datasets/Organised/20260306-handFlying-2/211524396.jpg,7,2,1,0.17658959537572255,0.01599229287090559,0.004335260115606936,0.1973025048169557,0.1966281310211946,1.0034245881689243,0.24383429672447013,0.10327552986512524,2639.8988355682527,0.10342003853564548,0.6666666666666666,0.3699421965317919,0.0,0.0,0.0,-1.0,-1.0,-1.0,0,0,0,0,1
./datasets/Organised/20260306-handFlying-2/124325096.jpg,6,2,0,0.05674373795761079,0.0052986512524084775,0.0008670520231213873,0.07215799614643545,0.07109826589595376,1.0148908745700838,0.08583815028901734,0.035452793834296725,969.4245363192888,0.043497109826589594,0.4666666666666667,0.20809248554913296,0.0,0.0,0.0,-1.0,-1.0,-1.0,0,0,0,0,0
./datasets/Organised/20260306-handFlying-2/109725252.jpg,7,2,1,0.04749518304431599,0.002601156069364162,0.0010597302504816955,0.032177263969171484,0.036608863198458574,0.8789233599355891,0.042967244701348745,0.018208092485549134,412.9270857325299,0.03569364161849711,0.36666666666666664,0.15028901734104047,0.0,0.0,0.04017341040462428,-1.0,-1.0,-1.0,0,0,0,0,0
./datasets/Organised/20260306-handFlying-2/280857183.jpg,8,2,2,0.247495183044316,0.01348747591522158,0.004142581888246628,0.17996146435452795,0.2073217726396917,0.8680255529250748,0.2319845857418112,0.09605009633911368,7504.927027706312,0.19922928709055876,0.7666666666666667,0.7687861271676301,0.0,0.0,0.21859344894026975,-1.0,-1.0,-1.0,0,0,0,0,0
./datasets/Organised/20260306-handFlying-2/268957269.jpg,7,2,1,0.02167630057803468,0.004816955684007707,0.0027938342967244703,0.08631984585741811,0.08603082851637765,1.0033477998318452,0.10337186897880539,0.04816955684007707,1041.5251972631524,0.002745664739884393,0.25,0.04046242774566474,0.0,0.0,0.0045279383429672445,-1.0,-1.0,-1.0,0,0,0,0,0
./datasets/Organised/20260306-handFlying-2/54925639.jpg,8,2,2,0.329383429672447,0.01579961464354528,0.0052986512524084775,0.24489402697495183,0.2311175337186898,1.0596035853750663,0.2902697495183044,0.12302504816955684,13989.902369487418,0.14696531791907513,0.8,0.24277456647398843,0.0,0.0,0.30289017341040464,-1.0,-1.0,-1.0,0,0,0,1,0
./datasets/Organised/20260306-handFlying-2/52025706.jpg,7,2,1,0.6166666666666667,0.01300578034682081,0.005876685934489403,0.17023121387283238,0.20645472061657033,0.8245410365207844,0.22928709055876687,0.10154142581888247,10380.96202063402,0.605684007707129,0.7166666666666667,1.0,0.0,0.0,0.6151252408477842,-1.0,-1.0,-1.0,0,0,0,1,0
./datasets/Organised/20260306-handFlying-2/284857153.jpg,6,2,0,0.0,0.0003853564547206166,0.00028901734104046245,0.002890173410404624,0.0036608863198458576,0.7892580921316755,0.004142581888246628,0.002601156069364162,444.7865125240848,0.0,0.0,0.0,0.0,0.0,0.0,-1.0,-1.0,-1.0,0,0,0,0,0
./datasets/Organised/20260306-handFlying-2/181925147.jpg,8,2,2,0.11127167630057803,0.013391136801541427,0.004431599229287091,0.18371868978805395,0.18516377649325627,0.9921902711056118,0.22803468208092487,0.09296724470134875,4519.941205705354,0.05606936416184971,0.38333333333333336,0.5549132947976878,0.0,0.0,0.08188824662813102,-1.0,-1.0,-1.0,0,0,0,0,0
./datasets/Organised/20260306-handFlying-2/160724836.jpg,7,2,1,0.005973025048169557,0.0015414258188824663,0.0009633911368015414,0.021001926782273604,0.019171483622350674,1.095420248933749,0.026782273603082853,0.011560693641618497,501.2389214752693,0.0009633911368015414,0.03333333333333333,0.08092485549132948,0.0,0.0,0.0,-1.0,-1.0,-1.0,0,0,0,0,0
./datasets/Organised/20260306-handFlying-2/194791196.jpg,6,2,0,0.07726396917148362,0.004238921001926782,0.002601156069364162,0.054046242774566475,0.05857418111753372,0.9226816160605679,0.0676300578034682,0.033236994219653176,3269.241380628599,0.07013487475915221,0.35,0.3352601156069364,0.0,0.0,0.07658959537572255,-1.0,-1.0,-1.0,0,0,0,0,0
./datasets/Organised/20260306-handFlying-2/50325678.jpg,8,2,2,0.07003853564547206,0.009922928709055878,0.004624277456647399,0.12745664739884394,0.12610789980732176,1.0106871727021753,0.15375722543352602,0.07427745664739885,6414.145263596067,0.05250481695568401,0.4,0.3872832369942196,0.0,0.0,0.0630057803468208,-1.0,-1.0,-1.0,0,0,0,0,0
./datasets/Organised/20260306-handFlying-2/280723848.jpg,8,2,2,0.14797687861271677,0.011849710982658959,0.004046242774566474,0.14229287090558768,0.16233140655105974,0.8765524637302234,0.18641618497109827,0.08034682080924856,6398.172155313873,0.1063102119460501,0.36666666666666664,0.5722543352601156,0.0,0.0,0.1153179190751445,-1.0,-1.0,-1.0,0,0,0,0,0
./datasets/Organised/20260306-handFlying-2/95758677.jpg,7,2,1,0.3309248554913295,0.012042389210019268,0.004913294797687861,0.14421965317919075,0.1466281310211946,0.9835675365104934,0.17745664739884393,0.08082851637764933,4955.344275331246,0.13564547206165703,0.2833333333333333,0.6358381502890174,0.0,0.0,0.19739884393063584,-1.0,-1.0,-1.0,0,0,0,0,1
./datasets/Organised/20260306-handFlying-2/274523897.jpg,8,2,2,0.18458574181117535,0.008863198458574181,0.0029865125240847784,0.09691714836223507,0.13391136801541426,0.7237356026075144,0.14470134874759152,0.058959537572254334,2273.4874798040546,0.14908477842003853,0.4666666666666667,0.5838150289017341,0.0,0.0,0.025529865125240848,-1.0,-1.0,-1.0,0,0,0,0,0
./datasets/Organised/20260306-handFlying-2/212491054.jpg,7,2,1,0.1485549132947977,0.007321772639691715,0.0030828516377649326,0.09720616570327553,0.1172447013487476,0.8290808497459159,0.13429672447013488,0.05443159922928709,2109.3612643998204,0.1308766859344894,0.36666666666666664,0.6994219653179191,0.0,0.0,0.147495183044316,-1.0,-1.0,-1.0,0,0,0,1,0
./datasets/Organised/20260306-handFlying-2/211924441.jpg,7,2,1,0.025626204238921,0.004238921001926782,0.002601156069364162,0.05346820809248555,0.06271676300578034,0.852520969020494,0.07649325626204238,0.036127167630057806,831.1829359112863,0.012042389210019268,0.11666666666666667,0.21965317919075145,0.0,0.0,0.020809248554913295,-1.0,-1.0,-1.0,0,0,0,0,0
./datasets/Organised/20260306-handFlying-2/184724656.jpg,7,2,1,0.35096339113680153,0.020712909441233142,0.005876685934489403,0.24672447013487475,0.30115606936416184,0.8192551171247231,0.346242774566474,0.146242774566474,10188.562374137311,0.24966281310211946,0.55,0.8439306358381503,0.0,0.0,0.0,-1.0,-1.0,-1.0,0,0,0,0,0
./datasets/Organised/20260306-handFlying-2/180391309.jpg,7,2,1,0.19421965317919074,0.008285163776493257,0.002890173410404624,0.11608863198458574,0.11878612716763005,0.9772829325248665,0.14354527938342967,0.059152215799614646,5288.9681636447,0.15255298651252408,0.4166666666666667,0.4624277456647399,0.0,0.0,0.0,-1.0,-1.0,-1.0,0,0,0,0,0
./datasets/Organised/20260306-handFlying-2/45592381.jpg,7,2,1,0.1567437379576108,0.01560693641618497,0.00510597302504817,0.19826589595375724,0.1893063583815029,1.047322711852545,0.23747591522157996,0.10578034682080925,7570.481791127892,0.07596339113680155,0.26666666666666666,0.5028901734104047,0.0,0.0,0.08140655105973026,-1.0,-1.0,-1.0,0,0,0,0,1
./datasets/Organised/20260306-handFlying-2/44525720.jpg,6,2,0,0.9348747591522159,0.008863198458574181,0.004046242774566474,0.13342967244701348,0.14576107899807322,0.9153935877161662,0.16599229287090558,0.07427745664739885,8605.651791870388,0.9521676300578035,1.0,1.0,0.0,0.0,0.9344894026974951,-1.0,-1.0,-1.0,0,0,0,1,0
./datasets/Organised/20260306-handFlying-2/52625700.jpg,8,2,2,0.25578034682080925,0.01560693641618497,0.005491329479768786,0.20895953757225433,0.1989402697495183,1.0503579163606915,0.2491329479768786,0.10895953757225434,11413.322750917916,0.22157996146435452,0.8,0.4797687861271676,0.0,0.0,0.22736030828516376,-1.0,-1.0,-1.0,0,0,0,0,1
./datasets/Organised/20260306-handFlying-2/71192179.jpg,6,2,0,0.07148362235067438,0.01021194605009634,0.0037572254335260114,0.14113680154142583,0.1252408477842004,1.126914078947585,0.16560693641618496,0.07581888246628131,3560.889133718319,0.04744701348747592,0.85,0.1676300578034682,0.0,0.0,0.00028901734104046245,-1.0,-1.0,-1.0,0,0,0,0,0
./datasets/Organised/20260306-handFlying-2/240057506.jpg,6,2,0,0.015028901734104046,0.0060693641618497106,0.0018304431599229288,0.07263969171483622,0.0640655105973025,1.133816888692775,0.08651252408477841,0.047013487475915224,6205.768533158105,0.005732177263969172,0.31666666666666665,0.05202312138728324,0.0,0.0,0.0010597302504816955,-1.0,-1.0,-1.0,0,0,0,0,0
./datasets/Organised/20260306-handFlying-2/245524165.jpg,8,2,2,0.14807321772639692,0.006551059730250481,0.0024084778420038534,0.08468208092485549,0.0978805394990366,0.8651486414932099,0.11088631984585742,0.047013487475915224,2208.6513442554788,0.07408477842003854,0.4166666666666667,0.3063583815028902,0.0,0.0,0.12244701348747591,-1.0,-1.0,-1.0,0,0,0,0,0
./datasets/Organised/20260306-handFlying-2/195224530.jpg,8,2,2,0.24508670520231213,0.009344894026974951,0.003468208092485549,0.14354527938342967,0.14971098265895955,0.9588095544123714,0.17726396917148363,0.07398843930635839,5247.906162835377,0.20602119460500964,0.4666666666666667,0.5433526011560693,0.0,0.0,0.2056840077071291,-1.0,-1.0,-1.0,0,0,0,0,0
./datasets/Organised/20260306-handFlying-2/82425425.jpg,8,2,2,0.023121387283236993,0.0019267822736030828,0.0012524084778420038,0.030828516377649325,0.034778420038535644,0.8864011056967392,0.04007707129094412,0.01705202312138728,580.3197613147412,0.01878612716763006,0.2833333333333333,0.15028901734104047,0.0,0.0,0.022447013487475916,-1.0,-1.0,-1.0,0,0,0,0,0
./datasets/Organised/20260306-handFlying-2/69892188.jpg,7,2,1,0.24759152215799615,0.015703275529865127,0.005202312138728324,0.2153179190751445,0.19990366088631983,1.0771030456242827,0.2501926782273603,0.11445086705202312,11083.596662202397,0.1922447013487476,1.0,0.6184971098265896,0.0,0.0,0.22832369942196531,-1.0,-1.0,-1.0,0,0,0,0,1
./datasets/Organised/20260306-handFlying-2/244590803.jpg,8,2,2,0.31888246628131023,0.013776493256262042,0.004046242774566474,0.17032755298651253,0.20452793834296726,0.8327797247981426,0.23034682080924856,0.10048169556840077,6266.550310726127,0.24364161849710983,1.0,0.5780346820809249,0.0,0.0,0.2821772639691715,-1.0,-1.0,-1.0,0,0,0,0,1
./datasets/Organised/20260306-handFlying-2/211224408.jpg,7,2,1,0.13564547206165703,0.011175337186897881,0.0027938342967244703,0.13468208092485548,0.1361271676300578,0.9893770207123318,0.16377649325626203,0.06628131021194605,1630.6926898381726,0.10038535645472062,0.6166666666666667,0.37572254335260113,0.0,0.0,0.0,-1.0,-1.0,-1.0,0,0,0,0,0
./datasets/Organised/20260306-handFlying-2/196091185.jpg,8,2,2,0.39566473988439305,0.016666666666666666,0.0045279383429672445,0.21907514450867052,0.23815028901734103,0.9198990499384554,0.279383429672447,0.12138728323699421,10212.187348613941,0.3449421965317919,0.6333333333333333,0.8497109826589595,0.0,0.0,0.35510597302504815,-1.0,-1.0,-1.0,0,0,0,1,0
./datasets/Organised/20260306-handFlying-2/145724916.jpg,7,2,1,0.0,0.0001926782273603083,0.0001926782273603083,0.0022157996146435453,0.0030828516377649326,0.718516931070484,0.0036608863198458576,0.0027938342967244703,449.6997638485156,0.0,0.0,0.0,0.0,0.0,0.0,-1.0,-1.0,-1.0,0,0,0,0,0
./datasets/Organised/20260306-handFlying-2/255790741.jpg,7,2,1,0.3246628131021195,0.007996146435452794,0.0027938342967244703,0.08911368015414259,0.1046242774566474,0.8517413986411437,0.1172447013487476,0.04942196531791908,1854.5877537858114,0.3061657032755299,0.65,0.9132947976878613,0.0,0.0,0.32341040462427745,-1.0,-1.0,-1.0,0,0,0,1,0
./datasets/Organised/20260306-handFlying-2/54159099.jpg,7,2,1,0.9278420038535645,0.010597302504816955,0.00510597302504817,0.16897880539499036,0.19007707129094412,0.8889968434935451,0.21666666666666667,0.098747591522158,11096.07622113075,0.951300578034682,1.0,1.0,0.0,0.0,0.9242774566473988,-1.0,-1.0,-1.0,0,0,0,1,0
./datasets/Organised/20260306-handFlying-2/71492186.jpg,6,2,0,0.147495183044316,0.011560693641618497,0.004816955684007707,0.157514450867052,0.16368015414258189,0.9623249035123611,0.19797687861271676,0.09364161849710982,4285.315374265391,0.07288053949903661,0.2,0.6011560693641619,0.0,0.0,0.09190751445086705,-1.0,-1.0,-1.0,0,0,0,0,1
./datasets/Organised/20260306-handFlying-2/231824240.jpg,7,2,1,0.10183044315992293,0.010982658959537572,0.0030828516377649326,0.14633911368015415,0.1258188824662813,1.1630841708930368,0.16801541425818883,0.07225433526011561,1738.786794404164,0.05211946050096339,0.35,0.2658959537572254,0.0,0.0,0.0,-1.0,-1.0,-1.0,0,0,0,0,1
./datasets/Organised/20260306-handFlying-2/215657697.jpg,8,2,2,0.48159922928709054,0.011560693641618497,0.00394990366088632,0.14836223506743737,0.17870905587668592,0.8301840337950023,0.19865125240847784,0.08304431599229287,3461.423322604238,0.4846339113680154,0.85,1.0,0.0,0.0,0.48102119460500964,-1.0,-1.0,-1.0,0,0,0,1,0
./datasets/Organised/20260306-handFlying-2/236357549.jpg,8,2,2,0.16676300578034683,0.011078998073217727,0.002890173410404624,0.12668593448940269,0.16676300578034683,0.7596719321810189,0.18757225433526012,0.07649325626204238,3671.02340635801,0.13106936416184972,0.4166666666666667,0.4682080924855491,0.0,0.0,0.13853564547206165,-1.0,-1.0,-1.0,0,0,0,0,0
./datasets/Organised/20260306-handFlying-2/209291100.jpg,8,2,2,0.001445086705202312,0.0045279383429672445,0.0029865125240847784,0.05134874759152216,0.045857418111753374,1.1197234816602109,0.06088631984585742,0.03516377649325626,1558.7434464807452,0.0001926782273603083,0.05,0.017341040462427744,0.0,0.0,0.0,-1.0,-1.0,-1.0,0,0,0,0,0
./datasets/Organised/20260306-handFlying-2/71492186.jpg,8,2,2,0.0032755298651252407,0.005780346820809248,0.002890173410404624,0.061560693641618494,0.05684007707129094,1.083031793440651,0.07263969171483622,0.03872832369942197,1658.560897086067,0.0005780346820809249,0.08333333333333333,0.028901734104046242,0.0,0.0,0.0,-1.0,-1.0,-1.0,0,0,0,0,0
./datasets/Organised/20260306-handFlying-2/58358946.jpg,6,2,0,0.576878612716763,0.015895953757225433,0.005394990366088632,0.19113680154142582,0.21579961464354527,0.8857101813965701,0.24489402697495183,0.10616570327552986,8682.350830521123,0.536271676300578,0.8,1.0,0.0,0.0,0.558766859344894,-1.0,-1.0,-1.0,0,0,0,1,0
./datasets/Organised/20260306-handFlying-2/117458476.jpg,8,2,2,0.14682080924855492,0.011368015414258189,0.004238921001926782,0.13805394990366088,0.14595375722543352,0.9458681068574593,0.1764932562620424,0.08102119460500963,4760.360835495858,0.08935452793834296,0.5333333333333333,0.23121387283236994,0.0,0.0,0.13410404624277455,-1.0,-1.0,-1.0,0,0,0,0,0
./datasets/Organised/20260306-handFlying-2/204457800.jpg,6,2,0,0.1871868978805395,0.013391136801541427,0.003468208092485549,0.16001926782273604,0.16560693641618496,0.966253618549994,0.19633911368015414,0.08429672447013488,3749.443235759816,0.0827552986512524,0.35,0.3988439306358382,0.0,0.0,0.08959537572254335,-1.0,-1.0,-1.0,0,0,0,0,0
./datasets/Organised/20260306-handFlying-2/186224628.jpg,7,2,1,0.3559730250481696,0.018208092485549134,0.005009633911368015,0.22129094412331407,0.23333333333333334,0.9483856960183631,0.2836223506743738,0.11300578034682081,6956.517017831089,0.2859344894026975,0.75,0.6878612716763006,0.0,0.0,0.0,-1.0,-1.0,-1.0,0,0,0,0,0
./datasets/Organised/20260306-handFlying-2/156091505.jpg,6,2,0,0.0,0.0012524084778420038,0.0005780346820809249,0.012909441233140655,0.013583815028901734,0.9502846528035738,0.01628131021194605,0.009441233140655106,255.89293270926373,0.0,0.0,0.0,0.0,0.0,0.0,-1.0,-1.0,-1.0,0,0,0,0,0
./datasets/Organised/20260306-handFlying-2/113391844.jpg,6,2,0,0.013102119460500963,0.001445086705202312,0.0004816955684007707,0.01724470134874759,0.020905587668593448,0.8248453368912584,0.022639691714836225,0.007803468208092485,311.0046233493341,0.010597302504816955,0.2,0.12138728323699421,0.0,0.0,0.013102119460500963,-1.0,-1.0,-1.0,0,0,0,0,0
./datasets/Organised/20260306-handFlying-2/134258383.jpg,8,2,2,0.06165703275529865,0.010597302504816955,0.004142581888246628,0.12427745664739884,0.10385356454720616,1.196648959910757,0.14364161849710982,0.07090558766859345,2047.383407917256,0.04421965317919075,0.8166666666666667,0.15028901734104047,0.0,0.0,0.0008670520231213873,-1.0,-1.0,-1.0,0,0,0,0,0
./datasets/Organised/20260306-handFlying-2/81692097.jpg,8,2,2,0.0,0.0,0.0,0.0,0.0,0.0,0.0,0.0,0.0,0.0,0.0,0.0,0.0,0.0,0.0,-1.0,-1.0,-1.0,0,0,0,0,0
./datasets/Organised/20260306-handFlying-2/132591692.jpg,8,2,2,0.011560693641618497,0.0011560693641618498,0.0011560693641618498,0.019364161849710983,0.021483622350674372,0.9013033384365338,0.026493256262042388,0.012909441233140655,626.1408400900651,0.006358381502890174,0.16666666666666666,0.05202312138728324,0.0,0.0,0.00789980732177264,-1.0,-1.0,-1.0,0,0,0,0,0
./datasets/Organised/20260306-handFlying-2/43225732.jpg,6,2,0,0.23805394990366088,0.010115606936416185,0.0032755298651252407,0.1222543352601156,0.12129094412331407,1.0079345016996604,0.15240847784200384,0.06724470134874759,4293.276567311155,0.20684007707129096,0.9166666666666666,0.4277456647398844,0.0,0.0,0.21705202312138727,-1.0,-1.0,-1.0,0,0,0,0,0
./datasets/Organised/20260306-handFlying-2/166424759.jpg,8,2,2,0.0009633911368015414,0.0007707129094412332,0.000674373795761079,0.012042389210019268,0.012716763005780347,0.9468952365715484,0.015895953757225433,0.00674373795761079,162.5212727529226,0.0004816955684007707,0.08333333333333333,0.017341040462427744,0.0,0.0,0.0,-1.0,-1.0,-1.0,0,0,0,0,0
./datasets/Organised/20260306-handFlying-2/150258214.jpg,7,2,1,0.001348747591522158,0.0,0.0,0.003179190751445087,0.0038535645472061657,0.8247859680412933,0.004913294797687861,0.0019267822736030828,69.86639097716449,0.0001926782273603083,0.03333333333333333,0.028901734104046242,0.0,0.0,0.0,-1.0,-1.0,-1.0,0,0,0,0,0
./datasets/Organised/20260306-handFlying-2/48959042.jpg,8,2,2,0.11473988439306358,0.010886319845857417,0.0035645472061657034,0.16021194605009634,0.15260115606936417,1.0498668575644055,0.18728323699421964,0.08015414258188824,6893.787055466456,0.09821772639691714,0.65,0.3699421965317919,0.0,0.0,0.11088631984585742,-1.0,-1.0,-1.0,0,0,0,0,0
./datasets/Organised/20260306-handFlying-2/168258075.jpg,6,2,0,0.0,0.0,0.0,0.0,0.0,0.0,0.0,0.0,0.0,0.0,0.0,0.0,0.0,0.0,0.0,-1.0,-1.0,-1.0,0,0,0,0,0
./datasets/Organised/20260306-handFlying-2/161358173.jpg,6,2,0,0.0,0.0007707129094412332,0.0003853564547206166,0.007418111753371869,0.007803468208092485,0.9504954797150686,0.01021194605009634,0.005973025048169557,598.7091521322685,0.0,0.0,0.0,0.0,0.0,0.0,-1.0,-1.0,-1.0,0,0,0,0,0
./datasets/Organised/20260306-handFlying-2/184157947.jpg,7,2,1,0.3599229287090559,0.01859344894026975,0.005876685934489403,0.24576107899807323,0.28930635838150287,0.8494809132161576,0.3291907514450867,0.13323699421965318,9341.821350158336,0.3025529865125241,0.6,0.8901734104046243,0.0,0.0,0.0,-1.0,-1.0,-1.0,0,0,0,0,0
./datasets/Organised/20260306-handFlying-2/65758909.jpg,7,2,1,0.15,0.012138728323699421,0.004238921001926782,0.17697495183044315,0.1708092485549133,1.0360909449385174,0.2103082851637765,0.09267822736030829,8708.59694495491,0.07856454720616571,0.8,0.18497109826589594,0.0,0.0,0.02302504816955684,-1.0,-1.0,-1.0,0,0,0,0,0
./datasets/Organised/20260306-handFlying-2/252757400.jpg,7,2,1,0.45867052023121385,0.010404624277456647,0.0035645472061657034,0.12418111753371869,0.147495183044316,0.8419276687072493,0.16416184971098266,0.06801541425818883,3620.089400878375,0.2994219653179191,0.9166666666666666,0.47398843930635837,0.0,0.0,0.4579961464354528,-1.0,-1.0,-1.0,0,0,0,1,0
./datasets/Organised/20260306-handFlying-2/148658231.jpg,7,2,1,0.0,0.0005780346820809249,9.633911368015414e-05,0.005973025048169557,0.005491329479768786,1.0875212549013005,0.0072254335260115606,0.002697495183044316,326.0495876815871,0.0,0.0,0.0,0.0,0.0,0.0,-1.0,-1.0,-1.0,0,0,0,0,0
./datasets/Organised/20260306-handFlying-2/270357261.jpg,8,2,2,0.04084778420038536,0.001445086705202312,0.0003853564547206166,0.01840077071290944,0.02186897880539499,0.841371218355742,0.024951830443159923,0.010308285163776493,266.17447495183046,0.038439306358381505,0.36666666666666664,0.15606936416184972,0.0,0.0,0.04132947976878613,-1.0,-1.0,-1.0,0,0,0,0,0
./datasets/Organised/20260306-handFlying-2/187824628.jpg,6,2,0,0.3061657032755299,0.012042389210019268,0.0045279383429672445,0.15953757225433526,0.18246628131021195,0.8743352293560291,0.20433526011560693,0.08776493256262043,7901.211219738566,0.26989402697495185,0.65,0.7687861271676301,0.0,0.0,0.288728323699422,-1.0,-1.0,-1.0,0,0,0,0,0
./datasets/Organised/20260306-handFlying-2/167424752.jpg,6,2,0,0.0,0.000674373795761079,0.0005780346820809249,0.006647398843930636,0.007321772639691715,0.9077707544680081,0.00838150289017341,0.00510597302504817,787.0483622350674,0.0,0.0,0.0,0.0,0.0,0.0,-1.0,-1.0,-1.0,0,0,0,0,0
./datasets/Organised/20260306-handFlying-2/260690681.jpg,6,2,0,0.0068400770712909445,0.0056840077071290945,0.0027938342967244703,0.07630057803468208,0.07061657032755299,1.080475831733788,0.09123314065510597,0.04527938342967245,1810.5664019290095,0.0013969171483622352,0.1,0.03468208092485549,0.0,0.0,0.0,-1.0,-1.0,-1.0,0,0,0,0,0
./datasets/Organised/20260306-handFlying-2/178791320.jpg,6,2,0,0.10077071290944123,0.013391136801541427,0.0045279383429672445,0.16695568400770713,0.14585741811175337,1.1446420862715618,0.19855491329479769,0.09470134874759152,3925.404150378117,0.03896917148362235,0.5166666666666667,0.17341040462427745,0.0,0.0,0.0017341040462427746,-1.0,-1.0,-1.0,0,0,0,0,1
./datasets/Organised/20260306-handFlying-2/205224448.jpg,8,2,2,0.2998073217726397,0.017822736030828516,0.004816955684007707,0.2342003853564547,0.2635838150289017,0.888520020892611,0.303757225433526,0.12591522157996146,6084.230512063737,0.19340077071290945,1.0,0.35260115606936415,0.0,0.0,0.08362235067437379,-1.0,-1.0,-1.0,0,0,0,0,0
./datasets/Organised/20260306-handFlying-2/127058407.jpg,8,2,2,0.006647398843930636,0.0011560693641618498,0.00028901734104046245,0.015317919075144508,0.02042389210019268,0.7499632800997761,0.02254335260115607,0.01001926782273603,555.1220950601609,0.002890173410404624,0.13333333333333333,0.07514450867052024,0.0,0.0,0.0045279383429672445,-1.0,-1.0,-1.0,0,0,0,0,0
./datasets/Organised/20260306-handFlying-2/147258243.jpg,6,2,0,0.0,0.00028901734104046245,0.0001926782273603083,0.004335260115606936,0.00394990366088632,1.0972831756252928,0.004913294797687861,0.0016377649325626203,54.53988439306358,0.0,0.0,0.0,0.0,0.0,0.0,-1.0,-1.0,-1.0,0,0,0,0,0
./datasets/Organised/20260306-handFlying-2/290724178.jpg,7,2,1,0.009344894026974951,0.002890173410404624,0.0019267822736030828,0.04383429672447013,0.04797687861271676,0.9136355752263637,0.054720616570327556,0.027071290944123316,1899.3886594941362,0.002023121387283237,0.08333333333333333,0.046242774566473986,0.0,0.0,0.0,-1.0,-1.0,-1.0,0,0,0,0,0
./datasets/Organised/20260306-handFlying-2/258557368.jpg,8,2,2,0.1903660886319846,0.016859344894026976,0.004335260115606936,0.2174373795761079,0.19007707129094412,1.143937215373393,0.25289017341040465,0.10732177263969171,2225.692824462339,0.0972543352601156,0.6333333333333333,0.2832369942196532,0.0,0.0,0.0,-1.0,-1.0,-1.0,0,0,0,0,1
./datasets/Organised/20260306-handFlying-2/107425223.jpg,6,2,0,0.06213872832369942,0.010115606936416185,0.004142581888246628,0.11840077071290944,0.12485549132947976,0.9482948739963024,0.14633911368015415,0.06387283236994219,2483.7058566292076,0.04503853564547206,0.5833333333333334,0.18497109826589594,0.0,0.0,0.0,-1.0,-1.0,-1.0,0,0,0,0,0
./datasets/Organised/20260306-handFlying-2/222324311.jpg,8,2,2,0.18497109826589594,0.01069364161849711,0.0037572254335260114,0.13092485549132948,0.14123314065510598,0.9270057146525797,0.16541425818882466,0.07273603082851637,4115.030925737208,0.11170520231213873,0.4666666666666667,0.3179190751445087,0.0,0.0,0.1613680154142582,-1.0,-1.0,-1.0,0,0,0,0,0
./datasets/Organised/20260306-handFlying-2/66492216.jpg,8,2,2,0.14951830443159922,0.011271676300578034,0.0036608863198458576,0.14489402697495182,0.12408477842003854,1.1676924529133064,0.16483622350674373,0.074373795761079,2297.574073084077,0.14763969171483624,0.8666666666666667,0.35260115606936415,0.0,0.0,0.0,-1.0,-1.0,-1.0,0,0,0,0,1
./datasets/Organised/20260306-handFlying-2/206091106.jpg,8,2,2,0.371868978805395,0.018015414258188825,0.004142581888246628,0.21570327552986512,0.25289017341040465,0.852949008148303,0.2903660886319846,0.11946050096339114,7691.967374304373,0.251252408477842,1.0,0.3468208092485549,0.0,0.0,0.11358381502890173,-1.0,-1.0,-1.0,0,0,0,0,0
./datasets/Organised/20260306-handFlying-2/139791669.jpg,6,2,0,0.0,0.0,0.0,0.0,0.0,0.0,0.0,0.0,0.0,0.0,0.0,0.0,0.0,0.0,0.0,-1.0,-1.0,-1.0,0,0,0,0,0
./datasets/Organised/20260306-handFlying-2/137358334.jpg,8,2,2,0.09816955684007707,0.009152215799614644,0.0035645472061657034,0.13333333333333333,0.14084778420038535,0.946641705785974,0.17514450867052023,0.07321772639691715,2638.02382426372,0.03473025048169557,0.21666666666666667,0.28901734104046245,0.0,0.0,0.05394990366088632,-1.0,-1.0,-1.0,0,0,0,0,0
./datasets/Organised/20260306-handFlying-2/98758626.jpg,6,2,0,0.0989402697495183,0.008285163776493257,0.0025048169556840076,0.1126204238921002,0.1373795761078998,0.8197696288858711,0.15308285163776494,0.05867052023121387,2123.050240931315,0.04682080924855491,0.4166666666666667,0.5086705202312138,0.0,0.0,0.006647398843930636,-1.0,-1.0,-1.0,0,0,0,0,0
./datasets/Organised/20260306-handFlying-2/82825416.jpg,7,2,1,0.15606936416184972,0.018111753371868978,0.006165703275529865,0.22822736030828517,0.23015414258188824,0.991623987837173,0.28285163776493255,0.12061657032755299,4163.595308192352,0.04523121387283237,0.5333333333333333,0.36416184971098264,0.0,0.0,0.04258188824662813,-1.0,-1.0,-1.0,0,0,0,0,1
./datasets/Organised/20260306-handFlying-2/181657963.jpg,7,2,1,0.16907514450867053,0.009152215799614644,0.00394990366088632,0.1407514450867052,0.13015414258188826,1.0814128607953404,0.17167630057803468,0.0779383429672447,5877.880196270062,0.07789017341040462,0.36666666666666664,0.31213872832369943,0.0,0.0,0.0838150289017341,-1.0,-1.0,-1.0,0,0,0,0,0
./datasets/Organised/20260306-handFlying-2/86325394.jpg,7,2,1,0.661849710982659,0.02023121387283237,0.006165703275529865,0.28930635838150287,0.2545279383429672,1.1366344442598293,0.3371868978805395,0.13073217726396918,9969.486496142723,0.613776493256262,0.95,1.0,0.0,0.0,0.6428709055876686,-1.0,-1.0,-1.0,0,0,0,1,0
./datasets/Organised/20260306-handFlying-2/191124564.jpg,6,2,0,0.0464354527938343,0.007321772639691715,0.0025048169556840076,0.08853564547206166,0.09499036608863198,0.9320388696110887,0.11368015414258188,0.05452793834296724,2988.0436416092157,0.033766859344894026,0.2833333333333333,0.18497109826589594,0.0,0.0,0.038824662813102116,-1.0,-1.0,-1.0,0,0,0,0,0
./datasets/Organised/20260306-handFlying-2/58925606.jpg,7,2,1,0.6786127167630058,0.012427745664739885,0.004913294797687861,0.1834296724470135,0.18940269749518304,0.9684587728372015,0.22976878612716764,0.09816955684007707,11404.475166217455,0.6515895953757226,0.8333333333333334,0.9421965317919075,0.0,0.0,0.6687861271676301,-1.0,-1.0,-1.0,0,0,1,0,1
./datasets/Organised/20260306-handFlying-2/123291772.jpg,7,2,1,0.21579961464354527,0.017533718689788053,0.004142581888246628,0.21695568400770712,0.21897880539499037,0.9907565842264213,0.27109826589595376,0.1151252408477842,3220.51639223013,0.07808285163776493,0.7333333333333333,0.2543352601156069,0.0,0.0,0.029479768786127167,-1.0,-1.0,-1.0,0,0,0,0,1
./datasets/Organised/20260306-handFlying-2/58925606.jpg,8,2,2,0.11522157996146436,0.010789980732177264,0.0045279383429672445,0.14296724470134875,0.14951830443159922,0.9561791719460021,0.17697495183044315,0.08294797687861272,9448.135649778551,0.11584778420038536,0.55,0.2947976878612717,0.0,0.0,0.09797687861271677,-1.0,-1.0,-1.0,0,0,0,0,0
./datasets/Organised/20260306-handFlying-2/193491205.jpg,7,2,1,0.2332369942196532,0.00789980732177264,0.0037572254335260114,0.12822736030828516,0.1407514450867052,0.9110133769207033,0.1603082851637765,0.06859344894026975,5455.805665213227,0.19282273603082853,0.48333333333333334,0.5838150289017341,0.0,0.0,0.22726396917148362,-1.0,-1.0,-1.0,0,0,0,0,0
./datasets/Organised/20260306-handFlying-2/276157231.jpg,7,2,1,0.0953757225433526,0.006647398843930636,0.0036608863198458576,0.07697495183044316,0.11088631984585742,0.6941727145849023,0.11811175337186898,0.05086705202312139,1522.768203071343,0.07952793834296724,0.31666666666666665,0.47398843930635837,0.0,0.0,0.0,-1.0,-1.0,-1.0,0,0,0,0,0
./datasets/Organised/20260306-handFlying-2/214257706.jpg,8,2,2,0.061560693641618494,0.003371868978805395,0.0017341040462427746,0.04614643545279384,0.049614643545279384,0.9300783413336252,0.05809248554913295,0.02716763005780347,977.1116380897756,0.052986512524084775,0.23333333333333334,0.4277456647398844,0.0,0.0,0.061078998073217726,-1.0,-1.0,-1.0,0,0,0,0,0
./datasets/Organised/20260306-handFlying-2/47659041.jpg,6,2,0,0.7190751445086705,0.012524084778420038,0.004913294797687861,0.18102119460500962,0.1991329479768786,0.9090423629125655,0.22822736030828517,0.09768786127167631,9706.964339483075,0.7357899807321773,0.9666666666666667,1.0,0.0,0.0,0.7174373795761079,-1.0,-1.0,-1.0,0,0,0,1,0
./datasets/Organised/20260306-handFlying-2/203424463.jpg,7,2,1,0.2325626204238921,0.008574181117533719,0.0027938342967244703,0.10202312138728324,0.11714836223506744,0.8708807238964522,0.1359344894026975,0.05905587668593449,3667.749380162681,0.15626204238921002,0.5,0.41040462427745666,0.0,0.0,0.21589595375722542,-1.0,-1.0,-1.0,0,0,0,0,0
./datasets/Organised/20260306-handFlying-2/216091026.jpg,8,2,2,0.002890173410404624,0.001348747591522158,0.0010597302504816955,0.01955684007707129,0.01763005780346821,1.1092267006931518,0.02418111753371869,0.011657032755298651,371.0775759204191,0.0007707129094412332,0.08333333333333333,0.028901734104046242,0.0,0.0,0.00028901734104046245,-1.0,-1.0,-1.0,0,0,0,0,0
./datasets/Organised/20260306-handFlying-2/49092351.jpg,8,2,2,0.11791907514450867,0.011368015414258189,0.004238921001926782,0.1579961464354528,0.15433526011560694,1.0237137165116246,0.1871868978805395,0.08082851637764933,6701.049871584974,0.10765895953757225,0.5666666666666667,0.35260115606936415,0.0,0.0,0.11107899807321772,-1.0,-1.0,-1.0,0,0,0,0,0
./datasets/Organised/20260306-handFlying-2/106991912.jpg,7,2,1,0.04605009633911368,0.00789980732177264,0.003468208092485549,0.10423892100192678,0.10963391136801541,0.9507821888232689,0.1295761078998073,0.05828516377649326,2050.0181822535556,0.015221579961464355,0.4,0.15028901734104047,0.0,0.0,0.002890173410404624,-1.0,-1.0,-1.0,0,0,0,0,0
./datasets/Organised/20260306-handFlying-2/58058960.jpg,7,2,1,0.6713872832369943,0.01676300578034682,0.005973025048169557,0.21435452793834298,0.23179190751445086,0.924767415176322,0.275626204238921,0.11840077071290944,13260.196925687089,0.6258670520231214,0.8166666666666667,0.9248554913294798,0.0,0.0,0.6591522157996147,-1.0,-1.0,-1.0,0,0,1,0,1
./datasets/Organised/20260306-handFlying-2/185757934.jpg,7,2,1,0.38815028901734105,0.017533718689788053,0.006358381502890174,0.24171483622350676,0.2929672447013488,0.8250547306583018,0.3378612716763006,0.13911368015414258,9098.774288259992,0.353757225433526,0.7,0.8670520231213873,0.0,0.0,0.0,-1.0,-1.0,-1.0,0,0,0,0,0
./datasets/Organised/20260306-handFlying-2/133658392.jpg,6,2,0,0.0032755298651252407,0.002119460500963391,0.0005780346820809249,0.02745664739884393,0.01955684007707129,1.4038691026537657,0.030539499036608863,0.01724470134874759,617.2147398008618,0.0012524084778420038,0.11666666666666667,0.028901734104046242,0.0,0.0,0.0,-1.0,-1.0,-1.0,0,0,0,0,0
./datasets/Organised/20260306-handFlying-2/234557566.jpg,8,2,2,0.06753371868978805,0.005780346820809248,0.0018304431599229288,0.0907514450867052,0.0848747591522158,1.0692269028657755,0.10847784200385356,0.046628131021194605,1228.202856723876,0.044701348747591525,0.6333333333333333,0.2774566473988439,0.0,0.0,0.0072254335260115606,-1.0,-1.0,-1.0,0,0,0,0,0
./datasets/Organised/20260306-handFlying-2/190824558.jpg,7,2,1,0.26001926782273604,0.015221579961464355,0.00394990366088632,0.16493256262042388,0.18198458574181117,0.906294649370852,0.20828516377649325,0.08545279383429673,3405.690916688013,0.13733140655105974,0.55,0.5144508670520231,0.0,0.0,0.2350674373795761,-1.0,-1.0,-1.0,0,0,0,0,0
./datasets/Organised/20260306-handFlying-2/43092473.jpg,7,2,1,0.5302504816955684,0.018208092485549134,0.005491329479768786,0.24942196531791908,0.23583815028901733,1.0575935548116426,0.292485549132948,0.1222543352601156,11658.261393483095,0.541233140655106,0.9166666666666666,0.7803468208092486,0.0,0.0,0.5263005780346821,-1.0,-1.0,-1.0,0,0,0,1,0
./datasets/Organised/20260306-handFlying-2/123425093.jpg,6,2,0,0.008959537572254336,0.0012524084778420038,0.00028901734104046245,0.014932562620423893,0.01348747591522158,1.1070607764938571,0.017726396917148363,0.0072254335260115606,214.59006815203395,0.006262042389210019,0.2,0.06936416184971098,0.0,0.0,0.0,-1.0,-1.0,-1.0,0,0,0,0,0
./datasets/Organised/20260306-handFlying-2/67058875.jpg,7,2,1,0.15298651252408477,0.011753371868978806,0.004624277456647399,0.16599229287090558,0.14971098265895955,1.1087442028540375,0.1976878612716763,0.0951830443159923,4252.892294207402,0.126878612716763,0.9333333333333333,0.26011560693641617,0.0,0.0,0.0,-1.0,-1.0,-1.0,0,0,0,0,1
./datasets/Organised/20260306-handFlying-2/175024707.jpg,7,2,1,0.22610789980732177,0.006936416184971098,0.002890173410404624,0.11088631984585742,0.10886319845857419,1.0185747143313852,0.13574181117533718,0.052215799614643545,3603.819383086267,0.16035645472061658,0.43333333333333335,0.42196531791907516,0.0,0.0,0.21657032755298652,-1.0,-1.0,-1.0,0,0,0,0,0
./datasets/Organised/20260306-handFlying-2/242290821.jpg,7,2,1,0.07369942196531792,0.010308285163776493,0.002601156069364162,0.12572254335260116,0.12610789980732176,0.9969363268150709,0.15789980732177264,0.0686897880539499,3182.962893393995,0.03516377649325626,0.5333333333333333,0.1907514450867052,0.0,0.0,0.020616570327552985,-1.0,-1.0,-1.0,0,0,0,0,0
./datasets/Organised/20260306-handFlying-2/108425214.jpg,6,2,0,0.020809248554913295,0.0032755298651252407,0.0010597302504816955,0.03815028901734104,0.04094412331406551,0.9317419494554463,0.04797687861271676,0.019942196531791908,444.7732605963744,0.0062138728323699426,0.16666666666666666,0.08092485549132948,0.0,0.0,0.0,-1.0,-1.0,-1.0,0,0,0,0,0
./datasets/Organised/20260306-handFlying-2/72958832.jpg,7,2,1,0.3048169556840077,0.009344894026974951,0.003468208092485549,0.12302504816955684,0.12552986512524084,0.980038240370733,0.14807321772639692,0.06695568400770713,3346.6429559123258,0.180009633911368,1.0,0.42196531791907516,0.0,0.0,0.2994219653179191,-1.0,-1.0,-1.0,0,0,0,0,1
./datasets/Organised/20260306-handFlying-2/188424647.jpg,7,2,1,0.27389210019267823,0.00789980732177264,0.003179190751445087,0.0882466281310212,0.10211946050096339,0.8641424813217395,0.11859344894026976,0.04816955684007707,1672.9688559591034,0.2029383429672447,0.55,0.5895953757225434,0.0,0.0,0.27071290944123316,-1.0,-1.0,-1.0,0,0,0,0,0
./datasets/Organised/20260306-handFlying-2/174291363.jpg,8,2,2,0.1624277456647399,0.00953757225433526,0.003371868978805395,0.14653179190751445,0.13420038535645473,1.0918798752956886,0.17369942196531793,0.07013487475915221,3193.7863564046015,0.12947976878612716,0.43333333333333335,0.4624277456647399,0.0,0.0,0.12283236994219653,-1.0,-1.0,-1.0,0,0,0,0,0
./datasets/Organised/20260306-handFlying-2/149991550.jpg,6,2,0,0.02842003853564547,0.0027938342967244703,0.0007707129094412332,0.04325626204238921,0.041040462427745665,1.053964929211349,0.05115606936416185,0.020905587668593448,803.5607420060812,0.01613680154142582,0.55,0.046242774566473986,0.0,0.0,0.0,-1.0,-1.0,-1.0,0,0,0,0,0
./datasets/Organised/20260306-handFlying-2/106691897.jpg,7,2,1,0.1001926782273603,0.00953757225433526,0.0035645472061657034,0.12235067437379576,0.13198458574181118,0.9270002757205387,0.15741811175337186,0.07196531791907515,2803.8117761944004,0.029527938342967245,0.4666666666666667,0.12138728323699421,0.0,0.0,0.0,-1.0,-1.0,-1.0,0,0,0,0,0
./datasets/Organised/20260306-handFlying-2/121725126.jpg,6,2,0,0.058863198458574184,0.004142581888246628,0.0017341040462427746,0.052890173410404626,0.05867052023121387,0.9014624676840484,0.07042389210019268,0.032851637764932565,976.5855190246547,0.0453757225433526,0.26666666666666666,0.27167630057803466,0.0,0.0,0.051252408477842,-1.0,-1.0,-1.0,0,0,0,0,0
./datasets/Organised/20260306-handFlying-2/90492023.jpg,6,2,0,0.14614643545279382,0.018689788053949902,0.004913294797687861,0.22042389210019267,0.2197495183044316,1.0030642648807235,0.2649325626204239,0.11791907514450867,6993.242749358667,0.09792870905587668,0.6333333333333333,0.37572254335260113,0.0,0.0,0.02485549132947977,-1.0,-1.0,-1.0,0,0,0,0,1
./datasets/Organised/20260306-handFlying-2/190091236.jpg,7,2,1,0.0004816955684007707,0.0011560693641618498,0.0010597302504816955,0.014836223506743738,0.014739884393063583,1.0064676657884257,0.01840077071290944,0.009730250481695568,263.4816816372824,0.0001926782273603083,0.05,0.017341040462427744,0.0,0.0,0.0,-1.0,-1.0,-1.0,0,0,0,0,0
./datasets/Organised/20260306-handFlying-2/291757394.jpg,8,2,2,0.0,0.0005780346820809249,0.0005780346820809249,0.004431599229287091,0.006358381502890174,0.6968600998812611,0.006551059730250481,0.004624277456647399,733.0932562620424,0.0,0.0,0.0,0.0,0.0,0.0,-1.0,-1.0,-1.0,0,0,0,0,0
./datasets/Organised/20260306-handFlying-2/281457178.jpg,7,2,1,0.6948940269749518,0.007514450867052023,0.0038535645472061657,0.08901734104046242,0.11290944123314066,0.7883889219479437,0.12447013487475915,0.05645472061657033,6631.2924580303015,0.6776974951830443,0.7666666666666667,1.0,0.0,0.0,0.6948940269749518,-1.0,-1.0,-1.0,0,0,0,1,0
./datasets/Organised/20260306-handFlying-2/240524170.jpg,6,2,0,0.0003853564547206166,0.0018304431599229288,0.0008670520231213873,0.01464354527938343,0.015221579961464355,0.9619621191974858,0.018978805394990365,0.013680154142581889,1208.4779717460954,9.633911368015414e-05,0.03333333333333333,0.017341040462427744,0.0,0.0,0.0,-1.0,-1.0,-1.0,0,0,0,0,0
./datasets/Organised/20260306-handFlying-2/120558448.jpg,6,2,0,0.03448940269749518,0.005009633911368015,0.0022157996146435453,0.07813102119460501,0.08583815028901734,0.9102026398390555,0.10115606936416185,0.04518304431599229,2128.282407661094,0.008766859344894027,0.15,0.1329479768786127,0.0,0.0,0.01348747591522158,-1.0,-1.0,-1.0,0,0,0,0,0
./datasets/Organised/20260306-handFlying-2/224824304.jpg,8,2,2,0.11435452793834297,0.01001926782273603,0.003179190751445087,0.12283236994219653,0.15028901734104047,0.8173022541042322,0.17215799614643545,0.07601156069364162,5026.4881129784935,0.06522157996146435,0.2833333333333333,0.5838150289017341,0.0,0.0,0.07495183044315992,-1.0,-1.0,-1.0,0,0,0,0,0
./datasets/Organised/20260306-handFlying-2/62892259.jpg,6,2,0,0.26984585741811173,0.008477842003853564,0.0038535645472061657,0.08554913294797688,0.10626204238921001,0.8050694862907818,0.11849710982658959,0.055202312138728324,3567.964803330846,0.24879576107899806,0.35,1.0,0.0,0.0,0.2672447013487476,-1.0,-1.0,-1.0,0,0,0,1,0
./datasets/Organised/20260306-handFlying-2/51692333.jpg,8,2,2,0.08622350674373795,0.008188824662813102,0.0036608863198458576,0.10732177263969171,0.10221579961464354,1.0499426028235463,0.12928709055876686,0.06011560693641618,3962.821019932358,0.04258188824662813,0.2833333333333333,0.23699421965317918,0.0,0.0,0.04325626204238921,-1.0,-1.0,-1.0,0,0,0,0,0
./datasets/Organised/20260306-handFlying-2/248490760.jpg,7,2,1,0.5813102119460501,0.01599229287090559,0.00510597302504817,0.22736030828516376,0.24826589595375723,0.9157898696550846,0.29104046242774567,0.12475915221579961,10924.775713438472,0.5405105973025048,0.9333333333333333,0.7687861271676301,0.0,0.0,0.5753371868978805,-1.0,-1.0,-1.0,0,0,1,0,0
./datasets/Organised/20260306-handFlying-2/181224652.jpg,8,2,2,0.1907514450867052,0.011946050096339113,0.004335260115606936,0.18188824662813102,0.18622350674373797,0.9767148793065457,0.22148362235067437,0.09219653179190751,5925.4211772584,0.07716763005780347,0.5333333333333333,0.18497109826589594,0.0,0.0,0.14152215799614642,-1.0,-1.0,-1.0,0,0,0,0,0
./datasets/Organised/20260306-handFlying-2/283657180.jpg,8,2,2,0.07475915221579961,0.003468208092485549,0.0018304431599229288,0.04315992292870906,0.06551059730250482,0.6588134728178708,0.07138728323699423,0.029383429672447014,1267.8212233675254,0.059633911368015415,0.23333333333333334,0.47398843930635837,0.0,0.0,0.06955684007707129,-1.0,-1.0,-1.0,0,0,0,0,0
./datasets/Organised/20260306-handFlying-2/211924441.jpg,6,2,0,0.0008670520231213873,0.0,0.0,0.0012524084778420038,0.0012524084778420038,0.9992021754937213,0.0018304431599229288,0.0007707129094412332,35.4128374560534,0.0003853564547206166,0.06666666666666667,0.017341040462427744,0.0,0.0,0.0010597302504816955,-1.0,-1.0,-1.0,0,0,0,0,0
./datasets/Organised/20260306-handFlying-2/95458656.jpg,6,2,0,0.11011560693641619,0.013294797687861272,0.004142581888246628,0.16502890173410403,0.16290944123314066,1.0130038350208115,0.2058766859344894,0.09219653179190751,4812.70079011995,0.050289017341040465,0.6166666666666667,0.1791907514450867,0.0,0.0,0.034393063583815026,-1.0,-1.0,-1.0,0,0,0,0,0
./datasets/Organised/20260306-handFlying-2/186357930.jpg,6,2,0,0.16021194605009634,0.008285163776493257,0.0030828516377649326,0.1279383429672447,0.12186897880539499,1.0497937574235559,0.15770712909441234,0.06589595375722543,5484.959421037196,0.08583815028901734,0.5833333333333334,0.23121387283236994,0.0,0.0,0.15077071290944125,-1.0,-1.0,-1.0,0,0,0,0,0
./datasets/Organised/20260306-handFlying-2/90192076.jpg,7,2,1,0.3086705202312139,0.021965317919075144,0.005780346820809248,0.26946050096339114,0.3173410404624277,0.8491169356910164,0.3552023121387283,0.14816955684007707,10105.553064660437,0.2508188824662813,1.0,1.0,0.0,0.0,0.2708092485549133,-1.0,-1.0,-1.0,0,0,0,0,1
./datasets/Organised/20260306-handFlying-2/204457800.jpg,7,2,1,0.3809248554913295,0.011753371868978806,0.003468208092485549,0.13805394990366088,0.16059730250481696,0.8596227217253439,0.18179190751445087,0.07996146435452794,5067.160985248421,0.3619460500963391,0.6833333333333333,0.7687861271676301,0.0,0.0,0.37678227360308286,-1.0,-1.0,-1.0,0,0,0,1,0
./datasets/Organised/20260306-handFlying-2/213524383.jpg,8,2,2,0.1569364161849711,0.00674373795761079,0.0025048169556840076,0.0861271676300578,0.09402697495183045,0.9159738649500838,0.10751445086705202,0.04354527938342967,2163.3016091694785,0.14547206165703275,0.55,0.6011560693641619,0.0,0.0,0.1556840077071291,-1.0,-1.0,-1.0,0,0,0,0,0
./datasets/Organised/20260306-handFlying-2/195057866.jpg,8,2,2,0.1001926782273603,0.007418111753371869,0.002697495183044316,0.10510597302504816,0.11502890173410404,0.9137273999242786,0.13545279383429673,0.05953757225433526,3329.3259532281954,0.04022157996146435,0.2,0.3468208092485549,0.0,0.0,0.061560693641618494,-1.0,-1.0,-1.0,0,0,0,0,0
./datasets/Organised/20260306-handFlying-2/68825528.jpg,7,2,1,0.26464354527938344,0.01840077071290944,0.005587668593448941,0.23516377649325626,0.21917148362235067,1.072962137429896,0.2745664739884393,0.12379576107899808,8801.821688774544,0.194990366088632,1.0,0.4046242774566474,0.0,0.0,0.21107899807321773,-1.0,-1.0,-1.0,0,0,0,0,1
./datasets/Organised/20260306-handFlying-2/127658418.jpg,7,2,1,0.3804431599229287,0.020327552986512523,0.005202312138728324,0.28227360308285165,0.2592485549132948,1.0888103672049012,0.326878612716763,0.14942196531791907,3049.346225056708,0.17263969171483623,1.0,0.2947976878612717,0.0,0.0,0.24344894026974953,-1.0,-1.0,-1.0,0,0,0,0,1
./datasets/Organised/20260306-handFlying-2/93858674.jpg,6,2,0,0.002023121387283237,0.002119460500963391,0.0016377649325626203,0.02928709055876686,0.03236994219653179,0.9047339549450825,0.03680154142581888,0.01840077071290944,1223.4451128689748,0.0003371868978805395,0.06666666666666667,0.017341040462427744,0.0,0.0,0.0,-1.0,-1.0,-1.0,0,0,0,0,0
./datasets/Organised/20260306-handFlying-2/228324374.jpg,6,2,0,0.3648362235067437,0.014739884393063583,0.004335260115606936,0.18034682080924855,0.2316955684007707,0.7783750189053238,0.25934489402697497,0.10539499036608863,5793.586280298559,0.3401734104046243,0.5833333333333334,1.0,0.0,0.0,0.3382466281310212,-1.0,-1.0,-1.0,0,0,0,1,0
./datasets/Organised/20260306-handFlying-2/222790973.jpg,8,2,2,0.22369942196531792,0.012427745664739885,0.0032755298651252407,0.14990366088631984,0.16156069364161849,0.9278416034610353,0.18670520231213872,0.07909441233140656,4529.612236144059,0.12307321772639691,0.5666666666666667,0.28901734104046245,0.0,0.0,0.20510597302504818,-1.0,-1.0,-1.0,0,0,0,0,0
./datasets/Organised/20260306-handFlying-2/224957657.jpg,7,2,1,0.10366088631984585,0.011464354527938344,0.004816955684007707,0.15038535645472062,0.1777456647398844,0.8460657007252176,0.20655105973025048,0.09797687861271677,6611.548873918272,0.039884393063583816,0.36666666666666664,0.2138728323699422,0.0,0.0,0.04527938342967245,-1.0,-1.0,-1.0,0,0,0,0,1
./datasets/Organised/20260306-handFlying-2/246457577.jpg,8,2,2,0.21666666666666667,0.009441233140655106,0.002890173410404624,0.10423892100192678,0.11368015414258188,0.9169410865690859,0.13535645472061658,0.061078998073217726,2650.5384390836093,0.10149325626204239,0.48333333333333334,0.3988439306358382,0.0,0.0,0.1980732177263969,-1.0,-1.0,-1.0,0,0,0,0,0
./datasets/Organised/20260306-handFlying-2/273990567.jpg,8,2,2,0.13333333333333333,0.0052986512524084775,0.002697495183044316,0.0651252408477842,0.09402697495183045,0.6926155846826137,0.10173410404624278,0.04190751445086705,1469.085389087507,0.12148362235067438,0.4666666666666667,0.5433526011560693,0.0,0.0,0.0015414258188824663,-1.0,-1.0,-1.0,0,0,0,0,0
./datasets/Organised/20260306-handFlying-2/40592474.jpg,8,2,2,0.004913294797687861,0.004913294797687861,0.0038535645472061657,0.08294797687861272,0.06840077071290944,1.2126583276148724,0.09691714836223507,0.04691714836223507,1492.3508797765821,0.0011078998073217727,0.1,0.023121387283236993,0.0,0.0,0.0,-1.0,-1.0,-1.0,0,0,0,0,0
./datasets/Organised/20260306-handFlying-2/44525720.jpg,7,2,1,0.5921001926782273,0.017919075144508672,0.005491329479768786,0.2466281310211946,0.23574181117533718,1.0461745568892928,0.28978805394990365,0.1245664739884393,11160.27296434896,0.6077552986512524,1.0,0.7803468208092486,0.0,0.0,0.5904624277456647,-1.0,-1.0,-1.0,0,0,1,0,0
./datasets/Organised/20260306-handFlying-2/58058960.jpg,8,2,2,0.11522157996146436,0.010597302504816955,0.004816955684007707,0.1535645472061657,0.15635838150289016,0.9821255733435297,0.1871868978805395,0.08834296724470135,8831.886164441026,0.09026974951830444,0.55,0.3179190751445087,0.0,0.0,0.10751445086705202,-1.0,-1.0,-1.0,0,0,0,0,0
./datasets/Organised/20260306-handFlying-2/67925538.jpg,7,2,1,0.23901734104046243,0.01705202312138728,0.005780346820809248,0.24113680154142583,0.2195568400770713,1.0982837208490468,0.2825626204238921,0.12870905587668593,8794.981574132855,0.1938824662813102,0.9333333333333333,0.49710982658959535,0.0,0.0,0.029479768786127167,-1.0,-1.0,-1.0,0,0,0,0,1
./datasets/Organised/20260306-handFlying-2/202524500.jpg,8,2,2,0.30067437379576106,0.01021194605009634,0.0029865125240847784,0.1245664739884393,0.14219653179190753,0.876010099603771,0.1608863198458574,0.0676300578034682,3608.6640269378267,0.2857418111753372,0.75,0.6069364161849711,0.0,0.0,0.2896917148362235,-1.0,-1.0,-1.0,0,0,0,0,0
./datasets/Organised/20260306-handFlying-2/203257798.jpg,6,2,0,0.20289017341040463,0.013294797687861272,0.004046242774566474,0.1631984585741811,0.17552986512524085,0.9297422334114254,0.20404624277456648,0.08342967244701349,4190.268249403217,0.13395953757225434,0.4166666666666667,0.6011560693641619,0.0,0.0,0.13410404624277455,-1.0,-1.0,-1.0,0,0,0,0,0
./datasets/Organised/20260306-handFlying-2/236490863.jpg,7,2,1,0.35038535645472063,0.010886319845857417,0.0032755298651252407,0.12890173410404623,0.19046242774566474,0.6767794512034883,0.2071290944123314,0.08448940269749518,4101.621762801594,0.3341522157996146,0.43333333333333335,0.9826589595375722,0.0,0.0,0.34759152215799616,-1.0,-1.0,-1.0,0,0,0,1,0
./datasets/Organised/20260306-handFlying-2/197291190.jpg,8,2,2,0.37485549132947976,0.014932562620423893,0.004816955684007707,0.20366088631984586,0.2285163776493256,0.8912271286097829,0.2610789980732177,0.1103082851637765,8847.916297561636,0.3155587668593449,0.7166666666666667,0.6647398843930635,0.0,0.0,0.3617533718689788,-1.0,-1.0,-1.0,0,0,0,1,0
./datasets/Organised/20260306-handFlying-2/185157938.jpg,7,2,1,0.3651252408477842,0.018208092485549134,0.0056840077071290945,0.2263005780346821,0.29566473988439307,0.7653933057078811,0.33285163776493254,0.14007707129094413,11523.457257509439,0.34446050096339115,0.65,0.8901734104046243,0.0,0.0,0.0,-1.0,-1.0,-1.0,0,0,0,0,0
./datasets/Organised/20260306-handFlying-2/243290817.jpg,7,2,1,0.12254335260115606,0.011753371868978806,0.004335260115606936,0.15096339113680154,0.14701348747591522,1.0268606429793747,0.18603082851637764,0.0811175337186898,2387.714184644399,0.0873795761078998,0.5833333333333334,0.41040462427745666,0.0,0.0,0.016088631984585742,-1.0,-1.0,-1.0,0,0,0,0,1
./datasets/Organised/20260306-handFlying-2/192891215.jpg,8,2,2,0.20327552986512523,0.006936416184971098,0.0030828516377649326,0.0850674373795761,0.102504816955684,0.8298791220439034,0.11734104046242774,0.04710982658959537,2385.389226827566,0.19301541425818883,0.5666666666666667,0.5260115606936416,0.0,0.0,0.1989402697495183,-1.0,-1.0,-1.0,0,0,0,0,0
./datasets/Organised/20260306-handFlying-2/45425718.jpg,6,2,0,0.6341040462427746,0.011753371868978806,0.005587668593448941,0.1745664739884393,0.20202312138728323,0.8640872822002913,0.22552986512524084,0.0928709055876686,9461.809992862738,0.6314547206165704,0.8,1.0,0.0,0.0,0.6200385356454721,-1.0,-1.0,-1.0,0,0,0,1,0
./datasets/Organised/20260306-handFlying-2/178358044.jpg,8,2,2,0.073121387283237,0.009441233140655106,0.002601156069364162,0.11657032755298652,0.11685934489402698,0.9975182570160693,0.1416184971098266,0.05867052023121387,3208.8721063090056,0.029816955684007707,0.25,0.24855491329479767,0.0,0.0,0.042870905587668595,-1.0,-1.0,-1.0,0,0,0,0,0
./datasets/Organised/20260306-handFlying-2/122691769.jpg,6,2,0,0.12148362235067438,0.011657032755298651,0.0019267822736030828,0.13458574181117533,0.13179190751445086,1.0211910818980774,0.16377649325626203,0.06888246628131021,2052.7873888944573,0.09841040462427746,0.55,0.31213872832369943,0.0,0.0,0.0,-1.0,-1.0,-1.0,0,0,0,0,1
./datasets/Organised/20260306-handFlying-2/215824377.jpg,8,2,2,0.2060693641618497,0.006647398843930636,0.002697495183044316,0.08314065510597303,0.09161849710982659,0.9074559207229684,0.10452793834296724,0.045857418111753374,1690.6802388894455,0.16083815028901735,0.5166666666666667,0.48554913294797686,0.0,0.0,0.20366088631984586,-1.0,-1.0,-1.0,0,0,0,0,0
./datasets/Organised/20260306-handFlying-2/211524396.jpg,6,2,0,0.0,0.0003853564547206166,0.00028901734104046245,0.006262042389210019,0.0060693641618497106,1.0315760673082752,0.007803468208092485,0.004624277456647399,210.70238968336176,0.0,0.0,0.0,0.0,0.0,0.0,-1.0,-1.0,-1.0,0,0,0,0,0
./datasets/Organised/20260306-handFlying-2/180091311.jpg,6,2,0,0.11926782273603083,0.01676300578034682,0.005202312138728324,0.22726396917148362,0.20857418111753373,1.0896021662491981,0.2642581888246628,0.11695568400770713,5469.78631516812,0.042822736030828513,0.7166666666666667,0.14450867052023122,0.0,0.0,0.0,-1.0,-1.0,-1.0,0,0,0,0,0
./datasets/Organised/20260306-handFlying-2/57725614.jpg,7,2,1,0.683718689788054,0.016473988439306357,0.005780346820809248,0.20626204238921003,0.2174373795761079,0.948599979411703,0.258766859344894,0.11541425818882466,12959.839826060565,0.6467244701348748,0.8333333333333334,0.9421965317919075,0.0,0.0,0.6760115606936417,-1.0,-1.0,-1.0,0,0,1,0,1
./datasets/Organised/20260306-handFlying-2/78125460.jpg,7,2,1,0.11117533718689789,0.012235067437379576,0.003371868978805395,0.15366088631984587,0.13477842003853566,1.140091612472525,0.178131021194605,0.07177263969171484,2194.8886580091403,0.04258188824662813,0.5166666666666667,0.2138728323699422,0.0,0.0,0.0,-1.0,-1.0,-1.0,0,0,0,0,1
./datasets/Organised/20260306-handFlying-2/189691237.jpg,6,2,0,0.15096339113680154,0.011946050096339113,0.004335260115606936,0.1579961464354528,0.15298651252408477,1.0327388414173968,0.19315992292870907,0.08227360308285164,3020.502749275136,0.05920038535645472,0.2,0.4508670520231214,0.0,0.0,0.0989402697495183,-1.0,-1.0,-1.0,0,0,0,0,0
./datasets/Organised/20260306-handFlying-2/117791815.jpg,8,2,2,0.14614643545279382,0.011078998073217727,0.0032755298651252407,0.13680154142581888,0.1533718689788054,0.8919539833653597,0.17533718689788053,0.07524084778420038,5092.489357219493,0.11247591522157996,0.5666666666666667,0.3699421965317919,0.0,0.0,0.12697495183044316,-1.0,-1.0,-1.0,0,0,0,0,0
./datasets/Organised/20260306-handFlying-2/91392017.jpg,6,2,0,0.1338150289017341,0.014065510597302504,0.004238921001926782,0.16666666666666666,0.17032755298651253,0.9785010425108476,0.20077071290944123,0.09104046242774566,4314.064139426271,0.10443159922928709,0.7,0.41040462427745666,0.0,0.0,0.001348747591522158,-1.0,-1.0,-1.0,0,0,0,0,0
./datasets/Organised/20260306-handFlying-2/286790464.jpg,8,2,2,0.013391136801541427,0.006358381502890174,0.003179190751445087,0.06233140655105973,0.06502890173410404,0.9585037788604082,0.07861271676300578,0.03603082851637765,1360.157949888811,0.009585741811175337,0.23333333333333334,0.06936416184971098,0.0,0.0,0.0,-1.0,-1.0,-1.0,0,0,0,0,0
./datasets/Organised/20260306-handFlying-2/76792154.jpg,7,2,1,0.13545279383429673,0.012524084778420038,0.004238921001926782,0.18053949903660887,0.16984585741811176,1.0629546038180444,0.21377649325626205,0.08680154142581888,2305.4449368227024,0.049759152215799615,0.65,0.2774566473988439,0.0,0.0,0.027071290944123316,-1.0,-1.0,-1.0,0,0,0,0,1
./datasets/Organised/20260306-handFlying-2/196091185.jpg,6,2,0,0.0,0.001348747591522158,0.001348747591522158,0.014354527938342966,0.016377649325626204,0.8764170752397588,0.018882466281310212,0.011753371868978806,911.3066037306813,0.0,0.0,0.0,0.0,0.0,0.0,-1.0,-1.0,-1.0,0,0,0,0,0
./datasets/Organised/20260306-handFlying-2/220724333.jpg,8,2,2,0.07870905587668593,0.0045279383429672445,0.0025048169556840076,0.06897880539499036,0.08121387283236994,0.8493371101788806,0.09296724470134875,0.03969171483622351,2103.6335862559913,0.034296724470134876,0.36666666666666664,0.14450867052023122,0.0,0.0,0.08034682080924856,-1.0,-1.0,-1.0,0,0,0,0,0
./datasets/Organised/20260306-handFlying-2/272123915.jpg,7,2,1,0.202504816955684,0.007707129094412331,0.0032755298651252407,0.08526011560693642,0.11059730250481696,0.7708989530216617,0.12071290944123314,0.04710982658959537,1464.766005509335,0.18217726396917147,0.55,0.6358381502890174,0.0,0.0,0.0,-1.0,-1.0,-1.0,0,0,0,0,0
./datasets/Organised/20260306-handFlying-2/189124627.jpg,7,2,1,0.08323699421965318,0.006358381502890174,0.002697495183044316,0.07408477842003854,0.07870905587668593,0.9412365115850793,0.0951830443159923,0.04325626204238921,1418.7839833067892,0.0588150289017341,0.2833333333333333,0.2543352601156069,0.0,0.0,0.06734104046242774,-1.0,-1.0,-1.0,0,0,0,0,0
./datasets/Organised/20260306-handFlying-2/175758020.jpg,8,2,2,0.16040462427745664,0.011849710982658959,0.0038535645472061657,0.1485549132947977,0.17398843930635838,0.8538156906938709,0.19855491329479769,0.08709055876685934,5683.936907198889,0.11083815028901733,0.45,0.3352601156069364,0.0,0.0,0.1466281310211946,-1.0,-1.0,-1.0,0,0,0,0,0
./datasets/Organised/20260306-handFlying-2/193624534.jpg,8,2,2,0.20905587668593448,0.00674373795761079,0.0029865125240847784,0.08603082851637765,0.1069364161849711,0.8044969813705706,0.11917148362235068,0.05260115606936416,2426.570606314574,0.20154142581888246,0.55,0.6127167630057804,0.0,0.0,0.20597302504816956,-1.0,-1.0,-1.0,0,0,0,0,0
./datasets/Organised/20260306-handFlying-2/71192179.jpg,8,2,2,0.015895953757225433,0.007707129094412331,0.0035645472061657034,0.07745664739884393,0.07928709055876686,0.9769014091900032,0.09816955684007707,0.04980732177263969,2260.6866231934096,0.010886319845857417,0.13333333333333333,0.19653179190751446,0.0,0.0,0.014354527938342966,-1.0,-1.0,-1.0,0,0,0,0,0
./datasets/Organised/20260306-handFlying-2/84192095.jpg,8,2,2,0.05375722543352601,0.008670520231213872,0.003468208092485549,0.1153179190751445,0.11608863198458574,0.9933524390055462,0.14026974951830443,0.0651252408477842,3152.9404635043684,0.025578034682080926,0.3333333333333333,0.23699421965317918,0.0,0.0,0.03969171483622351,-1.0,-1.0,-1.0,0,0,0,0,0
./datasets/Organised/20260306-handFlying-2/180224665.jpg,7,2,1,0.1994219653179191,0.006936416184971098,0.002890173410404624,0.09614643545279383,0.09768786127167631,0.9842108322401985,0.12129094412331407,0.05192678227360308,4492.826886408945,0.16623314065510597,0.4166666666666667,0.5202312138728323,0.0,0.0,0.0,-1.0,-1.0,-1.0,0,0,0,0,0
./datasets/Organised/20260306-handFlying-2/156524835.jpg,6,2,0,0.0004816955684007707,0.0010597302504816955,0.0005780346820809249,0.015317919075144508,0.015221579961464355,1.006263006265791,0.018497109826589597,0.010597302504816955,340.2894152735548,0.0001926782273603083,0.05,0.017341040462427744,0.0,0.0,0.0,-1.0,-1.0,-1.0,0,0,0,0,0
./datasets/Organised/20260306-handFlying-2/234690878.jpg,8,2,2,0.102504816955684,0.0064547206165703275,0.002023121387283237,0.0871868978805395,0.10780346820809249,0.8087503174009878,0.12552986512524084,0.04759152215799615,1296.666702714944,0.03964354527938343,0.2,0.2832369942196532,0.0,0.0,0.0710019267822736,-1.0,-1.0,-1.0,0,0,0,0,0
./datasets/Organised/20260306-handFlying-2/169191406.jpg,7,2,1,0.004913294797687861,0.0015414258188824663,0.0009633911368015414,0.02321772639691715,0.02283236994219653,1.0168331024151769,0.029672447013487476,0.015414258188824663,530.8209107851543,0.0012042389210019267,0.05,0.07514450867052024,0.0,0.0,0.0052986512524084775,-1.0,-1.0,-1.0,0,0,0,0,0
./datasets/Organised/20260306-handFlying-2/218557703.jpg,8,2,2,0.3245664739884393,0.014450867052023121,0.004720616570327553,0.21628131021194605,0.2151252408477842,1.0053692629946485,0.2566473988439306,0.10183044315992293,7252.903990137771,0.25703275529865127,0.8166666666666667,0.4797687861271676,0.0,0.0,0.2774566473988439,-1.0,-1.0,-1.0,0,0,0,0,0
./datasets/Organised/20260306-handFlying-2/203724463.jpg,8,2,2,0.1619460500963391,0.013198458574181117,0.003371868978805395,0.16387283236994218,0.17832369942196533,0.9189575695410199,0.20973025048169558,0.08872832369942196,3977.888715097954,0.10736994219653179,0.4666666666666667,0.5202312138728323,0.0,0.0,0.12495183044315993,-1.0,-1.0,-1.0,0,0,0,0,0
./datasets/Organised/20260306-handFlying-2/242424149.jpg,6,2,0,0.15500963391136802,0.011946050096339113,0.0038535645472061657,0.16165703275529866,0.15616570327552987,1.0351568507537874,0.19277456647398844,0.0871868978805395,2307.2893892954066,0.10780346820809249,1.0,0.31213872832369943,0.0,0.0,0.003179190751445087,-1.0,-1.0,-1.0,0,0,0,0,1
./datasets/Organised/20260306-handFlying-2/162591461.jpg,7,2,1,0.0,0.0001926782273603083,9.633911368015414e-05,0.0005780346820809249,0.0003853564547206166,1.4961175748931523,0.0011560693641618498,0.0011560693641618498,6.8227360308285165,0.0,0.0,0.0,0.0,0.0,0.0,-1.0,-1.0,-1.0,0,0,0,0,0
./datasets/Organised/20260306-handFlying-2/108891877.jpg,8,2,2,0.08998073217726398,0.008092485549132947,0.003179190751445087,0.09017341040462427,0.12080924855491329,0.7464053048747491,0.13265895953757226,0.06088631984585742,2602.398134139686,0.03473025048169557,0.2,0.27167630057803466,0.0,0.0,0.08689788053949904,-1.0,-1.0,-1.0,0,0,0,0,0
./datasets/Organised/20260306-handFlying-2/182957957.jpg,7,2,1,0.2665703275529865,0.01859344894026975,0.005491329479768786,0.24017341040462428,0.26252408477842004,0.9148589004640784,0.3126204238921002,0.12639691714836224,7332.998761364861,0.20635838150289018,0.4666666666666667,0.6705202312138728,0.0,0.0,0.0,-1.0,-1.0,-1.0,0,0,0,0,0
./datasets/Organised/20260306-handFlying-2/201191140.jpg,7,2,1,0.2396917148362235,0.01001926782273603,0.0036608863198458576,0.13776493256262043,0.1466281310211946,0.9395468117635309,0.17379576107899808,0.07504816955684007,6796.842115079764,0.13347784200385357,0.65,0.41040462427745666,0.0,0.0,0.23930635838150288,-1.0,-1.0,-1.0,0,0,0,0,0
./datasets/Organised/20260306-handFlying-2/145158266.jpg,7,2,1,0.0032755298651252407,0.001348747591522158,0.0007707129094412332,0.024566473988439308,0.020905587668593448,1.1750589994819602,0.027842003853564546,0.013680154142581889,936.2677303971252,0.0008188824662813102,0.06666666666666667,0.028901734104046242,0.0,0.0,0.0,-1.0,-1.0,-1.0,0,0,0,0,0
./datasets/Organised/20260306-handFlying-2/193924571.jpg,6,2,0,0.10722543352601156,0.01464354527938343,0.005491329479768786,0.1983622350674374,0.2048169556840077,0.9684806901083898,0.24421965317919075,0.1142581888246628,10365.899025805518,0.06738921001926783,0.55,0.44508670520231214,0.0,0.0,0.08863198458574181,-1.0,-1.0,-1.0,0,0,0,0,0
./datasets/Organised/20260306-handFlying-2/99658618.jpg,6,2,0,0.10539499036608863,0.010115606936416185,0.003468208092485549,0.14778420038535645,0.15818882466281312,0.9342206472531555,0.1868015414258189,0.07870905587668593,2557.0372204123837,0.026059730250481694,0.45,0.24855491329479767,0.0,0.0,0.07745664739884393,-1.0,-1.0,-1.0,0,0,0,0,1
./datasets/Organised/20260306-handFlying-2/273590571.jpg,8,2,2,0.13140655105973026,0.006551059730250481,0.0025048169556840076,0.061078998073217726,0.08217726396917148,0.7432500411073544,0.08959537572254335,0.038824662813102116,1468.2283561001777,0.12379576107899808,0.5166666666666667,0.48554913294797686,0.0,0.0,0.0,-1.0,-1.0,-1.0,0,0,0,0,0
./datasets/Organised/20260306-handFlying-2/116091818.jpg,7,2,1,0.8490366088631984,0.02533718689788054,0.007129094412331407,0.34335260115606936,0.3401734104046243,1.0093428272504823,0.4197495183044316,0.17514450867052023,11455.948768381466,0.8460019267822736,1.0,1.0,0.0,0.0,0.8470134874759152,-1.0,-1.0,-1.0,0,0,0,1,0
./datasets/Organised/20260306-handFlying-2/129491724.jpg,8,2,2,0.22572254335260117,0.017533718689788053,0.004046242774566474,0.2138728323699422,0.19017341040462427,1.1246141471657307,0.24826589595375723,0.10423892100192678,2606.2744624778643,0.1903660886319846,1.0,0.44508670520231214,0.0,0.0,0.0017341040462427746,-1.0,-1.0,-1.0,0,0,0,0,1
./datasets/Organised/20260306-handFlying-2/71025519.jpg,8,2,2,0.02861271676300578,0.005973025048169557,0.003371868978805395,0.07109826589595376,0.07687861271676301,0.9248000007217951,0.0964354527938343,0.04942196531791908,2032.853596140496,0.014691714836223507,0.15,0.21965317919075145,0.0,0.0,0.018689788053949902,-1.0,-1.0,-1.0,0,0,0,0,0
./datasets/Organised/20260306-handFlying-2/192624656.jpg,6,2,0,0.2566473988439306,0.017919075144508672,0.006165703275529865,0.247495183044316,0.25327552986512525,0.9771737759361757,0.30539499036608864,0.13583815028901733,10931.84740474679,0.18299614643545278,0.65,0.49710982658959535,0.0,0.0,0.23477842003853563,-1.0,-1.0,-1.0,0,0,0,0,0
./datasets/Organised/20260306-handFlying-2/55092308.jpg,8,2,2,0.40346820809248557,0.017148362235067438,0.005491329479768786,0.24335260115606935,0.22687861271676302,1.0726067373002406,0.2877649325626204,0.12292870905587669,13638.94481547069,0.2075626204238921,0.8833333333333333,0.5260115606936416,0.0,0.0,0.3890173410404624,-1.0,-1.0,-1.0,0,0,0,1,0
./datasets/Organised/20260306-handFlying-2/277723886.jpg,7,2,1,0.3043352601156069,0.01705202312138728,0.005780346820809248,0.21127167630057803,0.26628131021194607,0.7934123604846954,0.2930635838150289,0.1291907514450867,9155.751787972275,0.2628612716763006,0.4166666666666667,1.0,0.0,0.0,0.27639691714836223,-1.0,-1.0,-1.0,0,0,0,1,0
./datasets/Organised/20260306-handFlying-2/201624477.jpg,7,2,1,0.26888246628131024,0.010500963391136802,0.0037572254335260114,0.15847784200385356,0.17466281310211945,0.9073307125798143,0.2046242774566474,0.08497109826589595,8310.60297313828,0.22408477842003854,0.7333333333333333,0.47398843930635837,0.0,0.0,0.2636801541425819,-1.0,-1.0,-1.0,0,0,0,0,0
./datasets/Organised/20260306-handFlying-2/181057973.jpg,8,2,2,0.20173410404624278,0.015028901734104046,0.004335260115606936,0.1980732177263969,0.20289017341040463,0.9762534978578785,0.2441233140655106,0.10876685934489402,7341.934453567888,0.10645472061657033,0.5333333333333333,0.3179190751445087,0.0,0.0,0.10703275529865125,-1.0,-1.0,-1.0,0,0,0,0,0
./datasets/Organised/20260306-handFlying-2/229824251.jpg,6,2,0,0.11782273603082852,0.009922928709055878,0.003468208092485549,0.1544315992292871,0.14046242774566475,1.0994434758413723,0.1779383429672447,0.07071290944123314,2313.1658568241137,0.0447495183044316,0.6,0.21965317919075145,0.0,0.0,0.04518304431599229,-1.0,-1.0,-1.0,0,0,0,0,1
./datasets/Organised/20260306-handFlying-2/64992224.jpg,6,2,0,0.010500963391136802,0.0052986512524084775,0.003179190751445087,0.0626204238921002,0.06396917148362236,0.9789003599612403,0.07658959537572255,0.040269749518304435,2175.805603734394,0.0024566473988439307,0.15,0.046242774566473986,0.0,0.0,0.0005780346820809249,-1.0,-1.0,-1.0,0,0,0,0,0
./datasets/Organised/20260306-handFlying-2/121125138.jpg,8,2,2,0.1478805394990366,0.0025048169556840076,0.0010597302504816955,0.03535645472061657,0.043641618497109826,0.8101359620059919,0.04932562620423892,0.019942196531791908,2090.9123541548333,0.13921001926782273,0.45,0.4046242774566474,0.0,0.0,0.14730250481695567,-1.0,-1.0,-1.0,0,0,0,0,0
./datasets/Organised/20260306-handFlying-2/223790966.jpg,6,2,0,0.002119460500963391,0.0012524084778420038,0.0016377649325626203,0.02254335260115607,0.02254335260115607,0.9999556429932723,0.02745664739884393,0.014932562620423893,1865.2530843273523,0.001348747591522158,0.1,0.028901734104046242,0.0,0.0,0.0,-1.0,-1.0,-1.0,0,0,0,0,0
./datasets/Organised/20260306-handFlying-2/151224874.jpg,8,2,2,0.0036608863198458576,0.0011560693641618498,0.0008670520231213873,0.016570327552986513,0.018015414258188825,0.9197350435842118,0.0220616570327553,0.011175337186897881,228.62784278347647,0.0007707129094412332,0.1,0.017341040462427744,0.0,0.0,0.0,-1.0,-1.0,-1.0,0,0,0,0,0
./datasets/Organised/20260306-handFlying-2/62725577.jpg,8,2,2,0.016088631984585742,0.008092485549132947,0.0030828516377649326,0.09277456647398843,0.09210019267822736,1.0073112386080996,0.1142581888246628,0.05722543352601156,3865.793479113532,0.008236994219653179,0.16666666666666666,0.14450867052023122,0.0,0.0,0.010789980732177264,-1.0,-1.0,-1.0,0,0,0,0,0
./datasets/Organised/20260306-handFlying-2/54625682.jpg,7,2,1,0.9630057803468208,0.011753371868978806,0.005491329479768786,0.16917148362235068,0.18603082851637764,0.9093684933998128,0.21339113680154143,0.0989402697495183,11776.240026581429,0.9522157996146435,1.0,1.0,0.0,0.0,0.9627167630057804,-1.0,-1.0,-1.0,0,0,0,1,0
./datasets/Organised/20260306-handFlying-2/177491352.jpg,7,2,1,0.14576107899807322,0.011078998073217727,0.004720616570327553,0.13323699421965318,0.15616570327552987,0.8531715879573825,0.1791907514450867,0.08545279383429673,7354.042531064259,0.11690751445086706,0.26666666666666666,0.7225433526011561,0.0,0.0,0.13458574181117533,-1.0,-1.0,-1.0,0,0,0,1,0
./datasets/Organised/20260306-handFlying-2/136391703.jpg,8,2,2,0.10684007707129095,0.01021194605009634,0.0035645472061657034,0.13853564547206165,0.15510597302504817,0.893161943465234,0.18073217726396917,0.07639691714836223,3250.0841416908897,0.04696531791907514,0.25,0.5549132947976878,0.0,0.0,0.06570327552986513,-1.0,-1.0,-1.0,0,0,0,0,0
./datasets/Organised/20260306-handFlying-2/94891992.jpg,7,2,1,0.24595375722543353,0.009730250481695568,0.0035645472061657034,0.1409441233140655,0.12899807321772638,1.0925979528254293,0.16290944123314066,0.07148362235067438,3278.9806358288693,0.19715799614643545,1.0,0.5086705202312138,0.0,0.0,0.0,-1.0,-1.0,-1.0,0,0,0,0,1
./datasets/Organised/20260306-handFlying-2/135391680.jpg,7,2,1,0.0022157996146435453,0.002890173410404624,0.0022157996146435453,0.03448940269749518,0.03506743737957611,0.9834884378846559,0.042870905587668595,0.019653179190751446,868.2061639491241,0.0003853564547206166,0.05,0.023121387283236993,0.0,0.0,0.0,-1.0,-1.0,-1.0,0,0,0,0,0
./datasets/Organised/20260306-handFlying-2/52792325.jpg,6,2,0,0.7451830443159922,0.012620423892100193,0.00510597302504817,0.20934489402697495,0.2241811175337187,0.9338162041202411,0.25761078998073217,0.11069364161849711,10945.995922980685,0.7639691714836223,1.0,1.0,0.0,0.0,0.7426782273603083,-1.0,-1.0,-1.0,0,0,0,1,0
./datasets/Organised/20260306-handFlying-2/213357723.jpg,8,2,2,0.11059730250481696,0.0056840077071290945,0.002697495183044316,0.07755298651252408,0.08458574181117534,0.9168456527814625,0.09768786127167631,0.04132947976878613,1515.023956103519,0.09479768786127167,0.4666666666666667,0.5202312138728323,0.0,0.0,0.10549132947976879,-1.0,-1.0,-1.0,0,0,0,0,0
./datasets/Organised/20260306-handFlying-2/233924213.jpg,8,2,2,0.1325626204238921,0.012620423892100193,0.0030828516377649326,0.1710019267822736,0.15250481695568402,1.1212813399239996,0.19691714836223506,0.08333333333333333,1873.2519722974002,0.0811175337186898,0.8833333333333333,0.30057803468208094,0.0,0.0,0.0,-1.0,-1.0,-1.0,0,0,0,0,1
./datasets/Organised/20260306-handFlying-2/87258718.jpg,8,2,2,0.22928709055876687,0.013198458574181117,0.004046242774566474,0.1624277456647399,0.16897880539499036,0.9612257824836818,0.19797687861271676,0.08208092485549133,8172.762905394619,0.17885356454720616,0.65,0.5317919075144508,0.0,0.0,0.1930635838150289,-1.0,-1.0,-1.0,0,0,0,0,0
./datasets/Organised/20260306-handFlying-2/129358386.jpg,6,2,0,0.07658959537572255,0.013969171483622351,0.0056840077071290945,0.18998073217726397,0.18622350674373797,1.020170414190947,0.22764932562620424,0.09884393063583816,4964.0946573186175,0.042485549132947976,0.5333333333333333,0.2254335260115607,0.0,0.0,0.0,-1.0,-1.0,-1.0,0,0,0,0,0
./datasets/Organised/20260306-handFlying-2/222190989.jpg,8,2,2,0.18304431599229287,0.012427745664739885,0.0036608863198458576,0.1439306358381503,0.15308285163776494,0.940207829227648,0.18285163776493257,0.07986512524084778,4460.947549301866,0.0968208092485549,0.43333333333333335,0.2947976878612717,0.0,0.0,0.15606936416184972,-1.0,-1.0,-1.0,0,0,0,0,0
./datasets/Organised/20260306-handFlying-2/175591351.jpg,7,2,1,0.1754335260115607,0.0035645472061657034,0.002023121387283237,0.06560693641618497,0.0640655105973025,1.024044166047453,0.08236994219653179,0.032466281310211946,3215.982530980729,0.13877649325626204,0.4666666666666667,0.3988439306358382,0.0,0.0,0.17552986512524085,-1.0,-1.0,-1.0,0,0,0,0,0
./datasets/Organised/20260306-handFlying-2/99225329.jpg,6,2,0,0.1163776493256262,0.007032755298651252,0.0027938342967244703,0.09210019267822736,0.1105009633911368,0.8334710972711511,0.12909441233140656,0.05211946050096339,2097.981394633967,0.060260115606936414,0.3,0.2832369942196532,0.0,0.0,0.1069364161849711,-1.0,-1.0,-1.0,0,0,0,0,0
./datasets/Organised/20260306-handFlying-2/203257798.jpg,8,2,2,0.19084778420038537,0.011175337186897881,0.0036608863198458576,0.14547206165703275,0.1598265895953757,0.9101811647495539,0.18863198458574182,0.07996146435452794,3069.8973104031393,0.13786127167630058,0.5666666666666667,0.4797687861271676,0.0,0.0,0.1508670520231214,-1.0,-1.0,-1.0,0,0,0,0,1
./datasets/Organised/20260306-handFlying-2/217991011.jpg,8,2,2,0.10953757225433526,0.011946050096339113,0.003179190751445087,0.1606936416184971,0.1485549132947977,1.0817047807421374,0.18882466281310212,0.08236994219653179,3086.224552357246,0.0636801541425819,0.85,0.18497109826589594,0.0,0.0,0.0,-1.0,-1.0,-1.0,0,0,0,0,0
./datasets/Organised/20260306-handFlying-2/183857953.jpg,6,2,0,0.21657032755298652,0.015703275529865127,0.004624277456647399,0.21146435452793835,0.19441233140655106,1.0877050097234882,0.2519267822736031,0.10895953757225434,5622.08715340194,0.12172447013487477,0.45,0.5144508670520231,0.0,0.0,0.13208092485549133,-1.0,-1.0,-1.0,0,0,0,0,0
./datasets/Organised/20260306-handFlying-2/64825557.jpg,7,2,1,0.261271676300578,0.018882466281310212,0.006165703275529865,0.24258188824662813,0.24460500963391138,0.9917249727825058,0.2976878612716763,0.13092485549132948,13777.492803069117,0.18766859344894027,1.0,0.815028901734104,0.0,0.0,0.2388246628131021,-1.0,-1.0,-1.0,0,0,0,0,1
./datasets/Organised/20260306-handFlying-2/115358614.jpg,7,2,1,0.876878612716763,0.007996146435452794,0.0036608863198458576,0.12119460500963392,0.1375722543352601,0.880945977437503,0.1544315992292871,0.06233140655105973,5791.613432484659,0.9001926782273603,1.0,1.0,0.0,0.0,0.876878612716763,-1.0,-1.0,-1.0,0,0,0,1,0
./datasets/Organised/20260306-handFlying-2/47359041.jpg,7,2,1,0.7901734104046243,0.014354527938342966,0.00510597302504817,0.23053949903660886,0.21589595375722542,1.0678219170051324,0.2635838150289017,0.10626204238921001,9665.191520032597,0.8086223506743738,1.0,0.9479768786127167,0.0,0.0,0.789402697495183,-1.0,-1.0,-1.0,0,0,1,0,0
./datasets/Organised/20260306-handFlying-2/91258688.jpg,7,2,1,0.015703275529865127,0.008766859344894027,0.00394990366088632,0.09990366088631984,0.10500963391136801,0.9513670869813184,0.12514450867052024,0.061849710982658956,1701.2994206288215,0.0016859344894026974,0.1,0.04046242774566474,0.0,0.0,0.0,-1.0,-1.0,-1.0,0,0,0,0,0
./datasets/Organised/20260306-handFlying-2/200457822.jpg,7,2,1,0.25809248554913294,0.010500963391136802,0.0037572254335260114,0.1569364161849711,0.17755298651252407,0.8838799920378093,0.2014450867052023,0.08053949903660887,6780.002751873879,0.16623314065510597,0.5666666666666667,0.4161849710982659,0.0,0.0,0.2388246628131021,-1.0,-1.0,-1.0,0,0,0,0,0
./datasets/Organised/20260306-handFlying-2/275190563.jpg,7,2,1,0.2545279383429672,0.010500963391136802,0.00394990366088632,0.11647398843930636,0.16734104046242776,0.6960234745402039,0.17292870905587668,0.06897880539499036,2561.0185516463034,0.2373795761078998,0.6166666666666667,0.838150289017341,0.0,0.0,0.0,-1.0,-1.0,-1.0,0,0,0,0,0
./datasets/Organised/20260306-handFlying-2/116558479.jpg,6,2,0,0.21946050096339115,0.006647398843930636,0.0035645472061657034,0.0964354527938343,0.11078998073217726,0.8704269260595717,0.12495183044315993,0.05645472061657033,4760.180911453403,0.1901252408477842,0.6666666666666666,0.5317919075144508,0.0,0.0,0.21734104046242775,-1.0,-1.0,-1.0,0,0,0,0,0
./datasets/Organised/20260306-handFlying-2/240357499.jpg,7,2,1,0.026589595375722544,0.007514450867052023,0.0027938342967244703,0.09730250481695568,0.0951830443159923,1.0222564665767984,0.11791907514450867,0.05163776493256262,1236.8814243617305,0.009441233140655106,0.4,0.11560693641618497,0.0,0.0,0.0,-1.0,-1.0,-1.0,0,0,0,0,0
./datasets/Organised/20260306-handFlying-2/216791022.jpg,7,2,1,0.09258188824662814,0.012909441233140655,0.0045279383429672445,0.16040462427745664,0.15558766859344894,1.030953126134087,0.1894990366088632,0.08410404624277457,4859.963227267497,0.037427745664739887,0.5833333333333334,0.16184971098265896,0.0,0.0,0.0,-1.0,-1.0,-1.0,0,0,0,0,0
./datasets/Organised/20260306-handFlying-2/232724235.jpg,6,2,0,0.12369942196531791,0.0076107899807321775,0.002119460500963391,0.08429672447013488,0.10635838150289018,0.7925650119340364,0.12254335260115606,0.04903660886319846,2396.928773281952,0.1023121387283237,0.2,0.791907514450867,0.0,0.0,0.12215799614643545,-1.0,-1.0,-1.0,0,0,0,1,0
./datasets/Organised/20260306-handFlying-2/202824465.jpg,8,2,2,0.26734104046242774,0.01001926782273603,0.0037572254335260114,0.1430635838150289,0.15838150289017341,0.9032789683481195,0.1813102119460501,0.07427745664739885,3295.243266276484,0.24441233140655105,0.75,0.5606936416184971,0.0,0.0,0.24624277456647398,-1.0,-1.0,-1.0,0,0,0,0,0
./datasets/Organised/20260306-handFlying-2/78425457.jpg,6,2,0,0.0004816955684007707,0.0018304431599229288,0.0017341040462427746,0.02928709055876686,0.02880539499036609,1.0166871130025654,0.03554913294797688,0.016859344894026976,819.191707142088,0.0001926782273603083,0.05,0.017341040462427744,0.0,0.0,0.0,-1.0,-1.0,-1.0,0,0,0,0,0
./datasets/Organised/20260306-handFlying-2/136091671.jpg,6,2,0,0.0008670520231213873,0.002023121387283237,0.0011560693641618498,0.03314065510597303,0.022928709055876687,1.4453151160886344,0.037283236994219655,0.02167630057803468,611.8527457204273,0.0001926782273603083,0.05,0.017341040462427744,0.0,0.0,0.0,-1.0,-1.0,-1.0,0,0,0,0,0
./datasets/Organised/20260306-handFlying-2/189691237.jpg,7,2,1,0.030154142581888248,0.004238921001926782,0.0022157996146435453,0.051252408477842,0.05240847784200385,0.977922516846094,0.06473988439306358,0.02764932562620424,848.8743603936725,0.017003853564547207,0.15,0.15028901734104047,0.0,0.0,0.02042389210019268,-1.0,-1.0,-1.0,0,0,0,0,0
./datasets/Organised/20260306-handFlying-2/41359087.jpg,6,2,0,0.5866088631984586,0.011657032755298651,0.0045279383429672445,0.17610789980732178,0.17215799614643545,1.022937538840709,0.21714836223506745,0.08901734104046242,7625.738287242772,0.6051059730250482,0.9166666666666666,0.815028901734104,0.0,0.0,0.5809248554913294,-1.0,-1.0,-1.0,0,0,1,0,0
./datasets/Organised/20260306-handFlying-2/130825043.jpg,7,2,1,0.4546242774566474,0.03815028901734104,0.008188824662813102,0.463776493256262,0.44739884393063584,1.0366040568582882,0.5573217726396917,0.2295761078998073,11335.302512938028,0.4082369942196532,1.0,1.0,0.0,0.0,0.4485549132947977,-1.0,-1.0,-1.0,0,0,0,1,0
./datasets/Organised/20260306-handFlying-2/167091419.jpg,6,2,0,0.0,0.0004816955684007707,0.0004816955684007707,0.008188824662813102,0.007803468208092485,1.0492482568283226,0.010115606936416185,0.005780346820809248,667.7784200385356,0.0,0.0,0.0,0.0,0.0,0.0,-1.0,-1.0,-1.0,0,0,0,0,0
./datasets/Organised/20260306-handFlying-2/110325204.jpg,7,2,1,0.02485549132947977,0.0007707129094412332,0.0004816955684007707,0.01878612716763006,0.0220616570327553,0.851489788366798,0.026782273603082853,0.011657032755298651,302.45338263519966,0.021435452793834298,0.3,0.12138728323699421,0.0,0.0,0.02447013487475915,-1.0,-1.0,-1.0,0,0,0,0,0
./datasets/Organised/20260306-handFlying-2/185457939.jpg,7,2,1,0.37976878612716763,0.017533718689788053,0.006165703275529865,0.2521194605009634,0.3147398843930636,0.8010381650516826,0.35472061657032755,0.147495183044316,11292.000427780931,0.33448940269749516,0.6666666666666666,0.8901734104046243,0.0,0.0,0.0,-1.0,-1.0,-1.0,0,0,0,0,0
./datasets/Organised/20260306-handFlying-2/93725334.jpg,7,2,1,0.22235067437379577,0.0151252408477842,0.0045279383429672445,0.18285163776493257,0.1697495183044316,1.0771786713310962,0.20915221579961465,0.09238921001926782,6061.562439440008,0.17938342967244703,1.0,0.6647398843930635,0.0,0.0,0.0,-1.0,-1.0,-1.0,0,0,0,0,1
./datasets/Organised/20260306-handFlying-2/246457577.jpg,7,2,1,0.5545279383429672,0.01763005780346821,0.005394990366088632,0.24315992292870905,0.2502890173410405,0.9715126696299036,0.30308285163776494,0.13333333333333333,11515.118691449392,0.5279383429672447,0.7666666666666667,1.0,0.0,0.0,0.5408477842003854,-1.0,-1.0,-1.0,0,0,0,1,0
./datasets/Organised/20260306-handFlying-2/273590571.jpg,7,2,1,0.1608863198458574,0.008766859344894027,0.0035645472061657034,0.09903660886319846,0.13786127167630058,0.7183735452708596,0.14633911368015415,0.058477842003853565,1960.28481290907,0.14807321772639692,0.55,0.5433526011560693,0.0,0.0,0.0,-1.0,-1.0,-1.0,0,0,0,0,0
./datasets/Organised/20260306-handFlying-2/98092014.jpg,8,2,2,0.10780346820809249,0.0052986512524084775,0.0019267822736030828,0.0676300578034682,0.07919075144508671,0.8540038144043873,0.08872832369942196,0.03757225433526012,2149.661655278604,0.07321772639691715,0.48333333333333334,0.35260115606936415,0.0,0.0,0.08140655105973026,-1.0,-1.0,-1.0,0,0,0,0,0
./datasets/Organised/20260306-handFlying-2/212224393.jpg,8,2,2,0.20443159922928708,0.01724470134874759,0.0036608863198458576,0.1834296724470135,0.19653179190751446,0.9333285843378895,0.23208092485549134,0.09710982658959537,2325.445771241939,0.15342003853564548,0.8166666666666667,0.4682080924855491,0.0,0.0,0.0,-1.0,-1.0,-1.0,0,0,0,0,1
./datasets/Organised/20260306-handFlying-2/183857953.jpg,7,2,1,0.36599229287090557,0.017726396917148363,0.005491329479768786,0.2386319845857418,0.2752408477842004,0.8669901997345911,0.3184971098265896,0.1327552986512524,9500.123357501641,0.31204238921001926,0.6,0.8497109826589595,0.0,0.0,0.0,-1.0,-1.0,-1.0,0,0,0,0,0
./datasets/Organised/20260306-handFlying-2/229224271.jpg,8,2,2,0.002601156069364162,0.0035645472061657034,0.0029865125240847784,0.042485549132947976,0.04633911368015414,0.9168201318233506,0.05452793834296724,0.03121387283236994,1638.6218110268376,0.0007707129094412332,0.06666666666666667,0.023121387283236993,0.0,0.0,0.0,-1.0,-1.0,-1.0,0,0,0,0,0
./datasets/Organised/20260306-handFlying-2/263757314.jpg,7,2,1,0.0027938342967244703,0.00510597302504817,0.002890173410404624,0.06348747591522158,0.05163776493256262,1.229453802741656,0.07755298651252408,0.05,1615.3174644436278,0.0007707129094412332,0.1,0.017341040462427744,0.0,0.0,0.0,-1.0,-1.0,-1.0,0,0,0,0,0
./datasets/Organised/20260306-handFlying-2/60458929.jpg,6,2,0,0.3422928709055877,0.012138728323699421,0.004142581888246628,0.1489402697495183,0.17495183044315993,0.8513167198967221,0.1968208092485549,0.08526011560693642,5277.806050569681,0.280009633911368,0.4,1.0,0.0,0.0,0.2973988439306358,-1.0,-1.0,-1.0,0,0,0,1,0
./datasets/Organised/20260306-handFlying-2/109458540.jpg,8,2,2,0.15635838150289016,0.008092485549132947,0.002601156069364162,0.09903660886319846,0.14460500963391137,0.6848720126772208,0.1535645472061657,0.0630057803468208,2997.512692668946,0.1348747591522158,0.4,0.9248554913294798,0.0,0.0,0.15973025048169556,-1.0,-1.0,-1.0,0,0,0,1,0
./datasets/Organised/20260306-handFlying-2/172558043.jpg,8,2,2,0.0012524084778420038,0.0001926782273603083,0.00028901734104046245,0.0036608863198458576,0.0035645472061657034,1.0267389851171482,0.005009633911368015,0.0018304431599229288,49.558819010547175,0.000674373795761079,0.06666666666666667,0.028901734104046242,0.0,0.0,0.0,-1.0,-1.0,-1.0,0,0,0,0,0
./datasets/Organised/20260306-handFlying-2/57892293.jpg,8,2,2,0.13314065510597303,0.010982658959537572,0.0045279383429672445,0.15163776493256262,0.15847784200385356,0.956832868130595,0.18815028901734104,0.09152215799614644,9628.834805511935,0.1216281310211946,0.55,0.43352601156069365,0.0,0.0,0.12976878612716763,-1.0,-1.0,-1.0,0,0,0,0,0
./datasets/Organised/20260306-handFlying-2/207857754.jpg,7,2,1,0.15154142581888247,0.008092485549132947,0.002697495183044316,0.08930635838150289,0.147495183044316,0.6054825049585881,0.15597302504816957,0.062235067437379575,2256.418235602036,0.10158959537572254,0.21666666666666667,0.6473988439306358,0.0,0.0,0.13988439306358383,-1.0,-1.0,-1.0,0,0,0,0,0
./datasets/Organised/20260306-handFlying-2/236490863.jpg,6,2,0,0.012620423892100193,0.003371868978805395,0.0010597302504816955,0.04441233140655106,0.038535645472061654,1.1524700934010763,0.050385356454720615,0.02321772639691715,3340.7274452778984,0.0016859344894026974,0.11666666666666667,0.03468208092485549,0.0,0.0,0.00510597302504817,-1.0,-1.0,-1.0,0,0,0,0,0
./datasets/Organised/20260306-handFlying-2/150658208.jpg,6,2,0,0.007514450867052023,0.0008670520231213873,0.000674373795761079,0.013583815028901734,0.014739884393063583,0.9215061095855066,0.01695568400770713,0.009248554913294798,557.4167856055627,0.005924855491329479,0.2,0.06358381502890173,0.0,0.0,0.0,-1.0,-1.0,-1.0,0,0,0,0,0
./datasets/Organised/20260306-handFlying-2/229057590.jpg,8,2,2,0.0016377649325626203,0.001348747591522158,0.0008670520231213873,0.017726396917148363,0.014161849710982659,1.251612301117785,0.02042389210019268,0.011849710982658959,868.5925445777227,0.0009633911368015414,0.11666666666666667,0.017341040462427744,0.0,0.0,0.0,-1.0,-1.0,-1.0,0,0,0,0,0
./datasets/Organised/20260306-handFlying-2/149191554.jpg,7,2,1,0.0,9.633911368015414e-05,0.0001926782273603083,0.0016377649325626203,0.0016377649325626203,0.9993897843551997,0.0017341040462427746,0.00028901734104046245,11.842702692668947,0.0,0.0,0.0,0.0,0.0,0.0,-1.0,-1.0,-1.0,0,0,0,0,0
./datasets/Organised/20260306-handFlying-2/183991319.jpg,8,2,2,0.26445086705202314,0.013872832369942197,0.004816955684007707,0.194990366088632,0.19007707129094412,1.02584356398571,0.23815028901734103,0.09739884393063585,4406.839342694377,0.23270712909441232,0.6833333333333333,0.5953757225433526,0.0,0.0,0.2432562620423892,-1.0,-1.0,-1.0,0,0,0,0,0
./datasets/Organised/20260306-handFlying-2/277023883.jpg,8,2,2,0.35240847784200385,0.019171483622350674,0.006262042389210019,0.2815992292870906,0.28921001926782275,0.973680843835057,0.34797687861271676,0.14710982658959537,3801.9131526464485,0.1951830443159923,0.9166666666666666,0.8092485549132948,0.0,0.0,0.0,-1.0,-1.0,-1.0,0,0,0,0,0
./datasets/Organised/20260306-handFlying-2/117791815.jpg,7,2,1,0.561849710982659,0.029865125240847785,0.007129094412331407,0.3517341040462428,0.33834296724470136,1.0395755151498158,0.42225433526011563,0.173121387283237,10725.175027008365,0.5548651252408477,1.0,1.0,0.0,0.0,0.5566473988439307,-1.0,-1.0,-1.0,0,0,0,1,0
./datasets/Organised/20260306-handFlying-2/110625203.jpg,8,2,2,0.3286127167630058,0.02157996146435453,0.004913294797687861,0.24595375722543353,0.2651252408477842,0.9276854544422176,0.3085741811175337,0.13516377649325625,3543.872684649968,0.22263969171483622,1.0,0.4393063583815029,0.0,0.0,0.23574181117533718,-1.0,-1.0,-1.0,0,0,0,0,1
./datasets/Organised/20260306-handFlying-2/216524378.jpg,7,2,1,0.0546242774566474,0.010886319845857417,0.004238921001926782,0.1291907514450867,0.12398843930635838,1.0419496383548983,0.15394990366088632,0.07244701348747591,4585.6231735384845,0.03275529865125241,0.5666666666666667,0.13872832369942195,0.0,0.0,0.0,-1.0,-1.0,-1.0,0,0,0,0,0
./datasets/Organised/20260306-handFlying-2/78592114.jpg,7,2,1,0.10770712909441234,0.010789980732177264,0.002697495183044316,0.14672447013487475,0.13159922928709056,1.1149256420730858,0.16936416184971098,0.0663776493256262,2121.572900160008,0.04214836223506744,0.6166666666666667,0.2138728323699422,0.0,0.0,0.0,-1.0,-1.0,-1.0,0,0,0,0,1
./datasets/Organised/20260306-handFlying-2/91258688.jpg,6,2,0,0.17129094412331405,0.0197495183044316,0.005491329479768786,0.22697495183044317,0.22456647398843932,1.0107205099618646,0.2683044315992293,0.11888246628131022,6724.358004685163,0.1486994219653179,0.75,0.45664739884393063,0.0,0.0,0.0,-1.0,-1.0,-1.0,0,0,0,0,1
./datasets/Organised/20260306-handFlying-2/234224228.jpg,8,2,2,0.11907514450867052,0.012427745664739885,0.002601156069364162,0.14797687861271677,0.14450867052023122,1.0239929139690354,0.17504816955684008,0.07302504816955684,1832.19252159741,0.09677263969171483,0.8166666666666667,0.34104046242774566,0.0,0.0,0.0,-1.0,-1.0,-1.0,0,0,0,0,1
./datasets/Organised/20260306-handFlying-2/94725326.jpg,7,2,1,0.20789980732177263,0.011849710982658959,0.004335260115606936,0.15539499036608864,0.1407514450867052,1.1040304860804617,0.1764932562620424,0.08265895953757225,4187.017370471226,0.16676300578034683,0.9666666666666667,0.4508670520231214,0.0,0.0,0.0,-1.0,-1.0,-1.0,0,0,0,0,1
./datasets/Organised/20260306-handFlying-2/273057277.jpg,7,2,1,0.1827552986512524,0.0072254335260115606,0.0030828516377649326,0.07581888246628131,0.1058766859344894,0.7160987869832495,0.11396917148362234,0.04653179190751445,1385.7453748315454,0.16608863198458573,0.6666666666666666,0.5722543352601156,0.0,0.0,0.0,-1.0,-1.0,-1.0,0,0,0,0,0
./datasets/Organised/20260306-handFlying-2/96225326.jpg,6,2,0,0.1035645472061657,0.010886319845857417,0.004335260115606936,0.147495183044316,0.14990366088631984,0.9839265982274489,0.18670520231213872,0.07957610789980732,5121.769301457895,0.039739884393063585,0.6166666666666667,0.1791907514450867,0.0,0.0,0.0371868978805395,-1.0,-1.0,-1.0,0,0,0,0,0
./datasets/Organised/20260306-handFlying-2/140758294.jpg,6,2,0,0.0,0.0,0.0,0.0,0.0,0.0,0.0,0.0,0.0,0.0,0.0,0.0,0.0,0.0,0.0,-1.0,-1.0,-1.0,0,0,0,0,0
./datasets/Organised/20260306-handFlying-2/221324321.jpg,8,2,2,0.26878612716763006,0.008863198458574181,0.0035645472061657034,0.11454720616570327,0.13140655105973026,0.871694246197745,0.15048169556840077,0.06387283236994219,3404.159909888588,0.16286127167630057,0.55,0.5028901734104047,0.0,0.0,0.26676300578034684,-1.0,-1.0,-1.0,0,0,0,0,0
./datasets/Organised/20260306-handFlying-2/172458042.jpg,8,2,2,0.0,0.0004816955684007707,0.0003853564547206166,0.0060693641618497106,0.005202312138728324,1.166442450506736,0.007514450867052023,0.0035645472061657034,72.64534118710576,0.0,0.0,0.0,0.0,0.0,0.0,-1.0,-1.0,-1.0,0,0,0,0,0
./datasets/Organised/20260306-handFlying-2/116991821.jpg,7,2,1,0.72504816955684,0.028901734104046242,0.007032755298651252,0.38227360308285163,0.3646435452793834,1.0483458700580897,0.45539499036608866,0.1914258188824663,12538.775982148492,0.7239884393063584,1.0,1.0,0.0,0.0,0.7063583815028902,-1.0,-1.0,-1.0,0,0,0,1,0
./datasets/Organised/20260306-handFlying-2/100225286.jpg,8,2,2,0.19460500963391136,0.00838150289017341,0.003468208092485549,0.11541425818882466,0.13766859344894028,0.838342405882314,0.1565510597302505,0.06647398843930635,3590.304739095489,0.15684007707129094,0.4,0.5144508670520231,0.0,0.0,0.19508670520231214,-1.0,-1.0,-1.0,0,0,0,0,0
./datasets/Organised/20260306-handFlying-2/136224994.jpg,8,2,2,0.11368015414258188,0.011271676300578034,0.0036608863198458576,0.14527938342967245,0.15867052023121386,0.9155983582811421,0.1859344894026975,0.0802504816955684,3787.6331308170074,0.06473988439306358,0.23333333333333334,0.5144508670520231,0.0,0.0,0.08265895953757225,-1.0,-1.0,-1.0,0,0,0,0,0
./datasets/Organised/20260306-handFlying-2/142058287.jpg,7,2,1,0.01763005780346821,0.0023121387283236996,0.0012524084778420038,0.0289980732177264,0.035452793834296725,0.8179117121642058,0.042870905587668595,0.019171483622350674,605.1455423298103,0.011560693641618497,0.13333333333333333,0.2947976878612717,0.0,0.0,0.0,-1.0,-1.0,-1.0,0,0,0,0,0
./datasets/Organised/20260306-handFlying-2/186357930.jpg,8,2,2,0.06358381502890173,0.0035645472061657034,0.0017341040462427746,0.049229287090558765,0.04373795761078998,1.125524927425668,0.0571290944123314,0.024277456647398842,824.18916260149,0.05308285163776493,0.4,0.30057803468208094,0.0,0.0,0.05876685934489403,-1.0,-1.0,-1.0,0,0,0,0,0
./datasets/Organised/20260306-handFlying-2/207691097.jpg,6,2,0,0.06878612716763005,0.005009633911368015,0.0015414258188824663,0.06358381502890173,0.07032755298651253,0.9040967335286382,0.0848747591522158,0.03680154142581888,3636.541252176448,0.049614643545279384,0.21666666666666667,0.35260115606936415,0.0,0.0,0.05626204238921002,-1.0,-1.0,-1.0,0,0,0,0,0
./datasets/Organised/20260306-handFlying-2/213657715.jpg,8,2,2,0.16946050096339113,0.0068400770712909445,0.0024084778420038534,0.09508670520231213,0.10433526011560694,0.9113486059108684,0.11984585741811175,0.048747591522158,2142.752261314741,0.15245664739884393,0.5,0.5722543352601156,0.0,0.0,0.16560693641618496,-1.0,-1.0,-1.0,0,0,0,0,0
./datasets/Organised/20260306-handFlying-2/148258243.jpg,8,2,2,0.0004816955684007707,0.001445086705202312,0.0007707129094412332,0.023506743737957612,0.02003853564547206,1.173018384947905,0.026493256262042388,0.011464354527938344,593.0252259978244,0.0001926782273603083,0.05,0.017341040462427744,0.0,0.0,0.0,-1.0,-1.0,-1.0,0,0,0,0,0
./datasets/Organised/20260306-handFlying-2/215257715.jpg,7,2,1,0.05009633911368015,0.005009633911368015,0.0025048169556840076,0.06724470134874759,0.06685934489402698,1.0057486460072829,0.08169556840077072,0.03564547206165703,1160.6851832577843,0.043111753371868976,0.5666666666666667,0.19653179190751446,0.0,0.0,9.633911368015414e-05,-1.0,-1.0,-1.0,0,0,0,0,0
./datasets/Organised/20260306-handFlying-2/253924060.jpg,8,2,2,0.059248554913294796,0.0056840077071290945,0.0022157996146435453,0.09094412331406551,0.07947976878612717,1.1442280277734203,0.10452793834296724,0.04499036608863199,1382.7381790979393,0.03265895953757225,0.6,0.10404624277456648,0.0,0.0,9.633911368015414e-05,-1.0,-1.0,-1.0,0,0,0,0,0
./datasets/Organised/20260306-handFlying-2/43359074.jpg,6,2,0,0.3153179190751445,0.011271676300578034,0.004238921001926782,0.1701348747591522,0.15789980732177264,1.077479448299772,0.20173410404624278,0.08564547206165703,5835.783800772941,0.2791907514450867,0.8666666666666667,0.5780346820809249,0.0,0.0,0.2888246628131021,-1.0,-1.0,-1.0,0,0,0,0,0
./datasets/Organised/20260306-handFlying-2/64092232.jpg,7,2,1,0.2568400770712909,0.014161849710982659,0.004335260115606936,0.20510597302504818,0.20549132947976878,0.9981198497496295,0.24836223506743738,0.10809248554913295,12331.104006556256,0.1422447013487476,0.43333333333333335,0.630057803468208,0.0,0.0,0.19046242774566474,-1.0,-1.0,-1.0,0,0,0,0,1
./datasets/Organised/20260306-handFlying-2/48959042.jpg,6,2,0,0.3916184971098266,0.011078998073217727,0.002890173410404624,0.14383429672447012,0.15944123314065511,0.9021091456840288,0.18188824662813102,0.07341040462427746,6977.134968638742,0.3957610789980732,0.8,0.6994219653179191,0.0,0.0,0.3800578034682081,-1.0,-1.0,-1.0,0,0,0,1,0
./datasets/Organised/20260306-handFlying-2/146824912.jpg,7,2,1,0.0,0.0016377649325626203,0.0010597302504816955,0.014739884393063583,0.013969171483622351,1.0550968834093117,0.018497109826589597,0.008188824662813102,562.5058639799378,0.0,0.0,0.0,0.0,0.0,0.0,-1.0,-1.0,-1.0,0,0,0,0,0
./datasets/Organised/20260306-handFlying-2/184724656.jpg,6,2,0,0.24335260115606935,0.01695568400770713,0.004720616570327553,0.20857418111753373,0.201252408477842,1.0363758939292584,0.24845857418111753,0.11001926782273604,7574.921702882004,0.175,0.5833333333333334,0.6589595375722543,0.0,0.0,0.17967244701348747,-1.0,-1.0,-1.0,0,0,0,1,0
./datasets/Organised/20260306-handFlying-2/203557797.jpg,8,2,2,0.14845857418111755,0.012138728323699421,0.0037572254335260114,0.15183044315992292,0.15944123314065511,0.9522598885452306,0.19335260115606936,0.0804431599229287,3141.1843189901283,0.049373795761079,0.43333333333333335,0.2138728323699422,0.0,0.0,0.07495183044315992,-1.0,-1.0,-1.0,0,0,0,0,1
./datasets/Organised/20260306-handFlying-2/72825497.jpg,6,2,0,0.18921001926782274,0.011368015414258189,0.004335260115606936,0.16339113680154144,0.1989402697495183,0.8213033776614721,0.2239884393063584,0.09200385356454721,5700.73698274806,0.12591522157996146,0.38333333333333336,0.6127167630057804,0.0,0.0,0.14335260115606938,-1.0,-1.0,-1.0,0,0,0,0,0
./datasets/Organised/20260306-handFlying-2/151924924.jpg,8,2,2,0.008188824662813102,0.001348747591522158,0.0012524084778420038,0.017822736030828516,0.017726396917148363,1.0053780661721365,0.023410404624277455,0.013294797687861272,318.52219248517787,0.006551059730250481,0.13333333333333333,0.06358381502890173,0.0,0.0,0.0,-1.0,-1.0,-1.0,0,0,0,0,0
./datasets/Organised/20260306-handFlying-2/86792050.jpg,6,2,0,0.2635838150289017,0.01233140655105973,0.005202312138728324,0.16156069364161849,0.1701348747591522,0.9495980425664315,0.2016377649325626,0.09210019267822736,6455.3334174212305,0.23810211946050097,0.5833333333333334,0.6763005780346821,0.0,0.0,0.2520231213872832,-1.0,-1.0,-1.0,0,0,0,1,0
./datasets/Organised/20260306-handFlying-2/261157841.jpg,6,2,0,0.0060693641618497106,0.00674373795761079,0.003179190751445087,0.08294797687861272,0.07485549132947977,1.1080933050083577,0.09778420038535646,0.04942196531791908,1768.0796530585349,0.001445086705202312,0.18333333333333332,0.023121387283236993,0.0,0.0,0.0,-1.0,-1.0,-1.0,0,0,0,0,0
./datasets/Organised/20260306-handFlying-2/196957857.jpg,7,2,1,0.2348747591522158,0.012235067437379576,0.004335260115606936,0.15510597302504817,0.19874759152215798,0.7804129419843249,0.22177263969171485,0.09354527938342967,9383.830071019933,0.20337186897880538,0.55,0.6358381502890174,0.0,0.0,0.21840077071290945,-1.0,-1.0,-1.0,0,0,0,0,0
./datasets/Organised/20260306-handFlying-2/198357843.jpg,6,2,0,0.0315028901734104,0.002601156069364162,0.0018304431599229288,0.036223506743737956,0.03420038535645472,1.0591239613895234,0.042196531791907514,0.022350674373795763,1874.483397596534,0.02779383429672447,0.4166666666666667,0.1329479768786127,0.0,0.0,0.03159922928709056,-1.0,-1.0,-1.0,0,0,0,0,0
./datasets/Organised/20260306-handFlying-2/204157797.jpg,8,2,2,0.21647398843930635,0.015895953757225433,0.004046242774566474,0.2149325626204239,0.22196531791907514,0.9683116097766886,0.2642581888246628,0.10684007707129095,5243.432972581406,0.10048169556840077,0.95,0.23121387283236994,0.0,0.0,0.0,-1.0,-1.0,-1.0,0,0,0,0,0
./datasets/Organised/20260306-handFlying-2/82825416.jpg,6,2,0,0.1466281310211946,0.017919075144508672,0.0056840077071290945,0.2266859344894027,0.2233140655105973,1.0150946778762915,0.2749518304431599,0.13034682080924856,6056.8561794023635,0.09094412331406551,0.7,0.30057803468208094,0.0,0.0,0.011849710982658959,-1.0,-1.0,-1.0,0,0,0,0,0
./datasets/Organised/20260306-handFlying-2/78292132.jpg,8,2,2,0.008188824662813102,0.0012524084778420038,0.00028901734104046245,0.019942196531791908,0.019364161849710983,1.0297975656779514,0.02398843930635838,0.009441233140655106,256.1476436733602,0.0036127167630057803,0.2,0.03468208092485549,0.0,0.0,0.0,-1.0,-1.0,-1.0,0,0,0,0,0
./datasets/Organised/20260306-handFlying-2/143358294.jpg,8,2,2,0.0004816955684007707,0.001348747591522158,0.0010597302504816955,0.01724470134874759,0.016184971098265895,1.0654103633358842,0.02167630057803468,0.012909441233140655,434.8304539261438,0.0001926782273603083,0.05,0.017341040462427744,0.0,0.0,0.0,-1.0,-1.0,-1.0,0,0,0,0,0
./datasets/Organised/20260306-handFlying-2/236190869.jpg,8,2,2,0.1836223506743738,0.01001926782273603,0.0029865125240847784,0.14344894026974953,0.17726396917148363,0.809234565296311,0.2023121387283237,0.08352601156069364,4327.0129687946655,0.12885356454720617,0.43333333333333335,0.44508670520231214,0.0,0.0,0.14364161849710982,-1.0,-1.0,-1.0,0,0,0,0,0
./datasets/Organised/20260306-handFlying-2/179957982.jpg,8,2,2,0.0697495183044316,0.00838150289017341,0.002601156069364162,0.11657032755298652,0.11107899807321772,1.049426805680622,0.1382466281310212,0.059152215799614646,3370.131602895371,0.03627167630057804,0.3333333333333333,0.2947976878612717,0.0,0.0,0.0,-1.0,-1.0,-1.0,0,0,0,0,0
./datasets/Organised/20260306-handFlying-2/245024145.jpg,7,2,1,0.3201348747591522,0.0220616570327553,0.005876685934489403,0.2815992292870906,0.29865125240847784,0.9429000686120285,0.3627167630057804,0.15289017341040462,7507.264226112911,0.12027938342967244,0.7166666666666667,0.6878612716763006,0.0,0.0,0.2295761078998073,-1.0,-1.0,-1.0,0,0,0,0,1
./datasets/Organised/20260306-handFlying-2/261890663.jpg,6,2,0,0.0038535645472061657,0.004046242774566474,0.002697495183044316,0.04672447013487476,0.0430635838150289,1.0849859907056298,0.05635838150289017,0.030635838150289016,1093.842209998849,0.0011078998073217727,0.1,0.023121387283236993,0.0,0.0,0.0,-1.0,-1.0,-1.0,0,0,0,0,0
./datasets/Organised/20260306-handFlying-2/186057933.jpg,8,2,2,0.0882466281310212,0.00510597302504817,0.0023121387283236996,0.08930635838150289,0.07996146435452794,1.1168535024827038,0.10337186897880539,0.042967244701348745,1239.7695495914406,0.06180154142581888,0.48333333333333334,0.26011560693641617,0.0,0.0,0.06753371868978805,-1.0,-1.0,-1.0,0,0,0,0,0
./datasets/Organised/20260306-handFlying-2/221624316.jpg,6,2,0,0.010789980732177264,0.004238921001926782,0.0024084778420038534,0.04720616570327553,0.049614643545279384,0.9514371341408692,0.06069364161849711,0.03342967244701349,2602.8542459376085,0.004865125240847784,0.18333333333333332,0.04046242774566474,0.0,0.0,0.006262042389210019,-1.0,-1.0,-1.0,0,0,0,0,0
./datasets/Organised/20260306-handFlying-2/224224305.jpg,8,2,2,0.20240847784200386,0.01001926782273603,0.004142581888246628,0.13728323699421965,0.1428709055876686,0.9608833621245456,0.17157996146435453,0.07524084778420038,5597.607759326703,0.1680635838150289,0.43333333333333335,0.5260115606936416,0.0,0.0,0.18959537572254334,-1.0,-1.0,-1.0,0,0,0,0,0
./datasets/Organised/20260306-handFlying-2/281323877.jpg,8,2,2,0.21098265895953758,0.013969171483622351,0.005202312138728324,0.18795761078998074,0.2079961464354528,0.9036547568613357,0.23603082851637766,0.10510597302504816,7483.696472726194,0.13415221579961464,0.5166666666666667,0.5780346820809249,0.0,0.0,0.1420038535645472,-1.0,-1.0,-1.0,0,0,0,0,0
./datasets/Organised/20260306-handFlying-2/286523807.jpg,6,2,0,0.047013487475915224,0.002023121387283237,0.0012524084778420038,0.026204238921001925,0.029576107899807323,0.8859635299627328,0.03333333333333333,0.014547206165703276,363.10369693459705,0.042726396917148364,0.38333333333333336,0.18497109826589594,0.0,0.0,0.0,-1.0,-1.0,-1.0,0,0,0,0,0
./datasets/Organised/20260306-handFlying-2/140891621.jpg,7,2,1,0.0022157996146435453,0.0016377649325626203,0.0010597302504816955,0.026589595375722544,0.025048169556840076,1.0614960833486724,0.031117533718689788,0.014932562620423893,752.4897241991232,0.0003853564547206166,0.05,0.023121387283236993,0.0,0.0,0.0,-1.0,-1.0,-1.0,0,0,0,0,0
./datasets/Organised/20260306-handFlying-2/207424459.jpg,7,2,1,0.3239884393063584,0.007418111753371869,0.002023121387283237,0.09046242774566474,0.13111753371868978,0.6899286102432224,0.14296724470134875,0.060789980732177264,2989.5382351194125,0.27851637764932563,0.5166666666666667,0.6820809248554913,0.0,0.0,0.31685934489402695,-1.0,-1.0,-1.0,0,0,0,1,0
./datasets/Organised/20260306-handFlying-2/45892388.jpg,7,2,1,0.16078998073217726,0.012524084778420038,0.00510597302504817,0.17283236994219653,0.15481695568400772,1.1163586883614278,0.20260115606936416,0.0930635838150289,6744.634509552237,0.06734104046242774,0.31666666666666665,0.43352601156069365,0.0,0.0,0.10539499036608863,-1.0,-1.0,-1.0,0,0,0,0,0
./datasets/Organised/20260306-handFlying-2/110458527.jpg,7,2,1,0.0,0.0,9.633911368015414e-05,0.00028901734104046245,0.0003853564547206166,0.7480587874465762,0.0004816955684007707,0.00028901734104046245,4.949493207999671,0.0,0.0,0.0,0.0,0.0,0.0,-1.0,-1.0,-1.0,0,0,0,0,0
./datasets/Organised/20260306-handFlying-2/87558729.jpg,8,2,2,0.20289017341040463,0.012620423892100193,0.0038535645472061657,0.1546242774566474,0.16811175337186898,0.9197653024849055,0.18959537572254334,0.0788053949903661,6971.575663988106,0.13665703275529864,0.65,0.4624277456647399,0.0,0.0,0.14730250481695567,-1.0,-1.0,-1.0,0,0,0,0,0
./datasets/Organised/20260306-handFlying-2/174891378.jpg,6,2,0,0.02003853564547206,0.004238921001926782,0.002697495183044316,0.0708092485549133,0.07052023121387284,1.004084122413674,0.0850674373795761,0.03689788053949904,1060.638515041153,0.005780346820809248,0.15,0.09248554913294797,0.0,0.0,0.008959537572254336,-1.0,-1.0,-1.0,0,0,0,0,0
./datasets/Organised/20260306-handFlying-2/145858264.jpg,6,2,0,0.03121387283236994,0.0052986512524084775,0.001445086705202312,0.059633911368015415,0.06069364161849711,0.9825234942954433,0.07427745664739885,0.03603082851637765,6486.981778728174,0.013439306358381503,0.23333333333333334,0.10404624277456648,0.0,0.0,0.0,-1.0,-1.0,-1.0,0,0,0,0,0
./datasets/Organised/20260306-handFlying-2/201791167.jpg,8,2,2,0.47215799614643544,0.012620423892100193,0.004720616570327553,0.1655105973025048,0.1903660886319846,0.8694286312402872,0.21589595375722542,0.09556840077071291,4955.139982254299,0.48010597302504815,0.6833333333333333,0.9479768786127167,0.0,0.0,0.47023121387283234,-1.0,-1.0,-1.0,0,0,0,1,0
./datasets/Organised/20260306-handFlying-2/291757394.jpg,7,2,1,0.003468208092485549,0.002023121387283237,0.0016377649325626203,0.02398843930635838,0.024084778420038536,0.9959586477969433,0.027938342967244702,0.014450867052023121,1795.116502491081,0.002601156069364162,0.11666666666666667,0.046242774566473986,0.0,0.0,0.0,-1.0,-1.0,-1.0,0,0,0,0,0
./datasets/Organised/20260306-handFlying-2/216091026.jpg,7,2,1,0.07514450867052024,0.01001926782273603,0.0029865125240847784,0.10549132947976879,0.10472061657032755,1.0073500862061686,0.12678227360308286,0.054720616570327556,3102.2769001080337,0.06502890173410404,0.7833333333333333,0.17341040462427745,0.0,0.0,0.0,-1.0,-1.0,-1.0,0,0,0,0,0
./datasets/Organised/20260306-handFlying-2/70525518.jpg,8,2,2,0.004624277456647399,0.004624277456647399,0.0023121387283236996,0.057321772639691716,0.05510597302504817,1.040190914018029,0.06907514450867051,0.03574181117533719,2303.3877284016617,0.0005780346820809249,0.08333333333333333,0.017341040462427744,0.0,0.0,0.0003853564547206166,-1.0,-1.0,-1.0,0,0,0,0,0
./datasets/Organised/20260306-handFlying-2/51092341.jpg,7,2,1,0.47851637764932564,0.012427745664739885,0.005009633911368015,0.1485549132947977,0.18554913294797687,0.8006187380983898,0.20443159922928708,0.08699421965317919,9416.298464690508,0.464354527938343,0.6833333333333333,1.0,0.0,0.0,0.4775529865125241,-1.0,-1.0,-1.0,0,0,0,1,0
./datasets/Organised/20260306-handFlying-2/46492390.jpg,6,2,0,0.9257225433526012,0.006262042389210019,0.003371868978805395,0.10404624277456648,0.09980732177263969,1.0424605977403432,0.12273603082851638,0.054720616570327556,5455.601818850911,0.9046242774566474,1.0,1.0,0.0,0.0,0.9252408477842003,-1.0,-1.0,-1.0,0,0,0,1,0
./datasets/Organised/20260306-handFlying-2/184291312.jpg,8,2,2,0.26714836223506744,0.012524084778420038,0.004431599229287091,0.17630057803468208,0.1754335260115607,1.0049366110697293,0.21213872832369943,0.08709055876685934,4024.081449393193,0.23232177263969173,0.7,0.5260115606936416,0.0,0.0,0.0,-1.0,-1.0,-1.0,0,0,0,0,0
./datasets/Organised/20260306-handFlying-2/202057812.jpg,7,2,1,0.279383429672447,0.011078998073217727,0.003468208092485549,0.1466281310211946,0.15539499036608864,0.9435773128750726,0.18073217726396917,0.07832369942196532,6254.571939664614,0.20645472061657033,0.5833333333333334,0.49710982658959535,0.0,0.0,0.2560693641618497,-1.0,-1.0,-1.0,0,0,0,0,0
./datasets/Organised/20260306-handFlying-2/160324805.jpg,6,2,0,0.0,0.0001926782273603083,0.0001926782273603083,0.0023121387283236996,0.002119460500963391,1.0903946229006496,0.002890173410404624,0.002119460500963391,173.4402697495183,0.0,0.0,0.0,0.0,0.0,0.0,-1.0,-1.0,-1.0,0,0,0,0,0
./datasets/Organised/20260306-handFlying-2/278857195.jpg,8,2,2,0.14884393063583815,0.009633911368015413,0.0036608863198458576,0.13439306358381503,0.16021194605009634,0.8388402241963157,0.1811175337186898,0.07456647398843931,3759.8684247069923,0.07288053949903661,0.4666666666666667,0.32947976878612717,0.0,0.0,0.1258188824662813,-1.0,-1.0,-1.0,0,0,0,0,0
./datasets/Organised/20260306-handFlying-2/264323978.jpg,8,2,2,0.0,0.0007707129094412332,0.001348747591522158,0.014547206165703276,0.01348747591522158,1.0784914661327254,0.01695568400770713,0.009441233140655106,258.5054178128979,0.0,0.0,0.0,0.0,0.0,0.0,-1.0,-1.0,-1.0,0,0,0,0,0
./datasets/Organised/20260306-handFlying-2/239157511.jpg,8,2,2,0.13651252408477843,0.013102119460500963,0.0025048169556840076,0.15481695568400772,0.15202312138728324,1.0183709944924444,0.18535645472061657,0.07813102119460501,2077.712124054707,0.05852601156069364,0.6166666666666667,0.28901734104046245,0.0,0.0,0.0,-1.0,-1.0,-1.0,0,0,0,0,1
./datasets/Organised/20260306-handFlying-2/64392241.jpg,7,2,1,0.23285163776493256,0.014450867052023121,0.0045279383429672445,0.18670520231213872,0.18285163776493257,1.021069231454888,0.22572254335260117,0.09759152215799614,10196.362383000878,0.09879576107899807,0.4,0.6878612716763006,0.0,0.0,0.13901734104046243,-1.0,-1.0,-1.0,0,0,0,1,0
./datasets/Organised/20260306-handFlying-2/202357808.jpg,7,2,1,0.27610789980732175,0.009248554913294798,0.0030828516377649326,0.12244701348747591,0.14653179190751445,0.8356287483061096,0.1663776493256262,0.07071290944123314,4943.081683094435,0.18762042389210018,0.6166666666666667,0.4393063583815029,0.0,0.0,0.2708092485549133,-1.0,-1.0,-1.0,0,0,0,0,0
./datasets/Organised/20260306-handFlying-2/237990857.jpg,8,2,2,0.14865125240847785,0.012909441233140655,0.003468208092485549,0.15298651252408477,0.14489402697495182,1.0558437768228701,0.18179190751445087,0.07764932562620423,1873.2787624786067,0.12914258188824662,1.0,0.4393063583815029,0.0,0.0,0.0,-1.0,-1.0,-1.0,0,0,0,0,1
./datasets/Organised/20260306-handFlying-2/183991319.jpg,7,2,1,0.37215799614643547,0.018978805394990365,0.006358381502890174,0.23805394990366088,0.2813102119460501,0.846229868539029,0.3258188824662813,0.1336223506743738,8641.86410849195,0.2859344894026975,0.5833333333333334,0.8901734104046243,0.0,0.0,0.0,-1.0,-1.0,-1.0,0,0,0,0,0
./datasets/Organised/20260306-handFlying-2/207991106.jpg,7,2,1,0.13776493256262043,0.007707129094412331,0.0030828516377649326,0.10529865125240848,0.15828516377649327,0.6652422974954059,0.17273603082851638,0.07321772639691715,3735.0502881263433,0.09176300578034682,0.3,0.5375722543352601,0.0,0.0,0.12996146435452793,-1.0,-1.0,-1.0,0,0,0,0,0
./datasets/Organised/20260306-handFlying-2/235590904.jpg,8,2,2,0.12312138728323699,0.01001926782273603,0.0029865125240847784,0.12755298651252409,0.15298651252408477,0.8337476988028253,0.17976878612716762,0.07707129094412331,2979.1209487917704,0.08400770712909442,0.36666666666666664,0.44508670520231214,0.0,0.0,0.09595375722543352,-1.0,-1.0,-1.0,0,0,0,0,0
./datasets/Organised/20260306-handFlying-2/274923967.jpg,7,2,1,0.1971098265895954,0.010886319845857417,0.0035645472061657034,0.10346820809248555,0.14489402697495182,0.7140908163147119,0.15308285163776494,0.06233140655105973,2347.1848668793923,0.18082851637764932,0.55,0.6184971098265896,0.0,0.0,0.0,-1.0,-1.0,-1.0,0,0,0,0,0
./datasets/Organised/20260306-handFlying-2/77258793.jpg,6,2,0,0.0027938342967244703,0.001348747591522158,0.000674373795761079,0.020327552986512523,0.019942196531791908,1.019272560148916,0.026589595375722544,0.014065510597302504,305.89546418189724,0.0008670520231213873,0.11666666666666667,0.017341040462427744,0.0,0.0,0.0,-1.0,-1.0,-1.0,0,0,0,0,0
./datasets/Organised/20260306-handFlying-2/50325678.jpg,6,2,0,0.2703275529865125,0.014354527938342966,0.0045279383429672445,0.1939306358381503,0.20597302504816956,0.9415295729293887,0.24277456647398843,0.10346820809248555,7759.658967890675,0.221868978805395,0.55,0.6069364161849711,0.0,0.0,0.24710982658959538,-1.0,-1.0,-1.0,0,0,0,0,0
./datasets/Organised/20260306-handFlying-2/180091311.jpg,8,2,2,0.07254335260115607,0.009344894026974951,0.0032755298651252407,0.1291907514450867,0.12716763005780346,1.0159011022322417,0.15173410404624277,0.06801541425818883,4163.8660868128645,0.03829479768786127,0.3333333333333333,0.31213872832369943,0.0,0.0,0.0,-1.0,-1.0,-1.0,0,0,0,0,0
./datasets/Organised/20260306-handFlying-2/88492045.jpg,7,2,1,0.32736030828516377,0.027552986512524084,0.0076107899807321775,0.37215799614643547,0.37215799614643547,0.9999973129764151,0.4501926782273603,0.17842003853564548,9580.132430632126,0.15033718689788053,0.65,0.5375722543352601,0.0,0.0,0.20867052023121388,-1.0,-1.0,-1.0,0,0,0,0,1
./datasets/Organised/20260306-handFlying-2/277157228.jpg,7,2,1,0.24258188824662813,0.004720616570327553,0.0018304431599229288,0.04210019267822736,0.0686897880539499,0.6128943031656846,0.07167630057803469,0.02813102119460501,846.582534544719,0.2264932562620424,0.36666666666666664,0.884393063583815,0.0,0.0,0.24258188824662813,-1.0,-1.0,-1.0,0,0,0,1,0
./datasets/Organised/20260306-handFlying-2/84325406.jpg,7,2,1,0.5195568400770713,0.01724470134874759,0.004720616570327553,0.2635838150289017,0.23053949903660886,1.1433297669189382,0.3128131021194605,0.11946050096339114,8975.109910222714,0.4905587668593449,0.9333333333333333,0.7861271676300579,0.0,0.0,0.5072254335260116,-1.0,-1.0,-1.0,0,0,0,1,0
./datasets/Organised/20260306-handFlying-2/68358874.jpg,7,2,1,0.23121387283236994,0.019460500963391136,0.006262042389210019,0.2613680154142582,0.24730250481695568,1.0568714568267543,0.30664739884393066,0.12745664739884394,9977.753148339962,0.09783236994219653,0.7833333333333333,0.26011560693641617,0.0,0.0,0.04132947976878613,-1.0,-1.0,-1.0,0,0,0,0,1
./datasets/Organised/20260306-handFlying-2/169424741.jpg,7,2,1,0.011271676300578034,0.002023121387283237,0.0008670520231213873,0.028323699421965318,0.030154142581888248,0.9392659757801003,0.037764932562620424,0.017726396917148363,533.8761344069854,0.003371868978805395,0.06666666666666667,0.14450867052023122,0.0,0.0,0.011946050096339113,-1.0,-1.0,-1.0,0,0,0,0,0
./datasets/Organised/20260306-handFlying-2/194357870.jpg,7,2,1,0.39123314065510595,0.01676300578034682,0.005780346820809248,0.22302504816955684,0.27533718689788056,0.8100040560384529,0.3060693641618497,0.13159922928709056,11778.881653051112,0.34884393063583813,0.55,1.0,0.0,0.0,0.373121387283237,-1.0,-1.0,-1.0,0,0,0,1,0
./datasets/Organised/20260306-handFlying-2/274523897.jpg,7,2,1,0.14152215799614642,0.0076107899807321775,0.0036608863198458576,0.10086705202312139,0.13342967244701348,0.7559510131613599,0.14489402697495182,0.0605009633911368,1885.1992382991596,0.1203757225433526,0.5666666666666667,0.4913294797687861,0.0,0.0,0.0,-1.0,-1.0,-1.0,0,0,0,0,0
./datasets/Organised/20260306-handFlying-2/77992127.jpg,8,2,2,0.01069364161849711,0.0019267822736030828,0.0011560693641618498,0.033236994219653176,0.031021194605009635,1.0713940339438746,0.03892100192678227,0.015317919075144508,544.1454675695443,0.0026493256262042388,0.1,0.046242774566473986,0.0,0.0,0.0,-1.0,-1.0,-1.0,0,0,0,0,0
./datasets/Organised/20260306-handFlying-2/254624088.jpg,6,2,0,0.08959537572254335,0.00674373795761079,0.0022157996146435453,0.08545279383429673,0.09238921001926782,0.9249117824981207,0.1092485549132948,0.048073217726396916,2190.8305877521248,0.07307321772639691,0.3,0.4913294797687861,0.0,0.0,0.08217726396917148,-1.0,-1.0,-1.0,0,0,0,0,0
./datasets/Organised/20260306-handFlying-2/202957799.jpg,8,2,2,0.20761078998073218,0.010886319845857417,0.0032755298651252407,0.13497109826589596,0.1498073217726397,0.9009586161090448,0.17408477842003853,0.06917148362235068,3075.566702111664,0.18198458574181117,0.6666666666666666,0.5606936416184971,0.0,0.0,0.19094412331406552,-1.0,-1.0,-1.0,0,0,0,0,0
./datasets/Organised/20260306-handFlying-2/111491862.jpg,7,2,1,0.0,9.633911368015414e-05,0.0001926782273603083,0.001348747591522158,0.0011560693641618498,1.1656583721747356,0.0019267822736030828,0.0007707129094412332,11.63776493256262,0.0,0.0,0.0,0.0,0.0,0.0,-1.0,-1.0,-1.0,0,0,0,0,0
./datasets/Organised/20260306-handFlying-2/154258186.jpg,8,2,2,0.19595375722543354,0.009055876685934489,0.0035645472061657034,0.1126204238921002,0.17283236994219653,0.6516127292418453,0.18439306358381502,0.07726396917148362,3289.6641745742704,0.14715799614643546,0.2833333333333333,0.8959537572254336,0.0,0.0,0.16387283236994218,-1.0,-1.0,-1.0,0,0,0,1,0
./datasets/Organised/20260306-handFlying-2/222924309.jpg,7,2,1,0.3220616570327553,0.02302504816955684,0.0068400770712909445,0.29527938342967247,0.3173410404624277,0.9304767278845067,0.3804431599229287,0.1608863198458574,12866.73144496605,0.23482658959537572,0.48333333333333334,1.0,0.0,0.0,0.26165703275529867,-1.0,-1.0,-1.0,0,0,0,1,0
./datasets/Organised/20260306-handFlying-2/241257497.jpg,6,2,0,0.006262042389210019,0.00510597302504817,0.002697495183044316,0.05857418111753372,0.058477842003853565,1.0016303180845112,0.0708092485549133,0.03497109826589596,1112.744020208939,0.001300578034682081,0.08333333333333333,0.03468208092485549,0.0,0.0,0.0,-1.0,-1.0,-1.0,0,0,0,0,0
./datasets/Organised/20260306-handFlying-2/92058679.jpg,6,2,0,0.005780346820809248,0.004720616570327553,0.0032755298651252407,0.07071290944123314,0.06849710982658959,1.0323337332993647,0.08468208092485549,0.04161849710982659,3343.3360721392482,0.0010115606936416184,0.1,0.023121387283236993,0.0,0.0,0.0,-1.0,-1.0,-1.0,0,0,0,0,0
./datasets/Organised/20260306-handFlying-2/136792105.jpg,6,2,0,0.0009633911368015414,0.001445086705202312,0.0007707129094412332,0.021098265895953757,0.01878612716763006,1.123017144010488,0.025144508670520233,0.013102119460500963,445.00002282253183,0.0001926782273603083,0.05,0.017341040462427744,0.0,0.0,0.0,-1.0,-1.0,-1.0,0,0,0,0,0
./datasets/Organised/20260306-handFlying-2/98092014.jpg,6,2,0,0.2863198458574181,0.012716763005780347,0.0038535645472061657,0.17745664739884393,0.21454720616570327,0.82711783319124,0.23410404624277456,0.09499036608863198,4401.408289052609,0.20616570327552985,0.6833333333333333,1.0,0.0,0.0,0.279383429672447,-1.0,-1.0,-1.0,0,0,0,0,1
./datasets/Organised/20260306-handFlying-2/189124627.jpg,6,2,0,0.24132947976878613,0.016184971098265895,0.005009633911368015,0.20491329479768786,0.20048169556840076,1.0220996591088605,0.24633911368015415,0.10684007707129095,5080.16114035625,0.098747591522158,0.5333333333333333,0.5838150289017341,0.0,0.0,0.2130057803468208,-1.0,-1.0,-1.0,0,0,0,0,0
./datasets/Organised/20260306-handFlying-2/146958247.jpg,8,2,2,0.0007707129094412332,0.0012524084778420038,0.000674373795761079,0.01560693641618497,0.013872832369942197,1.1249189120950864,0.018497109826589597,0.007996146435452794,267.16023084262383,0.0003853564547206166,0.05,0.023121387283236993,0.0,0.0,0.0,-1.0,-1.0,-1.0,0,0,0,0,0
./datasets/Organised/20260306-handFlying-2/117591810.jpg,8,2,2,0.12292870905587669,0.01001926782273603,0.004431599229287091,0.1373795761078998,0.14383429672447012,0.9551172711873578,0.16907514450867053,0.07186897880539499,4341.367681095259,0.0865606936416185,0.6666666666666666,0.2658959537572254,0.0,0.0,0.09797687861271677,-1.0,-1.0,-1.0,0,0,0,0,0
./datasets/Organised/20260306-handFlying-2/80658768.jpg,6,2,0,0.049132947976878616,0.011946050096339113,0.004913294797687861,0.15366088631984587,0.1508670520231214,1.0185117674635082,0.18323699421965317,0.08092485549132948,3477.1426962329365,0.012764932562620424,0.2833333333333333,0.10404624277456648,0.0,0.0,0.0,-1.0,-1.0,-1.0,0,0,0,0,0
./datasets/Organised/20260306-handFlying-2/195491203.jpg,7,2,1,0.47620423892100194,0.019942196531791908,0.0060693641618497106,0.23641618497109826,0.2966281310211946,0.7970093299912812,0.32822736030828514,0.14527938342967245,13227.712470727016,0.4790462427745665,0.7,1.0,0.0,0.0,0.46001926782273606,-1.0,-1.0,-1.0,0,0,0,1,0
./datasets/Organised/20260306-handFlying-2/145291591.jpg,7,2,1,0.0,0.00028901734104046245,0.0003853564547206166,0.002890173410404624,0.003468208092485549,0.8330931248156781,0.004046242774566474,0.003179190751445087,322.5287053433868,0.0,0.0,0.0,0.0,0.0,0.0,-1.0,-1.0,-1.0,0,0,0,0,0
./datasets/Organised/20260306-handFlying-2/149191554.jpg,6,2,0,0.029383429672447014,0.0036608863198458576,0.0008670520231213873,0.05433526011560694,0.04633911368015414,1.1725318692706796,0.060404624277456645,0.024759152215799614,873.7928254275859,0.015173410404624277,0.5166666666666667,0.08092485549132948,0.0,0.0,0.0,-1.0,-1.0,-1.0,0,0,0,0,0
./datasets/Organised/20260306-handFlying-2/165124768.jpg,8,2,2,0.0010597302504816955,0.0003853564547206166,0.0004816955684007707,0.007418111753371869,0.008092485549132947,0.91655340685282,0.009152215799614644,0.004142581888246628,266.3339613381299,0.0005298651252408478,0.06666666666666667,0.028901734104046242,0.0,0.0,0.0,-1.0,-1.0,-1.0,0,0,0,0,0
./datasets/Organised/20260306-handFlying-2/214691050.jpg,6,2,0,0.1441233140655106,0.013294797687861272,0.0045279383429672445,0.1724470134874759,0.1815028901734104,0.9501009224800555,0.21127167630057803,0.0918111753371869,6097.543698827968,0.04002890173410405,0.2833333333333333,0.19653179190751446,0.0,0.0,0.055876685934489405,-1.0,-1.0,-1.0,0,0,0,0,0
./datasets/Organised/20260306-handFlying-2/107991892.jpg,8,2,2,0.12254335260115606,0.008285163776493257,0.0029865125240847784,0.097495183044316,0.10394990366088631,0.9378964454447603,0.12427745664739884,0.05578034682080925,1806.917931799704,0.06748554913294798,0.3,0.4046242774566474,0.0,0.0,0.10221579961464354,-1.0,-1.0,-1.0,0,0,0,0,0
./datasets/Organised/20260306-handFlying-2/184291312.jpg,7,2,1,0.34354527938342966,0.019845857418111755,0.005009633911368015,0.225626204238921,0.27591522157996146,0.8177344664512005,0.31271676300578033,0.13477842003853566,9110.60324653532,0.3023603082851638,0.5666666666666667,0.8670520231213873,0.0,0.0,0.0,-1.0,-1.0,-1.0,0,0,0,0,0
./datasets/Organised/20260306-handFlying-2/156358206.jpg,7,2,1,0.10221579961464354,0.0038535645472061657,0.001348747591522158,0.047302504816955686,0.07418111753371869,0.6376537417586501,0.08053949903660887,0.02996146435452794,1195.6274144642318,0.09219653179190751,0.3333333333333333,0.6416184971098265,0.0,0.0,0.0,-1.0,-1.0,-1.0,0,0,0,0,0
./datasets/Organised/20260306-handFlying-2/160591475.jpg,8,2,2,0.0007707129094412332,0.000674373795761079,0.0005780346820809249,0.009248554913294798,0.007803468208092485,1.1850333253590466,0.010982658959537572,0.0060693641618497106,108.73306209881905,0.0003853564547206166,0.06666666666666667,0.017341040462427744,0.0,0.0,0.0,-1.0,-1.0,-1.0,0,0,0,0,0
./datasets/Organised/20260306-handFlying-2/152058202.jpg,7,2,1,0.13420038535645473,0.005009633911368015,0.002023121387283237,0.05761078998073218,0.08188824662813102,0.7035208205339799,0.08680154142581888,0.03535645472061657,1263.3625297927317,0.12105009633911368,0.31666666666666665,0.6011560693641619,0.0,0.0,0.0,-1.0,-1.0,-1.0,0,0,0,0,0
./datasets/Organised/20260306-handFlying-2/131125030.jpg,7,2,1,0.28709055876685935,0.017822736030828516,0.00510597302504817,0.19614643545279384,0.25327552986512525,0.7744358924897057,0.2770712909441233,0.11319845857418112,7283.645604031392,0.25438342967244704,1.0,0.5664739884393064,0.0,0.0,0.24816955684007708,-1.0,-1.0,-1.0,0,0,0,0,1
./datasets/Organised/20260306-handFlying-2/105991908.jpg,7,2,1,0.31001926782273603,0.01560693641618497,0.0052986512524084775,0.19865125240847784,0.1766859344894027,1.1243120663253825,0.22764932562620424,0.10953757225433526,3350.037185143729,0.2691233140655106,1.0,0.5838150289017341,0.0,0.0,0.0,-1.0,-1.0,-1.0,0,0,0,0,1
./datasets/Organised/20260306-handFlying-2/167858083.jpg,7,2,1,0.019171483622350674,0.0010597302504816955,0.0005780346820809249,0.021772639691714835,0.03352601156069364,0.6494059171453449,0.03901734104046243,0.015317919075144508,419.8733584668902,0.0072254335260115606,0.05,0.26011560693641617,0.0,0.0,0.0197495183044316,-1.0,-1.0,-1.0,0,0,0,0,0
./datasets/Organised/20260306-handFlying-2/122358456.jpg,7,2,1,0.03208092485549133,0.003468208092485549,0.0008670520231213873,0.03834296724470135,0.04200385356454721,0.9128223048267795,0.04980732177263969,0.019942196531791908,611.8024490924819,0.017870905587668594,0.16666666666666666,0.1676300578034682,0.0,0.0,0.021098265895953757,-1.0,-1.0,-1.0,0,0,0,0,0
./datasets/Organised/20260306-handFlying-2/101825304.jpg,6,2,0,0.023506743737957612,0.011946050096339113,0.0056840077071290945,0.15183044315992292,0.15433526011560694,0.9837639129404391,0.1850674373795761,0.08622350674373795,4281.670391444939,0.0056840077071290945,0.13333333333333333,0.09826589595375723,0.0,0.0,0.0,-1.0,-1.0,-1.0,0,0,0,0,0
./datasets/Organised/20260306-handFlying-2/116091818.jpg,8,2,2,0.392485549132948,0.014932562620423893,0.004431599229287091,0.1960500963391137,0.20780346820809248,0.9434354228745065,0.2384393063583815,0.09951830443159923,8271.96511420547,0.36719653179190753,1.0,0.653179190751445,0.0,0.0,0.3882466281310212,-1.0,-1.0,-1.0,0,0,0,1,0
./datasets/Organised/20260306-handFlying-2/190958422.jpg,7,2,1,0.2896917148362235,0.014450867052023121,0.004335260115606936,0.17928709055876685,0.1973025048169557,0.9086868006987346,0.22678227360308284,0.09547206165703276,3993.458957412172,0.17933526011560694,0.5333333333333333,0.6127167630057804,0.0,0.0,0.25616570327552984,-1.0,-1.0,-1.0,0,0,0,0,0
./datasets/Organised/20260306-handFlying-2/89892031.jpg,6,2,0,0.13670520231213873,0.005394990366088632,0.003371868978805395,0.07842003853564547,0.0873795761078998,0.8974538968341245,0.1001926782273603,0.04691714836223507,5398.687459543141,0.12866088631984585,0.43333333333333335,0.5664739884393064,0.0,0.0,0.13583815028901733,-1.0,-1.0,-1.0,0,0,0,0,0
./datasets/Organised/20260306-handFlying-2/74192159.jpg,8,2,2,0.075626204238921,0.006358381502890174,0.002119460500963391,0.07649325626204238,0.09277456647398843,0.8244978626294766,0.10626204238921001,0.04720616570327553,2255.694624416675,0.028082851637764934,0.2,0.26011560693641617,0.0,0.0,0.03468208092485549,-1.0,-1.0,-1.0,0,0,0,0,0
./datasets/Organised/20260306-handFlying-2/81092099.jpg,7,2,1,0.09441233140655106,0.01233140655105973,0.003371868978805395,0.1720616570327553,0.16252408477842004,1.058677540561428,0.20366088631984586,0.08092485549132948,3053.8848865555888,0.030491329479768785,0.26666666666666666,0.24855491329479767,0.0,0.0,0.0008670520231213873,-1.0,-1.0,-1.0,0,0,0,0,0
./datasets/Organised/20260306-handFlying-2/190657898.jpg,8,2,2,0.0010597302504816955,0.0017341040462427746,0.001445086705202312,0.01705202312138728,0.01300578034682081,1.3110103089851313,0.021098265895953757,0.013294797687861272,404.65479876448336,0.0005780346820809249,0.08333333333333333,0.017341040462427744,0.0,0.0,0.0003853564547206166,-1.0,-1.0,-1.0,0,0,0,0,0
./datasets/Organised/20260306-handFlying-2/172924705.jpg,7,2,1,0.0012524084778420038,0.0017341040462427746,0.0008670520231213873,0.023699421965317918,0.023699421965317918,0.999957806658402,0.028323699421965318,0.014258188824662813,487.4868549641559,0.0003853564547206166,0.06666666666666667,0.017341040462427744,0.0,0.0,0.0,-1.0,-1.0,-1.0,0,0,0,0,0
./datasets/Organised/20260306-handFlying-2/202057812.jpg,6,2,0,0.17716763005780348,0.01705202312138728,0.005973025048169557,0.21416184971098265,0.22996146435452794,0.9312904621721837,0.26984585741811173,0.11820809248554913,9191.923708656783,0.10346820809248555,0.4666666666666667,0.5375722543352601,0.0,0.0,0.11473988439306358,-1.0,-1.0,-1.0,0,0,0,0,0
./datasets/Organised/20260306-handFlying-2/110225197.jpg,6,2,0,0.12244701348747591,0.009633911368015413,0.0022157996146435453,0.14460500963391137,0.14132947976878613,1.0231693111810156,0.17090558766859346,0.0686897880539499,1622.1966120837835,0.05476878612716763,0.26666666666666666,0.3352601156069364,0.0,0.0,0.0,-1.0,-1.0,-1.0,0,0,0,0,1
./datasets/Organised/20260306-handFlying-2/148924927.jpg,8,2,2,0.0,0.002119460500963391,0.0007707129094412332,0.02003853564547206,0.018015414258188825,1.1122377271250932,0.025529865125240848,0.015510597302504817,359.24007703416606,0.0,0.0,0.0,0.0,0.0,0.0,-1.0,-1.0,-1.0,0,0,0,0,0
./datasets/Organised/20260306-handFlying-2/56492289.jpg,8,2,2,0.1441233140655106,0.013680154142581889,0.005009633911368015,0.17726396917148363,0.17090558766859346,1.0371979897885377,0.20992292870905588,0.10240847784200385,9281.574736236871,0.10948940269749519,0.5666666666666667,0.3063583815028902,0.0,0.0,0.11483622350674373,-1.0,-1.0,-1.0,0,0,0,0,0
./datasets/Organised/20260306-handFlying-2/70726685.jpg,6,2,0,0.006647398843930636,0.005491329479768786,0.0032755298651252407,0.07157996146435452,0.06252408477842004,1.1448199025722823,0.0827552986512524,0.04132947976878613,2273.0874265391053,0.0007707129094412332,0.06666666666666667,0.028901734104046242,0.0,0.0,0.0001926782273603083,-1.0,-1.0,-1.0,0,0,0,0,0
./datasets/Organised/20260306-handFlying-2/185457939.jpg,8,2,2,0.14258188824662812,0.010115606936416185,0.002890173410404624,0.1363198458574181,0.130635838150289,1.0435023366119072,0.16165703275529866,0.0653179190751445,2380.825015675989,0.10741811175337188,0.65,0.2832369942196532,0.0,0.0,0.11473988439306358,-1.0,-1.0,-1.0,0,0,0,0,0
./datasets/Organised/20260306-handFlying-2/225090961.jpg,7,2,1,0.07504816955684007,0.011078998073217727,0.0038535645472061657,0.12283236994219653,0.12061657032755299,1.0183621640580967,0.15096339113680154,0.06897880539499036,3477.527090187518,0.03453757225433526,0.5,0.1907514450867052,0.0,0.0,0.0027938342967244703,-1.0,-1.0,-1.0,0,0,0,0,0
./datasets/Organised/20260306-handFlying-2/44692381.jpg,7,2,1,0.6128131021194605,0.018689788053949902,0.005780346820809248,0.2724470134874759,0.25539499036608865,1.0667630807239616,0.3180154142581888,0.13429672447013488,11971.847902730908,0.6129576107899807,1.0,0.815028901734104,0.0,0.0,0.6159922928709056,-1.0,-1.0,-1.0,0,0,1,0,0
./datasets/Organised/20260306-handFlying-2/122525108.jpg,7,2,1,0.021098265895953757,0.002119460500963391,0.0007707129094412332,0.03631984585741811,0.036223506743737956,1.0026318954279934,0.046242774566473986,0.02119460500963391,801.4970160769377,0.008959537572254336,0.2,0.057803468208092484,0.0,0.0,0.010886319845857417,-1.0,-1.0,-1.0,0,0,0,0,0
./datasets/Organised/20260306-handFlying-2/153391549.jpg,7,2,1,0.0004816955684007707,0.0008670520231213873,0.0007707129094412332,0.011175337186897881,0.009055876685934489,1.233906298432152,0.01348747591522158,0.006647398843930636,247.46030201105577,0.0001926782273603083,0.05,0.017341040462427744,0.0,0.0,0.0,-1.0,-1.0,-1.0,0,0,0,0,0
./datasets/Organised/20260306-handFlying-2/165991424.jpg,7,2,1,0.0010597302504816955,0.0017341040462427746,0.0005780346820809249,0.015895953757225433,0.015221579961464355,1.044235195181481,0.019845857418111755,0.012427745664739885,339.6283116709546,0.0005298651252408478,0.06666666666666667,0.028901734104046242,0.0,0.0,0.0,-1.0,-1.0,-1.0,0,0,0,0,0
./datasets/Organised/20260306-handFlying-2/75725476.jpg,8,2,2,0.0004816955684007707,0.002119460500963391,0.001348747591522158,0.02398843930635838,0.024566473988439308,0.9764308417563237,0.02976878612716763,0.016666666666666666,528.3132939066903,0.0001926782273603083,0.05,0.017341040462427744,0.0,0.0,0.0,-1.0,-1.0,-1.0,0,0,0,0,0
./datasets/Organised/20260306-handFlying-2/189957902.jpg,6,2,0,0.13940269749518305,0.0128131021194605,0.0035645472061657034,0.15626204238921002,0.17360308285163775,0.9001058029421563,0.20337186897880538,0.08497109826589595,2416.662114968388,0.03964354527938343,0.8833333333333333,0.1791907514450867,0.0,0.0,0.06965317919075145,-1.0,-1.0,-1.0,0,0,0,0,0
./datasets/Organised/20260306-handFlying-2/82725421.jpg,7,2,1,0.13015414258188826,0.016184971098265895,0.005587668593448941,0.23747591522157996,0.2210019267822736,1.074537422101813,0.27764932562620426,0.11685934489402698,4170.801434468985,0.05804431599229287,0.6,0.3815028901734104,0.0,0.0,0.0027938342967244703,-1.0,-1.0,-1.0,0,0,0,0,1
./datasets/Organised/20260306-handFlying-2/60158935.jpg,8,2,2,0.03747591522157996,0.00953757225433526,0.0038535645472061657,0.11483622350674373,0.11319845857418112,1.014459123331319,0.13940269749518305,0.06647398843930635,5291.196941010392,0.01103082851637765,0.2,0.10982658959537572,0.0,0.0,0.02254335260115607,-1.0,-1.0,-1.0,0,0,0,0,0
./datasets/Organised/20260306-handFlying-2/282057217.jpg,8,2,2,0.22601156069364162,0.004720616570327553,0.002023121387283237,0.06358381502890173,0.07129094412331406,0.891879381475703,0.07909441233140656,0.03275529865125241,2982.189106542892,0.21127167630057803,0.6666666666666666,0.6127167630057804,0.0,0.0,0.22369942196531792,-1.0,-1.0,-1.0,0,0,0,0,0
./datasets/Organised/20260306-handFlying-2/175158021.jpg,7,2,1,0.17427745664739885,0.0037572254335260114,0.0024084778420038534,0.09759152215799614,0.07360308285163776,1.325898216199628,0.10905587668593449,0.03940269749518305,2106.14008964735,0.11064547206165704,0.45,0.30057803468208094,0.0,0.0,0.1630057803468208,-1.0,-1.0,-1.0,0,0,0,0,0
./datasets/Organised/20260306-handFlying-2/136091671.jpg,8,2,2,0.0754335260115607,0.008766859344894027,0.004238921001926782,0.13641618497109825,0.12466281310211946,1.094272520441451,0.1578034682080925,0.07119460500963391,2568.597572579178,0.0489402697495183,0.75,0.15028901734104047,0.0,0.0,0.010500963391136802,-1.0,-1.0,-1.0,0,0,0,0,0
./datasets/Organised/20260306-handFlying-2/283357162.jpg,6,2,0,0.017341040462427744,0.0036608863198458576,0.0015414258188824663,0.053371868978805394,0.05414258188824663,0.9857469180551433,0.06551059730250482,0.030539499036608863,1145.9734997271319,0.011705202312138728,0.2,0.12138728323699421,0.0,0.0,0.0151252408477842,-1.0,-1.0,-1.0,0,0,0,0,0
./datasets/Organised/20260306-handFlying-2/199424491.jpg,7,2,1,0.5132947976878612,0.008766859344894027,0.004046242774566474,0.1521194605009634,0.16878612716763006,0.9012503681627732,0.19633911368015414,0.0861271676300578,9003.376061670026,0.4852119460500963,0.9,0.7456647398843931,0.0,0.0,0.4981695568400771,-1.0,-1.0,-1.0,0,0,0,1,0
./datasets/Organised/20260306-handFlying-2/72958832.jpg,8,2,2,0.14913294797687862,0.007032755298651252,0.0025048169556840076,0.08728323699421965,0.09123314065510597,0.9566948991625625,0.10472061657032755,0.05115606936416185,2524.234328800383,0.1302504816955684,1.0,0.3872832369942196,0.0,0.0,0.1439306358381503,-1.0,-1.0,-1.0,0,0,0,0,1
./datasets/Organised/20260306-handFlying-2/275590612.jpg,8,2,2,0.20895953757225433,0.009344894026974951,0.003179190751445087,0.1115606936416185,0.14759152215799615,0.755869552267655,0.16233140655105974,0.06849710982658959,3167.386141609216,0.17625240847784202,0.5,0.5144508670520231,0.0,0.0,0.20115606936416186,-1.0,-1.0,-1.0,0,0,0,0,0
./datasets/Organised/20260306-handFlying-2/169324732.jpg,8,2,2,0.0,0.0003853564547206166,0.0003853564547206166,0.0036608863198458576,0.0036608863198458576,0.9997269167001224,0.0045279383429672445,0.002890173410404624,40.05741811175337,0.0,0.0,0.0,0.0,0.0,0.0,-1.0,-1.0,-1.0,0,0,0,0,0
./datasets/Organised/20260306-handFlying-2/218991004.jpg,6,2,0,0.26464354527938344,0.006358381502890174,0.0024084778420038534,0.0861271676300578,0.09132947976878612,0.9430276491276394,0.10558766859344894,0.050289017341040465,6282.162793463047,0.2529383429672447,0.7166666666666667,0.5202312138728323,0.0,0.0,0.2630057803468208,-1.0,-1.0,-1.0,0,0,0,0,0
./datasets/Organised/20260306-handFlying-2/93425334.jpg,6,2,0,0.003179190751445087,0.004816955684007707,0.0030828516377649326,0.055973025048169554,0.053660886319845856,1.0430685331214113,0.06772639691714837,0.038439306358381505,2538.941338798118,0.001445086705202312,0.13333333333333333,0.023121387283236993,0.0,0.0,0.0,-1.0,-1.0,-1.0,0,0,0,0,0
./datasets/Organised/20260306-handFlying-2/203124463.jpg,7,2,1,0.22976878612716764,0.007129094412331407,0.0019267822736030828,0.07707129094412331,0.0905587668593449,0.8510544319734,0.10472061657032755,0.04431599229287091,3059.5762687527144,0.12283236994219653,0.55,0.30057803468208094,0.0,0.0,0.23044315992292871,-1.0,-1.0,-1.0,0,0,0,0,0
./datasets/Organised/20260306-handFlying-2/279690525.jpg,8,2,2,0.4232177263969171,0.011175337186897881,0.0036608863198458576,0.14364161849710982,0.15394990366088632,0.9330352409851055,0.17996146435452795,0.07504816955684007,4313.39883259826,0.37947976878612716,0.8166666666666667,0.7687861271676301,0.0,0.0,0.3966281310211946,-1.0,-1.0,-1.0,0,0,0,1,0
./datasets/Organised/20260306-handFlying-2/293223767.jpg,6,2,0,0.3363198458574181,0.0060693641618497106,0.0029865125240847784,0.06618497109826589,0.0850674373795761,0.7780202991498243,0.09161849710982659,0.04094412331406551,4219.547991682166,0.32153179190751446,0.9333333333333333,0.7225433526011561,0.0,0.0,0.3350674373795761,-1.0,-1.0,-1.0,0,0,0,1,0
./datasets/Organised/20260306-handFlying-2/183691288.jpg,7,2,1,0.34508670520231216,0.018978805394990365,0.005587668593448941,0.24441233140655105,0.2825626204238921,0.864981596144232,0.3265895953757225,0.13198458574181118,8984.817677939644,0.28771676300578036,0.5833333333333334,0.8323699421965318,0.0,0.0,0.0,-1.0,-1.0,-1.0,0,0,0,0,0
./datasets/Organised/20260306-handFlying-2/235457548.jpg,7,2,1,0.38497109826589593,0.008766859344894027,0.003371868978805395,0.09778420038535646,0.1880539499036609,0.519976743156458,0.1916184971098266,0.07591522157996146,3412.2393096624974,0.3668111753371869,0.4666666666666667,1.0,0.0,0.0,0.38179190751445086,-1.0,-1.0,-1.0,0,0,0,1,0
./datasets/Organised/20260306-handFlying-2/172791369.jpg,6,2,0,0.0,0.0,0.0,0.0,0.0,0.0,0.0,0.0,0.0,0.0,0.0,0.0,0.0,0.0,0.0,-1.0,-1.0,-1.0,0,0,0,0,0
./datasets/Organised/20260306-handFlying-2/185024660.jpg,7,2,1,0.39527938342967245,0.018111753371868978,0.005973025048169557,0.24277456647398843,0.3017341040462428,0.8045950345796746,0.34084778420038536,0.1441233140655106,10484.162157207244,0.37052023121387284,0.6333333333333333,0.9017341040462428,0.0,0.0,0.0,-1.0,-1.0,-1.0,0,0,0,0,0
./datasets/Organised/20260306-handFlying-2/261457333.jpg,7,2,1,0.0025048169556840076,0.0023121387283236996,0.002119460500963391,0.03872832369942197,0.03795761078998073,1.020277689130931,0.04614643545279384,0.02485549132947977,738.4504177943355,0.0003853564547206166,0.05,0.023121387283236993,0.0,0.0,0.0,-1.0,-1.0,-1.0,0,0,0,0,0
./datasets/Organised/20260306-handFlying-2/243457476.jpg,7,2,1,0.16329479768786126,0.012620423892100193,0.004431599229287091,0.15529865125240847,0.16107899807321774,0.9641088472189986,0.1968208092485549,0.09113680154142582,2414.9040915722767,0.13386319845857417,0.8166666666666667,0.5202312138728323,0.0,0.0,0.001445086705202312,-1.0,-1.0,-1.0,0,0,0,0,1
./datasets/Organised/20260306-handFlying-2/165024761.jpg,7,2,1,0.0,9.633911368015414e-05,9.633911368015414e-05,0.0007707129094412332,0.0011560693641618498,0.6660904983855632,0.0011560693641618498,0.0007707129094412332,45.65433526011561,0.0,0.0,0.0,0.0,0.0,0.0,-1.0,-1.0,-1.0,0,0,0,0,0
./datasets/Organised/20260306-handFlying-2/130825043.jpg,6,2,0,0.004913294797687861,0.003179190751445087,0.0029865125240847784,0.047013487475915224,0.04759152215799615,0.9878334945107834,0.05876685934489403,0.030635838150289016,1964.812788516155,0.0005298651252408478,0.06666666666666667,0.023121387283236993,0.0,0.0,0.0009633911368015414,-1.0,-1.0,-1.0,0,0,0,0,0
./datasets/Organised/20260306-handFlying-2/230124250.jpg,7,2,1,0.16608863198458573,0.007707129094412331,0.002890173410404624,0.09277456647398843,0.11001926782273604,0.8432497785177748,0.12408477842003854,0.0546242774566474,3884.3997213683497,0.14354527938342967,0.5833333333333334,0.42196531791907516,0.0,0.0,0.16107899807321774,-1.0,-1.0,-1.0,0,0,0,0,0
./datasets/Organised/20260306-handFlying-2/212091066.jpg,8,2,2,0.16628131021194606,0.013198458574181117,0.0029865125240847784,0.15838150289017341,0.15818882466281312,1.0012116975776972,0.19152215799614644,0.08285163776493257,1811.779640807318,0.13078034682080925,0.6666666666666666,0.43352601156069365,0.0,0.0,0.0,-1.0,-1.0,-1.0,0,0,0,0,1
./datasets/Organised/20260306-handFlying-2/116858494.jpg,8,2,2,0.29614643545279384,0.011753371868978806,0.004142581888246628,0.15597302504816957,0.17071290944123313,0.9136515328990342,0.1966281310211946,0.08680154142581888,7283.676228035982,0.2775529865125241,0.8333333333333334,0.4508670520231214,0.0,0.0,0.2791907514450867,-1.0,-1.0,-1.0,0,0,0,0,0
./datasets/Organised/20260306-handFlying-2/173024719.jpg,8,2,2,0.0,0.0,0.0001926782273603083,0.0011560693641618498,0.0008670520231213873,1.3317973270827645,0.001445086705202312,0.0007707129094412332,14.38456064537925,0.0,0.0,0.0,0.0,0.0,0.0,-1.0,-1.0,-1.0,0,0,0,0,0
./datasets/Organised/20260306-handFlying-2/84925403.jpg,7,2,1,0.6520231213872832,0.017533718689788053,0.005202312138728324,0.26695568400770714,0.2233140655105973,1.195421739224481,0.3157032755298651,0.12283236994219653,9470.102252404766,0.630009633911368,1.0,0.8670520231213873,0.0,0.0,0.6232177263969172,-1.0,-1.0,-1.0,0,0,1,0,0
./datasets/Organised/20260306-handFlying-2/97425302.jpg,6,2,0,0.11358381502890173,0.011368015414258189,0.003371868978805395,0.16695568400770713,0.1678227360308285,0.9948275968367077,0.20317919075144508,0.08622350674373795,6617.630629703262,0.057947976878612716,0.3333333333333333,0.4161849710982659,0.0,0.0,0.08314065510597303,-1.0,-1.0,-1.0,0,0,0,0,0
./datasets/Organised/20260306-handFlying-2/77425466.jpg,7,2,1,0.12167630057803468,0.012716763005780347,0.0036608863198458576,0.16936416184971098,0.1630057803468208,1.0390007181870835,0.2026974951830443,0.08121387283236994,2532.2342946826006,0.04942196531791908,0.5666666666666667,0.30057803468208094,0.0,0.0,0.0,-1.0,-1.0,-1.0,0,0,0,0,1
./datasets/Organised/20260306-handFlying-2/237257528.jpg,7,2,1,0.11319845857418112,0.0072254335260115606,0.003371868978805395,0.09576107899807322,0.13217726396917148,0.7244843147615254,0.14932562620423892,0.061464354527938345,2092.913801654657,0.08053949903660887,0.21666666666666667,0.6242774566473989,0.0,0.0,0.10732177263969171,-1.0,-1.0,-1.0,0,0,0,0,1
./datasets/Organised/20260306-handFlying-2/75125485.jpg,7,2,1,0.02283236994219653,0.004624277456647399,0.0023121387283236996,0.06579961464354528,0.0651252408477842,1.010339515792642,0.08140655105973026,0.038439306358381505,1317.6654342963534,0.005154142581888246,0.2833333333333333,0.06936416184971098,0.0,0.0,0.0,-1.0,-1.0,-1.0,0,0,0,0,0
./datasets/Organised/20260306-handFlying-2/80058775.jpg,7,2,1,0.10472061657032755,0.011368015414258189,0.0038535645472061657,0.17851637764932562,0.16262042389210019,1.0977420648325635,0.2083815028901734,0.0848747591522158,2614.2650932670285,0.02875722543352601,0.45,0.15028901734104047,0.0,0.0,0.0,-1.0,-1.0,-1.0,0,0,0,0,1
./datasets/Organised/20260306-handFlying-2/137358334.jpg,7,2,1,0.0,0.0005780346820809249,0.0004816955684007707,0.007514450867052023,0.008092485549132947,0.9284566978509086,0.009248554913294798,0.0029865125240847784,87.81657032755298,0.0,0.0,0.0,0.0,0.0,0.0,-1.0,-1.0,-1.0,0,0,0,0,0
./datasets/Organised/20260306-handFlying-2/76492136.jpg,6,2,0,0.0,0.0,0.0,0.0,0.0,0.0,0.0,0.0,0.0,0.0,0.0,0.0,0.0,0.0,0.0,-1.0,-1.0,-1.0,0,0,0,0,0
./datasets/Organised/20260306-handFlying-2/113991838.jpg,8,2,2,0.9170520231213873,0.01907514450867052,0.0064547206165703275,0.2953757225433526,0.29123314065510597,1.0142207980112858,0.3493256262042389,0.15028901734104047,11239.861420213023,0.9351156069364162,1.0,1.0,0.0,0.0,0.9114643545279384,-1.0,-1.0,-1.0,0,0,0,1,0
./datasets/Organised/20260306-handFlying-2/80492102.jpg,8,2,2,0.001348747591522158,0.0008670520231213873,0.0005780346820809249,0.006358381502890174,0.006647398843930636,0.956377866633976,0.00838150289017341,0.004816955684007707,72.99659582307758,0.0008188824662813102,0.08333333333333333,0.028901734104046242,0.0,0.0,0.0,-1.0,-1.0,-1.0,0,0,0,0,0
./datasets/Organised/20260306-handFlying-2/62425584.jpg,8,2,2,0.010115606936416185,0.0064547206165703275,0.003179190751445087,0.07726396917148362,0.07408477842003854,1.0428987967626653,0.09460500963391137,0.050385356454720615,2543.737459951515,0.0024084778420038534,0.11666666666666667,0.05202312138728324,0.0,0.0,0.0,-1.0,-1.0,-1.0,0,0,0,0,0
./datasets/Organised/20260306-handFlying-2/200324489.jpg,6,2,0,0.1957610789980732,0.009730250481695568,0.0037572254335260114,0.12350674373795761,0.14364161849710982,0.8598196345219273,0.1630057803468208,0.07023121387283238,7257.183248094566,0.17341040462427745,0.5833333333333334,0.5549132947976878,0.0,0.0,0.18641618497109827,-1.0,-1.0,-1.0,0,0,0,0,0
./datasets/Organised/20260306-handFlying-2/191824552.jpg,6,2,0,0.07186897880539499,0.01348747591522158,0.0035645472061657034,0.16107899807321774,0.15626204238921002,1.0308195438305396,0.19508670520231214,0.08901734104046242,4447.355835950639,0.0302504816955684,0.5333333333333333,0.13872832369942195,0.0,0.0,0.02157996146435453,-1.0,-1.0,-1.0,0,0,0,0,0
./datasets/Organised/20260306-handFlying-2/285090487.jpg,6,2,0,0.0,0.00028901734104046245,0.00028901734104046245,0.0019267822736030828,0.0023121387283236996,0.8329730724794858,0.002697495183044316,0.002023121387283237,177.8539499036609,0.0,0.0,0.0,0.0,0.0,0.0,-1.0,-1.0,-1.0,0,0,0,0,0
./datasets/Organised/20260306-handFlying-2/194091202.jpg,6,2,0,0.11849710982658959,0.014739884393063583,0.004913294797687861,0.18400770712909442,0.19759152215799614,0.9312483342965823,0.23102119460500964,0.10664739884393064,8624.268774766948,0.09730250481695568,0.4666666666666667,0.6069364161849711,0.0,0.0,0.1069364161849711,-1.0,-1.0,-1.0,0,0,0,0,0
./datasets/Organised/20260306-handFlying-2/65925614.jpg,7,2,1,0.16714836223506743,0.013198458574181117,0.005202312138728324,0.21001926782273603,0.21136801541425818,0.9936142599288889,0.2539499036608863,0.1069364161849711,11281.178166651816,0.058959537572254334,0.2833333333333333,0.6647398843930635,0.0,0.0,0.0884393063583815,-1.0,-1.0,-1.0,0,0,0,1,0
./datasets/Organised/20260306-handFlying-2/255357394.jpg,6,2,0,0.005973025048169557,0.0029865125240847784,0.0015414258188824663,0.04190751445086705,0.038535645472061654,1.0874717801073062,0.050385356454720615,0.026107899807321772,1188.4658581884532,0.0008670520231213873,0.1,0.023121387283236993,0.0,0.0,0.0,-1.0,-1.0,-1.0,0,0,0,0,0
./datasets/Organised/20260306-handFlying-2/43659059.jpg,8,2,2,0.008766859344894027,0.00510597302504817,0.0022157996146435453,0.06464354527938343,0.061078998073217726,1.0583422940173315,0.07726396917148362,0.03593448940269749,989.8001439982033,0.0029865125240847784,0.13333333333333333,0.06936416184971098,0.0,0.0,0.0,-1.0,-1.0,-1.0,0,0,0,0,0
./datasets/Organised/20260306-handFlying-2/127491732.jpg,6,2,0,0.20327552986512523,0.01724470134874759,0.005973025048169557,0.21483622350674375,0.22109826589595374,0.9716731651557934,0.2657032755298651,0.11657032755298652,4855.815870300452,0.149373795761079,1.0,0.23699421965317918,0.0,0.0,0.15028901734104047,-1.0,-1.0,-1.0,0,0,0,0,1
./datasets/Organised/20260306-handFlying-2/129225060.jpg,6,2,0,0.07697495183044316,0.011946050096339113,0.005009633911368015,0.15732177263969171,0.15770712909441234,0.9975501804698391,0.18603082851637764,0.07832369942196532,4657.075050759018,0.05322736030828516,0.65,0.20809248554913296,0.0,0.0,0.0,-1.0,-1.0,-1.0,0,0,0,0,0
./datasets/Organised/20260306-handFlying-2/233624218.jpg,7,2,1,0.014836223506743738,0.0056840077071290945,0.0032755298651252407,0.07524084778420038,0.07157996146435452,1.051129326080209,0.08872832369942196,0.041714836223506746,928.3652074632184,0.005732177263969172,0.25,0.057803468208092484,0.0,0.0,0.0,-1.0,-1.0,-1.0,0,0,0,0,0
./datasets/Organised/20260306-handFlying-2/204624452.jpg,8,2,2,0.28304431599229285,0.013969171483622351,0.0032755298651252407,0.19566473988439306,0.18882466281310212,1.0362190020646727,0.2327552986512524,0.09402697495183045,4907.835001085904,0.2056840077071291,1.0,0.3468208092485549,0.0,0.0,0.0,-1.0,-1.0,-1.0,0,0,0,0,0
./datasets/Organised/20260306-handFlying-2/194791196.jpg,8,2,2,0.18998073217726397,0.00953757225433526,0.0032755298651252407,0.12379576107899808,0.13439306358381503,0.9211400993303003,0.1546242774566474,0.06657032755298652,4277.16757956794,0.16026011560693643,0.48333333333333334,0.4682080924855491,0.0,0.0,0.16233140655105974,-1.0,-1.0,-1.0,0,0,0,0,0
./datasets/Organised/20260306-handFlying-2/197491199.jpg,6,2,0,0.06127167630057803,0.002890173410404624,0.0019267822736030828,0.037283236994219655,0.03824662813102119,0.9747855962859209,0.04527938342967245,0.025529865125240848,2108.383585559899,0.055491329479768786,0.5166666666666667,0.18497109826589594,0.0,0.0,0.0,-1.0,-1.0,-1.0,0,0,0,0,0
./datasets/Organised/20260306-handFlying-2/174591358.jpg,8,2,2,0.15741811175337186,0.0052986512524084775,0.002023121387283237,0.102504816955684,0.0710019267822736,1.4436703048877004,0.10346820809248555,0.03892100192678227,3268.862820118726,0.09123314065510597,0.43333333333333335,0.2658959537572254,0.0,0.0,0.04672447013487476,-1.0,-1.0,-1.0,0,0,0,0,0
./datasets/Organised/20260306-handFlying-2/198657847.jpg,8,2,2,0.2611753371868979,0.015510597302504817,0.005202312138728324,0.20722543352601155,0.22254335260115607,0.9311646469744435,0.2588631984585742,0.11011560693641619,8109.500580735519,0.21604046242774566,0.6666666666666666,0.5491329479768786,0.0,0.0,0.23371868978805396,-1.0,-1.0,-1.0,0,0,0,0,0
./datasets/Organised/20260306-handFlying-2/202957799.jpg,6,2,0,0.19402697495183044,0.016473988439306357,0.00510597302504817,0.224373795761079,0.22475915221579962,0.9982810277937982,0.26926782273603084,0.11078998073217726,6777.149498359079,0.11502890173410404,0.43333333333333335,0.4508670520231214,0.0,0.0,0.12639691714836224,-1.0,-1.0,-1.0,0,0,0,0,0
./datasets/Organised/20260306-handFlying-2/140458299.jpg,6,2,0,0.0,0.0,0.0,0.0,0.0,0.0,0.0,0.0,0.0,0.0,0.0,0.0,0.0,0.0,0.0,-1.0,-1.0,-1.0,0,0,0,0,0
./datasets/Organised/20260306-handFlying-2/231357586.jpg,8,2,2,0.005394990366088632,0.002890173410404624,0.0018304431599229288,0.03208092485549133,0.03689788053949904,0.8694281340364717,0.04315992292870906,0.020809248554913295,874.901433021113,0.0023121387283236996,0.08333333333333333,0.05202312138728324,0.0,0.0,0.0056840077071290945,-1.0,-1.0,-1.0,0,0,0,0,0
./datasets/Organised/20260306-handFlying-2/176758003.jpg,7,2,1,0.3147398843930636,0.014836223506743738,0.005491329479768786,0.17986512524084777,0.20616570327552985,0.8724256748698573,0.24084778420038536,0.1142581888246628,8870.870609433065,0.2823699421965318,0.4166666666666667,1.0,0.0,0.0,0.2992292870905588,-1.0,-1.0,-1.0,0,0,0,1,0
./datasets/Organised/20260306-handFlying-2/185924644.jpg,7,2,1,0.3646435452793834,0.018978805394990365,0.005394990366088632,0.22842003853564546,0.26936416184971096,0.847993990637474,0.30828516377649323,0.12842003853564546,9197.701170176828,0.3238921001926782,0.7166666666666667,0.815028901734104,0.0,0.0,0.0,-1.0,-1.0,-1.0,0,0,0,0,0
./datasets/Organised/20260306-handFlying-2/179957982.jpg,7,2,1,0.2026974951830443,0.0076107899807321775,0.0038535645472061657,0.09990366088631984,0.09942196531791908,1.004834854471134,0.1270712909441233,0.0605009633911368,4969.841074394586,0.17210982658959537,0.4,0.6242774566473989,0.0,0.0,0.0,-1.0,-1.0,-1.0,0,0,0,0,0
./datasets/Organised/20260306-handFlying-2/97958639.jpg,7,2,1,0.6767822736030829,0.020809248554913295,0.0052986512524084775,0.2659922928709056,0.27822736030828515,0.9560214946318858,0.33179190751445087,0.1430635838150289,6977.013023591017,0.6289499036608863,1.0,1.0,0.0,0.0,0.6705202312138728,-1.0,-1.0,-1.0,0,0,0,1,0
./datasets/Organised/20260306-handFlying-2/262723992.jpg,6,2,0,0.004046242774566474,0.0052986512524084775,0.0029865125240847784,0.06714836223506744,0.0636801541425819,1.0544463764699126,0.07928709055876686,0.038535645472061654,1602.597533598034,0.0007707129094412332,0.1,0.017341040462427744,0.0,0.0,0.0,-1.0,-1.0,-1.0,0,0,0,0,0
./datasets/Organised/20260306-handFlying-2/229990947.jpg,7,2,1,0.20886319845857418,0.008188824662813102,0.0037572254335260114,0.10847784200385356,0.12080924855491329,0.8979192022318029,0.13978805394990365,0.061560693641618494,4163.455047640527,0.1653179190751445,0.6333333333333333,0.4624277456647399,0.0,0.0,0.20096339113680153,-1.0,-1.0,-1.0,0,0,0,0,0
./datasets/Organised/20260306-handFlying-2/243857474.jpg,8,2,2,0.17061657032755298,0.014065510597302504,0.005394990366088632,0.194990366088632,0.23015414258188824,0.8472127274725362,0.26021194605009634,0.1103082851637765,8542.995520361152,0.1023121387283237,0.36666666666666664,0.5086705202312138,0.0,0.0,0.12254335260115606,-1.0,-1.0,-1.0,0,0,0,0,0
./datasets/Organised/20260306-handFlying-2/130658384.jpg,8,2,2,0.19104046242774567,0.023121387283236993,0.005780346820809248,0.2705202312138728,0.28208092485549136,0.9590129936629527,0.33352601156069367,0.1348747591522158,6199.662154979748,0.05659922928709056,0.9666666666666667,0.26011560693641617,0.0,0.0,0.03564547206165703,-1.0,-1.0,-1.0,0,0,0,0,1
./datasets/Organised/20260306-handFlying-2/62725577.jpg,7,2,1,0.3010597302504817,0.013391136801541427,0.00510597302504817,0.16666666666666666,0.1708092485549133,0.9757416084614235,0.2083815028901734,0.09759152215799614,9814.945679691937,0.19051059730250483,0.4,0.630057803468208,0.0,0.0,0.2567437379576108,-1.0,-1.0,-1.0,0,0,0,0,1
./datasets/Organised/20260306-handFlying-2/151358223.jpg,6,2,0,0.0,0.00028901734104046245,0.0003853564547206166,0.004720616570327553,0.0056840077071290945,0.830362387091898,0.006551059730250481,0.003371868978805395,180.12781345480602,0.0,0.0,0.0,0.0,0.0,0.0,-1.0,-1.0,-1.0,0,0,0,0,0
./datasets/Organised/20260306-handFlying-2/77858792.jpg,7,2,1,0.0968208092485549,0.01021194605009634,0.002697495183044316,0.13921001926782273,0.1316955684007707,1.057051227365223,0.1628131021194605,0.06830443159922929,2194.1167561283933,0.0453757225433526,0.5333333333333333,0.21965317919075145,0.0,0.0,0.0,-1.0,-1.0,-1.0,0,0,0,0,0
./datasets/Organised/20260306-handFlying-2/150524887.jpg,6,2,0,0.009633911368015413,0.001445086705202312,0.000674373795761079,0.022350674373795763,0.022447013487475916,0.9956637983252077,0.028901734104046242,0.013294797687861272,450.9944159974904,0.004335260115606936,0.25,0.057803468208092484,0.0,0.0,0.0,-1.0,-1.0,-1.0,0,0,0,0,0
./datasets/Organised/20260306-handFlying-2/94158665.jpg,7,2,1,0.1955684007707129,0.012427745664739885,0.004913294797687861,0.19007707129094412,0.17947976878612718,1.05903865119635,0.21946050096339115,0.09585741811175337,8475.845215194478,0.13155105973025047,0.7833333333333333,0.5838150289017341,0.0,0.0,0.043641618497109826,-1.0,-1.0,-1.0,0,0,0,0,1
./datasets/Organised/20260306-handFlying-2/197491199.jpg,7,2,1,0.315606936416185,0.01001926782273603,0.003371868978805395,0.1279383429672447,0.1565510597302505,0.817225549045416,0.1766859344894027,0.07639691714836223,9033.285240290912,0.2710500963391137,0.8833333333333333,0.3930635838150289,0.0,0.0,0.251252408477842,-1.0,-1.0,-1.0,0,0,0,0,0
./datasets/Organised/20260306-handFlying-2/188991287.jpg,8,2,2,0.0,0.0008670520231213873,0.000674373795761079,0.011560693641618497,0.011560693641618497,0.9999135074816029,0.014065510597302504,0.007321772639691715,200.09777915139904,0.0,0.0,0.0,0.0,0.0,0.0,-1.0,-1.0,-1.0,0,0,0,0,0
./datasets/Organised/20260306-handFlying-2/293223767.jpg,7,2,1,0.002890173410404624,0.004816955684007707,0.0023121387283236996,0.052890173410404626,0.05539499036608863,0.9547653731050908,0.06608863198458574,0.03526011560693642,1972.775508137778,0.0005780346820809249,0.08333333333333333,0.028901734104046242,0.0,0.0,0.0,-1.0,-1.0,-1.0,0,0,0,0,0
./datasets/Organised/20260306-handFlying-2/133958346.jpg,7,2,1,0.0012524084778420038,0.003179190751445087,0.0019267822736030828,0.032947976878612714,0.030828516377649325,1.068715333546368,0.03998073217726397,0.020809248554913295,789.087306059526,0.0003853564547206166,0.06666666666666667,0.023121387283236993,0.0,0.0,0.0,-1.0,-1.0,-1.0,0,0,0,0,0
./datasets/Organised/20260306-handFlying-2/55892306.jpg,8,2,2,0.1601156069364162,0.011849710982658959,0.005009633911368015,0.17167630057803468,0.1599229287090559,1.073487263374823,0.20240847784200386,0.0894990366088632,8434.217343267956,0.06339113680154143,0.43333333333333335,0.3063583815028902,0.0,0.0,0.12658959537572254,-1.0,-1.0,-1.0,0,0,0,0,0
./datasets/Organised/20260306-handFlying-2/146158250.jpg,6,2,0,0.03005780346820809,0.004431599229287091,0.0011560693641618498,0.05134874759152216,0.041811175337186895,1.228081226997382,0.05684007707129094,0.026204238921001925,4135.856483111883,0.012572254335260116,0.48333333333333334,0.05202312138728324,0.0,0.0,0.0,-1.0,-1.0,-1.0,0,0,0,0,0
./datasets/Organised/20260306-handFlying-2/228624261.jpg,8,2,2,0.0007707129094412332,0.0019267822736030828,0.0019267822736030828,0.019653179190751446,0.021098265895953757,0.9314627005350157,0.025240847784200385,0.01599229287090559,991.0294749425493,9.633911368015414e-05,0.03333333333333333,0.017341040462427744,0.0,0.0,0.0,-1.0,-1.0,-1.0,0,0,0,0,0
./datasets/Organised/20260306-handFlying-2/186657960.jpg,7,2,1,0.3113680154142582,0.016473988439306357,0.004720616570327553,0.20645472061657033,0.20973025048169558,0.9843774837674407,0.258766859344894,0.10838150289017341,5122.944319296409,0.22109826589595374,0.7,0.4913294797687861,0.0,0.0,0.0001926782273603083,-1.0,-1.0,-1.0,0,0,0,0,0
./datasets/Organised/20260306-handFlying-2/200891152.jpg,6,2,0,0.1764932562620424,0.02023121387283237,0.0068400770712909445,0.2720616570327553,0.26936416184971096,1.0100105565416393,0.32504816955684007,0.14470134874759152,10307.58489254198,0.09527938342967245,0.43333333333333335,0.5895953757225434,0.0,0.0,0.10944123314065511,-1.0,-1.0,-1.0,0,0,0,0,0
./datasets/Organised/20260306-handFlying-2/263890680.jpg,6,2,0,0.004046242774566474,0.0024084778420038534,0.0017341040462427746,0.03468208092485549,0.03265895953757225,1.0619143874001733,0.0405587668593449,0.021001926782273604,646.3624538351877,0.0005780346820809249,0.08333333333333333,0.017341040462427744,0.0,0.0,0.0,-1.0,-1.0,-1.0,0,0,0,0,0
./datasets/Organised/20260306-handFlying-2/166991425.jpg,8,2,2,0.002119460500963391,0.0008670520231213873,0.0009633911368015414,0.01878612716763006,0.018689788053949902,1.0051008610982568,0.023506743737957612,0.010597302504816955,222.82783308459648,0.0009152215799614644,0.11666666666666667,0.023121387283236993,0.0,0.0,0.0,-1.0,-1.0,-1.0,0,0,0,0,0
./datasets/Organised/20260306-handFlying-2/217857679.jpg,6,2,0,0.013198458574181117,0.006262042389210019,0.002697495183044316,0.08574181117533719,0.0802504816955684,1.0684140574574832,0.101252408477842,0.05,3786.477802317336,0.0027938342967244703,0.13333333333333333,0.057803468208092484,0.0,0.0,0.0,-1.0,-1.0,-1.0,0,0,0,0,0
./datasets/Organised/20260306-handFlying-2/106858559.jpg,6,2,0,0.5019267822736031,0.010886319845857417,0.003179190751445087,0.13102119460500963,0.1476878612716763,0.887143373419298,0.1630057803468208,0.06917148362235068,5126.5879285048695,0.49460500963391135,1.0,0.7630057803468208,0.0,0.0,0.0,-1.0,-1.0,-1.0,0,0,0,0,1
./datasets/Organised/20260306-handFlying-2/118892241.jpg,8,2,2,0.2277456647398844,0.008863198458574181,0.0035645472061657034,0.10934489402697495,0.11579961464354528,0.9442514132032703,0.13535645472061658,0.06290944123314066,6358.333018477064,0.1995664739884393,0.5333333333333333,0.6242774566473989,0.0,0.0,0.2119460500963391,-1.0,-1.0,-1.0,0,0,0,0,0
./datasets/Organised/20260306-handFlying-2/273990567.jpg,7,2,1,0.14913294797687862,0.007996146435452794,0.003179190751445087,0.08631984585741811,0.11878612716763005,0.726676769744631,0.1279383429672447,0.05202312138728324,1671.3747570268154,0.13265895953757226,0.5166666666666667,0.48554913294797686,0.0,0.0,0.0,-1.0,-1.0,-1.0,0,0,0,0,0
./datasets/Organised/20260306-handFlying-2/186357930.jpg,7,2,1,0.3529865125240848,0.017822736030828516,0.005202312138728324,0.22350674373795762,0.247495183044316,0.9030714776637064,0.29393063583815027,0.12186897880539499,7034.778890364602,0.2745664739884393,0.8166666666666667,0.630057803468208,0.0,0.0,0.0,-1.0,-1.0,-1.0,0,0,0,0,0
./datasets/Organised/20260306-handFlying-2/74658822.jpg,8,2,2,0.09479768786127167,0.008477842003853564,0.002697495183044316,0.10038535645472062,0.12447013487475915,0.8064950685612913,0.1439306358381503,0.06001926782273603,2659.933683151978,0.04195568400770713,0.75,0.1676300578034682,0.0,0.0,0.03930635838150289,-1.0,-1.0,-1.0,0,0,0,0,0
./datasets/Organised/20260306-handFlying-2/264790657.jpg,7,2,1,0.002601156069364162,0.0052986512524084775,0.0029865125240847784,0.05867052023121387,0.06213872832369942,0.9441708519481501,0.07456647398843931,0.04277456647398844,1748.2580016780455,0.0009633911368015414,0.06666666666666667,0.03468208092485549,0.0,0.0,0.0,-1.0,-1.0,-1.0,0,0,0,0,0
./datasets/Organised/20260306-handFlying-2/232557564.jpg,7,2,1,0.13535645472061658,0.008285163776493257,0.0030828516377649326,0.09951830443159923,0.14547206165703275,0.6841012576350635,0.16146435452793834,0.06416184971098265,1980.9968148692647,0.060308285163776496,0.18333333333333332,0.5260115606936416,0.0,0.0,0.12003853564547207,-1.0,-1.0,-1.0,0,0,0,0,0
./datasets/Organised/20260306-handFlying-2/254057403.jpg,6,2,0,0.23208092485549134,0.009826589595375723,0.003371868978805395,0.12052023121387283,0.13795761078998073,0.8735970195970227,0.15558766859344894,0.06840077071290944,3285.938793329398,0.21589595375722542,0.7333333333333333,0.5317919075144508,0.0,0.0,0.2288053949903661,-1.0,-1.0,-1.0,0,0,0,0,0
./datasets/Organised/20260306-handFlying-2/88658729.jpg,8,2,2,0.020616570327552985,0.006262042389210019,0.0036608863198458576,0.07784200385356455,0.08246628131021194,0.9439137875874823,0.1001926782273603,0.051059730250481696,1860.0310449081342,0.01021194605009634,0.45,0.09248554913294797,0.0,0.0,0.0,-1.0,-1.0,-1.0,0,0,0,0,0
./datasets/Organised/20260306-handFlying-2/239157511.jpg,6,2,0,0.006165703275529865,0.005780346820809248,0.0018304431599229288,0.061464354527938345,0.053660886319845856,1.1454005578854742,0.07302504816955684,0.03969171483622351,4587.236069243506,0.0017341040462427746,0.16666666666666666,0.028901734104046242,0.0,0.0,0.0,-1.0,-1.0,-1.0,0,0,0,0,0
./datasets/Organised/20260306-handFlying-2/251690739.jpg,7,2,1,0.44210019267822737,0.012235067437379576,0.0035645472061657034,0.13236994219653178,0.1556840077071291,0.8502420634204094,0.17890173410404625,0.0754335260115607,4470.372301214727,0.32442196531791906,1.0,0.4797687861271676,0.0,0.0,0.44104046242774564,-1.0,-1.0,-1.0,0,0,0,1,0
./datasets/Organised/20260306-handFlying-2/127358399.jpg,6,2,0,0.25317919075144507,0.019845857418111755,0.005202312138728324,0.25105973025048167,0.2508670520231214,1.0007640599343541,0.30327552986512524,0.1302504816955684,4937.650580624144,0.21078998073217725,1.0,0.3815028901734104,0.0,0.0,0.20183044315992293,-1.0,-1.0,-1.0,0,0,0,0,1
./datasets/Organised/20260306-handFlying-2/179091325.jpg,6,2,0,0.09171483622350675,0.012524084778420038,0.004624277456647399,0.1766859344894027,0.1569364161849711,1.1258369022792845,0.20645472061657033,0.09701348747591522,3527.148799566381,0.06791907514450866,0.8833333333333333,0.16184971098265896,0.0,0.0,0.0,-1.0,-1.0,-1.0,0,0,0,0,0
./datasets/Organised/20260306-handFlying-2/274657243.jpg,8,2,2,0.18314065510597302,0.008188824662813102,0.0035645472061657034,0.0978805394990366,0.12899807321772638,0.7587693233565523,0.14132947976878613,0.055973025048169554,2199.0304076221128,0.1295761078998073,0.43333333333333335,0.5202312138728323,0.0,0.0,0.040655105973025046,-1.0,-1.0,-1.0,0,0,0,0,0
./datasets/Organised/20260306-handFlying-2/128958387.jpg,7,2,1,0.30664739884393066,0.023603082851637765,0.0060693641618497106,0.33140655105973027,0.29161849710982657,1.136434821211284,0.38352601156069366,0.16772639691714836,5156.657567205349,0.23930635838150288,1.0,0.6011560693641619,0.0,0.0,0.273121387283237,-1.0,-1.0,-1.0,0,0,0,0,1
./datasets/Organised/20260306-handFlying-2/78292132.jpg,7,2,1,0.11560693641618497,0.012909441233140655,0.0029865125240847784,0.1722543352601156,0.15809248554913294,1.0895726326849926,0.20028901734104046,0.08217726396917148,2506.0819224386605,0.04499036608863199,0.4,0.28901734104046245,0.0,0.0,0.0,-1.0,-1.0,-1.0,0,0,0,0,1
./datasets/Organised/20260306-handFlying-2/145458266.jpg,8,2,2,0.0,9.633911368015414e-05,0.0003853564547206166,0.004046242774566474,0.0038535645472061657,1.0497275956889187,0.005009633911368015,0.003371868978805395,196.56246616065428,0.0,0.0,0.0,0.0,0.0,0.0,-1.0,-1.0,-1.0,0,0,0,0,0
./datasets/Organised/20260306-handFlying-2/285723821.jpg,7,2,1,0.019653179190751446,0.002601156069364162,0.0018304431599229288,0.038053949903660886,0.04951830443159923,0.7684669714257522,0.05992292870905588,0.027938342967244702,1048.3060877409869,0.006791907514450867,0.11666666666666667,0.09826589595375723,0.0,0.0,0.019460500963391136,-1.0,-1.0,-1.0,0,0,0,0,0
./datasets/Organised/20260306-handFlying-2/250624081.jpg,7,2,1,0.21242774566473988,0.016377649325626204,0.004431599229287091,0.20385356454720616,0.19739884393063584,1.0326936459931453,0.2547206165703276,0.10876685934489402,3085.1742970493133,0.09070327552986512,0.5666666666666667,0.3468208092485549,0.0,0.0,0.042196531791907514,-1.0,-1.0,-1.0,0,0,0,0,1
./datasets/Organised/20260306-handFlying-2/129091721.jpg,7,2,1,0.26001926782273604,0.019653179190751446,0.00674373795761079,0.25529865125240847,0.27379576107899806,0.9324385366952813,0.32302504816955685,0.13834296724470135,4684.696979991536,0.09638728323699422,0.7166666666666667,0.5086705202312138,0.0,0.0,0.13420038535645473,-1.0,-1.0,-1.0,0,0,0,0,1
./datasets/Organised/20260306-handFlying-2/226390944.jpg,7,2,1,0.12157996146435453,0.011368015414258189,0.004046242774566474,0.1361271676300578,0.13458574181117533,1.0114455985645576,0.1634874759152216,0.07302504816955684,3279.711723263576,0.047302504816955686,0.5666666666666667,0.2023121387283237,0.0,0.0,0.0,-1.0,-1.0,-1.0,0,0,0,0,1
./datasets/Organised/20260306-handFlying-2/169324732.jpg,7,2,1,0.0128131021194605,0.0015414258188824663,0.0008670520231213873,0.023314065510597302,0.028709055876685933,0.8120522513343328,0.03342967244701349,0.015703275529865127,428.01599671073393,0.007129094412331407,0.1,0.14450867052023122,0.0,0.0,0.013102119460500963,-1.0,-1.0,-1.0,0,0,0,0,0
./datasets/Organised/20260306-handFlying-2/173724696.jpg,6,2,0,0.0037572254335260114,0.003179190751445087,0.0017341040462427746,0.041714836223506746,0.03689788053949904,1.1305176637771541,0.048747591522158,0.023121387283236993,918.851861405326,0.0011560693641618498,0.11666666666666667,0.028901734104046242,0.0,0.0,0.0,-1.0,-1.0,-1.0,0,0,0,0,0
./datasets/Organised/20260306-handFlying-2/221024322.jpg,6,2,0,0.0628131021194605,0.006647398843930636,0.002697495183044316,0.09460500963391137,0.10105973025048169,0.9361203842425277,0.12032755298651253,0.055973025048169554,4898.955618259511,0.03289980732177264,0.4,0.2138728323699422,0.0,0.0,0.03815028901734104,-1.0,-1.0,-1.0,0,0,0,0,0
./datasets/Organised/20260306-handFlying-2/63325585.jpg,7,2,1,0.22042389210019267,0.011175337186897881,0.0038535645472061657,0.16685934489402698,0.16435452793834296,1.0152341511544614,0.20028901734104046,0.08670520231213873,8248.437094558974,0.09821772639691714,0.21666666666666667,0.7283236994219653,0.0,0.0,0.1159922928709056,-1.0,-1.0,-1.0,0,0,0,0,1
./datasets/Organised/20260306-handFlying-2/76192151.jpg,8,2,2,0.004431599229287091,0.0022157996146435453,0.0017341040462427746,0.03121387283236994,0.03265895953757225,0.9557229486601561,0.040366088631984584,0.019942196531791908,921.5014046576897,0.0022157996146435453,0.13333333333333333,0.057803468208092484,0.0,0.0,0.0037572254335260114,-1.0,-1.0,-1.0,0,0,0,0,0
./datasets/Organised/20260306-handFlying-2/267157293.jpg,7,2,1,0.025626204238921,0.007996146435452794,0.004624277456647399,0.13352601156069363,0.13342967244701348,1.0007145217207685,0.1603082851637765,0.06840077071290944,1553.7705268765708,0.0013969171483622352,0.1,0.05202312138728324,0.0,0.0,0.007707129094412331,-1.0,-1.0,-1.0,0,0,0,0,0
./datasets/Organised/20260306-handFlying-2/222924309.jpg,6,2,0,0.016377649325626204,0.0030828516377649326,0.002119460500963391,0.04229287090558767,0.04691714836223507,0.9014181586848313,0.054816955684007705,0.028709055876685933,2124.9764715289148,0.012138728323699421,0.13333333333333333,0.1676300578034682,0.0,0.0,0.015221579961464355,-1.0,-1.0,-1.0,0,0,0,0,0
./datasets/Organised/20260306-handFlying-2/138358322.jpg,7,2,1,0.0,0.0023121387283236996,0.0010597302504816955,0.024277456647398842,0.025240847784200385,0.9617939564073759,0.03005780346820809,0.016859344894026976,471.8954719781259,0.0,0.0,0.0,0.0,0.0,0.0,-1.0,-1.0,-1.0,0,0,0,0,0
./datasets/Organised/20260306-handFlying-2/134258383.jpg,7,2,1,0.0025048169556840076,0.004238921001926782,0.0017341040462427746,0.04277456647398844,0.04566473988439306,0.9366883484703437,0.05500963391136802,0.02909441233140655,1309.2689470264813,0.0003853564547206166,0.05,0.023121387283236993,0.0,0.0,0.0,-1.0,-1.0,-1.0,0,0,0,0,0
./datasets/Organised/20260306-handFlying-2/51858997.jpg,8,2,2,0.1348747591522158,0.010886319845857417,0.0036608863198458576,0.1588631984585742,0.1485549132947977,1.069383203503468,0.1916184971098266,0.08333333333333333,6699.594779311035,0.09157032755298651,0.5166666666666667,0.3468208092485549,0.0,0.0,0.11242774566473988,-1.0,-1.0,-1.0,0,0,0,0,0
./datasets/Organised/20260306-handFlying-2/228457598.jpg,6,2,0,0.19691714836223506,0.01348747591522158,0.00394990366088632,0.1686897880539499,0.18371868978805395,0.9181911217494265,0.22235067437379577,0.09277456647398843,4544.8798680117025,0.13236994219653178,0.4,0.6242774566473989,0.0,0.0,0.15664739884393064,-1.0,-1.0,-1.0,0,0,0,0,0
./datasets/Organised/20260306-handFlying-2/49725730.jpg,8,2,2,0.05067437379576108,0.007996146435452794,0.0036608863198458576,0.10375722543352602,0.10192678227360308,1.017948425042862,0.1260115606936416,0.06310211946050097,4905.463512860066,0.04161849710982659,0.38333333333333336,0.23699421965317918,0.0,0.0,0.045953757225433524,-1.0,-1.0,-1.0,0,0,0,0,0
./datasets/Organised/20260306-handFlying-2/219291002.jpg,6,2,0,0.04344894026974952,0.009922928709055878,0.004431599229287091,0.13159922928709056,0.13140655105973026,1.0014586545888309,0.1624277456647399,0.08198458574181118,6423.5084548616915,0.02485549132947977,0.2,0.2774566473988439,0.0,0.0,0.030635838150289016,-1.0,-1.0,-1.0,0,0,0,0,0
./datasets/Organised/20260306-handFlying-2/114458507.jpg,7,2,1,0.5457610789980732,0.004720616570327553,0.002601156069364162,0.08314065510597303,0.08169556840077072,1.0176762223122788,0.10057803468208093,0.04431599229287091,3618.7027596422645,0.5274566473988439,1.0,0.653179190751445,0.0,0.0,0.5459537572254335,-1.0,-1.0,-1.0,0,0,0,1,0
./datasets/Organised/20260306-handFlying-2/136658335.jpg,7,2,1,0.001348747591522158,0.0030828516377649326,0.0022157996146435453,0.036127167630057806,0.032947976878612714,1.0964579496095996,0.04354527938342967,0.026685934489402697,843.3980441118056,0.0003853564547206166,0.06666666666666667,0.017341040462427744,0.0,0.0,0.0,-1.0,-1.0,-1.0,0,0,0,0,0
./datasets/Organised/20260306-handFlying-2/41792420.jpg,6,2,0,0.26464354527938344,0.006262042389210019,0.0027938342967244703,0.1199421965317919,0.10105973025048169,1.186832870042716,0.1291907514450867,0.052986512524084775,3364.715916882919,0.2586705202312139,0.95,0.4046242774566474,0.0,0.0,0.0,-1.0,-1.0,-1.0,0,0,0,0,0
./datasets/Organised/20260306-handFlying-2/60758985.jpg,8,2,2,0.01676300578034682,0.007803468208092485,0.003468208092485549,0.09421965317919075,0.0894990366088632,1.0527331244673497,0.11310211946050096,0.05674373795761079,4541.485062611143,0.002697495183044316,0.15,0.046242774566473986,0.0,0.0,0.003371868978805395,-1.0,-1.0,-1.0,0,0,0,0,0
./datasets/Organised/20260306-handFlying-2/269790606.jpg,6,2,0,0.0151252408477842,0.004238921001926782,0.0022157996146435453,0.053371868978805394,0.060308285163776496,0.8849693514666641,0.06994219653179191,0.03304431599229287,1404.5412249731771,0.004383429672447013,0.31666666666666665,0.03468208092485549,0.0,0.0,0.0064547206165703275,-1.0,-1.0,-1.0,0,0,0,0,0
./datasets/Organised/20260306-handFlying-2/244024234.jpg,8,2,2,0.21252408477842002,0.016859344894026976,0.005587668593448941,0.2016377649325626,0.2420038535645472,0.8331971940338877,0.2764932562620424,0.1222543352601156,7660.304077975283,0.14335260115606938,0.75,0.7803468208092486,0.0,0.0,0.175626204238921,-1.0,-1.0,-1.0,0,0,0,0,0
./datasets/Organised/20260306-handFlying-2/99825296.jpg,6,2,0,0.04980732177263969,0.007996146435452794,0.0038535645472061657,0.1163776493256262,0.12658959537572254,0.9193230269611722,0.15,0.06377649325626204,2335.615571101607,0.011849710982658959,0.23333333333333334,0.24855491329479767,0.0,0.0,0.020905587668593448,-1.0,-1.0,-1.0,0,0,0,0,0
./datasets/Organised/20260306-handFlying-2/194924537.jpg,8,2,2,0.13766859344894028,0.007418111753371869,0.002601156069364162,0.10308285163776493,0.11223506743737957,0.9184467523800088,0.1327552986512524,0.05635838150289017,3042.16840544845,0.09927745664739884,0.38333333333333336,0.5028901734104047,0.0,0.0,0.1092485549132948,-1.0,-1.0,-1.0,0,0,0,0,0
./datasets/Organised/20260306-handFlying-2/152591533.jpg,7,2,1,0.1384393063583815,0.0052986512524084775,0.002023121387283237,0.05134874759152216,0.08217726396917148,0.6248458547479809,0.08815028901734104,0.03795761078998073,1270.3708519793138,0.12427745664739884,0.3,0.7167630057803468,0.0,0.0,0.0,-1.0,-1.0,-1.0,0,0,0,1,0
./datasets/Organised/20260306-handFlying-2/289190978.jpg,7,2,1,0.02601156069364162,0.008959537572254336,0.004046242774566474,0.11136801541425818,0.10520231213872833,1.0585979961106229,0.13342967244701348,0.06194605009633911,2537.6417809556688,0.015558766859344894,0.36666666666666664,0.10404624277456648,0.0,0.0,0.0,-1.0,-1.0,-1.0,0,0,0,0,0
./datasets/Organised/20260306-handFlying-2/259257359.jpg,6,2,0,0.0027938342967244703,0.002023121387283237,0.001348747591522158,0.0315028901734104,0.026396917148362235,1.1933854476607784,0.03651252408477842,0.0174373795761079,557.5349468185817,0.0010115606936416184,0.08333333333333333,0.028901734104046242,0.0,0.0,0.0,-1.0,-1.0,-1.0,0,0,0,0,0
./datasets/Organised/20260306-handFlying-2/135258336.jpg,7,2,1,0.0007707129094412332,0.0036608863198458576,0.002119460500963391,0.04354527938342967,0.042196531791907514,1.0319390147785994,0.053371868978805394,0.030635838150289016,1173.664489096417,0.0003853564547206166,0.06666666666666667,0.017341040462427744,0.0,0.0,0.0,-1.0,-1.0,-1.0,0,0,0,0,0
./datasets/Organised/20260306-handFlying-2/231524243.jpg,7,2,1,0.1711946050096339,0.01069364161849711,0.0032755298651252407,0.12842003853564546,0.16946050096339113,0.7578124695318739,0.19190751445086704,0.07514450867052024,2609.138585197931,0.08819845857418111,0.23333333333333334,0.5953757225433526,0.0,0.0,0.1316955684007707,-1.0,-1.0,-1.0,0,0,0,0,0
./datasets/Organised/20260306-handFlying-2/44992435.jpg,6,2,0,0.9363198458574181,0.010115606936416185,0.004913294797687861,0.13227360308285163,0.14653179190751445,0.9026894346375204,0.16599229287090558,0.07620423892100192,7934.671874352635,0.9539980732177264,1.0,1.0,0.0,0.0,0.9390173410404624,-1.0,-1.0,-1.0,0,0,0,1,0
./datasets/Organised/20260306-handFlying-2/199724485.jpg,7,2,1,0.5562620423892101,0.011464354527938344,0.004431599229287091,0.15173410404624277,0.1846820809248555,0.821591795449746,0.20770712909441233,0.09094412331406551,11234.553737725582,0.5562138728323699,0.9166666666666666,0.7630057803468208,0.0,0.0,0.551252408477842,-1.0,-1.0,-1.0,0,0,0,1,0
./datasets/Organised/20260306-handFlying-2/90358699.jpg,8,2,2,0.2888246628131021,0.02302504816955684,0.005973025048169557,0.30982658959537573,0.3056840077071291,1.0135485280070216,0.37341040462427744,0.16339113680154144,5824.04883297879,0.1321290944123314,1.0,0.45664739884393063,0.0,0.0,0.0220616570327553,-1.0,-1.0,-1.0,0,0,0,0,1
./datasets/Organised/20260306-handFlying-2/53858987.jpg,8,2,2,0.2704238921001927,0.011271676300578034,0.004238921001926782,0.16840077071290943,0.16734104046242776,1.0063267440002286,0.20626204238921003,0.08747591522157996,9199.859776461699,0.18492292870905588,0.65,0.3815028901734104,0.0,0.0,0.25057803468208095,-1.0,-1.0,-1.0,0,0,0,0,1
./datasets/Organised/20260306-handFlying-2/204324453.jpg,6,2,0,0.18921001926782274,0.014161849710982659,0.003371868978805395,0.16271676300578033,0.16184971098265896,1.0053509312246034,0.1970134874759152,0.08757225433526011,4040.0360406573336,0.0901252408477842,0.8833333333333333,0.23699421965317918,0.0,0.0,0.08342967244701349,-1.0,-1.0,-1.0,0,0,0,0,0
./datasets/Organised/20260306-handFlying-2/53692319.jpg,6,2,0,0.44210019267822737,0.01763005780346821,0.005876685934489403,0.21184971098265895,0.2453757225433526,0.863365150478892,0.2752408477842004,0.11551059730250482,9759.171774533062,0.46040462427745665,0.95,0.9017341040462428,0.0,0.0,0.43371868978805395,-1.0,-1.0,-1.0,0,0,0,1,0
./datasets/Organised/20260306-handFlying-2/222490980.jpg,7,2,1,0.36502890173410407,0.021483622350674372,0.006647398843930636,0.2811175337186898,0.2995183044315992,0.9385623215577686,0.3615606936416185,0.16001926782273604,11692.159711418877,0.2945568400770713,0.48333333333333334,1.0,0.0,0.0,0.3103082851637765,-1.0,-1.0,-1.0,0,0,0,1,0
./datasets/Organised/20260306-handFlying-2/73125492.jpg,7,2,1,0.20279383429672446,0.00953757225433526,0.0036608863198458576,0.12909441233140656,0.16290944123314066,0.792425650278977,0.17938342967244703,0.0754335260115607,4276.693264160365,0.09980732177263969,0.35,0.7398843930635838,0.0,0.0,0.15645472061657031,-1.0,-1.0,-1.0,0,0,0,0,0
./datasets/Organised/20260306-handFlying-2/86158726.jpg,8,2,2,0.08959537572254335,0.00953757225433526,0.002890173410404624,0.1079961464354528,0.12784200385356453,0.8447560146439851,0.14344894026974953,0.060789980732177264,4746.611787563902,0.06734104046242774,0.5833333333333334,0.32947976878612717,0.0,0.0,0.0788053949903661,-1.0,-1.0,-1.0,0,0,0,0,0
./datasets/Organised/20260306-handFlying-2/182524653.jpg,8,2,2,0.30895953757225436,0.013294797687861272,0.00394990366088632,0.18988439306358382,0.2058766859344894,0.9223165308162893,0.23795761078998073,0.09576107899807322,5091.135687089074,0.27249518304431597,0.6833333333333333,0.7283236994219653,0.0,0.0,0.2880539499036609,-1.0,-1.0,-1.0,0,0,0,0,0
./datasets/Organised/20260306-handFlying-2/180791311.jpg,8,2,2,0.21676300578034682,0.010982658959537572,0.0037572254335260114,0.19797687861271676,0.16579961464354528,1.194066011385707,0.22389210019267822,0.08863198458574181,6428.6303423565405,0.1210019267822736,0.55,0.3063583815028902,0.0,0.0,0.0,-1.0,-1.0,-1.0,0,0,0,0,0
./datasets/Organised/20260306-handFlying-2/180924654.jpg,6,2,0,0.19094412331406552,0.0151252408477842,0.005587668593448941,0.21435452793834298,0.19508670520231214,1.0987597999374206,0.25558766859344895,0.11406551059730251,5451.40374711818,0.11767822736030828,0.4,0.45664739884393063,0.0,0.0,0.1441233140655106,-1.0,-1.0,-1.0,0,0,0,0,0
./datasets/Organised/20260306-handFlying-2/226858170.jpg,7,2,1,0.11146435452793835,0.009633911368015413,0.002890173410404624,0.12418111753371869,0.11801541425818883,1.0522359818698026,0.14691714836223507,0.06579961464354528,2122.520513465201,0.05178227360308285,0.7,0.13872832369942195,0.0,0.0,0.0,-1.0,-1.0,-1.0,0,0,0,0,1
./datasets/Organised/20260306-handFlying-2/231057573.jpg,7,2,1,0.14450867052023122,0.009730250481695568,0.003179190751445087,0.12851637764932564,0.17061657032755298,0.7532423384215287,0.19238921001926781,0.07803468208092486,3593.390422666979,0.07996146435452794,0.26666666666666666,0.6184971098265896,0.0,0.0,0.13092485549132948,-1.0,-1.0,-1.0,0,0,0,0,1
./datasets/Organised/20260306-handFlying-2/62092247.jpg,7,2,1,0.3490366088631985,0.01599229287090559,0.005587668593448941,0.20211946050096338,0.20780346820809248,0.9726425145900318,0.25289017341040465,0.1149325626204239,11816.015547202453,0.23208092485549134,0.5333333333333333,0.5491329479768786,0.0,0.0,0.32803468208092484,-1.0,-1.0,-1.0,0,0,0,1,0
./datasets/Organised/20260306-handFlying-2/221624316.jpg,8,2,2,0.2541425818882466,0.007803468208092485,0.003179190751445087,0.10173410404624278,0.11647398843930636,0.8734416324862323,0.13304431599229288,0.05558766859344894,2771.8644513868003,0.1376204238921002,0.55,0.4913294797687861,0.0,0.0,0.2544315992292871,-1.0,-1.0,-1.0,0,0,0,0,0
./datasets/Organised/20260306-handFlying-2/157191492.jpg,6,2,0,0.0010597302504816955,0.0012524084778420038,0.0005780346820809249,0.014547206165703276,0.013969171483622351,1.0413047672863143,0.017919075144508672,0.010982658959537572,297.35260082194526,0.0001926782273603083,0.05,0.017341040462427744,0.0,0.0,0.0,-1.0,-1.0,-1.0,0,0,0,0,0
./datasets/Organised/20260306-handFlying-2/54458974.jpg,7,2,1,0.9557803468208093,0.01021194605009634,0.005491329479768786,0.17822736030828518,0.19258188824662814,0.9254579258362831,0.2210019267822736,0.09614643545279383,11553.58657485679,0.948073217726397,1.0,1.0,0.0,0.0,0.9529865125240847,-1.0,-1.0,-1.0,0,0,0,1,0
./datasets/Organised/20260306-handFlying-2/128358391.jpg,8,2,2,0.03564547206165703,0.004142581888246628,0.0011560693641618498,0.06001926782273603,0.05944123314065511,1.0097074866066273,0.07148362235067438,0.030828516377649325,596.2970786045493,0.007032755298651252,0.23333333333333334,0.07514450867052024,0.0,0.0,0.0,-1.0,-1.0,-1.0,0,0,0,0,0
./datasets/Organised/20260306-handFlying-2/175291349.jpg,8,2,2,0.2617533718689788,0.013294797687861272,0.0045279383429672445,0.18872832369942197,0.20626204238921003,0.9149885578789206,0.2375722543352601,0.10472061657032755,9261.119630709345,0.22798651252408478,0.5166666666666667,0.8439306358381503,0.0,0.0,0.24373795761078998,-1.0,-1.0,-1.0,0,0,0,1,0
./datasets/Organised/20260306-handFlying-2/175591351.jpg,6,2,0,0.10645472061657033,0.012235067437379576,0.0037572254335260114,0.14460500963391137,0.13285163776493256,1.0884617126667315,0.1688824662813102,0.0788053949903661,2557.710752215428,0.05770712909441233,0.7,0.15606936416184972,0.0,0.0,0.004624277456647399,-1.0,-1.0,-1.0,0,0,0,0,0
./datasets/Organised/20260306-handFlying-2/95758677.jpg,6,2,0,0.14489402697495182,0.015221579961464355,0.0045279383429672445,0.1838150289017341,0.1710019267822736,1.0749232914344984,0.21425818882466283,0.09576107899807322,6318.920719554799,0.05264932562620424,0.75,0.18497109826589594,0.0,0.0,0.06136801541425819,-1.0,-1.0,-1.0,0,0,0,0,0
./datasets/Organised/20260306-handFlying-2/189557924.jpg,6,2,0,0.14238921001926783,0.01233140655105973,0.004238921001926782,0.15472061657032754,0.15626204238921002,0.990129298679334,0.19258188824662814,0.07928709055876686,3054.716276149851,0.048843930635838154,0.16666666666666666,0.4277456647398844,0.0,0.0,0.08458574181117534,-1.0,-1.0,-1.0,0,0,0,0,0
./datasets/Organised/20260306-handFlying-2/218557703.jpg,7,2,1,0.7342003853564547,0.0174373795761079,0.0060693641618497106,0.2521194605009634,0.30096339113680154,0.8377052831687455,0.33940269749518304,0.14701348747591522,16208.502916337182,0.746868978805395,0.95,1.0,0.0,0.0,0.7239884393063584,-1.0,-1.0,-1.0,0,0,0,1,0
./datasets/Organised/20260306-handFlying-2/97125301.jpg,7,2,1,0.6765895953757225,0.01878612716763006,0.0056840077071290945,0.2407514450867052,0.25366088631984585,0.9491037403354257,0.30279383429672446,0.13015414258188826,7030.990289342184,0.6701830443159923,1.0,1.0,0.0,0.0,0.6665703275529865,-1.0,-1.0,-1.0,0,0,0,1,0
./datasets/Organised/20260306-handFlying-2/59258964.jpg,6,2,0,0.55,0.013680154142581889,0.0056840077071290945,0.201252408477842,0.22552986512524084,0.8923497383211091,0.25751445086705205,0.11078998073217726,8249.290475040929,0.5122350674373796,0.7333333333333333,1.0,0.0,0.0,0.5259152215799615,-1.0,-1.0,-1.0,0,0,0,1,0
./datasets/Organised/20260306-handFlying-2/150258214.jpg,6,2,0,0.024277456647398842,0.0023121387283236996,0.0009633911368015414,0.034393063583815026,0.03420038535645472,1.0056043995107973,0.04238921001926782,0.017148362235067438,472.8721119612713,0.014402697495183045,0.6,0.046242774566473986,0.0,0.0,0.0,-1.0,-1.0,-1.0,0,0,0,0,0
./datasets/Organised/20260306-handFlying-2/78892111.jpg,7,2,1,0.11907514450867052,0.014258188824662813,0.003371868978805395,0.173121387283237,0.16329479768786126,1.0601704987788925,0.20414258188824663,0.08015414258188824,2560.341564025601,0.041184971098265896,0.5333333333333333,0.19653179190751446,0.0,0.0,0.0,-1.0,-1.0,-1.0,0,0,0,0,1
./datasets/Organised/20260306-handFlying-2/248490760.jpg,6,2,0,0.197495183044316,0.008477842003853564,0.0029865125240847784,0.1199421965317919,0.13516377649325625,0.8873776115612203,0.15433526011560694,0.06473988439306358,7106.360877957463,0.21160886319845856,0.8,0.3988439306358382,0.0,0.0,0.1903660886319846,-1.0,-1.0,-1.0,0,0,0,0,0
./datasets/Organised/20260306-handFlying-2/83125407.jpg,6,2,0,0.27552986512524086,0.016666666666666666,0.0060693641618497106,0.22408477842003854,0.27379576107899806,0.8184347306993299,0.30934489402697496,0.12755298651252409,9622.447518116951,0.1464354527938343,0.4666666666666667,0.6011560693641619,0.0,0.0,0.2313102119460501,-1.0,-1.0,-1.0,0,0,0,0,0
./datasets/Organised/20260306-handFlying-2/66792224.jpg,7,2,1,0.06724470134874759,0.013102119460500963,0.0052986512524084775,0.1569364161849711,0.1617533718689788,0.9702143711583248,0.19258188824662814,0.09132947976878612,5160.463841981578,0.03901734104046243,0.55,0.2254335260115607,0.0,0.0,0.0,-1.0,-1.0,-1.0,0,0,0,0,0
./datasets/Organised/20260306-handFlying-2/292790608.jpg,7,2,1,0.003371868978805395,0.0035645472061657034,0.002601156069364162,0.03911368015414258,0.04277456647398844,0.9143930373879997,0.049614643545279384,0.030346820809248554,1519.299866823705,0.001348747591522158,0.08333333333333333,0.046242774566473986,0.0,0.0,0.0,-1.0,-1.0,-1.0,0,0,0,0,0
./datasets/Organised/20260306-handFlying-2/41492459.jpg,7,2,1,0.011078998073217727,0.005491329479768786,0.0027938342967244703,0.07697495183044316,0.073121387283237,1.052686525841715,0.09470134874759152,0.0405587668593449,922.6366706668746,0.0011078998073217727,0.08333333333333333,0.03468208092485549,0.0,0.0,0.0,-1.0,-1.0,-1.0,0,0,0,0,0
./datasets/Organised/20260306-handFlying-2/84192095.jpg,7,2,1,0.5651252408477841,0.01599229287090559,0.004238921001926782,0.23391136801541426,0.20057803468208094,1.166180545170961,0.28265895953757225,0.10684007707129095,8526.412603485656,0.5478323699421965,1.0,0.7745664739884393,0.0,0.0,0.5660886319845857,-1.0,-1.0,-1.0,0,0,1,0,0
./datasets/Organised/20260306-handFlying-2/127658418.jpg,6,2,0,0.18458574181117535,0.015028901734104046,0.004624277456647399,0.19402697495183044,0.19739884393063584,0.9829135175000919,0.23362235067437379,0.10394990366088631,3652.7949563132747,0.12177263969171484,1.0,0.20809248554913296,0.0,0.0,0.12909441233140656,-1.0,-1.0,-1.0,0,0,0,0,1
./datasets/Organised/20260306-handFlying-2/127058407.jpg,6,2,0,0.48535645472061656,0.025722543352601157,0.005491329479768786,0.3219653179190751,0.31040462427745663,1.0372406062825907,0.38651252408477843,0.15953757225433526,4852.406685043492,0.40240847784200384,1.0,0.6069364161849711,0.0,0.0,0.4083815028901734,-1.0,-1.0,-1.0,0,0,0,1,0
./datasets/Organised/20260306-handFlying-2/275590612.jpg,7,2,1,0.24576107899807323,0.009922928709055878,0.004046242774566474,0.11310211946050096,0.1733140655105973,0.6525810040073253,0.1788053949903661,0.07379576107899807,2922.726830712315,0.22745664739884394,0.6,0.9017341040462428,0.0,0.0,0.0,-1.0,-1.0,-1.0,0,0,0,0,0
./datasets/Organised/20260306-handFlying-2/131558365.jpg,8,2,2,0.1936416184971098,0.013680154142581889,0.003468208092485549,0.15,0.17504816955684008,0.8569020943072433,0.19865125240847784,0.08265895953757225,4280.684974987099,0.13545279383429673,0.65,0.4624277456647399,0.0,0.0,0.13217726396917148,-1.0,-1.0,-1.0,0,0,0,0,1
./datasets/Organised/20260306-handFlying-2/243724143.jpg,8,2,2,0.14759152215799615,0.013776493256262042,0.004720616570327553,0.16599229287090558,0.1939306358381503,0.8559319997147754,0.2195568400770713,0.09778420038535646,6824.443909326147,0.07138728323699423,0.4,0.5838150289017341,0.0,0.0,0.08660886319845858,-1.0,-1.0,-1.0,0,0,0,0,0
./datasets/Organised/20260306-handFlying-2/196791193.jpg,7,2,1,0.22514450867052024,0.012042389210019268,0.004238921001926782,0.16329479768786126,0.1916184971098266,0.8521825813699373,0.2241811175337187,0.09971098265895954,8485.294185451867,0.20052986512524085,0.48333333333333334,0.6473988439306358,0.0,0.0,0.20674373795761078,-1.0,-1.0,-1.0,0,0,0,0,0
./datasets/Organised/20260306-handFlying-2/226858170.jpg,6,2,0,0.008285163776493257,0.009248554913294798,0.004335260115606936,0.10626204238921001,0.09210019267822736,1.1537531632240225,0.12447013487475915,0.06714836223506744,2778.6165122178045,0.0011560693641618498,0.15,0.05202312138728324,0.0,0.0,0.0,-1.0,-1.0,-1.0,0,0,0,0,0
./datasets/Organised/20260306-handFlying-2/279423857.jpg,8,2,2,0.10886319845857419,0.008766859344894027,0.0032755298651252407,0.11213872832369942,0.13699421965317918,0.818559425705458,0.1554913294797688,0.0686897880539499,3598.48272588645,0.0739402697495183,0.38333333333333336,0.3988439306358382,0.0,0.0,0.09547206165703276,-1.0,-1.0,-1.0,0,0,0,0,0
./datasets/Organised/20260306-handFlying-2/85558726.jpg,6,2,0,0.6506743737957611,0.01069364161849711,0.005394990366088632,0.1634874759152216,0.17909441233140655,0.9128512773554283,0.20655105973025048,0.09084778420038536,8852.757742685468,0.6442678227360308,0.9666666666666667,1.0,0.0,0.0,0.6480732177263969,-1.0,-1.0,-1.0,0,0,0,1,0
./datasets/Organised/20260306-handFlying-2/77692128.jpg,6,2,0,0.010308285163776493,0.00394990366088632,0.0012524084778420038,0.046628131021194605,0.0453757225433526,1.0275782032659238,0.05722543352601156,0.02745664739884393,778.2722525811087,0.002023121387283237,0.23333333333333334,0.057803468208092484,0.0,0.0,0.0,-1.0,-1.0,-1.0,0,0,0,0,0
./datasets/Organised/20260306-handFlying-2/272923958.jpg,7,2,1,0.21666666666666667,0.008285163776493257,0.0029865125240847784,0.08863198458574181,0.1252408477842004,0.707686657086538,0.13285163776493256,0.05626204238921002,1700.493343468431,0.20211946050096338,0.6666666666666666,0.6647398843930635,0.0,0.0,0.0,-1.0,-1.0,-1.0,0,0,0,0,0
./datasets/Organised/20260306-handFlying-2/222790973.jpg,7,2,1,0.33872832369942196,0.0197495183044316,0.006551059730250481,0.2720616570327553,0.31223506743737955,0.8713332167729745,0.3580924855491329,0.1567437379576108,14001.429940219634,0.3076589595375723,0.5333333333333333,1.0,0.0,0.0,0.30741811175337186,-1.0,-1.0,-1.0,0,0,0,1,0
./datasets/Organised/20260306-handFlying-2/273857241.jpg,8,2,2,0.14633911368015415,0.005202312138728324,0.002697495183044316,0.06483622350674374,0.09335260115606936,0.694523003974426,0.09730250481695568,0.040366088631984584,1437.402397331091,0.13477842003853566,0.5166666666666667,0.5317919075144508,0.0,0.0,0.0,-1.0,-1.0,-1.0,0,0,0,0,0
./datasets/Organised/20260306-handFlying-2/197624508.jpg,6,2,0,0.05308285163776493,0.0024084778420038534,0.0016377649325626203,0.030732177263969172,0.030828516377649325,0.9968426649160568,0.036608863198458574,0.0197495183044316,1708.4735546255768,0.04841040462427745,0.4666666666666667,0.18497109826589594,0.0,0.0,0.05308285163776493,-1.0,-1.0,-1.0,0,0,0,0,0
./datasets/Organised/20260306-handFlying-2/269790606.jpg,7,2,1,0.5054913294797688,0.00674373795761079,0.0025048169556840076,0.08526011560693642,0.11290944123314066,0.7551127661514396,0.12023121387283237,0.04682080924855491,1580.8028944798987,0.4844894026974952,0.7666666666666667,0.9653179190751445,0.0,0.0,0.5027938342967244,-1.0,-1.0,-1.0,0,0,0,1,0
./datasets/Organised/20260306-handFlying-2/108291880.jpg,6,2,0,0.0004816955684007707,0.0010597302504816955,0.0008670520231213873,0.013776493256262042,0.013680154142581889,1.006968645531404,0.01628131021194605,0.00789980732177264,304.7167338998593,0.0001926782273603083,0.05,0.017341040462427744,0.0,0.0,0.0,-1.0,-1.0,-1.0,0,0,0,0,0
./datasets/Organised/20260306-handFlying-2/186957942.jpg,7,2,1,0.31589595375722546,0.018111753371868978,0.005009633911368015,0.261271676300578,0.23872832369942196,1.0944264083348996,0.31445086705202313,0.124373795761079,5365.799691120838,0.16411368015414257,0.7833333333333333,0.37572254335260113,0.0,0.0,0.02726396917148362,-1.0,-1.0,-1.0,0,0,0,0,0
./datasets/Organised/20260306-handFlying-2/76492136.jpg,7,2,1,0.1957610789980732,0.02138728323699422,0.004913294797687861,0.24922928709055878,0.24007707129094413,1.0381176662675056,0.2951830443159923,0.1258188824662813,4028.00575903713,0.08945086705202313,0.8,0.2947976878612717,0.0,0.0,0.005009633911368015,-1.0,-1.0,-1.0,0,0,0,0,1
./datasets/Organised/20260306-handFlying-2/204024502.jpg,8,2,2,0.20539499036608863,0.012620423892100193,0.0032755298651252407,0.1894990366088632,0.20211946050096338,0.9375549419350346,0.24171483622350676,0.10086705202312139,4503.454352931568,0.10920038535645472,0.4166666666666667,0.4161849710982659,0.0,0.0,0.1295761078998073,-1.0,-1.0,-1.0,0,0,0,0,1
./datasets/Organised/20260306-handFlying-2/97958639.jpg,8,2,2,0.12842003853564546,0.004816955684007707,0.0025048169556840076,0.07321772639691715,0.08603082851637765,0.8510539373573687,0.09585741811175337,0.04267822736030828,2640.7475974157355,0.10134874759152215,0.4166666666666667,0.4393063583815029,0.0,0.0,0.12668593448940269,-1.0,-1.0,-1.0,0,0,0,0,0
./datasets/Organised/20260306-handFlying-2/209891085.jpg,6,2,0,0.01955684007707129,0.0072254335260115606,0.0024084778420038534,0.09373795761078998,0.0907514450867052,1.0328973232757797,0.10944123314065511,0.048843930635838154,3504.980991782403,0.003468208092485549,0.18333333333333332,0.06936416184971098,0.0,0.0,0.0,-1.0,-1.0,-1.0,0,0,0,0,0
./datasets/Organised/20260306-handFlying-2/108125234.jpg,8,2,2,0.09084778420038536,0.004816955684007707,0.0019267822736030828,0.0653179190751445,0.06782273603082851,0.9630539822438413,0.0815028901734104,0.03352601156069364,1367.1431563589385,0.04841040462427745,0.23333333333333334,0.3468208092485549,0.0,0.0,0.05953757225433526,-1.0,-1.0,-1.0,0,0,0,0,0
./datasets/Organised/20260306-handFlying-2/185457939.jpg,6,2,0,0.14653179190751445,0.00838150289017341,0.00394990366088632,0.12292870905587669,0.12697495183044316,0.9681259111176348,0.15096339113680154,0.06955684007707129,6225.851873285294,0.12923892100192677,0.5,0.4624277456647399,0.0,0.0,0.1394990366088632,-1.0,-1.0,-1.0,0,0,0,0,0
./datasets/Organised/20260306-handFlying-2/184891305.jpg,7,2,1,0.3464354527938343,0.018111753371868978,0.005876685934489403,0.2266859344894027,0.2918111753371869,0.7768213722661459,0.32957610789980735,0.1359344894026975,10365.299450774239,0.31710019267822737,0.5833333333333334,0.8786127167630058,0.0,0.0,0.0,-1.0,-1.0,-1.0,0,0,0,0,0
./datasets/Organised/20260306-handFlying-2/72692178.jpg,6,2,0,0.23497109826589596,0.015895953757225433,0.005009633911368015,0.1960500963391137,0.21136801541425818,0.9275252380528848,0.25057803468208095,0.11021194605009633,6783.675485834995,0.18140655105973025,0.4666666666666667,0.7456647398843931,0.0,0.0,0.196242774566474,-1.0,-1.0,-1.0,0,0,0,1,0
./datasets/Organised/20260306-handFlying-2/85725402.jpg,8,2,2,0.03371868978805395,0.006165703275529865,0.0029865125240847784,0.08660886319845858,0.08670520231213873,0.9988773685032388,0.10616570327552986,0.047398843930635835,1946.0193044278867,0.010886319845857417,0.2,0.10982658959537572,0.0,0.0,0.020712909441233142,-1.0,-1.0,-1.0,0,0,0,0,0
./datasets/Organised/20260306-handFlying-2/172691368.jpg,8,2,2,0.0,0.00028901734104046245,0.0003853564547206166,0.006165703275529865,0.00510597302504817,1.2073107191459482,0.0072254335260115606,0.0030828516377649326,71.33637663767212,0.0,0.0,0.0,0.0,0.0,0.0,-1.0,-1.0,-1.0,0,0,0,0,0
./datasets/Organised/20260306-handFlying-2/236057536.jpg,8,2,2,0.18863198458574182,0.010886319845857417,0.003371868978805395,0.14682080924855492,0.17947976878612718,0.8180308689423406,0.20915221579961465,0.08863198458574181,4308.650425442064,0.14971098265895955,0.4666666666666667,0.44508670520231214,0.0,0.0,0.1663776493256262,-1.0,-1.0,-1.0,0,0,0,0,0
./datasets/Organised/20260306-handFlying-2/56658991.jpg,8,2,2,0.13988439306358383,0.010886319845857417,0.004913294797687861,0.15346820809248554,0.1485549132947977,1.0330669758526527,0.17967244701348747,0.08265895953757225,7757.126177833837,0.11363198458574181,0.55,0.31213872832369943,0.0,0.0,0.11127167630057803,-1.0,-1.0,-1.0,0,0,0,0,0
./datasets/Organised/20260306-handFlying-2/81992870.jpg,8,2,2,0.0,0.0001926782273603083,0.0001926782273603083,0.0038535645472061657,0.002697495183044316,1.428042032989199,0.00394990366088632,0.0022157996146435453,36.39104037889672,0.0,0.0,0.0,0.0,0.0,0.0,-1.0,-1.0,-1.0,0,0,0,0,0
./datasets/Organised/20260306-handFlying-2/76025472.jpg,8,2,2,0.0009633911368015414,0.003371868978805395,0.0019267822736030828,0.03795761078998073,0.037379576107899805,1.0154367519755527,0.04816955684007707,0.02813102119460501,1567.9793215331838,0.0001926782273603083,0.05,0.017341040462427744,0.0,0.0,0.0,-1.0,-1.0,-1.0,0,0,0,0,0
./datasets/Organised/20260306-handFlying-2/46192377.jpg,7,2,1,0.9747591522157996,0.0052986512524084775,0.0025048169556840076,0.11589595375722543,0.10183044315992293,1.1381155973132449,0.1283236994219653,0.05626204238921002,6356.240142587457,0.9598265895953757,1.0,1.0,0.0,0.0,0.9757225433526011,-1.0,-1.0,-1.0,0,0,0,1,0
./datasets/Organised/20260306-handFlying-2/125358419.jpg,7,2,1,0.5740847784200386,0.03005780346820809,0.007129094412331407,0.37283236994219654,0.3961464354527938,0.9411454841706894,0.47177263969171485,0.20423892100192678,4376.916048722718,0.5450385356454721,1.0,0.9248554913294798,0.0,0.0,0.5559730250481696,-1.0,-1.0,-1.0,0,0,1,0,1
./datasets/Organised/20260306-handFlying-2/155391513.jpg,6,2,0,0.0,0.0,0.0,0.0,0.0,0.0,0.0,0.0,0.0,0.0,0.0,0.0,0.0,0.0,0.0,-1.0,-1.0,-1.0,0,0,0,0,0
./datasets/Organised/20260306-handFlying-2/242124151.jpg,6,2,0,0.14036608863198458,0.013102119460500963,0.004142581888246628,0.18265895953757225,0.18439306358381502,0.9905902391187659,0.22129094412331407,0.09344894026974952,2545.9792619941277,0.09253371868978805,1.0,0.3063583815028902,0.0,0.0,0.0,-1.0,-1.0,-1.0,0,0,0,0,1
./datasets/Organised/20260306-handFlying-2/129958384.jpg,6,2,0,0.0789980732177264,0.010308285163776493,0.004624277456647399,0.14026974951830443,0.15934489402697496,0.8802846811638508,0.18583815028901735,0.08294797687861272,7288.4817892252395,0.0441233140655106,0.18333333333333332,0.5722543352601156,0.0,0.0,0.06377649325626204,-1.0,-1.0,-1.0,0,0,0,0,0
./datasets/Organised/20260306-handFlying-2/187824628.jpg,8,2,2,0.011560693641618497,0.0007707129094412332,0.0004816955684007707,0.013583815028901734,0.015895953757225433,0.8544916992494654,0.017341040462427744,0.007032755298651252,180.2085955650595,0.006888246628131021,0.13333333333333333,0.10404624277456648,0.0,0.0,0.011368015414258189,-1.0,-1.0,-1.0,0,0,0,0,0
./datasets/Organised/20260306-handFlying-2/127058407.jpg,7,2,1,0.39749518304431597,0.023506743737957612,0.005876685934489403,0.3261078998073218,0.31897880539499035,1.0223465382189472,0.38795761078998076,0.16714836223506743,4474.516061670027,0.349373795761079,1.0,1.0,0.0,0.0,0.3900770712909441,-1.0,-1.0,-1.0,0,0,0,1,0
./datasets/Organised/20260306-handFlying-2/277023883.jpg,6,2,0,0.035838150289017344,0.0032755298651252407,0.0016377649325626203,0.047302504816955686,0.052890173410404626,0.8943364604508934,0.061464354527938345,0.027938342967244702,887.6442714052888,0.013969171483622351,0.13333333333333333,0.24277456647398843,0.0,0.0,0.01955684007707129,-1.0,-1.0,-1.0,0,0,0,0,0
./datasets/Organised/20260306-handFlying-2/60592264.jpg,7,2,1,0.30722543352601156,0.014065510597302504,0.005491329479768786,0.17273603082851638,0.1811175337186898,0.953718138513682,0.22225433526011562,0.10443159922928709,9491.70164775153,0.19084778420038537,0.4166666666666667,0.6242774566473989,0.0,0.0,0.2586705202312139,-1.0,-1.0,-1.0,0,0,0,0,1
./datasets/Organised/20260306-handFlying-2/195224530.jpg,6,2,0,0.013969171483622351,0.004335260115606936,0.0027938342967244703,0.057803468208092484,0.06117533718689788,0.9448664445453632,0.075626204238921,0.0407514450867052,3888.5449892152164,0.006358381502890174,0.11666666666666667,0.14450867052023122,0.0,0.0,0.009441233140655106,-1.0,-1.0,-1.0,0,0,0,0,0
./datasets/Organised/20260306-handFlying-2/186957942.jpg,8,2,2,0.0871868978805395,0.003371868978805395,0.001348747591522158,0.03458574181117534,0.03506743737957611,0.9862356122921551,0.04373795761078998,0.017822736030828516,434.28512809946494,0.07986512524084778,0.4166666666666667,0.3468208092485549,0.0,0.0,0.0848747591522158,-1.0,-1.0,-1.0,0,0,0,0,0
./datasets/Organised/20260306-handFlying-2/209291100.jpg,7,2,1,0.0951830443159923,0.008670520231213872,0.0023121387283236996,0.10655105973025049,0.13622350674373795,0.7821724759898864,0.16204238921001926,0.06618497109826589,4187.255860499478,0.052890173410404626,0.18333333333333332,0.5086705202312138,0.0,0.0,0.0663776493256262,-1.0,-1.0,-1.0,0,0,0,0,0
./datasets/Organised/20260306-handFlying-2/282923846.jpg,7,2,1,0.16734104046242776,0.01021194605009634,0.0038535645472061657,0.12032755298651253,0.17235067437379575,0.6981513433141736,0.19229287090558767,0.08092485549132948,3201.5007498765594,0.04971098265895954,0.16666666666666666,0.5780346820809249,0.0,0.0,0.11589595375722543,-1.0,-1.0,-1.0,0,0,0,0,0
./datasets/Organised/20260306-handFlying-2/164358123.jpg,8,2,2,0.0,0.001445086705202312,0.0009633911368015414,0.019267822736030827,0.017148362235067438,1.1235299874085993,0.02283236994219653,0.012716763005780347,353.62087703862096,0.0,0.0,0.0,0.0,0.0,0.0,-1.0,-1.0,-1.0,0,0,0,0,0
./datasets/Organised/20260306-handFlying-2/219590997.jpg,8,2,2,0.10077071290944123,0.00789980732177264,0.002601156069364162,0.09845857418111753,0.09865125240847784,0.99803675818208,0.12379576107899808,0.049132947976878616,1946.585859162982,0.06878612716763005,0.38333333333333336,0.3236994219653179,0.0,0.0,0.07292870905587669,-1.0,-1.0,-1.0,0,0,0,0,1
./datasets/Organised/20260306-handFlying-2/258290697.jpg,6,2,0,0.060789980732177264,0.004335260115606936,0.001445086705202312,0.04682080924855491,0.047784200385356454,0.9798182046109599,0.06011560693641618,0.023121387283236993,637.5956988112606,0.051830443159922926,0.4,0.4046242774566474,0.0,0.0,0.05982658959537572,-1.0,-1.0,-1.0,0,0,0,0,0
./datasets/Organised/20260306-handFlying-2/124191756.jpg,7,2,1,0.30279383429672446,0.023699421965317918,0.0052986512524084775,0.2923892100192678,0.27630057803468205,1.0582249008457216,0.3466281310211946,0.15077071290944125,3953.920448496627,0.36878612716763004,1.0,0.6647398843930635,0.0,0.0,0.29778420038535647,-1.0,-1.0,-1.0,0,0,0,0,1
./datasets/Organised/20260306-handFlying-2/152458202.jpg,7,2,1,0.10684007707129095,0.005491329479768786,0.0017341040462427746,0.0640655105973025,0.08323699421965318,0.7696666792359601,0.09383429672447013,0.03795761078998073,1377.7487752124473,0.09128131021194605,0.26666666666666666,0.6647398843930635,0.0,0.0,0.0,-1.0,-1.0,-1.0,0,0,0,1,0
./datasets/Organised/20260306-handFlying-2/183424643.jpg,6,2,0,0.20096339113680153,0.014065510597302504,0.0045279383429672445,0.1993256262042389,0.19046242774566474,1.0465296595964255,0.24335260115606935,0.10337186897880539,5125.167057396951,0.1075626204238921,0.38333333333333336,0.4624277456647399,0.0,0.0,0.11483622350674373,-1.0,-1.0,-1.0,0,0,0,0,0
./datasets/Organised/20260306-handFlying-2/267990615.jpg,8,2,2,0.12186897880539499,0.008285163776493257,0.0029865125240847784,0.12283236994219653,0.13198458574181118,0.9306498831052651,0.1611753371868979,0.07032755298651253,1555.2368149063896,0.04518304431599229,0.2,0.4508670520231214,0.0,0.0,0.08603082851637765,-1.0,-1.0,-1.0,0,0,0,0,1
./datasets/Organised/20260306-handFlying-2/90958703.jpg,6,2,0,0.17167630057803468,0.020809248554913295,0.0060693641618497106,0.24547206165703275,0.23285163776493256,1.0541948934451824,0.28911368015414257,0.13159922928709056,6541.017377153708,0.1455684007707129,0.7666666666666667,0.44508670520231214,0.0,0.0,0.0,-1.0,-1.0,-1.0,0,0,0,0,1
./datasets/Organised/20260306-handFlying-2/106991912.jpg,6,2,0,0.1409441233140655,0.010115606936416185,0.0029865125240847784,0.11011560693641619,0.14046242774566475,0.7839450361114713,0.15250481695568402,0.062235067437379575,3740.477051466248,0.12085741811175338,1.0,0.5317919075144508,0.0,0.0,0.0,-1.0,-1.0,-1.0,0,0,0,0,1
./datasets/Organised/20260306-handFlying-2/54025647.jpg,7,2,1,0.7383429672447014,0.010597302504816955,0.005394990366088632,0.14653179190751445,0.18786127167630057,0.7799958480221013,0.20626204238921003,0.08709055876685934,9329.22545580095,0.7245664739884393,0.8666666666666667,1.0,0.0,0.0,0.738150289017341,-1.0,-1.0,-1.0,0,0,0,1,0
./datasets/Organised/20260306-handFlying-2/153124863.jpg,6,2,0,0.0004816955684007707,0.0004816955684007707,0.0005780346820809249,0.008285163776493257,0.009633911368015413,0.8599107412650568,0.011175337186897881,0.006647398843930636,621.1232188308628,0.0001926782273603083,0.05,0.017341040462427744,0.0,0.0,0.0,-1.0,-1.0,-1.0,0,0,0,0,0
./datasets/Organised/20260306-handFlying-2/207424459.jpg,6,2,0,0.1451830443159923,0.0064547206165703275,0.0024084778420038534,0.07870905587668593,0.09614643545279383,0.8186287601537772,0.11300578034682081,0.05192678227360308,4577.713551145118,0.10264932562620424,0.5,0.2832369942196532,0.0,0.0,0.13988439306358383,-1.0,-1.0,-1.0,0,0,0,0,0
./datasets/Organised/20260306-handFlying-2/138491654.jpg,8,2,2,0.004335260115606936,0.002023121387283237,0.001348747591522158,0.0289980732177264,0.025915221579961463,1.1189159317941562,0.03458574181117534,0.0174373795761079,675.9753153853009,0.001348747591522158,0.15,0.017341040462427744,0.0,0.0,0.0,-1.0,-1.0,-1.0,0,0,0,0,0
./datasets/Organised/20260306-handFlying-2/82558762.jpg,6,2,0,0.08872832369942196,0.009826589595375723,0.004720616570327553,0.1264932562620424,0.12899807321772638,0.9805749228023162,0.15645472061657031,0.0676300578034682,3289.790623141435,0.06464354527938343,0.75,0.21965317919075145,0.0,0.0,0.0,-1.0,-1.0,-1.0,0,0,0,0,0
./datasets/Organised/20260306-handFlying-2/203257798.jpg,7,2,1,0.2199421965317919,0.0072254335260115606,0.0024084778420038534,0.075626204238921,0.09364161849710982,0.8076045443053808,0.10645472061657033,0.047013487475915224,2522.525310447689,0.12302504816955684,0.5333333333333333,0.2947976878612717,0.0,0.0,0.21685934489402697,-1.0,-1.0,-1.0,0,0,0,0,0
./datasets/Organised/20260306-handFlying-2/257357367.jpg,7,2,1,0.0072254335260115606,0.002697495183044316,0.002023121387283237,0.04354527938342967,0.04759152215799615,0.9149605318009714,0.054720616570327556,0.025529865125240848,663.3614697283573,0.0007707129094412332,0.1,0.017341040462427744,0.0,0.0,0.0,-1.0,-1.0,-1.0,0,0,0,0,0
./datasets/Organised/20260306-handFlying-2/228324374.jpg,7,2,1,0.05838150289017341,0.004913294797687861,0.0027938342967244703,0.055202312138728324,0.05953757225433526,0.9271688931826679,0.07042389210019268,0.03265895953757225,1987.2276118666027,0.04889210019267823,0.2833333333333333,0.30057803468208094,0.0,0.0,0.0546242774566474,-1.0,-1.0,-1.0,0,0,0,0,0
./datasets/Organised/20260306-handFlying-2/195624521.jpg,8,2,2,0.3714836223506744,0.01233140655105973,0.00394990366088632,0.15645472061657031,0.16156069364161849,0.9683899511701293,0.19344894026974951,0.08795761078998073,6967.351431155586,0.33053949903660884,0.6666666666666666,0.6416184971098265,0.0,0.0,0.3582851637764933,-1.0,-1.0,-1.0,0,0,0,1,0
./datasets/Organised/20260306-handFlying-2/254757392.jpg,8,2,2,0.0004816955684007707,0.0024084778420038534,0.0017341040462427746,0.027938342967244702,0.026878612716763006,1.0393878535988517,0.032947976878612714,0.019267822736030827,393.8843618415435,0.0001926782273603083,0.05,0.017341040462427744,0.0,0.0,0.0,-1.0,-1.0,-1.0,0,0,0,0,0
./datasets/Organised/20260306-handFlying-2/237857537.jpg,8,2,2,0.12109826589595375,0.011753371868978806,0.002697495183044316,0.15770712909441234,0.13978805394990365,1.1281793862839218,0.18198458574181117,0.07630057803468208,1835.3049465587071,0.10154142581888247,1.0,0.30057803468208094,0.0,0.0,0.0,-1.0,-1.0,-1.0,0,0,0,0,1
./datasets/Organised/20260306-handFlying-2/194657867.jpg,6,2,0,0.039884393063583816,0.005780346820809248,0.0027938342967244703,0.06628131021194605,0.06907514450867051,0.9595398047096614,0.08314065510597303,0.04335260115606936,3667.2670850642817,0.0302504816955684,0.25,0.2543352601156069,0.0,0.0,0.03641618497109827,-1.0,-1.0,-1.0,0,0,0,0,0
./datasets/Organised/20260306-handFlying-2/126191744.jpg,6,2,0,0.17071290944123313,0.009055876685934489,0.0022157996146435453,0.125626204238921,0.12658959537572254,0.9923818105607356,0.15289017341040462,0.06473988439306358,1484.9236341842363,0.15404624277456647,1.0,0.3236994219653179,0.0,0.0,0.16676300578034683,-1.0,-1.0,-1.0,0,0,0,0,1
./datasets/Organised/20260306-handFlying-2/205524447.jpg,6,2,0,0.04325626204238921,0.006647398843930636,0.0022157996146435453,0.09556840077071291,0.08198458574181118,1.165673208357341,0.10857418111753372,0.049614643545279384,5260.745452422585,0.01348747591522158,0.36666666666666664,0.13872832369942195,0.0,0.0,0.01840077071290944,-1.0,-1.0,-1.0,0,0,0,0,0
./datasets/Organised/20260306-handFlying-2/244890803.jpg,8,2,2,0.2184971098265896,0.011368015414258189,0.0037572254335260114,0.1443159922928709,0.1556840077071291,0.9269742438164289,0.18420038535645472,0.07909441233140656,3458.378471790645,0.1861271676300578,1.0,0.5664739884393064,0.0,0.0,0.20327552986512523,-1.0,-1.0,-1.0,0,0,0,0,0
./datasets/Organised/20260306-handFlying-2/56792291.jpg,6,2,0,0.5536608863198459,0.014547206165703276,0.005009633911368015,0.19315992292870907,0.21348747591522158,0.9047791554117179,0.24402697495183046,0.10491329479768786,8210.602083922691,0.5370905587668593,0.8166666666666667,0.930635838150289,0.0,0.0,0.5259152215799615,-1.0,-1.0,-1.0,0,0,1,0,0
./datasets/Organised/20260306-handFlying-2/214691050.jpg,7,2,1,0.20751445086705203,0.007803468208092485,0.002890173410404624,0.10539499036608863,0.1327552986512524,0.7938982288362733,0.14595375722543352,0.05982658959537572,2890.4043853416047,0.13607899807321772,0.38333333333333336,0.5664739884393064,0.0,0.0,0.20279383429672446,-1.0,-1.0,-1.0,0,0,0,0,0
./datasets/Organised/20260306-handFlying-2/235157539.jpg,8,2,2,0.12263969171483623,0.009633911368015413,0.0027938342967244703,0.11926782273603083,0.1394990366088632,0.8549662468579817,0.16435452793834296,0.07369942196531792,2897.52971932648,0.060404624277456645,0.2833333333333333,0.30057803468208094,0.0,0.0,0.09364161849710982,-1.0,-1.0,-1.0,0,0,0,0,0
./datasets/Organised/20260306-handFlying-2/266524017.jpg,8,2,2,0.005202312138728324,0.0023121387283236996,0.0015414258188824663,0.03786127167630058,0.03680154142581888,1.0287678570409526,0.044701348747591525,0.017148362235067438,452.78107976841494,0.000722543352601156,0.08333333333333333,0.028901734104046242,0.0,0.0,0.0,-1.0,-1.0,-1.0,0,0,0,0,0
./datasets/Organised/20260306-handFlying-2/210624406.jpg,7,2,1,0.08641618497109826,0.00674373795761079,0.0019267822736030828,0.09672447013487476,0.0894990366088632,1.0807198946474634,0.1163776493256262,0.04816955684007707,1185.408937114133,0.07678227360308285,0.6166666666666667,0.30057803468208094,0.0,0.0,0.0,-1.0,-1.0,-1.0,0,0,0,0,0
./datasets/Organised/20260306-handFlying-2/56792291.jpg,8,2,2,0.13265895953757226,0.01233140655105973,0.004816955684007707,0.15732177263969171,0.14730250481695567,1.0680110621616579,0.19123314065510597,0.09123314065510597,8185.859549405818,0.10202312138728324,0.55,0.31213872832369943,0.0,0.0,0.11021194605009633,-1.0,-1.0,-1.0,0,0,0,0,0
./datasets/Organised/20260306-handFlying-2/272523941.jpg,7,2,1,0.28728323699421965,0.008766859344894027,0.0030828516377649326,0.09065510597302505,0.13102119460500963,0.6919064838313955,0.13815028901734103,0.05838150289017341,1764.6569087952598,0.2679190751445087,0.6666666666666666,0.8265895953757225,0.0,0.0,0.0,-1.0,-1.0,-1.0,0,0,0,0,0
./datasets/Organised/20260306-handFlying-2/50325678.jpg,7,2,1,0.4421965317919075,0.013872832369942197,0.004720616570327553,0.17466281310211945,0.19017341040462427,0.9184348868520135,0.22379576107899807,0.09913294797687862,9129.453991659891,0.4085260115606936,0.55,1.0,0.0,0.0,0.4153179190751445,-1.0,-1.0,-1.0,0,0,0,1,0
./datasets/Organised/20260306-handFlying-2/255924040.jpg,7,2,1,0.2971098265895954,0.007707129094412331,0.0024084778420038534,0.08641618497109826,0.09951830443159923,0.8683359019102983,0.11127167630057803,0.04431599229287091,1677.316618627047,0.2811175337186898,0.6166666666666667,0.8554913294797688,0.0,0.0,0.2971098265895954,-1.0,-1.0,-1.0,0,0,0,0,0
./datasets/Organised/20260306-handFlying-2/229524264.jpg,6,2,0,0.13285163776493256,0.012524084778420038,0.0032755298651252407,0.17186897880539498,0.15500963391136802,1.1087560541405581,0.2016377649325626,0.08554913294797688,2252.6323983334632,0.07928709055876686,0.7666666666666667,0.2832369942196532,0.0,0.0,0.0045279383429672445,-1.0,-1.0,-1.0,0,0,0,0,1
./datasets/Organised/20260306-handFlying-2/257857369.jpg,8,2,2,0.30086705202312136,0.013391136801541427,0.0038535645472061657,0.18516377649325627,0.1558766859344894,1.1878786587265282,0.2058766859344894,0.09267822736030829,3296.3380661175897,0.2971098265895954,1.0,0.4624277456647399,0.0,0.0,0.0,-1.0,-1.0,-1.0,0,0,0,0,1
./datasets/Organised/20260306-handFlying-2/233157559.jpg,8,2,2,0.11098265895953757,0.011753371868978806,0.0027938342967244703,0.14238921001926783,0.14007707129094413,1.0164989331094045,0.16695568400770713,0.06830443159922929,1829.1852606724804,0.07196531791907515,0.7833333333333333,0.28901734104046245,0.0,0.0,0.0,-1.0,-1.0,-1.0,0,0,0,0,1
./datasets/Organised/20260306-handFlying-2/77558802.jpg,6,2,0,0.006358381502890174,0.0038535645472061657,0.0018304431599229288,0.04393063583815029,0.040366088631984584,1.0882785290426458,0.052890173410404626,0.026878612716763006,803.2698173083704,0.0011078998073217727,0.08333333333333333,0.028901734104046242,0.0,0.0,0.0,-1.0,-1.0,-1.0,0,0,0,0,0
./datasets/Organised/20260306-handFlying-2/161258127.jpg,6,2,0,0.0,0.0008670520231213873,0.0005780346820809249,0.007707129094412331,0.007996146435452794,0.9637348967683319,0.010115606936416185,0.006262042389210019,595.0834415060086,0.0,0.0,0.0,0.0,0.0,0.0,-1.0,-1.0,-1.0,0,0,0,0,0
./datasets/Organised/20260306-handFlying-2/107991892.jpg,6,2,0,0.00674373795761079,0.002601156069364162,0.0018304431599229288,0.042870905587668595,0.03815028901734104,1.1237079189691948,0.0489402697495183,0.024084778420038536,627.3583176016573,0.0013969171483622352,0.11666666666666667,0.023121387283236993,0.0,0.0,0.0,-1.0,-1.0,-1.0,0,0,0,0,0
./datasets/Organised/20260306-handFlying-2/215824377.jpg,6,2,0,0.04951830443159923,0.007129094412331407,0.0032755298651252407,0.09479768786127167,0.10597302504816955,0.8945370133689102,0.11840077071290944,0.05086705202312139,10834.812461677822,0.02316955684007707,0.3,0.1329479768786127,0.0,0.0,0.0,-1.0,-1.0,-1.0,0,0,0,0,0
./datasets/Organised/20260306-handFlying-2/99391951.jpg,6,2,0,0.10472061657032755,0.007996146435452794,0.0030828516377649326,0.098747591522158,0.11984585741811175,0.8239481088574196,0.13583815028901733,0.05751445086705202,1789.6476501794991,0.0413776493256262,0.26666666666666666,0.28901734104046245,0.0,0.0,0.08795761078998073,-1.0,-1.0,-1.0,0,0,0,0,0
./datasets/Organised/20260306-handFlying-2/110225197.jpg,8,2,2,0.13352601156069363,0.009922928709055878,0.002601156069364162,0.11907514450867052,0.11946050096339114,0.9967658496536133,0.14903660886319847,0.06724470134874759,1279.6040989137252,0.07996146435452794,0.9333333333333333,0.21965317919075145,0.0,0.0,0.0,-1.0,-1.0,-1.0,0,0,0,0,0
./datasets/Organised/20260306-handFlying-2/55258971.jpg,7,2,1,0.9905587668593449,0.009344894026974951,0.004624277456647399,0.13795761078998073,0.15115606936416184,0.9126771997518589,0.17504816955684008,0.08352601156069364,10111.31727988647,0.9713872832369942,1.0,1.0,0.0,0.0,0.989980732177264,-1.0,-1.0,-1.0,0,0,0,1,0
./datasets/Organised/20260306-handFlying-2/275723888.jpg,7,2,1,0.21907514450867052,0.011368015414258189,0.004335260115606936,0.12244701348747591,0.17707129094412333,0.6915086083463794,0.18516377649325627,0.07427745664739885,2755.3906114378105,0.203757225433526,0.55,0.9132947976878613,0.0,0.0,0.0,-1.0,-1.0,-1.0,0,0,0,0,0
./datasets/Organised/20260306-handFlying-2/134825040.jpg,6,2,0,0.0,0.0022157996146435453,0.0008670520231213873,0.024951830443159923,0.019364161849710983,1.2884906739642001,0.028901734104046242,0.015895953757225433,528.9799392915083,0.0,0.0,0.0,0.0,0.0,0.0,-1.0,-1.0,-1.0,0,0,0,0,0
./datasets/Organised/20260306-handFlying-2/185924644.jpg,8,2,2,0.1174373795761079,0.005973025048169557,0.002890173410404624,0.10105973025048169,0.08930635838150289,1.1315946645602826,0.1197495183044316,0.050289017341040465,1423.2415872750694,0.0811175337186898,0.5833333333333334,0.3352601156069364,0.0,0.0,0.0882466281310212,-1.0,-1.0,-1.0,0,0,0,0,0
./datasets/Organised/20260306-handFlying-2/241990852.jpg,6,2,0,0.1105009633911368,0.011078998073217727,0.004046242774566474,0.18159922928709055,0.16040462427745664,1.132125074199237,0.20635838150289018,0.08400770712909442,2417.012356874232,0.07360308285163776,0.8166666666666667,0.1791907514450867,0.0,0.0,0.0,-1.0,-1.0,-1.0,0,0,0,0,1
./datasets/Organised/20260306-handFlying-2/229657598.jpg,6,2,0,0.1197495183044316,0.011368015414258189,0.003468208092485549,0.1613680154142582,0.14922928709055877,1.0813355556726483,0.18969171483622352,0.08159922928709056,2181.281764945556,0.07495183044315992,0.7666666666666667,0.28901734104046245,0.0,0.0,0.0052986512524084775,-1.0,-1.0,-1.0,0,0,0,0,1
./datasets/Organised/20260306-handFlying-2/174724688.jpg,7,2,1,0.28670520231213875,0.011464354527938344,0.0035645472061657034,0.15134874759152217,0.14826589595375722,1.020785837714753,0.18333333333333332,0.07273603082851637,3553.982568708907,0.2397398843930636,0.55,0.5953757225433526,0.0,0.0,0.25780346820809247,-1.0,-1.0,-1.0,0,0,0,0,0
./datasets/Organised/20260306-handFlying-2/143058284.jpg,7,2,1,0.002890173410404624,0.0011560693641618498,0.0003853564547206166,0.014161849710982659,0.012716763005780347,1.113548798208141,0.0174373795761079,0.008574181117533719,281.0505679274282,0.001445086705202312,0.08333333333333333,0.04046242774566474,0.0,0.0,0.0,-1.0,-1.0,-1.0,0,0,0,0,0
./datasets/Organised/20260306-handFlying-2/159124817.jpg,8,2,2,0.0,0.0007707129094412332,0.000674373795761079,0.01001926782273603,0.007418111753371869,1.3504673006418095,0.011368015414258189,0.007032755298651252,158.8098265895954,0.0,0.0,0.0,0.0,0.0,0.0,-1.0,-1.0,-1.0,0,0,0,0,0
./datasets/Organised/20260306-handFlying-2/240824222.jpg,6,2,0,0.0017341040462427746,0.0016377649325626203,0.0015414258188824663,0.02398843930635838,0.020905587668593448,1.1474105524353257,0.027745664739884393,0.014354527938342966,463.8596922345849,0.0003853564547206166,0.06666666666666667,0.017341040462427744,0.0,0.0,0.0,-1.0,-1.0,-1.0,0,0,0,0,0
./datasets/Organised/20260306-handFlying-2/229057590.jpg,6,2,0,0.16560693641618496,0.017148362235067438,0.0035645472061657034,0.2081888246628131,0.18371868978805395,1.133187329583387,0.24653179190751445,0.10289017341040463,2715.2175327070363,0.11290944123314066,1.0,0.30057803468208094,0.0,0.0,0.0,-1.0,-1.0,-1.0,0,0,0,0,1
./datasets/Organised/20260306-handFlying-2/157591497.jpg,8,2,2,0.12842003853564546,0.008959537572254336,0.002890173410404624,0.10703275529865125,0.13834296724470135,0.773671287807822,0.15664739884393064,0.06647398843930635,3120.3350115551248,0.073747591522158,0.3333333333333333,0.49710982658959535,0.0,0.0,0.03786127167630058,-1.0,-1.0,-1.0,0,0,0,0,0
./datasets/Organised/20260306-handFlying-2/50459007.jpg,6,2,0,0.27803468208092486,0.014836223506743738,0.005009633911368015,0.18940269749518304,0.21290944123314065,0.8895885819323618,0.24508670520231213,0.10385356454720616,7585.91166942319,0.2306840077071291,0.55,0.6416184971098265,0.0,0.0,0.2526974951830443,-1.0,-1.0,-1.0,0,0,0,0,0
./datasets/Organised/20260306-handFlying-2/173324708.jpg,8,2,2,0.0,9.633911368015414e-05,0.00028901734104046245,0.0030828516377649326,0.002601156069364162,1.1847297224252304,0.0035645472061657034,0.001445086705202312,48.80805205653382,0.0,0.0,0.0,0.0,0.0,0.0,-1.0,-1.0,-1.0,0,0,0,0,0
./datasets/Organised/20260306-handFlying-2/113558513.jpg,8,2,2,0.5601156069364162,0.01021194605009634,0.003371868978805395,0.14489402697495182,0.14219653179190753,1.0189630238237213,0.17398843930635838,0.07495183044315992,4975.859861997468,0.29421965317919074,1.0,0.35260115606936415,0.0,0.0,0.27215799614643543,-1.0,-1.0,-1.0,0,0,0,0,0
./datasets/Organised/20260306-handFlying-2/48525704.jpg,7,2,1,0.642485549132948,0.013776493256262042,0.004335260115606936,0.20096339113680153,0.21483622350674375,0.935421654853463,0.24855491329479767,0.10048169556840077,11426.447556429848,0.6566473988439306,0.8,1.0,0.0,0.0,0.6426782273603083,-1.0,-1.0,-1.0,0,0,0,1,0
./datasets/Organised/20260306-handFlying-2/129358386.jpg,7,2,1,0.22504816955684007,0.01695568400770713,0.005202312138728324,0.2275529865125241,0.22032755298651252,1.0327893658270149,0.2749518304431599,0.12052023121387283,4160.001703466722,0.15616570327552987,1.0,0.3468208092485549,0.0,0.0,0.21502890173410405,-1.0,-1.0,-1.0,0,0,0,0,1
./datasets/Organised/20260306-handFlying-2/189257908.jpg,7,2,1,0.05674373795761079,0.0045279383429672445,0.0025048169556840076,0.051059730250481696,0.05722543352601156,0.8922403005819528,0.06965317919075145,0.03458574181117534,875.0824240610183,0.03694605009633911,0.23333333333333334,0.21965317919075145,0.0,0.0,0.04210019267822736,-1.0,-1.0,-1.0,0,0,0,0,0
./datasets/Organised/20260306-handFlying-2/162458172.jpg,8,2,2,0.0,0.0,9.633911368015414e-05,0.0008670520231213873,0.001445086705202312,0.5995850871197133,0.0015414258188824663,0.000674373795761079,18.419816751497052,0.0,0.0,0.0,0.0,0.0,0.0,-1.0,-1.0,-1.0,0,0,0,0,0
./datasets/Organised/20260306-handFlying-2/183124651.jpg,6,2,0,0.2786127167630058,0.016184971098265895,0.005587668593448941,0.22687861271676302,0.21705202312138727,1.0452681536247517,0.27552986512524086,0.11801541425818883,5603.136730809212,0.1815028901734104,0.5833333333333334,0.4797687861271676,0.0,0.0,0.18545279383429672,-1.0,-1.0,-1.0,0,0,0,0,0
./datasets/Organised/20260306-handFlying-2/184591301.jpg,6,2,0,0.23159922928709056,0.013583815028901734,0.005587668593448941,0.22129094412331407,0.20154142581888246,1.0979869038699512,0.2546242774566474,0.10712909441233141,6918.921768658047,0.1630057803468208,0.55,0.5780346820809249,0.0,0.0,0.1747591522157996,-1.0,-1.0,-1.0,0,0,0,0,0
./datasets/Organised/20260306-handFlying-2/211657730.jpg,7,2,1,0.12572254335260116,0.011368015414258189,0.004046242774566474,0.1686897880539499,0.16156069364161849,1.0441199535091727,0.20202312138728323,0.08660886319845858,2286.2715810659297,0.06815992292870905,0.5666666666666667,0.23699421965317918,0.0,0.0,0.0,-1.0,-1.0,-1.0,0,0,0,0,1
./datasets/Organised/20260306-handFlying-2/122991766.jpg,8,2,2,0.21319845857418113,0.01069364161849711,0.004431599229287091,0.16541425818882466,0.19325626204238922,0.8559277744116159,0.2252408477842004,0.09951830443159923,5193.264955162404,0.09142581888246629,0.3333333333333333,0.36416184971098264,0.0,0.0,0.1857418111753372,-1.0,-1.0,-1.0,0,0,0,0,0
./datasets/Organised/20260306-handFlying-2/96058647.jpg,6,2,0,0.1316955684007707,0.011946050096339113,0.004046242774566474,0.1579961464354528,0.15867052023121386,0.995743572666494,0.19113680154142582,0.07919075144508671,4662.814948674827,0.05929672447013488,0.3,0.4624277456647399,0.0,0.0,0.06685934489402698,-1.0,-1.0,-1.0,0,0,0,0,0
./datasets/Organised/20260306-handFlying-2/283923824.jpg,7,2,1,0.04691714836223507,0.007032755298651252,0.0029865125240847784,0.08786127167630058,0.11059730250481696,0.794417904130797,0.12639691714836224,0.0579961464354528,2233.2666107844125,0.02133911368015414,0.15,0.3179190751445087,0.0,0.0,0.012235067437379576,-1.0,-1.0,-1.0,0,0,0,0,0
./datasets/Organised/20260306-handFlying-2/235757545.jpg,6,2,0,0.08169556840077072,0.0064547206165703275,0.0016377649325626203,0.06599229287090559,0.0815028901734104,0.8096827369895864,0.09402697495183045,0.03978805394990366,5389.27073684572,0.05944123314065511,0.45,0.16184971098265896,0.0,0.0,0.0676300578034682,-1.0,-1.0,-1.0,0,0,0,0,0
./datasets/Organised/20260306-handFlying-2/267557287.jpg,7,2,1,0.10115606936416185,0.007707129094412331,0.0035645472061657034,0.11570327552986512,0.1245664739884393,0.9288401845621688,0.14990366088631984,0.06570327552986513,1542.6697528224206,0.031791907514450865,0.23333333333333334,0.24277456647398843,0.0,0.0,0.07533718689788053,-1.0,-1.0,-1.0,0,0,0,0,0
./datasets/Organised/20260306-handFlying-2/200024490.jpg,8,2,2,0.28208092485549136,0.011560693641618497,0.004624277456647399,0.15770712909441234,0.17909441233140655,0.8805760406781592,0.20789980732177263,0.08641618497109826,6411.985651003672,0.22109826589595374,0.7166666666666667,0.43352601156069365,0.0,0.0,0.2775529865125241,-1.0,-1.0,-1.0,0,0,0,0,0
./datasets/Organised/20260306-handFlying-2/81558759.jpg,8,2,2,0.0,0.0,0.0,0.0,0.0,0.0,0.0,0.0,0.0,0.0,0.0,0.0,0.0,0.0,0.0,-1.0,-1.0,-1.0,0,0,0,0,0
./datasets/Organised/20260306-handFlying-2/86325394.jpg,8,2,2,0.1453757225433526,0.009152215799614644,0.0035645472061657034,0.11753371868978806,0.13786127167630058,0.8525444797961563,0.15394990366088632,0.0686897880539499,5312.701495344538,0.11098265895953757,0.45,0.4046242774566474,0.0,0.0,0.12283236994219653,-1.0,-1.0,-1.0,0,0,0,0,0
./datasets/Organised/20260306-handFlying-2/272657244.jpg,8,2,2,0.09171483622350675,0.002890173410404624,0.001445086705202312,0.042196531791907514,0.04421965317919075,0.954226786766783,0.05346820809248555,0.023795761078998074,852.582265435605,0.08415221579961464,0.5833333333333334,0.19653179190751446,0.0,0.0,0.0,-1.0,-1.0,-1.0,0,0,0,0,0
./datasets/Organised/20260306-handFlying-2/74658822.jpg,7,2,1,0.05,0.004720616570327553,0.0027938342967244703,0.05770712909441233,0.0825626204238921,0.6989413593800345,0.08757225433526011,0.040366088631984584,1896.1503442870348,0.0388728323699422,0.18333333333333332,0.35260115606936415,0.0,0.0,0.04788053949903661,-1.0,-1.0,-1.0,0,0,0,0,0
./datasets/Organised/20260306-handFlying-2/132291692.jpg,8,2,2,0.06589595375722543,0.0030828516377649326,0.0017341040462427746,0.04229287090558767,0.052215799614643545,0.8099475880886267,0.060308285163776496,0.027938342967244702,2326.871907171045,0.055732177263969174,0.16666666666666666,0.5317919075144508,0.0,0.0,0.0653179190751445,-1.0,-1.0,-1.0,0,0,0,0,0
./datasets/Organised/20260306-handFlying-2/283357162.jpg,7,2,1,0.27408477842003853,0.014065510597302504,0.004816955684007707,0.15327552986512524,0.2071290944123314,0.7399964273660856,0.22379576107899807,0.09161849710982659,3873.133670009763,0.2151734104046243,0.6666666666666666,0.9710982658959537,0.0,0.0,0.2321772639691715,-1.0,-1.0,-1.0,0,0,0,0,0
./datasets/Organised/20260306-handFlying-2/288690985.jpg,7,2,1,0.01348747591522158,0.009344894026974951,0.004046242774566474,0.10260115606936417,0.09903660886319846,1.0359817573048242,0.12341040462427745,0.06319845857418112,3211.607608330456,0.004816955684007707,0.21666666666666667,0.03468208092485549,0.0,0.0,0.0,-1.0,-1.0,-1.0,0,0,0,0,0
./datasets/Organised/20260306-handFlying-2/257857369.jpg,6,2,0,0.0009633911368015414,0.002890173410404624,0.0012524084778420038,0.03275529865125241,0.025529865125240848,1.2829686142859762,0.03709055876685934,0.018208092485549134,569.3707125753172,0.0001926782273603083,0.05,0.017341040462427744,0.0,0.0,0.0,-1.0,-1.0,-1.0,0,0,0,0,0
./datasets/Organised/20260306-handFlying-2/55425659.jpg,8,2,2,0.25317919075144507,0.013198458574181117,0.004335260115606936,0.19325626204238922,0.17928709055876685,1.0779090872131514,0.22581888246628132,0.09653179190751444,10488.326608631169,0.126878612716763,0.5833333333333334,0.3179190751445087,0.0,0.0,0.22890173410404624,-1.0,-1.0,-1.0,0,0,0,0,0
./datasets/Organised/20260306-handFlying-2/268557279.jpg,7,2,1,0.10703275529865125,0.0072254335260115606,0.003371868978805395,0.0951830443159923,0.1105009633911368,0.8613697114057504,0.12890173410404623,0.05857418111753372,1361.3773274156247,0.08126204238921002,0.26666666666666666,0.4682080924855491,0.0,0.0,0.09653179190751444,-1.0,-1.0,-1.0,0,0,0,0,0
./datasets/Organised/20260306-handFlying-2/71658839.jpg,8,2,2,0.010982658959537572,0.004720616570327553,0.0029865125240847784,0.060404624277456645,0.05684007707129094,1.0626931682117187,0.0710019267822736,0.03391136801541426,1475.9118188880352,0.002167630057803468,0.11666666666666667,0.04046242774566474,0.0,0.0,0.0015414258188824663,-1.0,-1.0,-1.0,0,0,0,0,0
./datasets/Organised/20260306-handFlying-2/201357808.jpg,8,2,2,0.4529865125240848,0.011946050096339113,0.004142581888246628,0.14547206165703275,0.17822736030828518,0.8162116366071416,0.19739884393063584,0.0815028901734104,4354.126566392314,0.4344894026974952,0.7,0.8670520231213873,0.0,0.0,0.45221579961464353,-1.0,-1.0,-1.0,0,0,0,1,0
./datasets/Organised/20260306-handFlying-2/202824465.jpg,7,2,1,0.22254335260115607,0.00674373795761079,0.0025048169556840076,0.0930635838150289,0.0951830443159923,0.9777225214982053,0.1172447013487476,0.05067437379576108,3826.2421707207054,0.19152215799614644,0.6333333333333333,0.5549132947976878,0.0,0.0,0.2140655105973025,-1.0,-1.0,-1.0,0,0,0,0,0
./datasets/Organised/20260306-handFlying-2/49559016.jpg,8,2,2,0.08660886319845858,0.008574181117533719,0.0038535645472061657,0.1159922928709056,0.11098265895953757,1.045129471836877,0.13603082851637766,0.061560693641618494,5249.894252694339,0.07186897880539499,0.5666666666666667,0.35260115606936415,0.0,0.0,0.08429672447013488,-1.0,-1.0,-1.0,0,0,0,0,0
./datasets/Organised/20260306-handFlying-2/244724135.jpg,8,2,2,0.2941233140655106,0.015895953757225433,0.00394990366088632,0.1907514450867052,0.2056840077071291,0.9273959595456391,0.24402697495183046,0.10789980732177264,5288.109324141207,0.2386801541425819,1.0,0.6647398843930635,0.0,0.0,0.2567437379576108,-1.0,-1.0,-1.0,0,0,0,0,0
./datasets/Organised/20260306-handFlying-2/272790595.jpg,7,2,1,0.230635838150289,0.00789980732177264,0.0030828516377649326,0.098747591522158,0.13516377649325625,0.7305719291969885,0.14527938342967245,0.05953757225433526,1860.198684469912,0.21435452793834298,0.6666666666666666,0.6936416184971098,0.0,0.0,0.0,-1.0,-1.0,-1.0,0,0,0,0,0
./datasets/Organised/20260306-handFlying-2/73425496.jpg,7,2,1,0.2866088631984586,0.014354527938342966,0.0045279383429672445,0.18140655105973025,0.22003853564547207,0.8244270763778228,0.24720616570327553,0.10202312138728324,5954.789857653855,0.23819845857418112,0.38333333333333336,1.0,0.0,0.0,0.2520231213872832,-1.0,-1.0,-1.0,0,0,0,1,0
./datasets/Organised/20260306-handFlying-2/269523944.jpg,6,2,0,0.18526011560693642,0.00394990366088632,0.0018304431599229288,0.0546242774566474,0.07822736030828516,0.6982669359472967,0.08294797687861272,0.03275529865125241,1288.9378503569558,0.17138728323699423,0.38333333333333336,0.6184971098265896,0.0,0.0,0.18391136801541424,-1.0,-1.0,-1.0,0,0,0,0,0
./datasets/Organised/20260306-handFlying-2/173891377.jpg,7,2,1,0.0022157996146435453,0.0008670520231213873,0.0004816955684007707,0.014450867052023121,0.013776493256262042,1.0488749138349258,0.01695568400770713,0.005973025048169557,155.90505807262377,0.001300578034682081,0.13333333333333333,0.046242774566473986,0.0,0.0,0.0,-1.0,-1.0,-1.0,0,0,0,0,0
./datasets/Organised/20260306-handFlying-2/193191213.jpg,8,2,2,0.12880539499036608,0.0052986512524084775,0.002023121387283237,0.05973025048169557,0.07254335260115607,0.8233618240428505,0.0827552986512524,0.03564547206165703,1414.001223813024,0.11859344894026976,0.4,0.4797687861271676,0.0,0.0,0.12495183044315993,-1.0,-1.0,-1.0,0,0,0,0,0
./datasets/Organised/20260306-handFlying-2/44525720.jpg,8,2,2,0.002119460500963391,0.0030828516377649326,0.0019267822736030828,0.03468208092485549,0.03121387283236994,1.1110755155436687,0.04210019267822736,0.020809248554913295,478.4485104655092,0.000722543352601156,0.08333333333333333,0.023121387283236993,0.0,0.0,0.0,-1.0,-1.0,-1.0,0,0,0,0,0
./datasets/Organised/20260306-handFlying-2/256190711.jpg,8,2,2,0.0025048169556840076,0.0022157996146435453,0.0018304431599229288,0.024084778420038536,0.025915221579961463,0.9293321692642492,0.0302504816955684,0.014065510597302504,354.174462255115,0.0005780346820809249,0.05,0.028901734104046242,0.0,0.0,0.0,-1.0,-1.0,-1.0,0,0,0,0,0
./datasets/Organised/20260306-handFlying-2/182824661.jpg,7,2,1,0.3033718689788054,0.016377649325626204,0.004913294797687861,0.2508670520231214,0.2535645472061657,0.9893578003290397,0.32071290944123315,0.12186897880539499,7466.117976061865,0.16473988439306358,0.5,0.6473988439306358,0.0,0.0,0.08140655105973026,-1.0,-1.0,-1.0,0,0,0,0,0
./datasets/Organised/20260306-handFlying-2/287157772.jpg,8,2,2,0.24190751445086706,0.015221579961464355,0.004238921001926782,0.20915221579961465,0.16396917148362236,1.2755503876539225,0.22552986512524084,0.10279383429672447,4426.242726480447,0.22683044315992293,1.0,0.3930635838150289,0.0,0.0,0.0,-1.0,-1.0,-1.0,0,0,0,0,1
./datasets/Organised/20260306-handFlying-2/160458137.jpg,7,2,1,0.0037572254335260114,0.0015414258188824663,0.0009633911368015414,0.021483622350674372,0.02138728323699422,1.0044575393276656,0.02880539499036609,0.01705202312138728,407.91059554835334,0.0015414258188824663,0.05,0.10404624277456648,0.0,0.0,0.0,-1.0,-1.0,-1.0,0,0,0,0,0
./datasets/Organised/20260306-handFlying-2/222624312.jpg,8,2,2,0.20394990366088633,0.011560693641618497,0.003371868978805395,0.15019267822736032,0.15269749518304432,0.9835897730840097,0.18439306358381502,0.07822736030828516,4898.391660364714,0.10688824662813103,0.5,0.28901734104046245,0.0,0.0,0.17639691714836223,-1.0,-1.0,-1.0,0,0,0,0,0
./datasets/Organised/20260306-handFlying-2/71958846.jpg,7,2,1,0.286223506743738,0.01021194605009634,0.004046242774566474,0.1416184971098266,0.13371868978805396,1.059069889664658,0.16897880539499036,0.07215799614643545,4506.05717605741,0.13882466281310213,0.38333333333333336,0.5491329479768786,0.0,0.0,0.18603082851637764,-1.0,-1.0,-1.0,0,0,0,0,1
./datasets/Organised/20260306-handFlying-2/66792224.jpg,8,2,2,0.17755298651252407,0.011271676300578034,0.0037572254335260114,0.1510597302504817,0.1304431599229287,1.1580413438189447,0.1678227360308285,0.0802504816955684,2471.8869262718063,0.17095375722543352,1.0,0.3988439306358382,0.0,0.0,0.0,-1.0,-1.0,-1.0,0,0,0,0,1
./datasets/Organised/20260306-handFlying-2/155558189.jpg,8,2,2,0.10712909441233141,0.010115606936416185,0.0037572254335260114,0.13892100192678228,0.15626204238921002,0.8890202046672476,0.1869942196531792,0.07996146435452794,3170.077179649244,0.03593448940269749,0.18333333333333332,0.34104046242774566,0.0,0.0,0.08689788053949904,-1.0,-1.0,-1.0,0,0,0,0,0
./datasets/Organised/20260306-handFlying-2/163591443.jpg,6,2,0,0.03651252408477842,0.0037572254335260114,0.0010597302504816955,0.051541425818882464,0.04788053949903661,1.0764362708078652,0.0579961464354528,0.022639691714836225,681.7722684427218,0.024807321772639692,0.3,0.12138728323699421,0.0,0.0,0.0,-1.0,-1.0,-1.0,0,0,0,0,0
./datasets/Organised/20260306-handFlying-2/218857683.jpg,6,2,0,0.33583815028901737,0.006551059730250481,0.0025048169556840076,0.07976878612716763,0.09296724470134875,0.8580218587907832,0.10346820809248555,0.048554913294797684,6942.577917840742,0.32615606936416186,0.95,0.5664739884393064,0.0,0.0,0.3361271676300578,-1.0,-1.0,-1.0,0,0,0,1,0
./datasets/Organised/20260306-handFlying-2/185324630.jpg,8,2,2,0.16599229287090558,0.009826589595375723,0.0038535645472061657,0.1371868978805395,0.1375722543352601,0.9971916310580321,0.16917148362235068,0.07148362235067438,2918.0296523624434,0.1258670520231214,0.65,0.3179190751445087,0.0,0.0,0.13159922928709056,-1.0,-1.0,-1.0,0,0,0,0,0
./datasets/Organised/20260306-handFlying-2/274657243.jpg,7,2,1,0.15895953757225434,0.008766859344894027,0.0038535645472061657,0.10144508670520232,0.1325626204238921,0.7652558551193487,0.14450867052023122,0.06290944123314066,2162.4326544674245,0.1433044315992293,0.6166666666666667,0.5375722543352601,0.0,0.0,0.0,-1.0,-1.0,-1.0,0,0,0,0,0
./datasets/Organised/20260306-handFlying-2/260557352.jpg,8,2,2,0.2083815028901734,0.01676300578034682,0.0032755298651252407,0.18265895953757225,0.17109826589595376,1.0675613281043999,0.2119460500963391,0.09576107899807322,1829.5343022932052,0.19773603082851637,1.0,0.35260115606936415,0.0,0.0,0.0,-1.0,-1.0,-1.0,0,0,0,0,1
./datasets/Organised/20260306-handFlying-2/203724463.jpg,7,2,1,0.2918111753371869,0.009055876685934489,0.0029865125240847784,0.09470134874759152,0.11204238921001927,0.8452203152305484,0.12947976878612716,0.053660886319845856,2643.625200418769,0.28535645472061655,0.7666666666666667,0.5375722543352601,0.0,0.0,0.29171483622350675,-1.0,-1.0,-1.0,0,0,0,0,0
./datasets/Organised/20260306-handFlying-2/208457754.jpg,7,2,1,0.1567437379576108,0.007996146435452794,0.003371868978805395,0.10183044315992293,0.16676300578034683,0.6106260321789635,0.17861271676300577,0.07341040462427746,3847.6454880624897,0.09436416184971098,0.31666666666666665,0.4508670520231214,0.0,0.0,0.15096339113680154,-1.0,-1.0,-1.0,0,0,0,0,0
./datasets/Organised/20260306-handFlying-2/74792175.jpg,6,2,0,0.14277456647398845,0.014065510597302504,0.003468208092485549,0.1789980732177264,0.16560693641618496,1.0808544390523112,0.20664739884393063,0.08333333333333333,2611.1957700910675,0.09990366088631984,0.7166666666666667,0.2832369942196532,0.0,0.0,0.0017341040462427746,-1.0,-1.0,-1.0,0,0,0,0,1
./datasets/Organised/20260306-handFlying-2/201924472.jpg,7,2,1,0.2750481695568401,0.01233140655105973,0.003371868978805395,0.1624277456647399,0.176878612716763,0.9182954619243493,0.20433526011560693,0.08073217726396917,6587.715405153308,0.2495664739884393,0.65,0.5317919075144508,0.0,0.0,0.2605009633911368,-1.0,-1.0,-1.0,0,0,0,0,0
./datasets/Organised/20260306-handFlying-2/252224074.jpg,7,2,1,0.6832369942196532,0.008477842003853564,0.003468208092485549,0.1153179190751445,0.13477842003853566,0.8556048025890987,0.15953757225433526,0.06445086705202312,3783.069377378314,0.5128131021194605,1.0,0.5895953757225434,0.0,0.0,0.679383429672447,-1.0,-1.0,-1.0,0,0,0,1,0
./datasets/Organised/20260306-handFlying-2/243590815.jpg,7,2,1,0.2183044315992293,0.011657032755298651,0.0036608863198458576,0.1485549132947977,0.15934489402697496,0.9322795181007267,0.1859344894026975,0.08092485549132948,2472.148551377148,0.1541907514450867,0.7,0.5260115606936416,0.0,0.0,0.044797687861271675,-1.0,-1.0,-1.0,0,0,0,0,1
./datasets/Organised/20260306-handFlying-2/98092014.jpg,7,2,1,0.6385356454720617,0.016377649325626204,0.005009633911368015,0.2420038535645472,0.27379576107899806,0.883881360067376,0.31040462427745663,0.13545279383429673,6069.105993768587,0.5264450867052023,1.0,1.0,0.0,0.0,0.6260115606936416,-1.0,-1.0,-1.0,0,0,0,1,0
./datasets/Organised/20260306-handFlying-2/181057973.jpg,6,2,0,0.19200385356454722,0.013776493256262042,0.004913294797687861,0.19816955684007706,0.18410404624277457,1.0763939440245216,0.23930635838150288,0.1069364161849711,5144.097571019933,0.11820809248554913,0.45,0.3583815028901734,0.0,0.0,0.023892100192678227,-1.0,-1.0,-1.0,0,0,0,0,0
./datasets/Organised/20260306-handFlying-2/276757214.jpg,8,2,2,0.23978805394990366,0.015414258188824663,0.005876685934489403,0.23776493256262043,0.25549132947976877,0.9306147587552054,0.30028901734104047,0.1199421965317919,2883.699051050449,0.0934971098265896,0.4666666666666667,0.35260115606936415,0.0,0.0,0.0,-1.0,-1.0,-1.0,0,0,0,0,0
./datasets/Organised/20260306-handFlying-2/123725093.jpg,7,2,1,0.20173410404624278,0.01676300578034682,0.004624277456647399,0.2325626204238921,0.21917148362235067,1.061094059711499,0.275626204238921,0.1172447013487476,3749.3272000308134,0.11999036608863198,0.8166666666666667,0.3352601156069364,0.0,0.0,0.11107899807321772,-1.0,-1.0,-1.0,0,0,0,0,1
./datasets/Organised/20260306-handFlying-2/277157228.jpg,8,2,2,0.3115606936416185,0.01724470134874759,0.00510597302504817,0.24585741811175338,0.2606936416184971,0.9430858132924088,0.3085741811175337,0.13265895953757226,3826.6138759508613,0.21526974951830444,0.85,0.6416184971098265,0.0,0.0,0.0464354527938343,-1.0,-1.0,-1.0,0,0,0,0,0
./datasets/Organised/20260306-handFlying-2/143658268.jpg,6,2,0,0.0,0.00028901734104046245,9.633911368015414e-05,0.0025048169556840076,0.001348747591522158,1.8557669385127313,0.002697495183044316,0.002023121387283237,106.18265892241268,0.0,0.0,0.0,0.0,0.0,0.0,-1.0,-1.0,-1.0,0,0,0,0,0
./datasets/Organised/20260306-handFlying-2/88025376.jpg,7,2,1,0.40597302504816957,0.028709055876685933,0.007032755298651252,0.3852601156069364,0.3690751445086705,1.0438499516673196,0.4552023121387283,0.19046242774566474,10329.130818678277,0.18733140655105973,0.6833333333333333,0.5838150289017341,0.0,0.0,0.2968208092485549,-1.0,-1.0,-1.0,0,0,0,0,1
./datasets/Organised/20260306-handFlying-2/286057154.jpg,8,2,2,0.0025048169556840076,0.000674373795761079,0.000674373795761079,0.008188824662813102,0.008863198458574181,0.9238088137447101,0.011368015414258189,0.0076107899807321775,208.8765784486247,0.0013969171483622352,0.06666666666666667,0.06358381502890173,0.0,0.0,0.0,-1.0,-1.0,-1.0,0,0,0,0,0
./datasets/Organised/20260306-handFlying-2/266723957.jpg,8,2,2,0.007514450867052023,0.0017341040462427746,0.002023121387283237,0.03631984585741811,0.03786127167630058,0.9592621955684733,0.044026974951830444,0.017341040462427744,416.0773023099111,0.0012524084778420038,0.1,0.03468208092485549,0.0,0.0,0.0,-1.0,-1.0,-1.0,0,0,0,0,0
./datasets/Organised/20260306-handFlying-2/69458872.jpg,6,2,0,0.008670520231213872,0.0023121387283236996,0.0017341040462427746,0.028034682080924855,0.032177263969171484,0.8712304090669277,0.03699421965317919,0.018978805394990365,1105.5917016568844,0.0038535645472061657,0.2,0.06936416184971098,0.0,0.0,0.007032755298651252,-1.0,-1.0,-1.0,0,0,0,0,0
./datasets/Organised/20260306-handFlying-2/97425302.jpg,8,2,2,0.15973025048169556,0.006358381502890174,0.003179190751445087,0.0630057803468208,0.07302504816955684,0.8627850188542273,0.08362235067437379,0.041714836223506746,2980.6393763295355,0.14508670520231215,0.5,0.5838150289017341,0.0,0.0,0.15732177263969171,-1.0,-1.0,-1.0,0,0,0,0,0
./datasets/Organised/20260306-handFlying-2/202524500.jpg,6,2,0,0.22369942196531792,0.017726396917148363,0.005394990366088632,0.23121387283236994,0.23102119460500964,1.0008296961583627,0.27803468208092486,0.11377649325626205,7397.977549635991,0.13159922928709056,0.4666666666666667,0.5722543352601156,0.0,0.0,0.14364161849710982,-1.0,-1.0,-1.0,0,0,0,0,0
./datasets/Organised/20260306-handFlying-2/259690689.jpg,8,2,2,0.10452793834296724,0.01001926782273603,0.00394990366088632,0.13998073217726398,0.1384393063583815,1.0111270038286015,0.1720616570327553,0.07109826589595376,1516.5026399144642,0.050529865125240846,0.7333333333333333,0.1329479768786127,0.0,0.0,0.0,-1.0,-1.0,-1.0,0,0,0,0,1
./datasets/Organised/20260306-handFlying-2/191424571.jpg,6,2,0,0.02533718689788054,0.007803468208092485,0.0030828516377649326,0.1081888246628131,0.10741811175337188,1.007165511768599,0.13391136801541426,0.06117533718689788,2947.5870656850843,0.004865125240847784,0.13333333333333333,0.16184971098265896,0.0,0.0,0.0005780346820809249,-1.0,-1.0,-1.0,0,0,0,0,0
./datasets/Organised/20260306-handFlying-2/272657244.jpg,6,2,0,0.0004816955684007707,0.0011560693641618498,0.0007707129094412332,0.018111753371868978,0.01676300578034682,1.0803953189459157,0.020520231213872833,0.008863198458574181,408.5195998214292,0.0001926782273603083,0.05,0.017341040462427744,0.0,0.0,0.0,-1.0,-1.0,-1.0,0,0,0,0,0
./datasets/Organised/20260306-handFlying-2/85392062.jpg,7,2,1,0.7755298651252408,0.019653179190751446,0.0056840077071290945,0.26647398843930636,0.24855491329479767,1.0720887099686787,0.325626204238921,0.1329479768786127,10590.903085181226,0.7990366088631985,1.0,1.0,0.0,0.0,0.7736994219653179,-1.0,-1.0,-1.0,0,0,0,1,0
./datasets/Organised/20260306-handFlying-2/275190563.jpg,8,2,2,0.15260115606936417,0.008670520231213872,0.003179190751445087,0.10173410404624278,0.1313102119460501,0.7747556551990454,0.14836223506743737,0.06204238921001927,2714.247009440862,0.1327552986512524,0.43333333333333335,0.4913294797687861,0.0,0.0,0.0,-1.0,-1.0,-1.0,0,0,0,0,0
./datasets/Organised/20260306-handFlying-2/192124572.jpg,7,2,1,0.24691714836223508,0.01233140655105973,0.0035645472061657034,0.16454720616570329,0.16271676300578033,1.0112430451729966,0.1964354527938343,0.07938342967244702,3861.2330665816503,0.15578034682080924,0.5833333333333334,0.47398843930635837,0.0,0.0,0.20905587668593448,-1.0,-1.0,-1.0,0,0,0,0,0
./datasets/Organised/20260306-handFlying-2/70192190.jpg,7,2,1,0.3046242774566474,0.01878612716763006,0.0052986512524084775,0.2518304431599229,0.23622350674373796,1.0660640025512453,0.29527938342967247,0.1263005780346821,17043.565471579033,0.22485549132947977,1.0,0.9653179190751445,0.0,0.0,0.29759152215799617,-1.0,-1.0,-1.0,0,0,0,0,1
./datasets/Organised/20260306-handFlying-2/217991011.jpg,6,2,0,0.012909441233140655,0.0072254335260115606,0.0030828516377649326,0.09152215799614644,0.08911368015414259,1.0270155022476612,0.11329479768786127,0.06358381502890173,3745.982038407564,0.00197495183044316,0.11666666666666667,0.028901734104046242,0.0,0.0,0.0,-1.0,-1.0,-1.0,0,0,0,0,0
./datasets/Organised/20260306-handFlying-2/92458680.jpg,8,2,2,0.010308285163776493,0.007321772639691715,0.004046242774566474,0.08786127167630058,0.08304431599229287,1.0579919002831497,0.10568400770712909,0.05250481695568401,1496.0250791317228,0.0022639691714836222,0.18333333333333332,0.06358381502890173,0.0,0.0,0.0,-1.0,-1.0,-1.0,0,0,0,0,0
./datasets/Organised/20260306-handFlying-2/131258368.jpg,8,2,2,0.36310211946050097,0.02745664739884393,0.006936416184971098,0.31464354527938343,0.3533718689788054,0.8904009699121953,0.4,0.16811175337186898,8425.967167481558,0.2327552986512524,1.0,0.7572254335260116,0.0,0.0,0.020134874759152217,-1.0,-1.0,-1.0,0,0,0,0,0
./datasets/Organised/20260306-handFlying-2/189957902.jpg,7,2,1,0.018111753371868978,0.0025048169556840076,0.0019267822736030828,0.0338150289017341,0.040366088631984584,0.8376880782762469,0.04903660886319846,0.021483622350674372,753.8914717052579,0.014210019267822735,0.11666666666666667,0.2023121387283237,0.0,0.0,0.018111753371868978,-1.0,-1.0,-1.0,0,0,0,0,0
./datasets/Organised/20260306-handFlying-2/180391309.jpg,6,2,0,0.15578034682080924,0.014161849710982659,0.004720616570327553,0.1939306358381503,0.17341040462427745,1.1183268843149672,0.22870905587668594,0.10057803468208093,4340.074750789833,0.06526974951830443,0.26666666666666666,0.3988439306358382,0.0,0.0,0.0076107899807321775,-1.0,-1.0,-1.0,0,0,0,0,0
./datasets/Organised/20260306-handFlying-2/227057610.jpg,6,2,0,0.045953757225433524,0.008574181117533719,0.00394990366088632,0.10732177263969171,0.10645472061657033,1.008135326294401,0.13121387283236993,0.06098265895953757,1954.8530582656733,0.03029865125240848,0.6666666666666666,0.09826589595375723,0.0,0.0,0.0,-1.0,-1.0,-1.0,0,0,0,0,0
./datasets/Organised/20260306-handFlying-2/214124395.jpg,8,2,2,0.10134874759152215,0.004624277456647399,0.0023121387283236996,0.058863198458574184,0.06753371868978805,0.8715990767497623,0.07755298651252408,0.03342967244701349,1091.7565399129792,0.09388246628131021,0.4,0.34104046242774566,0.0,0.0,0.10183044315992293,-1.0,-1.0,-1.0,0,0,0,0,0
./datasets/Organised/20260306-handFlying-2/147091583.jpg,7,2,1,0.0005780346820809249,0.001348747591522158,0.0007707129094412332,0.015510597302504817,0.012716763005780347,1.2196010647041544,0.01878612716763006,0.009730250481695568,518.4483310130272,0.0001926782273603083,0.06666666666666667,0.017341040462427744,0.0,0.0,0.0,-1.0,-1.0,-1.0,0,0,0,0,0
./datasets/Organised/20260306-handFlying-2/50025677.jpg,7,2,1,0.4297687861271676,0.015028901734104046,0.005780346820809248,0.18728323699421964,0.20173410404624278,0.9283621602678014,0.23304431599229286,0.10279383429672447,9464.301587312193,0.37605973025048167,0.5666666666666667,0.9479768786127167,0.0,0.0,0.4014450867052023,-1.0,-1.0,-1.0,0,0,0,1,0
./datasets/Organised/20260306-handFlying-2/125625080.jpg,8,2,2,0.009633911368015413,0.0022157996146435453,0.0008670520231213873,0.0325626204238921,0.03198458574181118,1.018040460060315,0.04210019267822736,0.01859344894026975,862.0926631824948,0.0019267822736030828,0.06666666666666667,0.057803468208092484,0.0,0.0,0.005491329479768786,-1.0,-1.0,-1.0,0,0,0,0,0
./datasets/Organised/20260306-handFlying-2/283490496.jpg,7,2,1,0.17716763005780348,0.009441233140655106,0.004046242774566474,0.1149325626204239,0.1476878612716763,0.7782073856538402,0.16685934489402698,0.07263969171483622,3127.5869839638995,0.12215799614643545,0.5333333333333333,0.630057803468208,0.0,0.0,0.1359344894026975,-1.0,-1.0,-1.0,0,0,0,0,0
./datasets/Organised/20260306-handFlying-2/70358864.jpg,7,2,1,0.30732177263969174,0.014836223506743738,0.004624277456647399,0.2183044315992293,0.21319845857418113,1.0239445871916788,0.26059730250481694,0.10982658959537572,13346.56111741306,0.24966281310211946,1.0,0.653179190751445,0.0,0.0,0.29315992292870907,-1.0,-1.0,-1.0,0,0,0,0,1
./datasets/Organised/20260306-handFlying-2/66325546.jpg,8,2,2,0.10915221579961465,0.009730250481695568,0.004142581888246628,0.12822736030828516,0.12032755298651253,1.0656436658276611,0.15481695568400772,0.07350674373795761,2138.905649815675,0.0970616570327553,0.65,0.2832369942196532,0.0,0.0,0.008670520231213872,-1.0,-1.0,-1.0,0,0,0,0,1
./datasets/Organised/20260306-handFlying-2/272790595.jpg,8,2,2,0.12976878612716763,0.00394990366088632,0.0022157996146435453,0.04556840077071291,0.05394990366088632,0.8446272013743746,0.06319845857418112,0.02842003853564547,1018.4848044445929,0.11999036608863198,0.5833333333333334,0.28901734104046245,0.0,0.0,0.0,-1.0,-1.0,-1.0,0,0,0,0,0
./datasets/Organised/20260306-handFlying-2/246990816.jpg,8,2,2,0.10337186897880539,0.0060693641618497106,0.002119460500963391,0.07764932562620423,0.08140655105973026,0.9538344369213546,0.09710982658959537,0.039884393063583816,1958.024940683692,0.06618497109826589,0.4,0.34104046242774566,0.0,0.0,0.09720616570327553,-1.0,-1.0,-1.0,0,0,0,0,0
./datasets/Organised/20260306-handFlying-2/209457795.jpg,6,2,0,0.005587668593448941,0.0038535645472061657,0.002023121387283237,0.06425818882466282,0.05057803468208093,1.27045107184357,0.07466281310211946,0.03969171483622351,1253.6756306499456,0.001445086705202312,0.15,0.023121387283236993,0.0,0.0,9.633911368015414e-05,-1.0,-1.0,-1.0,0,0,0,0,0
./datasets/Organised/20260306-handFlying-2/106425232.jpg,7,2,1,0.4144508670520231,0.016666666666666666,0.004816955684007707,0.2172447013487476,0.18140655105973025,1.197550488277181,0.24393063583815028,0.10876685934489402,3575.836313822342,0.39094412331406553,1.0,0.7283236994219653,0.0,0.0,0.0,-1.0,-1.0,-1.0,0,0,0,0,1
./datasets/Organised/20260306-handFlying-2/230424247.jpg,8,2,2,0.0023121387283236996,0.0030828516377649326,0.0023121387283236996,0.030539499036608863,0.03448940269749518,0.8854491872554087,0.040366088631984584,0.02283236994219653,612.6715016279268,0.0007707129094412332,0.05,0.04046242774566474,0.0,0.0,0.0,-1.0,-1.0,-1.0,0,0,0,0,0
./datasets/Organised/20260306-handFlying-2/72825497.jpg,7,2,1,0.39990366088631984,0.011464354527938344,0.005009633911368015,0.14653179190751445,0.15298651252408477,0.9578023035340614,0.17639691714836223,0.0779383429672447,4375.612610585794,0.25549132947976877,1.0,0.5086705202312138,0.0,0.0,0.13208092485549133,-1.0,-1.0,-1.0,0,0,0,0,1
./datasets/Organised/20260306-handFlying-2/185157938.jpg,6,2,0,0.16464354527938344,0.009441233140655106,0.004913294797687861,0.14046242774566475,0.1386319845857418,1.0131963050885013,0.17341040462427745,0.07591522157996146,6085.107699434959,0.13622350674373795,0.5,0.4508670520231214,0.0,0.0,0.15028901734104047,-1.0,-1.0,-1.0,0,0,0,0,0
./datasets/Organised/20260306-handFlying-2/165124768.jpg,6,2,0,0.0,0.0,9.633911368015414e-05,0.0007707129094412332,0.000674373795761079,1.141164958247627,0.0011560693641618498,0.000674373795761079,14.187412988517268,0.0,0.0,0.0,0.0,0.0,0.0,-1.0,-1.0,-1.0,0,0,0,0,0
./datasets/Organised/20260306-handFlying-2/202224467.jpg,6,2,0,0.18294797687861272,0.01628131021194605,0.0052986512524084775,0.20520231213872833,0.2128131021194605,0.9642326805182329,0.24932562620423893,0.10847784200385356,8897.540288265562,0.11608863198458574,0.48333333333333334,0.5202312138728323,0.0,0.0,0.12822736030828516,-1.0,-1.0,-1.0,0,0,0,0,0
./datasets/Organised/20260306-handFlying-2/182691296.jpg,7,2,1,0.38371868978805396,0.019364161849710983,0.004720616570327553,0.2396917148362235,0.25529865125240847,0.9388642470147609,0.31666666666666665,0.129383429672447,6942.276893054303,0.15342003853564548,0.5333333333333333,0.5606936416184971,0.0,0.0,0.14595375722543352,-1.0,-1.0,-1.0,0,0,0,0,0
./datasets/Organised/20260306-handFlying-2/213957710.jpg,6,2,0,0.1197495183044316,0.011753371868978806,0.0038535645472061657,0.17996146435452795,0.16830443159922928,1.0692552381972682,0.20703275529865126,0.08622350674373795,4396.572142394408,0.04330443159922929,0.7333333333333333,0.16184971098265896,0.0,0.0,0.04951830443159923,-1.0,-1.0,-1.0,0,0,0,0,0
./datasets/Organised/20260306-handFlying-2/234557566.jpg,7,2,1,0.10366088631984585,0.008285163776493257,0.0027938342967244703,0.10452793834296724,0.1302504816955684,0.8025086316275174,0.15057803468208092,0.06233140655105973,1703.5808983111888,0.051589595375722545,0.16666666666666666,0.4277456647398844,0.0,0.0,0.08834296724470135,-1.0,-1.0,-1.0,0,0,0,0,0
./datasets/Organised/20260306-handFlying-2/42959076.jpg,6,2,0,0.27803468208092486,0.01233140655105973,0.004720616570327553,0.13911368015414258,0.13853564547206165,1.0041652133275978,0.17938342967244703,0.08179190751445087,5051.960133231982,0.25072254335260113,0.8333333333333334,0.3988439306358382,0.0,0.0,0.2610789980732177,-1.0,-1.0,-1.0,0,0,0,0,0
./datasets/Organised/20260306-handFlying-2/86458726.jpg,8,2,2,0.17928709055876685,0.00953757225433526,0.003371868978805395,0.12215799614643545,0.14132947976878613,0.8643428957878266,0.15828516377649327,0.07119460500963391,5196.633771360739,0.16840077071290943,0.7,0.4682080924855491,0.0,0.0,0.17726396917148363,-1.0,-1.0,-1.0,0,0,0,0,0
./datasets/Organised/20260306-handFlying-2/274923967.jpg,8,2,2,0.1138728323699422,0.006647398843930636,0.0029865125240847784,0.07013487475915221,0.09865125240847784,0.7109302934995639,0.1081888246628131,0.04393063583815029,1763.634734974625,0.06618497109826589,0.3333333333333333,0.3988439306358382,0.0,0.0,0.039884393063583816,-1.0,-1.0,-1.0,0,0,0,0,0
./datasets/Organised/20260306-handFlying-2/199124496.jpg,8,2,2,0.31888246628131023,0.015703275529865127,0.00510597302504817,0.23709055876685933,0.2466281310211946,0.9613242271306728,0.28940269749518305,0.12032755298651253,10826.673251240898,0.3464354527938343,0.7333333333333333,0.653179190751445,0.0,0.0,0.29633911368015414,-1.0,-1.0,-1.0,0,0,0,0,0
./datasets/Organised/20260306-handFlying-2/209157754.jpg,6,2,0,0.03526011560693642,0.006551059730250481,0.0029865125240847784,0.08217726396917148,0.09479768786127167,0.8668607743751646,0.11791907514450867,0.05674373795761079,2244.2140065841013,0.011271676300578034,0.11666666666666667,0.1907514450867052,0.0,0.0,0.029576107899807323,-1.0,-1.0,-1.0,0,0,0,0,0
./datasets/Organised/20260306-handFlying-2/229390922.jpg,6,2,0,0.14691714836223507,0.01233140655105973,0.003371868978805395,0.1665703275529865,0.15732177263969171,1.0587807776212665,0.19903660886319846,0.08314065510597303,2031.0797726749602,0.1142581888246628,0.9166666666666666,0.3583815028901734,0.0,0.0,0.0003853564547206166,-1.0,-1.0,-1.0,0,0,0,0,1
./datasets/Organised/20260306-handFlying-2/212957729.jpg,8,2,2,0.08998073217726398,0.006262042389210019,0.0023121387283236996,0.08882466281310213,0.09499036608863198,0.9350814339297321,0.1138728323699422,0.05067437379576108,1826.616040731583,0.04932562620423892,0.31666666666666665,0.32947976878612717,0.0,0.0,0.05770712909441233,-1.0,-1.0,-1.0,0,0,0,0,0
./datasets/Organised/20260306-handFlying-2/126058409.jpg,6,2,0,0.09797687861271677,0.005394990366088632,0.0022157996146435453,0.08448940269749518,0.08921001926782274,0.9470736170365606,0.10510597302504816,0.04113680154142582,1138.5448606145653,0.08578998073217727,0.8833333333333333,0.23699421965317918,0.0,0.0,0.09566473988439306,-1.0,-1.0,-1.0,0,0,0,0,0
./datasets/Organised/20260306-handFlying-2/253924060.jpg,6,2,0,0.16146435452793834,0.006262042389210019,0.0017341040462427746,0.07138728323699423,0.07427745664739885,0.9610765551561057,0.08766859344894026,0.03901734104046243,2002.8560682132902,0.15279383429672447,0.6666666666666666,0.3468208092485549,0.0,0.0,0.1599229287090559,-1.0,-1.0,-1.0,0,0,0,0,0
./datasets/Organised/20260306-handFlying-2/260990670.jpg,7,2,1,0.004046242774566474,0.004624277456647399,0.0032755298651252407,0.06579961464354528,0.06098265895953757,1.0789712484651515,0.07649325626204238,0.040655105973025046,1685.577626122564,0.0004816955684007707,0.06666666666666667,0.023121387283236993,0.0,0.0,0.0,-1.0,-1.0,-1.0,0,0,0,0,0
./datasets/Organised/20260306-handFlying-2/201491178.jpg,6,2,0,0.1592485549132948,0.02042389210019268,0.005973025048169557,0.26628131021194607,0.2567437379576108,1.0371441780275543,0.3159922928709056,0.1386319845857418,9773.910237413731,0.08000963391136802,0.4166666666666667,0.4913294797687861,0.0,0.0,0.09123314065510597,-1.0,-1.0,-1.0,0,0,0,0,0
./datasets/Organised/20260306-handFlying-2/157458162.jpg,7,2,1,0.0060693641618497106,0.0,0.00028901734104046245,0.0052986512524084775,0.008188824662813102,0.6469798158766024,0.01021194605009634,0.004720616570327553,68.6638625766165,0.0016377649325626203,0.05,0.08092485549132948,0.0,0.0,0.006358381502890174,-1.0,-1.0,-1.0,0,0,0,0,0
./datasets/Organised/20260306-handFlying-2/211791055.jpg,7,2,1,0.05558766859344894,0.005394990366088632,0.002890173410404624,0.0905587668593449,0.07957610789980732,1.1380002270673646,0.10635838150289018,0.044026974951830444,1198.9562424033174,0.02533718689788054,0.5,0.09248554913294797,0.0,0.0,0.0,-1.0,-1.0,-1.0,0,0,0,0,0
./datasets/Organised/20260306-handFlying-2/87258718.jpg,6,2,0,0.2241811175337187,0.011560693641618497,0.004335260115606936,0.14884393063583815,0.1631984585741811,0.9120369144373248,0.18998073217726397,0.08574181117533719,6160.711444966049,0.18853564547206167,0.55,0.4913294797687861,0.0,0.0,0.21782273603082852,-1.0,-1.0,-1.0,0,0,0,0,0
./datasets/Organised/20260306-handFlying-2/106291896.jpg,7,2,1,0.4416184971098266,0.01560693641618497,0.004624277456647399,0.2195568400770713,0.19855491329479769,1.1057683270862517,0.2517341040462428,0.10780346820809249,4417.873793635679,0.41358381502890174,1.0,0.6820809248554913,0.0,0.0,0.0,-1.0,-1.0,-1.0,0,0,0,0,1
./datasets/Organised/20260306-handFlying-2/161791455.jpg,8,2,2,0.0,0.0005780346820809249,0.0005780346820809249,0.006262042389210019,0.006551059730250481,0.9557364625811531,0.008092485549132947,0.003179190751445087,75.44553386533312,0.0,0.0,0.0,0.0,0.0,0.0,-1.0,-1.0,-1.0,0,0,0,0,0
./datasets/Organised/20260306-handFlying-2/44825715.jpg,7,2,1,0.6168593448940269,0.0197495183044316,0.005876685934489403,0.26647398843930636,0.25346820809248555,1.051307140795089,0.31213872832369943,0.13776493256262043,12639.941195124758,0.6167630057803468,1.0,0.8439306358381503,0.0,0.0,0.6136801541425819,-1.0,-1.0,-1.0,0,0,1,0,0
./datasets/Organised/20260306-handFlying-2/85858725.jpg,7,2,1,0.5716763005780346,0.02119460500963391,0.005876685934489403,0.29123314065510597,0.2838150289017341,1.026133519597443,0.3605009633911368,0.14653179190751445,10784.14879825773,0.4526974951830443,0.9333333333333333,0.791907514450867,0.0,0.0,0.5665703275529865,-1.0,-1.0,-1.0,0,0,1,0,0
./datasets/Organised/20260306-handFlying-2/274123896.jpg,7,2,1,0.14238921001926783,0.010308285163776493,0.004335260115606936,0.10645472061657033,0.14017341040462428,0.7594447539267727,0.15260115606936417,0.06907514450867051,2157.4493005297722,0.1317437379576108,0.5333333333333333,0.5260115606936416,0.0,0.0,0.0,-1.0,-1.0,-1.0,0,0,0,0,0
./datasets/Organised/20260306-handFlying-2/186791263.jpg,7,2,1,0.29104046242774567,0.016473988439306357,0.004913294797687861,0.21522157996146435,0.21811175337186897,0.986744592575587,0.26936416184971096,0.10963391136801541,5180.764001247397,0.1880539499036609,0.8,0.4161849710982659,0.0,0.0,0.0008670520231213873,-1.0,-1.0,-1.0,0,0,0,0,0
./datasets/Organised/20260306-handFlying-2/78892111.jpg,6,2,0,0.0037572254335260114,0.003468208092485549,0.0023121387283236996,0.05,0.04720616570327553,1.0591612365436014,0.06011560693641618,0.02909441233140655,1013.8021872041609,0.0005298651252408478,0.08333333333333333,0.017341040462427744,0.0,0.0,0.0,-1.0,-1.0,-1.0,0,0,0,0,0
./datasets/Organised/20260306-handFlying-2/189257908.jpg,6,2,0,0.21184971098265895,0.014932562620423893,0.004913294797687861,0.21252408477842002,0.21878612716763005,0.9713738076353486,0.2642581888246628,0.10934489402697495,4837.887094447599,0.08261078998073218,0.31666666666666665,0.34104046242774566,0.0,0.0,0.16599229287090558,-1.0,-1.0,-1.0,0,0,0,0,0
./datasets/Organised/20260306-handFlying-2/201791167.jpg,7,2,1,0.2906551059730251,0.01021194605009634,0.0037572254335260114,0.15529865125240847,0.17090558766859346,0.9086756301843057,0.19653179190751446,0.0800578034682081,7385.747309521424,0.2642581888246628,0.7666666666666667,0.5086705202312138,0.0,0.0,0.28053949903660885,-1.0,-1.0,-1.0,0,0,0,0,0
./datasets/Organised/20260306-handFlying-2/276757214.jpg,6,2,0,0.07418111753371869,0.0030828516377649326,0.0015414258188824663,0.04653179190751445,0.05558766859344894,0.8370733295993739,0.06088631984585742,0.02398843930635838,656.2234181173221,0.06083815028901734,0.3,0.3930635838150289,0.0,0.0,0.06888246628131021,-1.0,-1.0,-1.0,0,0,0,0,0
./datasets/Organised/20260306-handFlying-2/124625088.jpg,6,2,0,0.09104046242774566,0.009344894026974951,0.0018304431599229288,0.11705202312138728,0.11416184971098266,1.0253074745218687,0.13882466281310213,0.05876685934489403,1686.0377420172185,0.04354527938342967,0.35,0.3352601156069364,0.0,0.0,0.0,-1.0,-1.0,-1.0,0,0,0,0,0
./datasets/Organised/20260306-handFlying-2/209157754.jpg,8,2,2,0.004046242774566474,0.0036608863198458576,0.0025048169556840076,0.05394990366088632,0.04759152215799615,1.133579419930407,0.06473988439306358,0.03747591522157996,1659.009052312696,0.0005298651252408478,0.08333333333333333,0.017341040462427744,0.0,0.0,0.0,-1.0,-1.0,-1.0,0,0,0,0,0
./datasets/Organised/20260306-handFlying-2/217424353.jpg,8,2,2,0.04113680154142582,0.008092485549132947,0.0030828516377649326,0.10308285163776493,0.09354527938342967,1.1019449658200358,0.12273603082851638,0.05674373795761079,3217.7931409799494,0.03044315992292871,0.4666666666666667,0.12716763005780346,0.0,0.0,0.0,-1.0,-1.0,-1.0,0,0,0,0,0
./datasets/Organised/20260306-handFlying-2/129225060.jpg,7,2,1,0.21059730250481695,0.018497109826589597,0.005202312138728324,0.24508670520231213,0.24460500963391138,1.0019651829859788,0.29441233140655104,0.12196531791907514,4057.000890579928,0.11343930635838151,0.5833333333333334,0.3236994219653179,0.0,0.0,0.020134874759152217,-1.0,-1.0,-1.0,0,0,0,0,1
./datasets/Organised/20260306-handFlying-2/86025391.jpg,7,2,1,0.6947013487475915,0.022157996146435453,0.005491329479768786,0.3033718689788054,0.2626204238921002,1.1551680151709474,0.3560693641618497,0.13872832369942195,9735.065017309485,0.49532755298651254,0.95,0.7283236994219653,0.0,0.0,0.6892100192678228,-1.0,-1.0,-1.0,0,0,1,0,0
./datasets/Organised/20260306-handFlying-2/174424693.jpg,7,2,1,0.0038535645472061657,0.0023121387283236996,0.0017341040462427746,0.03005780346820809,0.03121387283236994,0.9629321134711796,0.038053949903660886,0.020616570327552985,549.9349402474745,0.0012042389210019267,0.11666666666666667,0.03468208092485549,0.0,0.0,0.0032755298651252407,-1.0,-1.0,-1.0,0,0,0,0,0
./datasets/Organised/20260306-handFlying-2/88825373.jpg,7,2,1,0.17658959537572255,0.02138728323699422,0.006262042389210019,0.26772639691714833,0.271868978805395,0.9847589575485544,0.326878612716763,0.13872832369942195,8766.712282726527,0.050626204238921,0.43333333333333335,0.42196531791907516,0.0,0.0,0.07957610789980732,-1.0,-1.0,-1.0,0,0,0,0,1
./datasets/Organised/20260306-handFlying-2/125058417.jpg,8,2,2,0.011271676300578034,0.0025048169556840076,0.001348747591522158,0.0407514450867052,0.04007707129094412,1.016801551922815,0.05,0.022928709055876687,1088.390387583949,0.0062138728323699426,0.18333333333333332,0.06358381502890173,0.0,0.0,0.002023121387283237,-1.0,-1.0,-1.0,0,0,0,0,0
./datasets/Organised/20260306-handFlying-2/69292194.jpg,7,2,1,0.2741811175337187,0.017148362235067438,0.004335260115606936,0.22369942196531792,0.20626204238921003,1.0845346765670514,0.25780346820809247,0.10722543352601156,8308.842614521034,0.21897880539499037,1.0,0.5549132947976878,0.0,0.0,0.23362235067437379,-1.0,-1.0,-1.0,0,0,0,0,1
./datasets/Organised/20260306-handFlying-2/175024707.jpg,6,2,0,0.09605009633911368,0.008959537572254336,0.003371868978805395,0.11628131021194606,0.10741811175337188,1.0825011333078352,0.13901734104046243,0.05761078998073218,1996.6197816684673,0.049229287090558765,0.43333333333333335,0.17341040462427745,0.0,0.0,0.05761078998073218,-1.0,-1.0,-1.0,0,0,0,0,0
./datasets/Organised/20260306-handFlying-2/82125422.jpg,7,2,1,0.12283236994219653,0.017148362235067438,0.005973025048169557,0.21310211946050098,0.21117533718689788,1.0091193090061918,0.25789980732177264,0.10992292870905587,3788.6097792460682,0.059778420038535646,0.65,0.3236994219653179,0.0,0.0,0.043641618497109826,-1.0,-1.0,-1.0,0,0,0,0,1
./datasets/Organised/20260306-handFlying-2/125625080.jpg,7,2,1,0.6903660886319846,0.03574181117533719,0.0072254335260115606,0.40626204238921004,0.423121387283237,0.9601525577450936,0.5066473988439306,0.221868978805395,4797.421809244842,0.6966763005780346,1.0,1.0,0.0,0.0,0.6875722543352601,-1.0,-1.0,-1.0,0,0,0,1,0
./datasets/Organised/20260306-handFlying-2/86325394.jpg,6,2,0,0.30346820809248554,0.011368015414258189,0.004431599229287091,0.16021194605009634,0.17870905587668592,0.8964909403903174,0.20192678227360308,0.08940269749518305,7239.083621199802,0.29532755298651253,0.65,0.9075144508670521,0.0,0.0,0.294990366088632,-1.0,-1.0,-1.0,0,0,0,0,0
./datasets/Organised/20260306-handFlying-2/158025031.jpg,7,2,1,0.0,0.00028901734104046245,0.0001926782273603083,0.002890173410404624,0.0024084778420038534,1.1995019667833915,0.0035645472061657034,0.0023121387283236996,33.55064315175546,0.0,0.0,0.0,0.0,0.0,0.0,-1.0,-1.0,-1.0,0,0,0,0,0
./datasets/Organised/20260306-handFlying-2/191991217.jpg,7,2,1,0.2386319845857418,0.014354527938342966,0.0036608863198458576,0.18448940269749517,0.18198458574181117,1.0137583256689144,0.22475915221579962,0.09238921001926782,4110.99501318862,0.14913294797687862,0.4666666666666667,0.5260115606936416,0.0,0.0,0.20183044315992293,-1.0,-1.0,-1.0,0,0,0,0,0
./datasets/Organised/20260306-handFlying-2/235757545.jpg,8,2,2,0.14527938342967245,0.009826589595375723,0.003179190751445087,0.13015414258188826,0.16473988439306358,0.7900536837676975,0.19296724470134874,0.08362235067437379,3238.4046693749283,0.11233140655105973,0.4,0.43352601156069365,0.0,0.0,0.11695568400770713,-1.0,-1.0,-1.0,0,0,0,0,0
./datasets/Organised/20260306-handFlying-2/58358946.jpg,8,2,2,0.125626204238921,0.011753371868978806,0.0045279383429672445,0.1508670520231214,0.1523121387283237,0.9905058308345832,0.1836223506743738,0.0850674373795761,8368.196466489211,0.10669556840077071,0.5666666666666667,0.2832369942196532,0.0,0.0,0.10500963391136801,-1.0,-1.0,-1.0,0,0,0,0,0
./datasets/Organised/20260306-handFlying-2/204757785.jpg,8,2,2,0.3111753371868979,0.015317919075144508,0.004046242774566474,0.21782273603082852,0.21551059730250482,1.010723964544143,0.26396917148362237,0.10895953757225434,5518.830623364183,0.24821772639691714,1.0,0.3815028901734104,0.0,0.0,0.0,-1.0,-1.0,-1.0,0,0,0,0,0
./datasets/Organised/20260306-handFlying-2/202957799.jpg,7,2,1,0.205009633911368,0.0068400770712909445,0.002697495183044316,0.09094412331406551,0.09508670520231213,0.9564235788482792,0.11368015414258188,0.048747591522158,3622.8436165220655,0.14672447013487475,0.55,0.37572254335260113,0.0,0.0,0.2058766859344894,-1.0,-1.0,-1.0,0,0,0,0,0
./datasets/Organised/20260306-handFlying-2/67658880.jpg,7,2,1,0.19026974951830444,0.015510597302504817,0.005394990366088632,0.1976878612716763,0.17909441233140655,1.1038130943626039,0.2344894026974952,0.10789980732177264,6653.841252399197,0.15178227360308286,0.85,0.3815028901734104,0.0,0.0,0.013391136801541427,-1.0,-1.0,-1.0,0,0,0,0,1
./datasets/Organised/20260306-handFlying-2/262257335.jpg,6,2,0,0.004142581888246628,0.004913294797687861,0.002697495183044316,0.06175337186897881,0.055202312138728324,1.1186533828584397,0.07013487475915221,0.03410404624277456,1274.1843598739238,0.0009152215799614644,0.08333333333333333,0.028901734104046242,0.0,0.0,0.0,-1.0,-1.0,-1.0,0,0,0,0,0
./datasets/Organised/20260306-handFlying-2/158991476.jpg,6,2,0,0.0017341040462427746,0.0010597302504816955,0.0008670520231213873,0.010115606936416185,0.012042389210019268,0.839930252191858,0.013391136801541427,0.007514450867052023,1203.7009633911368,0.0010597302504816955,0.06666666666666667,0.04046242774566474,0.0,0.0,0.0,-1.0,-1.0,-1.0,0,0,0,0,0
./datasets/Organised/20260306-handFlying-2/210057758.jpg,6,2,0,0.007996146435452794,0.005009633911368015,0.0019267822736030828,0.061849710982658956,0.05308285163776493,1.165132315656195,0.07302504816955684,0.036608863198458574,1013.2017601286005,0.0017341040462427746,0.1,0.046242774566473986,0.0,0.0,0.0,-1.0,-1.0,-1.0,0,0,0,0,0
./datasets/Organised/20260306-handFlying-2/222190989.jpg,6,2,0,0.0025048169556840076,0.001348747591522158,0.001445086705202312,0.015895953757225433,0.018304431599229287,0.8683736120100385,0.02157996146435453,0.012716763005780347,1352.397521272567,0.0013969171483622352,0.15,0.028901734104046242,0.0,0.0,0.002697495183044316,-1.0,-1.0,-1.0,0,0,0,0,0
./datasets/Organised/20260306-handFlying-2/286523807.jpg,8,2,2,0.042967244701348745,0.0027938342967244703,0.002023121387283237,0.05163776493256262,0.05500963391136802,0.9386869639742801,0.06599229287090559,0.02861271676300578,3468.8217385868775,0.0331888246628131,0.15,0.5491329479768786,0.0,0.0,0.0430635838150289,-1.0,-1.0,-1.0,0,0,0,0,0
./datasets/Organised/20260306-handFlying-2/64825557.jpg,8,2,2,0.02745664739884393,0.008574181117533719,0.004624277456647399,0.11339113680154142,0.10963391136801541,1.0342612164925946,0.13853564547206165,0.06685934489402698,2266.1348360007573,0.010404624277456647,0.13333333333333333,0.20809248554913296,0.0,0.0,0.01599229287090559,-1.0,-1.0,-1.0,0,0,0,0,0
./datasets/Organised/20260306-handFlying-2/253757396.jpg,6,2,0,0.06348747591522158,0.002890173410404624,0.0016377649325626203,0.03911368015414258,0.041714836223506746,0.9376218648615304,0.04865125240847784,0.021772639691714835,1313.600693446713,0.056117533718689785,0.4666666666666667,0.2023121387283237,0.0,0.0,0.061560693641618494,-1.0,-1.0,-1.0,0,0,0,0,0
./datasets/Organised/20260306-handFlying-2/160991460.jpg,8,2,2,0.0003853564547206166,9.633911368015414e-05,0.0003853564547206166,0.005394990366088632,0.004720616570327553,1.1426150950064047,0.006647398843930636,0.0030828516377649326,91.61544522035483,9.633911368015414e-05,0.03333333333333333,0.017341040462427744,0.0,0.0,0.0,-1.0,-1.0,-1.0,0,0,0,0,0
./datasets/Organised/20260306-handFlying-2/274257229.jpg,7,2,1,0.13901734104046243,0.009248554913294798,0.004142581888246628,0.09335260115606936,0.12591522157996146,0.7413866139303347,0.1359344894026975,0.05789980732177264,1871.0278341240937,0.1273121387283237,0.5,0.48554913294797686,0.0,0.0,0.0,-1.0,-1.0,-1.0,0,0,0,0,0
./datasets/Organised/20260306-handFlying-2/90025360.jpg,7,2,1,0.38198458574181116,0.02186897880539499,0.006165703275529865,0.27533718689788056,0.360597302504817,0.7635565253228073,0.38689788053949903,0.1569364161849711,10403.974552403652,0.40645472061657034,1.0,1.0,0.0,0.0,0.3622350674373796,-1.0,-1.0,-1.0,0,0,0,1,0
./datasets/Organised/20260306-handFlying-2/74192159.jpg,6,2,0,0.10202312138728324,0.011849710982658959,0.0030828516377649326,0.15163776493256262,0.15289017341040462,0.9918019565820357,0.18458574181117535,0.07610789980732177,2990.8861459528293,0.03511560693641619,0.43333333333333335,0.1791907514450867,0.0,0.0,0.017533718689788053,-1.0,-1.0,-1.0,0,0,0,0,1
./datasets/Organised/20260306-handFlying-2/212091066.jpg,6,2,0,0.011464354527938344,0.0011560693641618498,0.0005780346820809249,0.018689788053949902,0.0197495183044316,0.9462935486486098,0.02302504816955684,0.009633911368015413,414.68742255746,0.00838150289017341,0.21666666666666667,0.06358381502890173,0.0,0.0,0.010404624277456647,-1.0,-1.0,-1.0,0,0,0,0,0
./datasets/Organised/20260306-handFlying-2/89425375.jpg,8,2,2,0.16184971098265896,0.01579961464354528,0.004816955684007707,0.23545279383429674,0.230635838150289,1.0208811208245472,0.2746628131021195,0.10973025048169557,5712.275342560727,0.10139691714836223,0.9166666666666666,0.45664739884393063,0.0,0.0,0.1210019267822736,-1.0,-1.0,-1.0,0,0,0,0,1
./datasets/Organised/20260306-handFlying-2/81992870.jpg,7,2,1,0.1151252408477842,0.013776493256262042,0.00510597302504817,0.17890173410404625,0.1848747591522158,0.9676862717126106,0.22764932562620424,0.0985549132947977,3295.009937184671,0.04841040462427745,0.2833333333333333,0.3699421965317919,0.0,0.0,0.06551059730250482,-1.0,-1.0,-1.0,0,0,0,0,1
./datasets/Organised/20260306-handFlying-2/180924654.jpg,7,2,1,0.24402697495183046,0.008670520231213872,0.003468208092485549,0.1258188824662813,0.11059730250481696,1.1376203758715142,0.15115606936416184,0.06714836223506744,4690.14472061657,0.13646435452793834,0.5666666666666667,0.3063583815028902,0.0,0.0,0.2275529865125241,-1.0,-1.0,-1.0,0,0,0,0,0
./datasets/Organised/20260306-handFlying-2/180657971.jpg,7,2,1,0.17716763005780348,0.006647398843930636,0.002890173410404624,0.09595375722543352,0.10269749518304432,0.9343248608892532,0.12360308285163776,0.051541425818882464,4070.51062332706,0.12451830443159922,0.4,0.37572254335260113,0.0,0.0,0.0,-1.0,-1.0,-1.0,0,0,0,0,0
./datasets/Organised/20260306-handFlying-2/127791739.jpg,6,2,0,0.04566473988439306,0.008092485549132947,0.0036608863198458576,0.10529865125240848,0.11223506743737957,0.9381890657489249,0.12967244701348749,0.05809248554913295,2495.835175693586,0.00789980732177264,0.2833333333333333,0.07514450867052024,0.0,0.0,0.012042389210019268,-1.0,-1.0,-1.0,0,0,0,0,0
./datasets/Organised/20260306-handFlying-2/215257715.jpg,8,2,2,0.23901734104046243,0.0056840077071290945,0.0024084778420038534,0.07591522157996146,0.08448940269749518,0.8985070393351559,0.09527938342967245,0.03911368015414258,1505.7256391979538,0.2252408477842004,0.5666666666666667,0.7225433526011561,0.0,0.0,0.2388246628131021,-1.0,-1.0,-1.0,0,0,0,1,0
./datasets/Organised/20260306-handFlying-2/267290632.jpg,8,2,2,0.18073217726396917,0.011464354527938344,0.0037572254335260114,0.14470134874759152,0.16502890173410403,0.8768189717566102,0.19527938342967244,0.08458574181117534,1889.544646877239,0.047013487475915224,0.2833333333333333,0.31213872832369943,0.0,0.0,0.15558766859344894,-1.0,-1.0,-1.0,0,0,0,0,0
./datasets/Organised/20260306-handFlying-2/54159099.jpg,8,2,2,0.38208092485549133,0.015414258188824663,0.0060693641618497106,0.24113680154142583,0.23834296724470136,1.0117176630439197,0.2884393063583815,0.11946050096339114,15010.816966923572,0.24296724470134876,0.85,0.3583815028901734,0.0,0.0,0.3697495183044316,-1.0,-1.0,-1.0,0,0,0,1,0
./datasets/Organised/20260306-handFlying-2/52325663.jpg,6,2,0,0.41290944123314066,0.01676300578034682,0.005202312138728324,0.20414258188824663,0.22408477842003854,0.911001953482254,0.258766859344894,0.11127167630057803,9391.1446791759,0.36209055876685936,0.8166666666666667,0.6878612716763006,0.0,0.0,0.3984585741811175,-1.0,-1.0,-1.0,0,0,0,1,0
./datasets/Organised/20260306-handFlying-2/49725730.jpg,6,2,0,0.3878612716763006,0.011657032755298651,0.004142581888246628,0.15394990366088632,0.1836223506743738,0.8384004708305943,0.20558766859344893,0.08526011560693642,8100.172520103133,0.3955202312138728,0.8,0.7572254335260116,0.0,0.0,0.3832369942196532,-1.0,-1.0,-1.0,0,0,0,1,0
./datasets/Organised/20260306-handFlying-2/97591993.jpg,6,2,0,0.19277456647398844,0.010404624277456647,0.0036608863198458576,0.13651252408477843,0.16560693641618496,0.8243114855420479,0.18140655105973025,0.07225433526011561,4722.493408204974,0.11488439306358382,0.55,0.5722543352601156,0.0,0.0,0.17321772639691715,-1.0,-1.0,-1.0,0,0,0,0,0
./datasets/Organised/20260306-handFlying-2/78425457.jpg,7,2,1,0.1576107899807322,0.015414258188824663,0.004142581888246628,0.20789980732177263,0.19344894026974951,1.0746956397705474,0.24383429672447013,0.09296724470134875,3011.476556145841,0.06401734104046243,0.55,0.4161849710982659,0.0,0.0,0.0,-1.0,-1.0,-1.0,0,0,0,0,1
./datasets/Organised/20260306-handFlying-2/72258833.jpg,7,2,1,0.33583815028901737,0.0128131021194605,0.004335260115606936,0.1624277456647399,0.14277456647398845,1.1376438537495264,0.18651252408477842,0.08265895953757225,4908.8676823667865,0.30732177263969174,1.0,0.8670520231213873,0.0,0.0,0.3357418111753372,-1.0,-1.0,-1.0,0,0,0,1,0
./datasets/Organised/20260306-handFlying-2/76325473.jpg,8,2,2,0.005009633911368015,0.0038535645472061657,0.0023121387283236996,0.03371868978805395,0.03516377649325626,0.9588768407079272,0.04489402697495183,0.029479768786127167,1015.1538441997915,0.003323699421965318,0.11666666666666667,0.057803468208092484,0.0,0.0,0.004431599229287091,-1.0,-1.0,-1.0,0,0,0,0,0
./datasets/Organised/20260306-handFlying-2/110725258.jpg,8,2,2,0.3171483622350674,0.01907514450867052,0.005394990366088632,0.22447013487475914,0.2566473988439306,0.8746212167536676,0.29807321772639694,0.129383429672447,3254.6954352244757,0.2069364161849711,1.0,0.4913294797687861,0.0,0.0,0.22485549132947977,-1.0,-1.0,-1.0,0,0,0,0,1
./datasets/Organised/20260306-handFlying-2/183691288.jpg,6,2,0,0.27870905587668593,0.01599229287090559,0.005009633911368015,0.22225433526011562,0.2058766859344894,1.0795455284592488,0.26213872832369944,0.11416184971098266,5305.897193543237,0.17528901734104047,0.5333333333333333,0.5780346820809249,0.0,0.0,0.18516377649325627,-1.0,-1.0,-1.0,0,0,0,0,0
./datasets/Organised/20260306-handFlying-2/161658164.jpg,6,2,0,0.0,0.00028901734104046245,0.00028901734104046245,0.004046242774566474,0.0036608863198458576,1.1049613289843456,0.0045279383429672445,0.0016377649325626203,328.83612693559945,0.0,0.0,0.0,0.0,0.0,0.0,-1.0,-1.0,-1.0,0,0,0,0,0
./datasets/Organised/20260306-handFlying-2/149858220.jpg,7,2,1,0.0015414258188824663,0.0001926782273603083,0.00028901734104046245,0.0035645472061657034,0.0056840077071290945,0.6270083331102088,0.006165703275529865,0.002697495183044316,158.42959043811095,0.0005780346820809249,0.05,0.028901734104046242,0.0,0.0,0.0,-1.0,-1.0,-1.0,0,0,0,0,0
./datasets/Organised/20260306-handFlying-2/79758776.jpg,7,2,1,0.09489402697495183,0.011946050096339113,0.003371868978805395,0.15433526011560694,0.1420038535645472,1.0868308810688294,0.18208092485549132,0.07485549132947977,2282.6483848441308,0.040895953757225434,0.45,0.26011560693641617,0.0,0.0,0.0,-1.0,-1.0,-1.0,0,0,0,0,0
./datasets/Organised/20260306-handFlying-2/94458661.jpg,6,2,0,0.004335260115606936,0.003371868978805395,0.0029865125240847784,0.04527938342967245,0.04450867052023121,1.017293161248888,0.05385356454720617,0.02697495183044316,1591.5779367744399,0.0010597302504816955,0.11666666666666667,0.023121387283236993,0.0,0.0,0.0,-1.0,-1.0,-1.0,0,0,0,0,0
./datasets/Organised/20260306-handFlying-2/190257912.jpg,6,2,0,0.09913294797687862,0.0128131021194605,0.0045279383429672445,0.17928709055876685,0.17398843930635838,1.0304481195728232,0.21560693641618497,0.09171483622350675,3735.040829398094,0.02042389210019268,0.16666666666666666,0.23699421965317918,0.0,0.0,0.029479768786127167,-1.0,-1.0,-1.0,0,0,0,0,0
./datasets/Organised/20260306-handFlying-2/63492236.jpg,7,2,1,0.24113680154142583,0.014258188824662813,0.005009633911368015,0.18323699421965317,0.1789980732177264,1.02367565890563,0.22167630057803467,0.0968208092485549,9673.861833970024,0.1342485549132948,0.26666666666666666,0.6936416184971098,0.0,0.0,0.15375722543352602,-1.0,-1.0,-1.0,0,0,0,1,0
./datasets/Organised/20260306-handFlying-2/200757835.jpg,6,2,0,0.15346820809248554,0.01676300578034682,0.006262042389210019,0.22707129094412332,0.23911368015414258,0.9496334177297034,0.2852601156069364,0.12658959537572254,9721.010715907276,0.0972543352601156,0.43333333333333335,0.6069364161849711,0.0,0.0,0.11146435452793835,-1.0,-1.0,-1.0,0,0,0,0,0
./datasets/Organised/20260306-handFlying-2/222490980.jpg,8,2,2,0.17138728323699423,0.01001926782273603,0.0029865125240847784,0.1270712909441233,0.1373795761078998,0.9249582040209272,0.16021194605009634,0.06358381502890173,3600.2237108935587,0.09031791907514451,0.5,0.27167630057803466,0.0,0.0,0.15,-1.0,-1.0,-1.0,0,0,0,0,0
./datasets/Organised/20260306-handFlying-2/252757400.jpg,8,2,2,0.5047206165703275,0.012235067437379576,0.0037572254335260114,0.17186897880539498,0.18439306358381502,0.9320743600147038,0.21348747591522158,0.08593448940269749,4650.798765402193,0.21315028901734104,1.0,0.2774566473988439,0.0,0.0,0.2819845857418112,-1.0,-1.0,-1.0,0,0,0,0,0
./datasets/Organised/20260306-handFlying-2/155258174.jpg,8,2,2,0.18294797687861272,0.011271676300578034,0.0038535645472061657,0.15144508670520232,0.19614643545279384,0.7720982247644533,0.2195568400770713,0.08872832369942196,3885.6624316344974,0.13564547206165703,0.3,0.8497109826589595,0.0,0.0,0.147495183044316,-1.0,-1.0,-1.0,0,0,0,1,0
./datasets/Organised/20260306-handFlying-2/275857227.jpg,7,2,1,0.17591522157996145,0.00838150289017341,0.004142581888246628,0.09104046242774566,0.1420038535645472,0.6411081040012757,0.146242774566474,0.06252408477842004,2296.1354891298297,0.15871868978805395,0.45,0.7572254335260116,0.0,0.0,0.0,-1.0,-1.0,-1.0,0,0,0,0,0
./datasets/Organised/20260306-handFlying-2/278457204.jpg,7,2,1,0.5713872832369942,0.013583815028901734,0.0056840077071290945,0.17379576107899808,0.2571290944123314,0.675905951328672,0.2754335260115607,0.11628131021194606,8882.233421792687,0.5508188824662813,0.7166666666666667,1.0,0.0,0.0,0.5595375722543353,-1.0,-1.0,-1.0,0,0,0,1,0
./datasets/Organised/20260306-handFlying-2/98291954.jpg,8,2,2,0.20982658959537573,0.009633911368015413,0.002890173410404624,0.11522157996146436,0.12909441233140656,0.8925303996525757,0.14527938342967245,0.06310211946050097,4009.3052678747113,0.1760597302504817,0.5666666666666667,0.5664739884393064,0.0,0.0,0.18776493256262042,-1.0,-1.0,-1.0,0,0,0,0,0
./datasets/Organised/20260306-handFlying-2/215091039.jpg,7,2,1,0.03670520231213873,0.004142581888246628,0.0024084778420038534,0.054816955684007705,0.062235067437379575,0.8807908009156138,0.07225433526011561,0.03371868978805395,1327.7488160776802,0.01724470134874759,0.15,0.23699421965317918,0.0,0.0,0.03198458574181118,-1.0,-1.0,-1.0,0,0,0,0,0
./datasets/Organised/20260306-handFlying-2/101825304.jpg,8,2,2,0.10684007707129095,0.005780346820809248,0.0023121387283236996,0.0686897880539499,0.07658959537572255,0.8968436361799451,0.0884393063583815,0.03709055876685934,1118.3845955706283,0.07157996146435452,0.26666666666666666,0.5317919075144508,0.0,0.0,0.08140655105973026,-1.0,-1.0,-1.0,0,0,0,0,0
./datasets/Organised/20260306-handFlying-2/183257962.jpg,7,2,1,0.2889210019267823,0.017822736030828516,0.005394990366088632,0.23872832369942196,0.27822736030828515,0.8580301570799757,0.3240847784200385,0.12851637764932564,7743.290075066548,0.20645472061657033,0.48333333333333334,0.7283236994219653,0.0,0.0,0.0,-1.0,-1.0,-1.0,0,0,0,0,0
./datasets/Organised/20260306-handFlying-2/157191492.jpg,8,2,2,0.19653179190751446,0.010886319845857417,0.003468208092485549,0.13651252408477843,0.17552986512524085,0.7777123640755549,0.19537572254335261,0.08439306358381503,3323.80333042831,0.1233140655105973,0.4,0.5953757225433526,0.0,0.0,0.1766859344894027,-1.0,-1.0,-1.0,0,0,0,0,0
./datasets/Organised/20260306-handFlying-2/214391037.jpg,8,2,2,0.2342967244701349,0.006358381502890174,0.002890173410404624,0.08092485549132948,0.0985549132947977,0.821106038044306,0.10963391136801541,0.04672447013487476,1866.87456981523,0.223121387283237,0.5666666666666667,0.6127167630057804,0.0,0.0,0.2338150289017341,-1.0,-1.0,-1.0,0,0,0,0,0
./datasets/Organised/20260306-handFlying-2/73858819.jpg,6,2,0,0.14364161849710982,0.013776493256262042,0.0037572254335260114,0.16714836223506743,0.18554913294797687,0.9008258823610287,0.21425818882466283,0.08545279383429673,3766.759362519073,0.04918111753371869,0.25,0.4046242774566474,0.0,0.0,0.06551059730250482,-1.0,-1.0,-1.0,0,0,0,0,0
./datasets/Organised/20260306-handFlying-2/96658641.jpg,6,2,0,0.042196531791907514,0.007514450867052023,0.0036608863198458576,0.10520231213872833,0.09566473988439306,1.0996863899851683,0.1260115606936416,0.06059730250481696,4350.757239206864,0.016666666666666666,0.13333333333333333,0.19653179190751446,0.0,0.0,0.024277456647398842,-1.0,-1.0,-1.0,0,0,0,0,0
./datasets/Organised/20260306-handFlying-2/167224750.jpg,7,2,1,0.0004816955684007707,0.0015414258188824663,0.000674373795761079,0.019364161849710983,0.016473988439306357,1.1753672496371275,0.02167630057803468,0.00953757225433526,261.101762495313,0.0001926782273603083,0.05,0.017341040462427744,0.0,0.0,0.0,-1.0,-1.0,-1.0,0,0,0,0,0
./datasets/Organised/20260306-handFlying-2/288157160.jpg,7,2,1,0.002890173410404624,0.004431599229287091,0.002890173410404624,0.05674373795761079,0.05443159922928709,1.042458724386621,0.06724470134874759,0.030924855491329478,1243.0333642954993,0.0010115606936416184,0.08333333333333333,0.023121387283236993,0.0,0.0,0.0,-1.0,-1.0,-1.0,0,0,0,0,0
./datasets/Organised/20260306-handFlying-2/162058120.jpg,8,2,2,0.0,0.0003853564547206166,0.0004816955684007707,0.005394990366088632,0.004816955684007707,1.1197675362594726,0.006647398843930636,0.0029865125240847784,53.544893432976565,0.0,0.0,0.0,0.0,0.0,0.0,-1.0,-1.0,-1.0,0,0,0,0,0
./datasets/Organised/20260306-handFlying-2/214691050.jpg,8,2,2,0.19816955684007706,0.0060693641618497106,0.0018304431599229288,0.07726396917148362,0.08391136801541425,0.9207697387027696,0.0968208092485549,0.04113680154142582,1607.968874660771,0.1867533718689788,0.4,0.6011560693641619,0.0,0.0,0.20134874759152216,-1.0,-1.0,-1.0,0,0,0,0,0
./datasets/Organised/20260306-handFlying-2/206691141.jpg,8,2,2,0.4090558766859345,0.02003853564547206,0.0052986512524084775,0.24653179190751445,0.27581888246628133,0.8938144331841368,0.3216763005780347,0.1371868978805395,7606.818752492009,0.2323699421965318,1.0,0.3699421965317919,0.0,0.0,0.1676300578034682,-1.0,-1.0,-1.0,0,0,0,0,0
./datasets/Organised/20260306-handFlying-2/192757884.jpg,7,2,1,0.3955684007707129,0.00674373795761079,0.0036608863198458576,0.11165703275529865,0.1138728323699422,0.9805328443900805,0.1409441233140655,0.06290944123314066,4830.962251875735,0.18978805394990367,0.8166666666666667,0.30057803468208094,0.0,0.0,0.3945086705202312,-1.0,-1.0,-1.0,0,0,0,1,0
./datasets/Organised/20260306-handFlying-2/269123940.jpg,6,2,0,0.0015414258188824663,0.0009633911368015414,0.00028901734104046245,0.013102119460500963,0.011849710982658959,1.1055977552463458,0.01628131021194605,0.008574181117533719,343.87868254869863,0.000674373795761079,0.15,0.011560693641618497,0.0,0.0,0.0,-1.0,-1.0,-1.0,0,0,0,0,0
./datasets/Organised/20260306-handFlying-2/179824658.jpg,7,2,1,0.07601156069364162,0.005780346820809248,0.003468208092485549,0.07947976878612717,0.0907514450867052,0.8757865279573671,0.10770712909441234,0.05163776493256262,3823.956229595228,0.055973025048169554,0.18333333333333332,0.5433526011560693,0.0,0.0,0.07071290944123314,-1.0,-1.0,-1.0,0,0,0,0,0
./datasets/Organised/20260306-handFlying-2/81258761.jpg,8,2,2,0.0,0.0,0.0,0.0,0.0,0.0,0.0,0.0,0.0,0.0,0.0,0.0,0.0,0.0,0.0,-1.0,-1.0,-1.0,0,0,0,0,0
./datasets/Organised/20260306-handFlying-2/275323899.jpg,7,2,1,0.2522157996146435,0.011078998073217727,0.004431599229287091,0.12418111753371869,0.1804431599229287,0.6881969335375494,0.18651252408477842,0.0779383429672447,3073.392846960028,0.23790944123314064,0.6333333333333333,0.884393063583815,0.0,0.0,0.0,-1.0,-1.0,-1.0,0,0,0,0,0
./datasets/Organised/20260306-handFlying-2/260990670.jpg,8,2,2,0.24046242774566473,0.015895953757225433,0.00394990366088632,0.1951830443159923,0.19190751445086704,1.0170629733365144,0.23593448940269748,0.10443159922928709,1880.121906391423,0.20698458574181117,1.0,0.3930635838150289,0.0,0.0,0.0,-1.0,-1.0,-1.0,0,0,0,0,0
./datasets/Organised/20260306-handFlying-2/278023867.jpg,8,2,2,0.10712909441233141,0.010789980732177264,0.003371868978805395,0.13217726396917148,0.14653179190751445,0.9020319769283889,0.17215799614643545,0.07032755298651253,2776.1158409253753,0.03265895953757225,0.2,0.3699421965317919,0.0,0.0,0.06252408477842004,-1.0,-1.0,-1.0,0,0,0,0,1
./datasets/Organised/20260306-handFlying-2/281890509.jpg,8,2,2,0.11310211946050096,0.0037572254335260114,0.0017341040462427746,0.051734104046242776,0.06204238921001927,0.8338374918739664,0.06849710982658959,0.030154142581888248,2723.371704691845,0.10211946050096339,0.4,0.5202312138728323,0.0,0.0,0.11358381502890173,-1.0,-1.0,-1.0,0,0,0,0,0
./datasets/Organised/20260306-handFlying-2/208291090.jpg,6,2,0,0.10886319845857419,0.006262042389210019,0.0027938342967244703,0.073121387283237,0.10761078998073217,0.6794923427658748,0.1163776493256262,0.05048169556840077,2836.835427697403,0.09359344894026975,0.26666666666666666,0.653179190751445,0.0,0.0,0.10549132947976879,-1.0,-1.0,-1.0,0,0,0,1,0
./datasets/Organised/20260306-handFlying-2/143658268.jpg,8,2,2,0.003468208092485549,0.0012524084778420038,0.0009633911368015414,0.016859344894026976,0.018208092485549134,0.9258750762788794,0.022157996146435453,0.01001926782273603,272.86753482315555,0.0010597302504816955,0.05,0.06358381502890173,0.0,0.0,0.0,-1.0,-1.0,-1.0,0,0,0,0,0
./datasets/Organised/20260306-handFlying-2/237390856.jpg,8,2,2,0.08246628131021194,0.009344894026974951,0.002119460500963391,0.11984585741811175,0.11252408477842003,1.065059027985693,0.14007707129094413,0.060789980732177264,1424.0762649010064,0.05264932562620424,0.5833333333333334,0.24855491329479767,0.0,0.0,0.0,-1.0,-1.0,-1.0,0,0,0,0,0
./datasets/Organised/20260306-handFlying-2/215524370.jpg,6,2,0,0.052986512524084775,0.007129094412331407,0.002890173410404624,0.10337186897880539,0.1105009633911368,0.9354754052007794,0.12418111753371869,0.051734104046242776,11129.194452973892,0.023892100192678227,0.4,0.1329479768786127,0.0,0.0,0.0,-1.0,-1.0,-1.0,0,0,0,0,0
./datasets/Organised/20260306-handFlying-2/133358359.jpg,8,2,2,0.05876685934489403,0.007803468208092485,0.002890173410404624,0.09701348747591522,0.08959537572254335,1.0827836136624627,0.11551059730250482,0.05356454720616571,1668.642117975505,0.046242774566473986,0.7833333333333333,0.15606936416184972,0.0,0.0,0.0010597302504816955,-1.0,-1.0,-1.0,0,0,0,0,0
./datasets/Organised/20260306-handFlying-2/250624081.jpg,8,2,2,0.07755298651252408,0.004913294797687861,0.0018304431599229288,0.06117533718689788,0.062235067437379575,0.9829563419708519,0.07524084778420038,0.03188824662813102,1330.2177892400905,0.06840077071290944,0.26666666666666666,0.4624277456647399,0.0,0.0,0.07678227360308285,-1.0,-1.0,-1.0,0,0,0,0,0
./datasets/Organised/20260306-handFlying-2/186491299.jpg,6,2,0,0.14990366088631984,0.009730250481695568,0.003468208092485549,0.13342967244701348,0.13670520231213873,0.9760323247247845,0.1651252408477842,0.0733140655105973,7641.3590073915675,0.09985549132947977,0.5666666666666667,0.2774566473988439,0.0,0.0,0.1466281310211946,-1.0,-1.0,-1.0,0,0,0,0,0
./datasets/Organised/20260306-handFlying-2/111125198.jpg,8,2,2,0.1384393063583815,0.0037572254335260114,0.0022157996146435453,0.05375722543352601,0.060789980732177264,0.8842960713261167,0.06955684007707129,0.026493256262042388,748.3894030316193,0.12528901734104048,0.8166666666666667,0.2774566473988439,0.0,0.0,0.0,-1.0,-1.0,-1.0,0,0,0,0,0
./datasets/Organised/20260306-handFlying-2/63925568.jpg,7,2,1,0.2453757225433526,0.017148362235067438,0.005202312138728324,0.23670520231213873,0.2338150289017341,1.0123566096985543,0.28516377649325625,0.1222543352601156,13820.01126387079,0.13420038535645473,0.3,0.6011560693641619,0.0,0.0,0.14296724470134875,-1.0,-1.0,-1.0,0,0,0,0,1
./datasets/Organised/20260306-handFlying-2/130091730.jpg,6,2,0,0.02138728323699422,0.005780346820809248,0.0030828516377649326,0.08410404624277457,0.08265895953757225,1.0174702082275509,0.10327552986512524,0.049903660886319846,3603.701138351506,0.004865125240847784,0.13333333333333333,0.1791907514450867,0.0,0.0,0.009055876685934489,-1.0,-1.0,-1.0,0,0,0,0,0
./datasets/Organised/20260306-handFlying-2/235290925.jpg,8,2,2,0.11223506743737957,0.008477842003853564,0.002697495183044316,0.1270712909441233,0.15327552986512524,0.8290329318907397,0.18140655105973025,0.07842003853564547,3069.108221531699,0.0748073217726397,0.3,0.47398843930635837,0.0,0.0,0.08526011560693642,-1.0,-1.0,-1.0,0,0,0,0,0
./datasets/Organised/20260306-handFlying-2/170491387.jpg,6,2,0,0.0,0.0,9.633911368015414e-05,0.002697495183044316,0.0025048169556840076,1.0764933076717833,0.003371868978805395,0.0019267822736030828,137.23766858416772,0.0,0.0,0.0,0.0,0.0,0.0,-1.0,-1.0,-1.0,0,0,0,0,0
./datasets/Organised/20260306-handFlying-2/115358614.jpg,8,2,2,0.8916184971098265,0.02697495183044316,0.006551059730250481,0.33217726396917147,0.30260115606936416,1.0977359457182054,0.3854527938342967,0.17283236994219653,9628.978111632716,0.9148362235067438,1.0,1.0,0.0,0.0,0.8897880539499037,-1.0,-1.0,-1.0,0,0,0,1,0
./datasets/Organised/20260306-handFlying-2/90658716.jpg,6,2,0,0.16897880539499036,0.021965317919075144,0.006262042389210019,0.2649325626204239,0.25770712909441235,1.0280333940236899,0.3155105973025048,0.14026974951830443,6971.063544044981,0.1302504816955684,0.7833333333333333,0.42196531791907516,0.0,0.0,0.010500963391136802,-1.0,-1.0,-1.0,0,0,0,0,1
./datasets/Organised/20260306-handFlying-2/149591561.jpg,6,2,0,0.032466281310211946,0.002601156069364162,0.0012524084778420038,0.04508670520231214,0.045953757225433524,0.9811107255150296,0.054720616570327556,0.023699421965317918,529.9279867074299,0.018015414258188825,0.6,0.057803468208092484,0.0,0.0,0.0,-1.0,-1.0,-1.0,0,0,0,0,0
./datasets/Organised/20260306-handFlying-2/224957657.jpg,6,2,0,0.0,0.0015414258188824663,0.0010597302504816955,0.016859344894026976,0.019460500963391136,0.8662921182564975,0.02283236994219653,0.013680154142581889,1036.0424409899724,0.0,0.0,0.0,0.0,0.0,0.0,-1.0,-1.0,-1.0,0,0,0,0,0
./datasets/Organised/20260306-handFlying-2/242424149.jpg,7,2,1,0.1046242774566474,0.011560693641618497,0.0032755298651252407,0.14383429672447012,0.14104046242774568,1.0198015126094937,0.1764932562620424,0.07475915221579961,3651.292397525997,0.06608863198458574,0.5666666666666667,0.24855491329479767,0.0,0.0,0.01676300578034682,-1.0,-1.0,-1.0,0,0,0,0,1
./datasets/Organised/20260306-handFlying-2/264790657.jpg,6,2,0,0.0037572254335260114,0.0024084778420038534,0.0022157996146435453,0.03795761078998073,0.037283236994219655,1.0180605491770012,0.04441233140655106,0.021290944123314066,732.5424814561127,0.0008188824662813102,0.08333333333333333,0.028901734104046242,0.0,0.0,0.0,-1.0,-1.0,-1.0,0,0,0,0,0
./datasets/Organised/20260306-handFlying-2/280557223.jpg,8,2,2,0.11098265895953757,0.010115606936416185,0.003468208092485549,0.12552986512524084,0.1455684007707129,0.8623368953957814,0.16753371868978806,0.07350674373795761,4563.583647187233,0.08299614643545279,0.4166666666666667,0.5549132947976878,0.0,0.0,0.09161849710982659,-1.0,-1.0,-1.0,0,0,0,0,0
./datasets/Organised/20260306-handFlying-2/69125540.jpg,6,2,0,0.03516377649325626,0.0052986512524084775,0.0029865125240847784,0.0626204238921002,0.07129094412331406,0.87836605751395,0.08362235067437379,0.04431599229287091,3259.596301051377,0.025433526011560695,0.18333333333333332,0.2832369942196532,0.0,0.0,0.030924855491329478,-1.0,-1.0,-1.0,0,0,0,0,0
./datasets/Organised/20260306-handFlying-2/68525535.jpg,7,2,1,0.2208092485549133,0.018497109826589597,0.006165703275529865,0.25134874759152215,0.23680154142581888,1.0614275762334249,0.29335260115606937,0.1260115606936416,10172.674687974502,0.1142581888246628,0.85,0.28901734104046245,0.0,0.0,0.059633911368015415,-1.0,-1.0,-1.0,0,0,0,0,1
./datasets/Organised/20260306-handFlying-2/116391825.jpg,6,2,0,0.21396917148362235,0.007996146435452794,0.0032755298651252407,0.11541425818882466,0.12755298651252409,0.9048267431256845,0.14354527938342967,0.060308285163776496,5760.607481558206,0.20284200385356455,0.6666666666666666,0.44508670520231214,0.0,0.0,0.2092485549132948,-1.0,-1.0,-1.0,0,0,0,0,0
./datasets/Organised/20260306-handFlying-2/160058141.jpg,7,2,1,0.003468208092485549,0.0017341040462427746,0.000674373795761079,0.02003853564547206,0.017726396917148363,1.1303710149394832,0.023795761078998074,0.010597302504816955,281.25384016245863,0.001300578034682081,0.11666666666666667,0.028901734104046242,0.0,0.0,0.0009633911368015414,-1.0,-1.0,-1.0,0,0,0,0,0
./datasets/Organised/20260306-handFlying-2/157324869.jpg,8,2,2,0.18516377649325627,0.009344894026974951,0.003371868978805395,0.12003853564547207,0.16156069364161849,0.7429888418460475,0.1811175337186898,0.07013487475915221,3007.6906190112895,0.12692678227360307,0.4,0.5664739884393064,0.0,0.0,0.17321772639691715,-1.0,-1.0,-1.0,0,0,0,0,0
./datasets/Organised/20260306-handFlying-2/93858674.jpg,7,2,1,0.18921001926782274,0.012042389210019268,0.003371868978805395,0.1619460500963391,0.14990366088631984,1.0803269834228226,0.1838150289017341,0.0804431599229287,7007.605842076247,0.16078998073217726,0.8666666666666667,0.6878612716763006,0.0,0.0,0.0016377649325626203,-1.0,-1.0,-1.0,0,0,0,0,1
./datasets/Organised/20260306-handFlying-2/277723886.jpg,6,2,0,0.16926782273603083,0.01628131021194605,0.0060693641618497106,0.21358381502890172,0.2430635838150289,0.8787121993529016,0.279383429672447,0.12842003853564546,10988.706014335781,0.1119942196531792,0.4,0.6184971098265896,0.0,0.0,0.13959537572254335,-1.0,-1.0,-1.0,0,0,0,0,0
./datasets/Organised/20260306-handFlying-2/271157294.jpg,7,2,1,0.15510597302504817,0.008285163776493257,0.003179190751445087,0.09922928709055877,0.10751445086705202,0.9229304838544602,0.12398843930635838,0.053275529865125244,1648.1564053445004,0.09296724470134875,0.5666666666666667,0.2138728323699422,0.0,0.0,0.09739884393063585,-1.0,-1.0,-1.0,0,0,0,0,0
./datasets/Organised/20260306-handFlying-2/279990522.jpg,7,2,1,0.8455684007707129,0.01069364161849711,0.004624277456647399,0.1556840077071291,0.2023121387283237,0.7695200058963517,0.22235067437379577,0.09614643545279383,9993.255470131162,0.8359344894026975,1.0,1.0,0.0,0.0,0.8409441233140655,-1.0,-1.0,-1.0,0,0,0,1,0
./datasets/Organised/20260306-handFlying-2/47792364.jpg,8,2,2,0.008574181117533719,0.0035645472061657034,0.0015414258188824663,0.04354527938342967,0.043641618497109826,0.9977696316804042,0.051445086705202314,0.02167630057803468,524.1149932247059,0.002601156069364162,0.11666666666666667,0.05202312138728324,0.0,0.0,0.0,-1.0,-1.0,-1.0,0,0,0,0,0
./datasets/Organised/20260306-handFlying-2/152191536.jpg,7,2,1,0.12427745664739884,0.00789980732177264,0.0023121387283236996,0.07745664739884393,0.11551059730250482,0.6705529938781681,0.12235067437379576,0.05019267822736031,1843.7647203845397,0.10958574181117534,0.38333333333333336,0.6416184971098265,0.0,0.0,0.0,-1.0,-1.0,-1.0,0,0,0,0,0
./datasets/Organised/20260306-handFlying-2/80958769.jpg,7,2,1,0.11522157996146436,0.014354527938342966,0.0032755298651252407,0.17167630057803468,0.17427745664739885,0.9850689745627661,0.20722543352601155,0.08468208092485549,2676.706835167303,0.03554913294797688,0.26666666666666666,0.2947976878612717,0.0,0.0,0.0,-1.0,-1.0,-1.0,0,0,0,0,1
./datasets/Organised/20260306-handFlying-2/123125105.jpg,8,2,2,0.17764932562620425,0.010404624277456647,0.0035645472061657034,0.13420038535645473,0.16714836223506743,0.8028770410007576,0.1857418111753372,0.08217726396917148,3904.890380669437,0.08858381502890174,0.35,0.36416184971098264,0.0,0.0,0.1455684007707129,-1.0,-1.0,-1.0,0,0,0,0,0
./datasets/Organised/20260306-handFlying-2/144158287.jpg,6,2,0,0.0,0.0005780346820809249,0.0004816955684007707,0.0036608863198458576,0.0030828516377649326,1.1871149295947128,0.005202312138728324,0.004046242774566474,90.93025048169557,0.0,0.0,0.0,0.0,0.0,0.0,-1.0,-1.0,-1.0,0,0,0,0,0
./datasets/Organised/20260306-handFlying-2/111625187.jpg,6,2,0,0.0,0.0,0.0,0.0,0.0,0.0,0.0,0.0,0.0,0.0,0.0,0.0,0.0,0.0,0.0,-1.0,-1.0,-1.0,0,0,0,0,0
./datasets/Organised/20260306-handFlying-2/196657854.jpg,8,2,2,0.3124277456647399,0.014354527938342966,0.004624277456647399,0.20077071290944123,0.21290944123314065,0.9429819963108047,0.2518304431599229,0.10558766859344894,8565.010459002975,0.25549132947976877,0.5333333333333333,0.8323699421965318,0.0,0.0,0.270616570327553,-1.0,-1.0,-1.0,0,0,0,1,0
./datasets/Organised/20260306-handFlying-2/114591848.jpg,7,2,1,0.6561657032755298,0.008188824662813102,0.00394990366088632,0.11791907514450867,0.1210019267822736,0.974514239285188,0.1432562620423892,0.06473988439306358,5250.093705993073,0.6480250481695569,1.0,0.7745664739884393,0.0,0.0,0.6558766859344894,-1.0,-1.0,-1.0,0,0,1,0,0
./datasets/Organised/20260306-handFlying-2/49859019.jpg,8,2,2,0.03815028901734104,0.007996146435452794,0.0037572254335260114,0.09961464354527938,0.09479768786127167,1.0508019234512547,0.11849710982658959,0.055973025048169554,4495.331242264099,0.025192678227360307,0.2833333333333333,0.1907514450867052,0.0,0.0,0.033236994219653176,-1.0,-1.0,-1.0,0,0,0,0,0
./datasets/Organised/20260306-handFlying-2/232124234.jpg,8,2,2,0.05655105973025048,0.004046242774566474,0.002023121387283237,0.0476878612716763,0.06647398843930635,0.7173805124496823,0.07495183044315992,0.03236994219653179,929.0903889111639,0.03574181117533719,0.16666666666666666,0.3179190751445087,0.0,0.0,0.051252408477842,-1.0,-1.0,-1.0,0,0,0,0,0
./datasets/Organised/20260306-handFlying-2/271023949.jpg,7,2,1,0.1813102119460501,0.007996146435452794,0.003179190751445087,0.09653179190751444,0.10491329479768786,0.9201014227247309,0.12678227360308286,0.05452793834296724,1640.954899363679,0.13309248554913294,0.6166666666666667,0.27167630057803466,0.0,0.0,0.14046242774566475,-1.0,-1.0,-1.0,0,0,0,0,0
./datasets/Organised/20260306-handFlying-2/272257252.jpg,6,2,0,0.0018304431599229288,0.0024084778420038534,0.0007707129094412332,0.024373795761079,0.022350674373795763,1.0904684523166592,0.029383429672447014,0.013391136801541427,622.8421400648201,0.0003853564547206166,0.06666666666666667,0.017341040462427744,0.0,0.0,0.0,-1.0,-1.0,-1.0,0,0,0,0,0
./datasets/Organised/20260306-handFlying-2/57725614.jpg,8,2,2,0.11830443159922929,0.011271676300578034,0.005202312138728324,0.15500963391136802,0.1590558766859345,0.9745547450767693,0.18969171483622352,0.09094412331406551,9728.82400847747,0.10809248554913295,0.5666666666666667,0.2832369942196532,0.0,0.0,0.10741811175337188,-1.0,-1.0,-1.0,0,0,0,0,0
./datasets/Organised/20260306-handFlying-2/186791263.jpg,6,2,0,0.21319845857418113,0.011078998073217727,0.0038535645472061657,0.1576107899807322,0.17071290944123313,0.9232451561598641,0.20134874759152216,0.08583815028901734,8124.969171446499,0.17654142581888246,0.6666666666666666,0.43352601156069365,0.0,0.0,0.20867052023121388,-1.0,-1.0,-1.0,0,0,0,0,0
./datasets/Organised/20260306-handFlying-2/184591301.jpg,8,2,2,0.2746628131021195,0.014932562620423893,0.004816955684007707,0.20327552986512523,0.21454720616570327,0.9474585385632553,0.25578034682080925,0.10394990366088631,5031.692098150809,0.2073217726396917,0.6666666666666666,0.4393063583815029,0.0,0.0,0.0,-1.0,-1.0,-1.0,0,0,0,0,0
./datasets/Organised/20260306-handFlying-2/89125367.jpg,8,2,2,0.04653179190751445,0.009633911368015413,0.0037572254335260114,0.13246628131021196,0.13352601156069363,0.9920560623795619,0.16040462427745664,0.06695568400770713,2514.3257106262604,0.006165703275529865,0.23333333333333334,0.05202312138728324,0.0,0.0,0.008092485549132947,-1.0,-1.0,-1.0,0,0,0,0,0
./datasets/Organised/20260306-handFlying-2/56492289.jpg,6,2,0,0.4972061657032755,0.016473988439306357,0.005780346820809248,0.2035645472061657,0.21551059730250482,0.9445642357725671,0.2478805394990366,0.10568400770712909,8729.663210514886,0.47418111753371867,0.7833333333333333,0.930635838150289,0.0,0.0,0.48458574181117536,-1.0,-1.0,-1.0,0,0,0,1,0
./datasets/Organised/20260306-handFlying-2/284290491.jpg,8,2,2,0.0009633911368015414,0.0018304431599229288,0.0015414258188824663,0.025144508670520233,0.022350674373795763,1.12494966820019,0.030539499036608863,0.015510597302504817,571.3072243104979,0.0001926782273603083,0.05,0.017341040462427744,0.0,0.0,0.0,-1.0,-1.0,-1.0,0,0,0,0,0
./datasets/Organised/20260306-handFlying-2/216657697.jpg,8,2,2,0.001445086705202312,0.003179190751445087,0.0011560693641618498,0.028901734104046242,0.030539499036608863,0.9463412522959027,0.04132947976878613,0.025144508670520233,673.1030808097682,0.0001926782273603083,0.05,0.017341040462427744,0.0,0.0,0.0,-1.0,-1.0,-1.0,0,0,0,0,0
./datasets/Organised/20260306-handFlying-2/211224408.jpg,8,2,2,0.012524084778420038,0.004720616570327553,0.0030828516377649326,0.06319845857418112,0.05558766859344894,1.1368946257084664,0.07533718689788053,0.033622350674373795,842.0619349033453,0.0036127167630057803,0.06666666666666667,0.08670520231213873,0.0,0.0,0.0,-1.0,-1.0,-1.0,0,0,0,0,0
./datasets/Organised/20260306-handFlying-2/87392049.jpg,8,2,2,0.2119460500963391,0.013872832369942197,0.00394990366088632,0.16599229287090558,0.17678227360308285,0.9389592662685646,0.2071290944123314,0.09277456647398843,7859.22593734802,0.19513487475915223,0.6333333333333333,0.5433526011560693,0.0,0.0,0.1960500963391137,-1.0,-1.0,-1.0,0,0,0,0,0
./datasets/Organised/20260306-handFlying-2/86792050.jpg,8,2,2,0.2586705202312139,0.011946050096339113,0.004046242774566474,0.13766859344894028,0.16560693641618496,0.8312922461817829,0.18034682080924855,0.08034682080924856,7386.247662161561,0.21801541425818882,0.6666666666666666,0.6127167630057804,0.0,0.0,0.23593448940269748,-1.0,-1.0,-1.0,0,0,0,0,0
./datasets/Organised/20260306-handFlying-2/110625203.jpg,7,2,1,0.0,0.0,0.0,0.0,0.0,0.0,0.0,0.0,0.0,0.0,0.0,0.0,0.0,0.0,0.0,-1.0,-1.0,-1.0,0,0,0,0,0
./datasets/Organised/20260306-handFlying-2/122825100.jpg,6,2,0,0.10308285163776493,0.009248554913294798,0.0017341040462427746,0.12013487475915222,0.11801541425818883,1.017950558100577,0.14489402697495182,0.057803468208092484,1644.3249232349897,0.0771194605009634,0.4666666666666667,0.2947976878612717,0.0,0.0,0.0,-1.0,-1.0,-1.0,0,0,0,0,1
./datasets/Organised/20260306-handFlying-2/171691385.jpg,6,2,0,0.0,0.0,0.0,0.0,0.0,0.0,0.0,0.0,0.0,0.0,0.0,0.0,0.0,0.0,0.0,-1.0,-1.0,-1.0,0,0,0,0,0
./datasets/Organised/20260306-handFlying-2/207557763.jpg,6,2,0,0.17167630057803468,0.006647398843930636,0.0019267822736030828,0.0789980732177264,0.09421965317919075,0.8384369090233992,0.10789980732177264,0.044026974951830444,4095.3066093829475,0.14291907514450866,0.4666666666666667,0.3872832369942196,0.0,0.0,0.16435452793834296,-1.0,-1.0,-1.0,0,0,0,0,0
./datasets/Organised/20260306-handFlying-2/162324786.jpg,7,2,1,0.0012524084778420038,0.0007707129094412332,0.0005780346820809249,0.010982658959537572,0.010404624277456647,1.0554541146878662,0.013680154142581889,0.0056840077071290945,142.26030936178591,0.0003853564547206166,0.06666666666666667,0.023121387283236993,0.0,0.0,0.0,-1.0,-1.0,-1.0,0,0,0,0,0
./datasets/Organised/20260306-handFlying-2/112091852.jpg,7,2,1,0.000674373795761079,0.001445086705202312,0.0012524084778420038,0.01560693641618497,0.01560693641618497,0.9999359300311499,0.02003853564547206,0.005394990366088632,189.1021193120014,0.00028901734104046245,0.06666666666666667,0.017341040462427744,0.0,0.0,0.0,-1.0,-1.0,-1.0,0,0,0,0,0
./datasets/Organised/20260306-handFlying-2/181925147.jpg,7,2,1,0.279383429672447,0.013198458574181117,0.004046242774566474,0.17620423892100193,0.17552986512524085,1.0038362130516512,0.22148362235067437,0.08680154142581888,5903.990187991208,0.18116570327552986,0.6,0.4797687861271676,0.0,0.0,0.19691714836223506,-1.0,-1.0,-1.0,0,0,0,0,0
./datasets/Organised/20260306-handFlying-2/64525564.jpg,7,2,1,0.31425818882466283,0.017726396917148363,0.004624277456647399,0.24210019267822736,0.23940269749518303,1.0112633815235814,0.2929672447013488,0.12119460500963392,15093.046883652421,0.14783236994219653,0.4166666666666667,0.5895953757225434,0.0,0.0,0.2504816955684008,-1.0,-1.0,-1.0,0,0,0,0,0
./datasets/Organised/20260306-handFlying-2/53225650.jpg,6,2,0,0.3378612716763006,0.012235067437379576,0.00510597302504817,0.17254335260115608,0.19383429672447014,0.8901544533781183,0.22052023121387282,0.09354527938342967,6557.0233587174835,0.2994219653179191,0.6166666666666667,0.7745664739884393,0.0,0.0,0.3134874759152216,-1.0,-1.0,-1.0,0,0,0,1,0
./datasets/Organised/20260306-handFlying-2/88492045.jpg,6,2,0,0.04450867052023121,0.008766859344894027,0.004046242774566474,0.11098265895953757,0.1105009633911368,1.0043501088455713,0.13805394990366088,0.06502890173410404,4593.515930396382,0.02153179190751445,0.15,0.27167630057803466,0.0,0.0,0.026782273603082853,-1.0,-1.0,-1.0,0,0,0,0,0
./datasets/Organised/20260306-handFlying-2/79458784.jpg,6,2,0,0.04682080924855491,0.006647398843930636,0.002697495183044316,0.08660886319845858,0.08246628131021194,1.0502209097043893,0.10414258188824663,0.04797687861271676,1586.4081674314398,0.02581888246628131,0.5,0.07514450867052024,0.0,0.0,0.0,-1.0,-1.0,-1.0,0,0,0,0,0
./datasets/Organised/20260306-handFlying-2/181224652.jpg,7,2,1,0.2651252408477842,0.00953757225433526,0.003179190751445087,0.1350674373795761,0.10780346820809249,1.2528927569018617,0.1603082851637765,0.06984585741811175,5384.04929498888,0.13140655105973026,0.5833333333333334,0.2947976878612717,0.0,0.0,0.09460500963391137,-1.0,-1.0,-1.0,0,0,0,0,0
./datasets/Organised/20260306-handFlying-2/175891363.jpg,8,2,2,0.13477842003853566,0.013680154142581889,0.004046242774566474,0.18516377649325627,0.19026974951830444,0.9731594423316398,0.22822736030828517,0.098747591522158,6426.719145783911,0.057947976878612716,0.4666666666666667,0.2023121387283237,0.0,0.0,0.09922928709055877,-1.0,-1.0,-1.0,0,0,0,0,0
./datasets/Organised/20260306-handFlying-2/206691141.jpg,6,2,0,0.19547206165703276,0.010500963391136802,0.0025048169556840076,0.11368015414258188,0.12341040462427745,0.9211478832825695,0.14576107899807322,0.06425818882466282,4916.375724770847,0.09691714836223507,0.6666666666666666,0.18497109826589594,0.0,0.0,0.18863198458574182,-1.0,-1.0,-1.0,0,0,0,0,0
./datasets/Organised/20260306-handFlying-2/274123896.jpg,8,2,2,0.13420038535645473,0.006165703275529865,0.002601156069364162,0.06319845857418112,0.09479768786127167,0.6666596342205252,0.09971098265895954,0.04450867052023121,1493.8833239685775,0.11753371868978806,0.4166666666666667,0.5317919075144508,0.0,0.0,0.0,-1.0,-1.0,-1.0,0,0,0,0,0
./datasets/Organised/20260306-handFlying-2/259557371.jpg,8,2,2,0.0779383429672447,0.008959537572254336,0.003468208092485549,0.12398843930635838,0.12119460500963392,1.0230440228959,0.15154142581888247,0.06801541425818883,1485.2776908591075,0.03338150289017341,0.65,0.10982658959537572,0.0,0.0,0.0,-1.0,-1.0,-1.0,0,0,0,0,0
./datasets/Organised/20260306-handFlying-2/166558101.jpg,6,2,0,0.0,0.0004816955684007707,0.0004816955684007707,0.006936416184971098,0.00674373795761079,1.028418928735996,0.00838150289017341,0.004913294797687861,479.9649451386801,0.0,0.0,0.0,0.0,0.0,0.0,-1.0,-1.0,-1.0,0,0,0,0,0
./datasets/Organised/20260306-handFlying-2/80658768.jpg,8,2,2,0.0023121387283236996,0.0005780346820809249,0.000674373795761079,0.011175337186897881,0.011175337186897881,0.999910525247827,0.01348747591522158,0.0064547206165703275,139.57989852836897,0.000674373795761079,0.08333333333333333,0.028901734104046242,0.0,0.0,0.0,-1.0,-1.0,-1.0,0,0,0,0,0
./datasets/Organised/20260306-handFlying-2/97258645.jpg,8,2,2,0.14441233140655105,0.004816955684007707,0.0027938342967244703,0.06377649325626204,0.06685934489402698,0.9538762230040421,0.07726396917148362,0.03526011560693642,2575.22530485111,0.12668593448940269,0.45,0.5317919075144508,0.0,0.0,0.13795761078998073,-1.0,-1.0,-1.0,0,0,0,0,0
./datasets/Organised/20260306-handFlying-2/127191734.jpg,7,2,1,0.4503853564547206,0.022639691714836225,0.006262042389210019,0.2810211946050096,0.2878612716763006,0.9762348951411608,0.3453757225433526,0.15414258188824662,3506.2680156370075,0.2512042389210019,0.7666666666666667,0.7341040462427746,0.0,0.0,0.18102119460500962,-1.0,-1.0,-1.0,0,0,0,0,1
./datasets/Organised/20260306-handFlying-2/80492102.jpg,6,2,0,0.050385356454720615,0.012138728323699421,0.004913294797687861,0.14402697495183045,0.14210019267822735,1.0135521893751014,0.17360308285163775,0.07832369942196532,3140.891019960202,0.011897880539499037,0.38333333333333336,0.09248554913294797,0.0,0.0,0.0,-1.0,-1.0,-1.0,0,0,0,0,0
./datasets/Organised/20260306-handFlying-2/290224183.jpg,8,2,2,0.004720616570327553,0.0010597302504816955,0.0005780346820809249,0.01233140655105973,0.01233140655105973,0.9999189128256631,0.014354527938342966,0.007321772639691715,1270.7567677856111,0.003516377649325626,0.15,0.05202312138728324,0.0,0.0,0.0,-1.0,-1.0,-1.0,0,0,0,0,0
./datasets/Organised/20260306-handFlying-2/187824628.jpg,7,2,1,0.3338150289017341,0.011946050096339113,0.004431599229287091,0.1603082851637765,0.15867052023121386,1.0103154298274672,0.1970134874759152,0.0804431599229287,3173.243464523447,0.16777456647398845,0.55,0.6069364161849711,0.0,0.0,0.3267822736030829,-1.0,-1.0,-1.0,0,0,0,1,0
./datasets/Organised/20260306-handFlying-2/103925234.jpg,7,2,1,0.2526011560693642,0.01599229287090559,0.005780346820809248,0.19778420038535646,0.18333333333333332,1.078817026736344,0.23208092485549134,0.10491329479768786,3767.15516867698,0.2143063583815029,1.0,0.5144508670520231,0.0,0.0,0.028227360308285165,-1.0,-1.0,-1.0,0,0,0,0,1
./datasets/Organised/20260306-handFlying-2/42325740.jpg,7,2,1,0.5850674373795761,0.014547206165703276,0.00510597302504817,0.2453757225433526,0.21579961464354527,1.1370483024279558,0.27552986512524086,0.11589595375722543,9828.947748523358,0.5934971098265895,1.0,0.7167630057803468,0.0,0.0,0.5813102119460501,-1.0,-1.0,-1.0,0,0,1,0,0
./datasets/Organised/20260306-handFlying-2/60158935.jpg,6,2,0,0.49633911368015415,0.013198458574181117,0.0045279383429672445,0.15645472061657031,0.17851637764932562,0.8764117122754594,0.20173410404624278,0.08680154142581888,6647.5209707047425,0.4390655105973025,0.65,1.0,0.0,0.0,0.4558766859344894,-1.0,-1.0,-1.0,0,0,0,1,0
./datasets/Organised/20260306-handFlying-2/44992435.jpg,7,2,1,0.6153179190751445,0.021290944123314066,0.005973025048169557,0.2750481695568401,0.25973025048169557,1.058972183927571,0.3198458574181118,0.13439306358381503,12513.60250559658,0.6315028901734104,1.0,0.8092485549132948,0.0,0.0,0.6150289017341041,-1.0,-1.0,-1.0,0,0,1,0,0
./datasets/Organised/20260306-handFlying-2/174591358.jpg,7,2,1,0.22803468208092487,0.008285163776493257,0.0025048169556840076,0.10394990366088631,0.12283236994219653,0.8462676201898842,0.13815028901734103,0.0569364161849711,3090.532452907066,0.19947013487475915,0.5666666666666667,0.5375722543352601,0.0,0.0,0.2119460500963391,-1.0,-1.0,-1.0,0,0,0,0,0
./datasets/Organised/20260306-handFlying-2/166691423.jpg,6,2,0,0.0,0.0003853564547206166,0.0003853564547206166,0.005973025048169557,0.004046242774566474,1.475825736401337,0.0068400770712909445,0.0038535645472061657,276.90789980732177,0.0,0.0,0.0,0.0,0.0,0.0,-1.0,-1.0,-1.0,0,0,0,0,0
./datasets/Organised/20260306-handFlying-2/98291954.jpg,6,2,0,0.2585741811175337,0.011753371868978806,0.0038535645472061657,0.148747591522158,0.19720616570327554,0.7542707233365372,0.21088631984585743,0.08208092485549133,3323.0175743611735,0.20997109826589597,0.7833333333333333,0.8497109826589595,0.0,0.0,0.23159922928709056,-1.0,-1.0,-1.0,0,0,0,0,0
./datasets/Organised/20260306-handFlying-2/200157819.jpg,8,2,2,0.21088631984585743,0.00838150289017341,0.002697495183044316,0.10703275529865125,0.12235067437379576,0.874795999698837,0.13959537572254335,0.060308285163776496,3837.3966158426797,0.12644508670520233,0.6333333333333333,0.31213872832369943,0.0,0.0,0.20057803468208094,-1.0,-1.0,-1.0,0,0,0,0,0
./datasets/Organised/20260306-handFlying-2/52458993.jpg,8,2,2,0.2445086705202312,0.014450867052023121,0.005394990366088632,0.22090558766859344,0.20009633911368016,1.1039906309953058,0.2565510597302505,0.10789980732177264,10807.996492031141,0.16368015414258189,0.7166666666666667,0.44508670520231214,0.0,0.0,0.22052023121387282,-1.0,-1.0,-1.0,0,0,0,0,0
./datasets/Organised/20260306-handFlying-2/127358399.jpg,7,2,1,0.4407514450867052,0.02697495183044316,0.006165703275529865,0.3248554913294798,0.30684007707129096,1.0587092654938224,0.3802504816955684,0.16859344894026976,3837.6012835098627,0.2543352601156069,1.0,0.4393063583815029,0.0,0.0,0.2348747591522158,-1.0,-1.0,-1.0,0,0,0,0,1
./datasets/Organised/20260306-handFlying-2/158991476.jpg,8,2,2,0.006358381502890174,0.0008670520231213873,0.0001926782273603083,0.017919075144508672,0.01579961464354528,1.1340745628416933,0.020327552986512523,0.007514450867052023,312.47300719109296,0.0037090558766859345,0.2,0.03468208092485549,0.0,0.0,0.0,-1.0,-1.0,-1.0,0,0,0,0,0
./datasets/Organised/20260306-handFlying-2/129658391.jpg,8,2,2,0.12880539499036608,0.011271676300578034,0.0032755298651252407,0.14759152215799615,0.13391136801541426,1.1021500429370894,0.1708092485549133,0.07533718689788053,2264.1732788339814,0.10298651252408478,0.75,0.35260115606936415,0.0,0.0,0.11406551059730251,-1.0,-1.0,-1.0,0,0,0,0,1
./datasets/Organised/20260306-handFlying-2/95325321.jpg,7,2,1,0.23564547206165704,0.010500963391136802,0.0038535645472061657,0.1631984585741811,0.13892100192678228,1.1747488253170548,0.18121387283236995,0.08102119460500963,5033.598112607245,0.20703275529865126,1.0,0.7225433526011561,0.0,0.0,0.23603082851637766,-1.0,-1.0,-1.0,0,0,0,0,1
./datasets/Organised/20260306-handFlying-2/124025098.jpg,7,2,1,0.27447013487475913,0.020616570327552985,0.005394990366088632,0.26435452793834296,0.24922928709055878,1.06068379980756,0.31290944123314063,0.13159922928709056,3839.444558974759,0.29614643545279384,1.0,0.6358381502890174,0.0,0.0,0.26271676300578034,-1.0,-1.0,-1.0,0,0,0,0,1
./datasets/Organised/20260306-handFlying-2/91792011.jpg,7,2,1,0.10992292870905587,0.014739884393063583,0.0056840077071290945,0.17986512524084777,0.18940269749518304,0.9496389332389994,0.22475915221579962,0.10009633911368016,4426.142763531098,0.06276493256262042,0.55,0.2254335260115607,0.0,0.0,0.011753371868978806,-1.0,-1.0,-1.0,0,0,0,0,1
./datasets/Organised/20260306-handFlying-2/198524500.jpg,6,2,0,0.013969171483622351,0.0009633911368015414,0.0009633911368015414,0.016473988439306357,0.017148362235067438,0.9606181392343524,0.019267822736030827,0.008477842003853564,789.5845816951971,0.01069364161849711,0.3333333333333333,0.07514450867052024,0.0,0.0,0.013198458574181117,-1.0,-1.0,-1.0,0,0,0,0,0
./datasets/Organised/20260306-handFlying-2/143058284.jpg,8,2,2,0.0004816955684007707,0.0017341040462427746,0.0015414258188824663,0.02321772639691715,0.020520231213872833,1.1314002632172198,0.027360308285163778,0.015703275529865127,740.4737077379428,0.0001926782273603083,0.05,0.017341040462427744,0.0,0.0,0.0,-1.0,-1.0,-1.0,0,0,0,0,0
./datasets/Organised/20260306-handFlying-2/209291100.jpg,6,2,0,0.026107899807321772,0.005202312138728324,0.003179190751445087,0.08497109826589595,0.08034682080924856,1.057540794636153,0.10857418111753372,0.05568400770712909,1905.8593231388359,0.01021194605009634,0.1,0.37572254335260113,0.0,0.0,0.019364161849710983,-1.0,-1.0,-1.0,0,0,0,0,0
./datasets/Organised/20260306-handFlying-2/110458527.jpg,6,2,0,0.11676300578034682,0.01069364161849711,0.002023121387283237,0.13448940269749518,0.13410404624277455,1.0028660849497402,0.1608863198458574,0.06473988439306358,1734.3197323573197,0.0777456647398844,0.5,0.24277456647398843,0.0,0.0,0.0,-1.0,-1.0,-1.0,0,0,0,0,1
./datasets/Organised/20260306-handFlying-2/227390940.jpg,6,2,0,0.04865125240847784,0.010115606936416185,0.004238921001926782,0.1283236994219653,0.11917148362235068,1.0767896709161,0.15279383429672447,0.07273603082851637,2451.845168973979,0.03911368015414258,0.5666666666666667,0.12716763005780346,0.0,0.0,0.0,-1.0,-1.0,-1.0,0,0,0,0,0
./datasets/Organised/20260306-handFlying-2/242424149.jpg,8,2,2,0.0024084778420038534,0.002023121387283237,0.001445086705202312,0.02485549132947977,0.02861271676300578,0.8686565095805743,0.0313102119460501,0.013102119460500963,986.8867614372534,0.0012524084778420038,0.08333333333333333,0.04046242774566474,0.0,0.0,0.0,-1.0,-1.0,-1.0,0,0,0,0,0
./datasets/Organised/20260306-handFlying-2/156358206.jpg,8,2,2,0.32514450867052025,0.016859344894026976,0.004913294797687861,0.19344894026974951,0.23689788053949903,0.8165886636070239,0.265606936416185,0.11127167630057803,5268.000453619863,0.2810211946050096,0.5333333333333333,0.8497109826589595,0.0,0.0,0.29653179190751444,-1.0,-1.0,-1.0,0,0,0,1,0
./datasets/Organised/20260306-handFlying-2/70058861.jpg,8,2,2,0.0015414258188824663,0.004335260115606936,0.002601156069364162,0.049229287090558765,0.04865125240847784,1.0118603898795109,0.060789980732177264,0.026493256262042388,933.089006008665,0.0005780346820809249,0.08333333333333333,0.017341040462427744,0.0,0.0,0.0,-1.0,-1.0,-1.0,0,0,0,0,0
./datasets/Organised/20260306-handFlying-2/182224655.jpg,8,2,2,0.21127167630057803,0.016666666666666666,0.004046242774566474,0.20134874759152216,0.20048169556840076,1.0043198342912638,0.24489402697495183,0.10317919075144509,5327.757393943444,0.1778901734104046,0.5166666666666667,0.630057803468208,0.0,0.0,0.1869942196531792,-1.0,-1.0,-1.0,0,0,0,0,0
./datasets/Organised/20260306-handFlying-2/111391861.jpg,6,2,0,0.0,0.0,0.0,0.0,0.0,0.0,0.0,0.0,0.0,0.0,0.0,0.0,0.0,0.0,0.0,-1.0,-1.0,-1.0,0,0,0,0,0
./datasets/Organised/20260306-handFlying-2/254190726.jpg,6,2,0,0.21184971098265895,0.00838150289017341,0.002697495183044316,0.09701348747591522,0.09971098265895954,0.9729371023312828,0.11801541425818883,0.055202312138728324,3023.786129868466,0.20077071290944123,0.6166666666666667,0.5086705202312138,0.0,0.0,0.2081888246628131,-1.0,-1.0,-1.0,0,0,0,0,0
./datasets/Organised/20260306-handFlying-2/218124364.jpg,8,2,2,0.11840077071290944,0.012235067437379576,0.0036608863198458576,0.16955684007707128,0.15635838150289016,1.0844046481082887,0.1994219653179191,0.0873795761078998,3340.336081420473,0.03670520231213873,0.65,0.13872832369942195,0.0,0.0,0.04980732177263969,-1.0,-1.0,-1.0,0,0,0,0,0
./datasets/Organised/20260306-handFlying-2/233457560.jpg,8,2,2,0.11290944123314066,0.011078998073217727,0.0022157996146435453,0.14595375722543352,0.13805394990366088,1.0572149519251912,0.17177263969171483,0.07129094412331406,1813.6327501382905,0.07365125240847784,0.55,0.43352601156069365,0.0,0.0,0.0,-1.0,-1.0,-1.0,0,0,0,0,1
./datasets/Organised/20260306-handFlying-2/282057217.jpg,7,2,1,0.6541425818882466,0.00510597302504817,0.0025048169556840076,0.07630057803468208,0.08564547206165703,0.8908782369897639,0.10096339113680154,0.043641618497109826,3193.3502409313155,0.6379094412331406,1.0,0.7745664739884393,0.0,0.0,0.6542389210019268,-1.0,-1.0,-1.0,0,0,0,1,0
./datasets/Organised/20260306-handFlying-2/183124651.jpg,7,2,1,0.29364161849710985,0.01705202312138728,0.00510597302504817,0.24605009633911368,0.2749518304431599,0.8948811181268375,0.3244701348747592,0.1313102119460501,8309.128680989452,0.20139691714836225,0.48333333333333334,0.7109826589595376,0.0,0.0,0.0,-1.0,-1.0,-1.0,0,0,0,0,0
./datasets/Organised/20260306-handFlying-2/278023867.jpg,6,2,0,0.14932562620423892,0.009922928709055878,0.004046242774566474,0.11127167630057803,0.14007707129094413,0.794354714304034,0.15269749518304432,0.07052023121387284,6286.081878696247,0.12514450867052024,0.3,0.6994219653179191,0.0,0.0,0.13988439306358383,-1.0,-1.0,-1.0,0,0,0,1,0
./datasets/Organised/20260306-handFlying-2/69125540.jpg,8,2,2,0.008477842003853564,0.004720616570327553,0.0027938342967244703,0.052986512524084775,0.05,1.0597090563005693,0.06579961464354528,0.036223506743737956,901.23477047531,0.0036608863198458576,0.13333333333333333,0.07514450867052024,0.0,0.0,0.0,-1.0,-1.0,-1.0,0,0,0,0,0
./datasets/Organised/20260306-handFlying-2/288157160.jpg,8,2,2,0.030539499036608863,0.0072254335260115606,0.00394990366088632,0.11435452793834297,0.10144508670520232,1.1272443487214248,0.12976878612716763,0.0569364161849711,3064.740027695175,0.013921001926782273,0.4166666666666667,0.09248554913294797,0.0,0.0,0.0,-1.0,-1.0,-1.0,0,0,0,0,0
./datasets/Organised/20260306-handFlying-2/170658087.jpg,6,2,0,0.0,0.00028901734104046245,0.0001926782273603083,0.002697495183044316,0.0011560693641618498,2.331316744349471,0.0029865125240847784,0.0007707129094412332,74.25847783272265,0.0,0.0,0.0,0.0,0.0,0.0,-1.0,-1.0,-1.0,0,0,0,0,0
./datasets/Organised/20260306-handFlying-2/43525801.jpg,6,2,0,0.5993256262042389,0.01233140655105973,0.004431599229287091,0.17109826589595376,0.1592485549132948,1.074403416631903,0.20953757225433525,0.09132947976878612,5175.703677026369,0.5591040462427745,1.0,0.7398843930635838,0.0,0.0,0.5692678227360308,-1.0,-1.0,-1.0,0,0,1,0,0
./datasets/Organised/20260306-handFlying-2/201491178.jpg,7,2,1,0.26695568400770714,0.011560693641618497,0.0032755298651252407,0.1394990366088632,0.15375722543352602,0.9072622698105509,0.1800578034682081,0.07514450867052024,7176.1132934611915,0.1808766859344894,0.7,0.4161849710982659,0.0,0.0,0.2655105973025048,-1.0,-1.0,-1.0,0,0,0,0,0
./datasets/Organised/20260306-handFlying-2/165391431.jpg,7,2,1,0.0007707129094412332,0.0016377649325626203,0.0008670520231213873,0.02003853564547206,0.01955684007707129,1.0245781521122221,0.02447013487475915,0.0128131021194605,485.9827541756231,0.0003853564547206166,0.05,0.023121387283236993,0.0,0.0,0.0,-1.0,-1.0,-1.0,0,0,0,0,0
./datasets/Organised/20260306-handFlying-2/169925414.jpg,7,2,1,0.04258188824662813,0.002601156069364162,0.0011560693641618498,0.030828516377649325,0.04344894026974952,0.709518038143601,0.046628131021194605,0.02119460500963391,584.7318448012147,0.03184007707129095,0.15,0.3930635838150289,0.0,0.0,0.04315992292870906,-1.0,-1.0,-1.0,0,0,0,0,0
./datasets/Organised/20260306-handFlying-2/208591087.jpg,7,2,1,0.12398843930635838,0.008863198458574181,0.0029865125240847784,0.09373795761078998,0.15635838150289016,0.5995032514825938,0.16724470134874758,0.07254335260115607,3655.7169496976185,0.03699421965317919,0.15,0.4624277456647399,0.0,0.0,0.08400770712909442,-1.0,-1.0,-1.0,0,0,0,0,0
./datasets/Organised/20260306-handFlying-2/73725493.jpg,7,2,1,0.3239884393063584,0.013680154142581889,0.00394990366088632,0.15240847784200384,0.20770712909441233,0.7337627010868101,0.22928709055876687,0.09258188824662814,5565.823891766069,0.2315028901734104,0.43333333333333335,0.7803468208092486,0.0,0.0,0.30077071290944124,-1.0,-1.0,-1.0,0,0,0,1,0
./datasets/Organised/20260306-handFlying-2/193924571.jpg,7,2,1,0.4959537572254335,0.017341040462427744,0.005491329479768786,0.21782273603082852,0.24855491329479767,0.8763530633547296,0.28959537572254335,0.12668593448940269,11487.67395164853,0.4684007707129094,0.6833333333333333,0.9248554913294798,0.0,0.0,0.4820809248554913,-1.0,-1.0,-1.0,0,0,0,1,0
./datasets/Organised/20260306-handFlying-2/172224710.jpg,8,2,2,0.0,0.0,9.633911368015414e-05,0.002023121387283237,0.0025048169556840076,0.8073699807538375,0.0029865125240847784,0.0012524084778420038,38.94631483399599,0.0,0.0,0.0,0.0,0.0,0.0,-1.0,-1.0,-1.0,0,0,0,0,0
./datasets/Organised/20260306-handFlying-2/185624628.jpg,6,2,0,0.1631984585741811,0.007129094412331407,0.003179190751445087,0.12167630057803468,0.1258188824662813,0.9670673520986869,0.14816955684007707,0.06175337186897881,5642.035936382773,0.13646435452793834,0.55,0.4797687861271676,0.0,0.0,0.15375722543352602,-1.0,-1.0,-1.0,0,0,0,0,0
./datasets/Organised/20260306-handFlying-2/276857213.jpg,8,2,2,0.2535645472061657,0.017726396917148363,0.005491329479768786,0.23208092485549134,0.24797687861271675,0.9358936617808046,0.29210019267822734,0.11917148362235068,2745.8402901218064,0.1643063583815029,0.7333333333333333,0.7572254335260116,0.0,0.0,0.0,-1.0,-1.0,-1.0,0,0,0,0,0
./datasets/Organised/20260306-handFlying-2/131125030.jpg,6,2,0,0.0056840077071290945,0.002697495183044316,0.0016377649325626203,0.029479768786127167,0.02928709055876686,1.0065445791686454,0.03631984585741811,0.019267822736030827,1306.444610541244,0.0023603082851637765,0.13333333333333333,0.03468208092485549,0.0,0.0,0.0,-1.0,-1.0,-1.0,0,0,0,0,0
./datasets/Organised/20260306-handFlying-2/127191734.jpg,6,2,0,0.3302504816955684,0.0197495183044316,0.00510597302504817,0.24816955684007708,0.2594412331406551,0.9565503420005386,0.30500963391136804,0.13410404624277455,5337.00643058015,0.27369942196531793,1.0,0.49710982658959535,0.0,0.0,0.2904624277456647,-1.0,-1.0,-1.0,0,0,0,0,1
./datasets/Organised/20260306-handFlying-2/49392360.jpg,8,2,2,0.10674373795761079,0.01001926782273603,0.004046242774566474,0.14026974951830443,0.13834296724470135,1.0139202475681268,0.16811175337186898,0.07447013487475915,6383.502935280164,0.09417148362235067,0.5833333333333334,0.3236994219653179,0.0,0.0,0.1023121387283237,-1.0,-1.0,-1.0,0,0,0,0,0
./datasets/Organised/20260306-handFlying-2/99825296.jpg,8,2,2,0.14470134874759152,0.010404624277456647,0.003468208092485549,0.13188824662813103,0.15635838150289016,0.8434942973069588,0.18015414258188825,0.08073217726396917,3251.965822919799,0.048073217726396916,0.3333333333333333,0.26011560693641617,0.0,0.0,0.097495183044316,-1.0,-1.0,-1.0,0,0,0,0,0
./datasets/Organised/20260306-handFlying-2/89558694.jpg,8,2,2,0.17745664739884393,0.019653179190751446,0.0056840077071290945,0.24797687861271675,0.24277456647398843,1.0214243641329763,0.29229287090558764,0.12572254335260116,5308.62449852614,0.07456647398843931,0.8333333333333334,0.35260115606936415,0.0,0.0,0.0,-1.0,-1.0,-1.0,0,0,0,0,1
./datasets/Organised/20260306-handFlying-2/158191517.jpg,8,2,2,0.10086705202312139,0.007707129094412331,0.0022157996146435453,0.09219653179190751,0.11647398843930636,0.791556479440648,0.13285163776493256,0.05394990366088632,2275.630540380753,0.044701348747591525,0.26666666666666666,0.2543352601156069,0.0,0.0,0.09614643545279383,-1.0,-1.0,-1.0,0,0,0,0,0
./datasets/Organised/20260306-handFlying-2/167991412.jpg,7,2,1,0.06136801541425819,0.0030828516377649326,0.0011560693641618498,0.03420038535645472,0.047302504816955686,0.7229989720380249,0.05163776493256262,0.021772639691714835,669.9914146721314,0.05134874759152216,0.15,0.5317919075144508,0.0,0.0,0.06175337186897881,-1.0,-1.0,-1.0,0,0,0,0,0
./datasets/Organised/20260306-handFlying-2/188424647.jpg,6,2,0,0.3492292870905588,0.019942196531791908,0.0056840077071290945,0.27157996146435454,0.2860308285163776,0.9494746192163871,0.32986512524084777,0.1384393063583815,10276.937105223104,0.2795761078998073,0.6333333333333333,0.976878612716763,0.0,0.0,0.2991329479768786,-1.0,-1.0,-1.0,0,0,0,0,0
./datasets/Organised/20260306-handFlying-2/89258698.jpg,6,2,0,0.014354527938342966,0.008188824662813102,0.004624277456647399,0.10606936416184971,0.09489402697495183,1.1177547184832712,0.1250481695568401,0.06551059730250482,3785.7419685385044,0.0027938342967244703,0.1,0.06358381502890173,0.0,0.0,0.006936416184971098,-1.0,-1.0,-1.0,0,0,0,0,0
./datasets/Organised/20260306-handFlying-2/216791022.jpg,8,2,2,0.0016377649325626203,0.002697495183044316,0.0015414258188824663,0.0289980732177264,0.030828516377649325,0.940594489466248,0.03709055876685934,0.019653179190751446,905.7250460441566,0.0001926782273603083,0.05,0.023121387283236993,0.0,0.0,0.0,-1.0,-1.0,-1.0,0,0,0,0,0
./datasets/Organised/20260306-handFlying-2/253757396.jpg,7,2,1,0.3178227360308285,0.008863198458574181,0.002697495183044316,0.10963391136801541,0.14267822736030827,0.7683943444069582,0.15597302504816957,0.06242774566473988,2620.3867712382266,0.29494219653179193,0.55,1.0,0.0,0.0,0.3111753371868979,-1.0,-1.0,-1.0,0,0,0,1,0
./datasets/Organised/20260306-handFlying-2/232257567.jpg,6,2,0,0.039210019267822735,0.003371868978805395,0.0015414258188824663,0.06339113680154143,0.07485549132947977,0.8468355339088263,0.0918111753371869,0.040269749518304435,1357.8714759282154,0.01724470134874759,0.11666666666666667,0.3699421965317919,0.0,0.0,0.03554913294797688,-1.0,-1.0,-1.0,0,0,0,0,0
./datasets/Organised/20260306-handFlying-2/268123968.jpg,7,2,1,0.04046242774566474,0.006936416184971098,0.0038535645472061657,0.09845857418111753,0.10077071290944123,0.9770457535995006,0.11946050096339114,0.05423892100192678,1298.4422328677872,0.014258188824662813,0.13333333333333333,0.18497109826589594,0.0,0.0,0.028227360308285165,-1.0,-1.0,-1.0,0,0,0,0,0
./datasets/Organised/20260306-handFlying-2/195791196.jpg,6,2,0,0.02581888246628131,0.0023121387283236996,0.0018304431599229288,0.04046242774566474,0.038053949903660886,1.0632631982987384,0.04826589595375722,0.02466281310211946,2472.8761428993057,0.02023121387283237,0.3,0.13872832369942195,0.0,0.0,0.023699421965317918,-1.0,-1.0,-1.0,0,0,0,0,0
./datasets/Organised/20260306-handFlying-2/223624300.jpg,8,2,2,0.1373795761078998,0.006936416184971098,0.003179190751445087,0.11579961464354528,0.12302504816955684,0.9412609473072568,0.14566473988439307,0.058959537572254334,3278.6519767523882,0.08020231213872832,0.35,0.4046242774566474,0.0,0.0,0.10491329479768786,-1.0,-1.0,-1.0,0,0,0,0,0
./datasets/Organised/20260306-handFlying-2/113091856.jpg,7,2,1,0.44508670520231214,0.009344894026974951,0.002890173410404624,0.11502890173410404,0.15134874759152217,0.7600204398394872,0.16368015414258189,0.06493256262042389,2209.0214831675703,0.4210982658959538,1.0,0.6994219653179191,0.0,0.0,0.4430635838150289,-1.0,-1.0,-1.0,0,0,0,1,0
./datasets/Organised/20260306-handFlying-2/117591810.jpg,6,2,0,0.14845857418111755,0.0056840077071290945,0.002890173410404624,0.07822736030828516,0.08236994219653179,0.9496960726956319,0.09778420038535646,0.04210019267822736,4044.7176974023705,0.12427745664739884,0.43333333333333335,0.48554913294797686,0.0,0.0,0.14142581888246628,-1.0,-1.0,-1.0,0,0,0,0,0
./datasets/Organised/20260306-handFlying-2/72825497.jpg,8,2,2,0.048554913294797684,0.0045279383429672445,0.002119460500963391,0.06204238921001927,0.07263969171483622,0.8540996478059095,0.0788053949903661,0.03651252408477842,2328.896863270852,0.01579961464354528,0.23333333333333334,0.12716763005780346,0.0,0.0,0.0,-1.0,-1.0,-1.0,0,0,0,0,0
./datasets/Organised/20260306-handFlying-2/135525001.jpg,6,2,0,0.002601156069364162,0.002023121387283237,0.0007707129094412332,0.0325626204238921,0.021001926782273604,1.5503848945174077,0.035838150289017344,0.019267822736030827,736.8881456019989,0.001348747591522158,0.08333333333333333,0.03468208092485549,0.0,0.0,0.0,-1.0,-1.0,-1.0,0,0,0,0,0
./datasets/Organised/20260306-handFlying-2/112958676.jpg,6,2,0,0.0,0.0,0.0,0.0,0.0,0.0,0.0,0.0,0.0,0.0,0.0,0.0,0.0,0.0,0.0,-1.0,-1.0,-1.0,0,0,0,0,0
./datasets/Organised/20260306-handFlying-2/133958346.jpg,6,2,0,0.0007707129094412332,0.0017341040462427746,0.0009633911368015414,0.027360308285163778,0.018978805394990365,1.4415484097842968,0.030732177263969172,0.015703275529865127,656.8856851121727,0.0003853564547206166,0.06666666666666667,0.023121387283236993,0.0,0.0,0.0,-1.0,-1.0,-1.0,0,0,0,0,0
./datasets/Organised/20260306-handFlying-2/147924928.jpg,8,2,2,0.002601156069364162,0.0015414258188824663,0.000674373795761079,0.0174373795761079,0.015414258188824663,1.1311766149171074,0.020905587668593448,0.012716763005780347,343.6203304394475,0.000674373795761079,0.11666666666666667,0.023121387283236993,0.0,0.0,0.0,-1.0,-1.0,-1.0,0,0,0,0,0
./datasets/Organised/20260306-handFlying-2/82558762.jpg,7,2,1,0.12129094412331407,0.01560693641618497,0.004816955684007707,0.21676300578034682,0.2138728323699422,1.0135087746751887,0.25761078998073217,0.09961464354527938,3631.4690334810903,0.018159922928709056,0.2833333333333333,0.19653179190751446,0.0,0.0,0.0037572254335260114,-1.0,-1.0,-1.0,0,0,0,0,0
./datasets/Organised/20260306-handFlying-2/257724040.jpg,8,2,2,0.26753371868978804,0.007803468208092485,0.003371868978805395,0.14229287090558768,0.12350674373795761,1.1520967560340658,0.16001926782273604,0.06551059730250482,3006.378809701479,0.2615606936416185,1.0,0.3815028901734104,0.0,0.0,0.0,-1.0,-1.0,-1.0,0,0,0,0,1
./datasets/Organised/20260306-handFlying-2/153958174.jpg,8,2,2,0.17447013487475915,0.009633911368015413,0.0032755298651252407,0.1245664739884393,0.1708092485549133,0.7292681501390871,0.1884393063583815,0.07861271676300578,3521.981520338876,0.13805394990366088,0.3,0.930635838150289,0.0,0.0,0.1631984585741811,-1.0,-1.0,-1.0,0,0,0,1,0
./datasets/Organised/20260306-handFlying-2/69758855.jpg,7,2,1,0.276878612716763,0.016859344894026976,0.004720616570327553,0.2103082851637765,0.2048169556840077,1.0268058992261364,0.25,0.11926782273603083,9838.18691068863,0.22692678227360308,1.0,0.7745664739884393,0.0,0.0,0.26078998073217724,-1.0,-1.0,-1.0,0,0,0,0,0
./datasets/Organised/20260306-handFlying-2/180224665.jpg,6,2,0,0.1359344894026975,0.014739884393063583,0.004816955684007707,0.19633911368015414,0.19007707129094412,1.0329393198630814,0.2338150289017341,0.09951830443159923,4708.149575801619,0.056502890173410404,0.3333333333333333,0.41040462427745666,0.0,0.0,0.0,-1.0,-1.0,-1.0,0,0,0,0,1
./datasets/Organised/20260306-handFlying-2/89558694.jpg,7,2,1,0.24238921001926783,0.019171483622350674,0.005780346820809248,0.23680154142581888,0.25327552986512525,0.9349525656874738,0.29142581888246627,0.12784200385356453,10502.393861499995,0.11435452793834297,0.3,0.5780346820809249,0.0,0.0,0.14152215799614642,-1.0,-1.0,-1.0,0,0,0,0,0
./datasets/Organised/20260306-handFlying-2/245024145.jpg,8,2,2,0.18776493256262042,0.01021194605009634,0.002890173410404624,0.11377649325626205,0.12928709055876686,0.8800229995240424,0.148747591522158,0.05809248554913295,2633.2163134603747,0.16160886319845857,0.8,0.5491329479768786,0.0,0.0,0.17678227360308285,-1.0,-1.0,-1.0,0,0,0,0,0
./datasets/Organised/20260306-handFlying-2/190257912.jpg,7,2,1,0.013294797687861272,0.003179190751445087,0.0023121387283236996,0.0476878612716763,0.05317919075144509,0.8967222681573487,0.0640655105973025,0.032466281310211946,975.1576193287077,0.005635838150289017,0.11666666666666667,0.11560693641618497,0.0,0.0,0.011368015414258189,-1.0,-1.0,-1.0,0,0,0,0,0
./datasets/Organised/20260306-handFlying-2/179391348.jpg,6,2,0,0.08265895953757225,0.013294797687861272,0.00510597302504817,0.17630057803468208,0.16059730250481696,1.0977736083442984,0.2073217726396917,0.09816955684007707,3714.0256289793256,0.03265895953757225,0.45,0.20809248554913296,0.0,0.0,0.0,-1.0,-1.0,-1.0,0,0,0,0,0
./datasets/Organised/20260306-handFlying-2/183991319.jpg,6,2,0,0.19171483622350674,0.015895953757225433,0.0052986512524084775,0.2136801541425819,0.1968208092485549,1.0856528296248793,0.25366088631984585,0.10722543352601156,5728.737751892441,0.09961464354527938,0.48333333333333334,0.49710982658959535,0.0,0.0,0.11522157996146436,-1.0,-1.0,-1.0,0,0,0,0,0
./datasets/Organised/20260306-handFlying-2/171191382.jpg,6,2,0,0.0005780346820809249,0.0001926782273603083,0.00028901734104046245,0.004431599229287091,0.00510597302504817,0.8677545793861503,0.0064547206165703275,0.0030828516377649326,68.44509026919265,0.0001926782273603083,0.06666666666666667,0.011560693641618497,0.0,0.0,0.0,-1.0,-1.0,-1.0,0,0,0,0,0
./datasets/Organised/20260306-handFlying-2/238257523.jpg,7,2,1,0.025529865125240848,0.006936416184971098,0.003371868978805395,0.08660886319845858,0.08670520231213873,0.9988773685032388,0.11069364161849711,0.05048169556840077,1095.8740435605007,0.005491329479768786,0.11666666666666667,0.09248554913294797,0.0,0.0,0.0,-1.0,-1.0,-1.0,0,0,0,0,0
./datasets/Organised/20260306-handFlying-2/180791311.jpg,7,2,1,0.20154142581888246,0.0068400770712909445,0.0018304431599229288,0.09903660886319846,0.08352601156069364,1.1856836131535127,0.1161849710982659,0.04836223506743738,3539.0518064975995,0.1340558766859345,0.5166666666666667,0.3352601156069364,0.0,0.0,0.0,-1.0,-1.0,-1.0,0,0,0,0,0
./datasets/Organised/20260306-handFlying-2/231657571.jpg,7,2,1,0.18073217726396917,0.01021194605009634,0.003179190751445087,0.13545279383429673,0.17369942196531793,0.7798069359977838,0.19585741811175336,0.07755298651252408,2459.5207013171917,0.09026974951830444,0.23333333333333334,0.5491329479768786,0.0,0.0,0.14605009633911367,-1.0,-1.0,-1.0,0,0,0,0,0
./datasets/Organised/20260306-handFlying-2/274257229.jpg,8,2,2,0.14990366088631984,0.0076107899807321775,0.0027938342967244703,0.07832369942196532,0.1115606936416185,0.7020662457274347,0.12003853564547207,0.05308285163776493,1895.5124288501304,0.13603082851637766,0.45,0.5375722543352601,0.0,0.0,0.0,-1.0,-1.0,-1.0,0,0,0,0,0
./datasets/Organised/20260306-handFlying-2/58358946.jpg,7,2,1,0.6695568400770713,0.013583815028901734,0.005009633911368015,0.20847784200385355,0.20847784200385355,0.9999952033501799,0.258766859344894,0.10963391136801541,12136.152216876235,0.6513487475915222,0.8166666666666667,1.0,0.0,0.0,0.6593448940269749,-1.0,-1.0,-1.0,0,0,0,1,0
./datasets/Organised/20260306-handFlying-2/229657598.jpg,7,2,1,0.07408477842003854,0.008959537572254336,0.0035645472061657034,0.11955684007707129,0.1258188824662813,0.9502221567335475,0.14913294797687862,0.06714836223506744,3740.4892400533113,0.03569364161849711,0.26666666666666666,0.3063583815028902,0.0,0.0,0.05645472061657033,-1.0,-1.0,-1.0,0,0,0,0,0
./datasets/Organised/20260306-handFlying-2/291257408.jpg,7,2,1,0.0060693641618497106,0.002119460500963391,0.0010597302504816955,0.026493256262042388,0.02630057803468208,1.007287708254902,0.0302504816955684,0.014354527938342966,2572.0801045715607,0.0038535645472061657,0.15,0.06358381502890173,0.0,0.0,0.0,-1.0,-1.0,-1.0,0,0,0,0,0
./datasets/Organised/20260306-handFlying-2/231957616.jpg,8,2,2,0.0060693641618497106,0.004431599229287091,0.002023121387283237,0.0464354527938343,0.046628131021194605,0.9958464113930781,0.05934489402697495,0.032177263969171484,715.4337663581587,0.004238921001926782,0.15,0.046242774566473986,0.0,0.0,0.0,-1.0,-1.0,-1.0,0,0,0,0,0
./datasets/Organised/20260306-handFlying-2/168924750.jpg,7,2,1,0.008092485549132947,0.001348747591522158,0.0011560693641618498,0.0220616570327553,0.02283236994219653,0.9662024085189856,0.029479768786127167,0.013872832369942197,293.2785618092448,0.0030828516377649326,0.05,0.2254335260115607,0.0,0.0,0.007514450867052023,-1.0,-1.0,-1.0,0,0,0,0,0
./datasets/Organised/20260306-handFlying-2/109458540.jpg,6,2,0,0.024277456647398842,0.0015414258188824663,0.0005780346820809249,0.026878612716763006,0.025433526011560695,1.0567766312824518,0.0325626204238921,0.013102119460500963,290.01360983958335,0.01594412331406551,0.36666666666666664,0.06936416184971098,0.0,0.0,0.0,-1.0,-1.0,-1.0,0,0,0,0,0
./datasets/Organised/20260306-handFlying-2/186657960.jpg,6,2,0,0.16647398843930636,0.010404624277456647,0.003468208092485549,0.1418111753371869,0.14470134874759152,0.9800198584513111,0.17726396917148363,0.07369942196531792,7495.14599228359,0.13333333333333333,0.65,0.36416184971098264,0.0,0.0,0.1644508670520231,-1.0,-1.0,-1.0,0,0,0,0,0
./datasets/Organised/20260306-handFlying-2/166258091.jpg,8,2,2,0.0004816955684007707,0.00028901734104046245,0.0003853564547206166,0.0068400770712909445,0.006165703275529865,1.1091951024193263,0.008092485549132947,0.004142581888246628,92.02665738544182,0.0001926782273603083,0.05,0.017341040462427744,0.0,0.0,0.0,-1.0,-1.0,-1.0,0,0,0,0,0
./datasets/Organised/20260306-handFlying-2/184457947.jpg,8,2,2,0.2683044315992293,0.014739884393063583,0.004335260115606936,0.20973025048169558,0.21734104046242775,0.964977829578958,0.25934489402697497,0.10578034682080925,5207.944407421637,0.22938342967244701,0.7166666666666667,0.4682080924855491,0.0,0.0,0.22215799614643544,-1.0,-1.0,-1.0,0,0,0,0,0
./datasets/Organised/20260306-handFlying-2/71358843.jpg,8,2,2,0.015510597302504817,0.0072254335260115606,0.0032755298651252407,0.08246628131021194,0.07803468208092486,1.0567765810606031,0.101252408477842,0.051541425818882464,1918.8476377055329,0.002745664739884393,0.08333333333333333,0.08092485549132948,0.0,0.0,0.0,-1.0,-1.0,-1.0,0,0,0,0,0
./datasets/Organised/20260306-handFlying-2/290724178.jpg,6,2,0,0.648169556840077,0.016570327552986513,0.0064547206165703275,0.27157996146435454,0.2700385356454721,1.0057044455183217,0.32504816955684007,0.14026974951830443,20664.541480355358,0.6623314065510597,1.0,0.8439306358381503,0.0,0.0,0.638150289017341,-1.0,-1.0,-1.0,0,0,1,0,0
./datasets/Organised/20260306-handFlying-2/186057933.jpg,6,2,0,0.1329479768786127,0.006936416184971098,0.0032755298651252407,0.10934489402697495,0.1048169556840077,1.0431885769325104,0.1315028901734104,0.0581888246628131,4948.085392874246,0.08232177263969172,0.4,0.41040462427745666,0.0,0.0,0.10211946050096339,-1.0,-1.0,-1.0,0,0,0,0,0
./datasets/Organised/20260306-handFlying-2/153658191.jpg,6,2,0,0.0007707129094412332,0.0012524084778420038,0.0008670520231213873,0.016859344894026976,0.014739884393063583,1.1437132565777566,0.02023121387283237,0.01233140655105973,406.09765764160375,0.0003853564547206166,0.06666666666666667,0.017341040462427744,0.0,0.0,0.0,-1.0,-1.0,-1.0,0,0,0,0,0
./datasets/Organised/20260306-handFlying-2/226090947.jpg,8,2,2,0.04210019267822736,0.01069364161849711,0.004335260115606936,0.12215799614643545,0.12023121387283237,1.016017190498047,0.14797687861271677,0.07350674373795761,3633.4545645434932,0.027215799614643547,0.43333333333333335,0.1676300578034682,0.0,0.0,0.0,-1.0,-1.0,-1.0,0,0,0,0,0
./datasets/Organised/20260306-handFlying-2/201357808.jpg,6,2,0,0.14084778420038535,0.020134874759152217,0.006358381502890174,0.24190751445086706,0.24393063583815028,0.9917020956288497,0.2902697495183044,0.13265895953757226,10297.310444821262,0.07842003853564547,0.4666666666666667,0.5086705202312138,0.0,0.0,0.09171483622350675,-1.0,-1.0,-1.0,0,0,0,0,0
./datasets/Organised/20260306-handFlying-2/43659059.jpg,7,2,1,0.6538535645472061,0.01464354527938343,0.00394990366088632,0.21127167630057803,0.19421965317919074,1.0877920182137157,0.23921001926782273,0.10414258188824663,8986.435531971963,0.6629576107899807,1.0,0.7976878612716763,0.0,0.0,0.6559730250481696,-1.0,-1.0,-1.0,0,0,1,0,0
./datasets/Organised/20260306-handFlying-2/45292378.jpg,7,2,1,0.6975915221579961,0.01599229287090559,0.0056840077071290945,0.2503853564547206,0.22697495183044317,1.103136056641652,0.2863198458574181,0.12321772639691715,11280.618650769786,0.7184007707129094,1.0,0.9248554913294798,0.0,0.0,0.6947976878612717,-1.0,-1.0,-1.0,0,0,1,0,0
./datasets/Organised/20260306-handFlying-2/95458656.jpg,7,2,1,0.2565510597302505,0.014065510597302504,0.004142581888246628,0.17032755298651253,0.1640655105973025,1.0381616112052119,0.2003853564547206,0.08477842003853564,5403.201478861083,0.21334296724470134,1.0,0.9075144508670521,0.0,0.0,0.255009633911368,-1.0,-1.0,-1.0,0,0,0,0,1
./datasets/Organised/20260306-handFlying-2/110458527.jpg,8,2,2,0.29132947976878615,0.021001926782273604,0.004720616570327553,0.2174373795761079,0.24104046242774566,0.9020745949103537,0.28458574181117535,0.12697495183044316,3128.3376956575003,0.19291907514450868,1.0,0.3930635838150289,0.0,0.0,0.0,-1.0,-1.0,-1.0,0,0,0,0,1
./datasets/Organised/20260306-handFlying-2/206824438.jpg,6,2,0,0.15308285163776494,0.008092485549132947,0.002601156069364162,0.0964354527938343,0.10982658959537572,0.8780621804513744,0.129383429672447,0.05433526011560694,4524.1132697291005,0.07297687861271676,0.6,0.16184971098265896,0.0,0.0,0.14884393063583815,-1.0,-1.0,-1.0,0,0,0,0,0
./datasets/Organised/20260306-handFlying-2/113558513.jpg,6,2,0,0.04826589595375722,0.002601156069364162,0.0009633911368015414,0.034007707129094414,0.03795761078998073,0.8959154832418376,0.042870905587668595,0.018111753371868978,658.7193634100705,0.0447495183044316,0.35,0.2947976878612717,0.0,0.0,0.04788053949903661,-1.0,-1.0,-1.0,0,0,0,0,0
./datasets/Organised/20260306-handFlying-2/139924966.jpg,8,2,2,0.008092485549132947,0.0008670520231213873,0.001348747591522158,0.016377649325626204,0.020712909441233142,0.7906595021133398,0.026107899807321772,0.012716763005780347,595.8924025657018,0.002023121387283237,0.03333333333333333,0.15606936416184972,0.0,0.0,0.005587668593448941,-1.0,-1.0,-1.0,0,0,0,0,0
./datasets/Organised/20260306-handFlying-2/258857357.jpg,8,2,2,0.18622350674373797,0.015414258188824663,0.0038535645472061657,0.21888246628131022,0.1827552986512524,1.1976739948043933,0.24951830443159922,0.10703275529865125,2256.560032400756,0.0771194605009634,0.5666666666666667,0.4046242774566474,0.0,0.0,0.0,-1.0,-1.0,-1.0,0,0,0,0,1
./datasets/Organised/20260306-handFlying-2/111958705.jpg,8,2,2,0.7426782273603083,0.007129094412331407,0.0037572254335260114,0.11560693641618497,0.09335260115606936,1.2383768272946674,0.129383429672447,0.05867052023121387,1352.494026937827,0.7261078998073218,1.0,0.8786127167630058,0.0,0.0,0.7411368015414258,-1.0,-1.0,-1.0,0,0,1,0,0
./datasets/Organised/20260306-handFlying-2/203124463.jpg,6,2,0,0.19026974951830444,0.01464354527938343,0.004335260115606936,0.19210019267822737,0.1978805394990366,0.9707837990575297,0.2332369942196532,0.0964354527938343,5562.839883242192,0.10028901734104047,0.45,0.5202312138728323,0.0,0.0,0.11608863198458574,-1.0,-1.0,-1.0,0,0,0,0,1
./datasets/Organised/20260306-handFlying-2/232557564.jpg,8,2,2,0.05375722543352601,0.005973025048169557,0.002697495183044316,0.07919075144508671,0.08969171483622351,0.8829117458389668,0.10751445086705202,0.049903660886319846,1297.0752067300018,0.02697495183044316,0.4666666666666667,0.20809248554913296,0.0,0.0,0.016088631984585742,-1.0,-1.0,-1.0,0,0,0,0,0
./datasets/Organised/20260306-handFlying-2/54458974.jpg,6,2,0,0.4960500963391137,0.017919075144508672,0.005394990366088632,0.23728323699421966,0.2665703275529865,0.8901303796337766,0.2969171483622351,0.1260115606936416,11540.992867369441,0.5040462427745664,1.0,0.930635838150289,0.0,0.0,0.48333333333333334,-1.0,-1.0,-1.0,0,0,0,1,0
./datasets/Organised/20260306-handFlying-2/179824658.jpg,6,2,0,0.07909441233140656,0.01599229287090559,0.005202312138728324,0.2119460500963391,0.18333333333333332,1.1560630583633495,0.24605009633911368,0.11136801541425818,4731.382115413888,0.056502890173410404,0.9,0.12716763005780346,0.0,0.0,0.0,-1.0,-1.0,-1.0,0,0,0,0,0
./datasets/Organised/20260306-handFlying-2/89892031.jpg,7,2,1,0.4187861271676301,0.024566473988439308,0.006936416184971098,0.2947976878612717,0.3598265895953757,0.8192748315735605,0.4001926782273603,0.16098265895953756,11468.346664244267,0.31021194605009633,0.55,1.0,0.0,0.0,0.29903660886319844,-1.0,-1.0,-1.0,0,0,0,1,0
./datasets/Organised/20260306-handFlying-2/273723904.jpg,8,2,2,0.130635838150289,0.00789980732177264,0.0024084778420038534,0.07524084778420038,0.09672447013487476,0.7778804039854648,0.1058766859344894,0.04489402697495183,1841.0811477069806,0.12239884393063584,0.5333333333333333,0.48554913294797686,0.0,0.0,0.0,-1.0,-1.0,-1.0,0,0,0,0,0
./datasets/Organised/20260306-handFlying-2/73725493.jpg,8,2,2,0.16695568400770713,0.005780346820809248,0.002119460500963391,0.08217726396917148,0.08179190751445087,1.0046991416053122,0.09460500963391137,0.045472061657032756,2520.4436898437416,0.10712909441233141,1.0,0.30057803468208094,0.0,0.0,0.049132947976878616,-1.0,-1.0,-1.0,0,0,0,0,0
./datasets/Organised/20260306-handFlying-2/204624452.jpg,7,2,1,0.3735067437379576,0.010886319845857417,0.0030828516377649326,0.12572254335260116,0.1628131021194605,0.7721846063454356,0.17736030828516378,0.07716763005780347,4283.745581617235,0.3583815028901734,0.6333333333333333,0.791907514450867,0.0,0.0,0.37042389210019266,-1.0,-1.0,-1.0,0,0,0,1,0
./datasets/Organised/20260306-handFlying-2/173158151.jpg,6,2,0,0.0,0.0,0.0,0.0,0.0,0.0,0.0,0.0,0.0,0.0,0.0,0.0,0.0,0.0,0.0,-1.0,-1.0,-1.0,0,0,0,0,0
./datasets/Organised/20260306-handFlying-2/233624218.jpg,8,2,2,0.11628131021194606,0.012716763005780347,0.002697495183044316,0.15298651252408477,0.14479768786127167,1.056546262840846,0.17803468208092485,0.07495183044315992,1793.3083144460409,0.075626204238921,0.7166666666666667,0.3179190751445087,0.0,0.0,0.0,-1.0,-1.0,-1.0,0,0,0,0,1
./datasets/Organised/20260306-handFlying-2/260690681.jpg,7,2,1,0.008477842003853564,0.006551059730250481,0.0036608863198458576,0.07976878612716763,0.07784200385356455,1.0247393108984566,0.09354527938342967,0.04682080924855491,1731.599325403455,0.0010597302504816955,0.06666666666666667,0.04046242774566474,0.0,0.0,0.0,-1.0,-1.0,-1.0,0,0,0,0,0
./datasets/Organised/20260306-handFlying-2/161791455.jpg,6,2,0,0.0,0.0004816955684007707,0.0004816955684007707,0.004624277456647399,0.005009633911368015,0.9228926994957546,0.006165703275529865,0.0032755298651252407,528.6255201755266,0.0,0.0,0.0,0.0,0.0,0.0,-1.0,-1.0,-1.0,0,0,0,0,0
./datasets/Organised/20260306-handFlying-2/110325204.jpg,8,2,2,0.22485549132947977,0.014065510597302504,0.0036608863198458576,0.16290944123314066,0.17533718689788053,0.9291155800990543,0.20539499036608863,0.0873795761078998,2306.6654866517424,0.18169556840077072,1.0,0.4913294797687861,0.0,0.0,0.20327552986512523,-1.0,-1.0,-1.0,0,0,0,0,1
./datasets/Organised/20260306-handFlying-2/257357367.jpg,8,2,2,0.25578034682080925,0.009826589595375723,0.004238921001926782,0.18323699421965317,0.13882466281310213,1.3199072167682788,0.19296724470134874,0.07784200385356455,3675.0782994197375,0.24807321772639693,1.0,0.3063583815028902,0.0,0.0,0.0,-1.0,-1.0,-1.0,0,0,0,0,0
./datasets/Organised/20260306-handFlying-2/237557532.jpg,6,2,0,0.01907514450867052,0.0023121387283236996,0.0009633911368015414,0.04354527938342967,0.037283236994219655,1.1679273305279303,0.055491329479768786,0.027842003853564546,4933.7883295930005,0.00394990366088632,0.26666666666666666,0.028901734104046242,0.0,0.0,0.006165703275529865,-1.0,-1.0,-1.0,0,0,0,0,0
./datasets/Organised/20260306-handFlying-2/168791404.jpg,6,2,0,0.0,0.0,0.0,0.0,0.0,0.0,0.0,0.0,0.0,0.0,0.0,0.0,0.0,0.0,0.0,-1.0,-1.0,-1.0,0,0,0,0,0
./datasets/Organised/20260306-handFlying-2/109458540.jpg,7,2,1,0.12986512524084778,0.006358381502890174,0.002890173410404624,0.08593448940269749,0.10385356454720616,0.8274502885584459,0.11560693641618497,0.04682080924855491,1744.4691363634674,0.09296724470134875,0.45,0.3352601156069364,0.0,0.0,0.1260115606936416,-1.0,-1.0,-1.0,0,0,0,0,0
./datasets/Organised/20260306-handFlying-2/169925414.jpg,8,2,2,0.0008670520231213873,0.0001926782273603083,0.0003853564547206166,0.0032755298651252407,0.0036608863198458576,0.8944925044158989,0.004913294797687861,0.0017341040462427746,70.34484556970014,9.633911368015414e-05,0.03333333333333333,0.023121387283236993,0.0,0.0,0.0011560693641618498,-1.0,-1.0,-1.0,0,0,0,0,0
./datasets/Organised/20260306-handFlying-2/207257766.jpg,6,2,0,0.11319845857418112,0.004720616570327553,0.0018304431599229288,0.058863198458574184,0.07813102119460501,0.7533812329257734,0.08988439306358381,0.039210019267822735,3694.5021601029844,0.07707129094412331,0.48333333333333334,0.1907514450867052,0.0,0.0,0.10847784200385356,-1.0,-1.0,-1.0,0,0,0,0,0
./datasets/Organised/20260306-handFlying-2/82992081.jpg,6,2,0,0.17938342967244703,0.018882466281310212,0.006165703275529865,0.224373795761079,0.25809248554913294,0.8693508682859229,0.30009633911368017,0.13034682080924856,8800.347184781762,0.05057803468208093,0.13333333333333333,0.6416184971098265,0.0,0.0,0.09065510597302505,-1.0,-1.0,-1.0,0,0,0,0,1
./datasets/Organised/20260306-handFlying-2/175291349.jpg,6,2,0,0.16156069364161849,0.01233140655105973,0.004238921001926782,0.16946050096339113,0.16714836223506743,1.0138267875953573,0.1993256262042389,0.08285163776493257,4830.33361533407,0.09142581888246629,0.36666666666666664,0.5202312138728323,0.0,0.0,0.10394990366088631,-1.0,-1.0,-1.0,0,0,0,0,0
./datasets/Organised/20260306-handFlying-2/113825169.jpg,6,2,0,0.2096339113680154,0.00674373795761079,0.0016377649325626203,0.08516377649325627,0.09614643545279383,0.8857623304479058,0.10828516377649326,0.04489402697495183,1991.0088532768293,0.19489402697495184,0.65,0.5202312138728323,0.0,0.0,0.205009633911368,-1.0,-1.0,-1.0,0,0,0,0,0
./datasets/Organised/20260306-handFlying-2/140624957.jpg,6,2,0,0.0,0.0,0.0,0.0,0.0,0.0,0.0,0.0,0.0,0.0,0.0,0.0,0.0,0.0,0.0,-1.0,-1.0,-1.0,0,0,0,0,0
./datasets/Organised/20260306-handFlying-2/258290697.jpg,8,2,2,0.223121387283237,0.014932562620423893,0.004335260115606936,0.19537572254335261,0.1754335260115607,1.1136674575133394,0.22379576107899807,0.10173410404624278,2164.433617886405,0.1755780346820809,1.0,0.3930635838150289,0.0,0.0,0.0,-1.0,-1.0,-1.0,0,0,0,0,1
./datasets/Organised/20260306-handFlying-2/72258833.jpg,8,2,2,0.007514450867052023,0.003371868978805395,0.0023121387283236996,0.05067437379576108,0.045953757225433524,1.102701370984841,0.06011560693641618,0.031791907514450865,1133.9396323149974,0.0016859344894026974,0.13333333333333333,0.028901734104046242,0.0,0.0,0.0,-1.0,-1.0,-1.0,0,0,0,0,0
./datasets/Organised/20260306-handFlying-2/270090621.jpg,8,2,2,0.0476878612716763,0.002119460500963391,0.0007707129094412332,0.020809248554913295,0.02485549132947977,0.8371756206087522,0.028227360308285165,0.0128131021194605,323.2925895359759,0.041811175337186895,0.4166666666666667,0.19653179190751446,0.0,0.0,0.0476878612716763,-1.0,-1.0,-1.0,0,0,0,0,0
./datasets/Organised/20260306-handFlying-2/164891447.jpg,8,2,2,0.0,0.0,0.0,0.0,0.0,0.0,0.0,0.0,0.0,0.0,0.0,0.0,0.0,0.0,0.0,-1.0,-1.0,-1.0,0,0,0,0,0
./datasets/Organised/20260306-handFlying-2/122525108.jpg,6,2,0,0.09913294797687862,0.007996146435452794,0.0022157996146435453,0.11464354527938343,0.10905587668593449,1.0512271097726154,0.1359344894026975,0.05645472061657033,1610.2099059904733,0.08554913294797688,0.5333333333333333,0.2947976878612717,0.0,0.0,0.0,-1.0,-1.0,-1.0,0,0,0,0,0
./datasets/Organised/20260306-handFlying-2/74192159.jpg,7,2,1,0.13227360308285163,0.008670520231213872,0.003179190751445087,0.10154142581888247,0.15472061657032754,0.6562846748225875,0.16387283236994218,0.07177263969171484,3573.768723191182,0.07471098265895953,0.2833333333333333,0.5722543352601156,0.0,0.0,0.13121387283236993,-1.0,-1.0,-1.0,0,0,0,0,0
./datasets/Organised/20260306-handFlying-2/41225745.jpg,7,2,1,0.019845857418111755,0.004431599229287091,0.002697495183044316,0.07090558766859345,0.0663776493256262,1.068198711316947,0.08574181117533719,0.037764932562620424,736.991649347901,0.0035645472061657034,0.15,0.05202312138728324,0.0,0.0,0.0,-1.0,-1.0,-1.0,0,0,0,0,0
./datasets/Organised/20260306-handFlying-2/60758985.jpg,6,2,0,0.3981695568400771,0.01300578034682081,0.0045279383429672445,0.15183044315992292,0.18516377649325627,0.8199747599698186,0.202504816955684,0.09219653179190751,6607.269187484455,0.34383429672447013,0.5333333333333333,1.0,0.0,0.0,0.3604046242774566,-1.0,-1.0,-1.0,0,0,0,1,0
./datasets/Organised/20260306-handFlying-2/185324630.jpg,7,2,1,0.3540462427745665,0.018304431599229287,0.005876685934489403,0.23815028901734103,0.31040462427745663,0.7672228541982538,0.3451830443159923,0.1396917148362235,11500.14528380129,0.3052504816955684,0.6166666666666667,0.8901734104046243,0.0,0.0,0.0,-1.0,-1.0,-1.0,0,0,0,0,0
./datasets/Organised/20260306-handFlying-2/102358594.jpg,6,2,0,0.012138728323699421,0.01021194605009634,0.004431599229287091,0.12716763005780346,0.12764932562620424,0.9962186107553361,0.1554913294797688,0.07235067437379576,3587.4872380467104,0.002167630057803468,0.13333333333333333,0.03468208092485549,0.0,0.0,0.0,-1.0,-1.0,-1.0,0,0,0,0,0
./datasets/Organised/20260306-handFlying-2/74658822.jpg,6,2,0,0.15481695568400772,0.015317919075144508,0.003179190751445087,0.20655105973025048,0.18631984585741812,1.1085772972945471,0.23805394990366088,0.09566473988439306,3608.122871341806,0.08554913294797688,0.6666666666666666,0.27167630057803466,0.0,0.0,0.00028901734104046245,-1.0,-1.0,-1.0,0,0,0,0,1
./datasets/Organised/20260306-handFlying-2/255190718.jpg,7,2,1,0.05134874759152216,0.0029865125240847784,0.0011560693641618498,0.04123314065510597,0.045953757225433524,0.8972551079496425,0.05269749518304431,0.0220616570327553,677.6568402998206,0.04335260115606936,0.2,0.3872832369942196,0.0,0.0,0.05057803468208093,-1.0,-1.0,-1.0,0,0,0,0,0
./datasets/Organised/20260306-handFlying-2/262723992.jpg,8,2,2,0.14759152215799615,0.008959537572254336,0.0025048169556840076,0.10558766859344894,0.11107899807321772,0.9505551892776543,0.1338150289017341,0.06502890173410404,1101.1220998863978,0.13429672447013488,1.0,0.2543352601156069,0.0,0.0,0.0,-1.0,-1.0,-1.0,0,0,0,0,1
./datasets/Organised/20260306-handFlying-2/204324453.jpg,8,2,2,0.22157996146435452,0.013872832369942197,0.003371868978805395,0.20452793834296726,0.1936416184971098,1.0562134509972034,0.2396917148362235,0.1069364161849711,5560.780705632961,0.18082851637764932,1.0,0.42196531791907516,0.0,0.0,0.0,-1.0,-1.0,-1.0,0,0,0,0,1
./datasets/Organised/20260306-handFlying-2/179224660.jpg,7,2,1,0.11175337186897881,0.006165703275529865,0.0029865125240847784,0.07813102119460501,0.09951830443159923,0.7850840763090879,0.11213872832369942,0.05260115606936416,4043.8650645323564,0.09219653179190751,0.23333333333333334,0.7283236994219653,0.0,0.0,0.10712909441233141,-1.0,-1.0,-1.0,0,0,0,1,0
./datasets/Organised/20260306-handFlying-2/187524632.jpg,7,2,1,0.2976878612716763,0.012524084778420038,0.0045279383429672445,0.17909441233140655,0.17755298651252407,1.0086758165735346,0.21753371868978805,0.08651252408477841,4185.774401602312,0.13578998073217727,0.65,0.42196531791907516,0.0,0.0,0.1394990366088632,-1.0,-1.0,-1.0,0,0,0,0,0
./datasets/Organised/20260306-handFlying-2/46325704.jpg,8,2,2,0.1916184971098266,0.0068400770712909445,0.002601156069364162,0.12138728323699421,0.11454720616570327,1.0597047941667255,0.14065510597302505,0.05828516377649326,3550.673549585872,0.19195568400770713,1.0,0.3583815028901734,0.0,0.0,0.19238921001926781,-1.0,-1.0,-1.0,0,0,0,0,0
./datasets/Organised/20260306-handFlying-2/130958374.jpg,7,2,1,0.4105009633911368,0.029865125240847785,0.0064547206165703275,0.3263005780346821,0.3539499036608863,0.9218809011639212,0.4144508670520231,0.1724470134874759,9598.200944559532,0.3365606936416185,1.0,0.7456647398843931,0.0,0.0,0.3733140655105973,-1.0,-1.0,-1.0,0,0,0,1,0
./datasets/Organised/20260306-handFlying-2/216391036.jpg,6,2,0,0.03236994219653179,0.005876685934489403,0.002890173410404624,0.09065510597302505,0.08121387283236994,1.1162377383775512,0.1035645472061657,0.04980732177263969,5520.833836375721,0.015510597302504817,0.21666666666666667,0.11560693641618497,0.0,0.0,0.0,-1.0,-1.0,-1.0,0,0,0,0,0
./datasets/Organised/20260306-handFlying-2/118359037.jpg,8,2,2,0.16676300578034683,0.010308285163776493,0.0029865125240847784,0.11734104046242774,0.12996146435452793,0.9028840830713252,0.15019267822736032,0.06329479768786127,6429.8081563775,0.11835260115606937,0.38333333333333336,0.5433526011560693,0.0,0.0,0.1279383429672447,-1.0,-1.0,-1.0,0,0,0,0,0
./datasets/Organised/20260306-handFlying-2/146291583.jpg,6,2,0,0.013969171483622351,0.0023121387283236996,0.0007707129094412332,0.039595375722543354,0.03420038535645472,1.157712628008229,0.044797687861271675,0.018689788053949902,2390.352961416092,0.003468208092485549,0.2,0.04046242774566474,0.0,0.0,0.0,-1.0,-1.0,-1.0,0,0,0,0,0
./datasets/Organised/20260306-handFlying-2/82258766.jpg,7,2,1,0.14450867052023122,0.01763005780346821,0.00510597302504817,0.22601156069364162,0.22736030828516376,0.9940634244159554,0.27813102119460503,0.12080924855491329,3944.3536653041824,0.03800578034682081,0.21666666666666667,0.34104046242774566,0.0,0.0,0.047398843930635835,-1.0,-1.0,-1.0,0,0,0,0,1
./datasets/Organised/20260306-handFlying-2/131558365.jpg,6,2,0,0.008863198458574181,0.002890173410404624,0.0016377649325626203,0.03766859344894027,0.037379576107899805,1.0077050000569572,0.04566473988439306,0.02003853564547206,488.1379691566337,0.004094412331406551,0.2833333333333333,0.046242774566473986,0.0,0.0,9.633911368015414e-05,-1.0,-1.0,-1.0,0,0,0,0,0
./datasets/Organised/20260306-handFlying-2/223924302.jpg,6,2,0,0.0012524084778420038,0.0007707129094412332,0.0005780346820809249,0.008863198458574181,0.009441233140655106,0.9386760871654616,0.010982658959537572,0.005587668593448941,851.9020798389523,0.000674373795761079,0.06666666666666667,0.023121387283236993,0.0,0.0,0.0,-1.0,-1.0,-1.0,0,0,0,0,0
./datasets/Organised/20260306-handFlying-2/87092059.jpg,8,2,2,0.2501926782273603,0.013391136801541427,0.0037572254335260114,0.15173410404624277,0.16705202312138728,0.9082990610471432,0.19123314065510597,0.07986512524084778,7919.59431194568,0.20192678227360308,0.7333333333333333,0.5606936416184971,0.0,0.0,0.21782273603082852,-1.0,-1.0,-1.0,0,0,0,0,0
./datasets/Organised/20260306-handFlying-2/81558759.jpg,7,2,1,0.12235067437379576,0.01348747591522158,0.004046242774566474,0.1973025048169557,0.19046242774566474,1.0359075605865053,0.23554913294797689,0.09335260115606936,3219.43281591433,0.03174373795761079,0.5166666666666667,0.20809248554913296,0.0,0.0,0.03420038535645472,-1.0,-1.0,-1.0,0,0,0,0,1
./datasets/Organised/20260306-handFlying-2/75725476.jpg,7,2,1,0.16329479768786126,0.01763005780346821,0.004624277456647399,0.2233140655105973,0.2263005780346821,0.9867985342831903,0.26965317919075144,0.10992292870905587,3571.8103882429164,0.1327552986512524,0.9,0.32947976878612717,0.0,0.0,0.0001926782273603083,-1.0,-1.0,-1.0,0,0,0,0,1
./datasets/Organised/20260306-handFlying-2/174424693.jpg,8,2,2,0.23921001926782273,0.010982658959537572,0.0036608863198458576,0.15077071290944125,0.14865125240847785,1.0142511160553567,0.18063583815028902,0.07504816955684007,4640.546088297861,0.14884393063583815,0.48333333333333334,0.47398843930635837,0.0,0.0,0.15472061657032754,-1.0,-1.0,-1.0,0,0,0,0,0
./datasets/Organised/20260306-handFlying-2/96225326.jpg,7,2,1,0.4101156069364162,0.015221579961464355,0.00510597302504817,0.20192678227360308,0.1960500963391137,1.0299701763683387,0.23998073217726396,0.11175337186897881,5615.3616007792525,0.38140655105973026,1.0,1.0,0.0,0.0,0.4029865125240848,-1.0,-1.0,-1.0,0,0,0,1,0
./datasets/Organised/20260306-handFlying-2/184891305.jpg,8,2,2,0.2151252408477842,0.013872832369942197,0.00394990366088632,0.18034682080924855,0.17784200385356455,1.014078804908995,0.22148362235067437,0.09296724470134875,4054.761227599764,0.13371868978805396,0.5833333333333334,0.35260115606936415,0.0,0.0,0.14190751445086705,-1.0,-1.0,-1.0,0,0,0,0,0
./datasets/Organised/20260306-handFlying-2/150391548.jpg,8,2,2,0.0005780346820809249,0.0004816955684007707,0.0007707129094412332,0.011175337186897881,0.01300578034682081,0.8591931968490127,0.01579961464354528,0.008959537572254336,384.3831905509706,0.0001926782273603083,0.06666666666666667,0.011560693641618497,0.0,0.0,0.0,-1.0,-1.0,-1.0,0,0,0,0,0
./datasets/Organised/20260306-handFlying-2/201357808.jpg,7,2,1,0.24566473988439305,0.009826589595375723,0.003179190751445087,0.14238921001926783,0.14007707129094413,1.0164989331094045,0.17254335260115608,0.07341040462427746,6953.873016685786,0.13607899807321772,0.6833333333333333,0.3236994219653179,0.0,0.0,0.24479768786127168,-1.0,-1.0,-1.0,0,0,0,0,0
./datasets/Organised/20260306-handFlying-2/65292223.jpg,7,2,1,0.19614643545279384,0.014836223506743738,0.005202312138728324,0.19903660886319846,0.19778420038535646,1.0063271087796448,0.24190751445086706,0.10423892100192678,11379.59719424861,0.057032755298651254,0.65,0.20809248554913296,0.0,0.0,0.1103082851637765,-1.0,-1.0,-1.0,0,0,0,0,0
./datasets/Organised/20260306-handFlying-2/98458619.jpg,6,2,0,0.1622350674373796,0.011078998073217727,0.0029865125240847784,0.1407514450867052,0.17533718689788053,0.802742674467604,0.19325626204238922,0.07495183044315992,3089.4725982603272,0.04836223506743738,0.31666666666666665,0.30057803468208094,0.0,0.0,0.09499036608863198,-1.0,-1.0,-1.0,0,0,0,0,1
./datasets/Organised/20260306-handFlying-2/278290539.jpg,6,2,0,0.14836223506743737,0.010500963391136802,0.0052986512524084775,0.14373795761078997,0.14691714836223507,0.9783539965150925,0.17755298651252407,0.08420038535645472,7588.74142177227,0.12336223506743738,0.38333333333333336,0.5664739884393064,0.0,0.0,0.13603082851637766,-1.0,-1.0,-1.0,0,0,0,0,0
./datasets/Organised/20260306-handFlying-2/203424463.jpg,6,2,0,0.1968208092485549,0.01348747591522158,0.004431599229287091,0.17514450867052023,0.1834296724470135,0.9548267273626942,0.21695568400770712,0.09229287090558767,4672.339932618308,0.10038535645472062,0.4166666666666667,0.5260115606936416,0.0,0.0,0.12167630057803468,-1.0,-1.0,-1.0,0,0,0,0,0
./datasets/Organised/20260306-handFlying-2/106125286.jpg,7,2,1,0.3965317919075145,0.014547206165703276,0.005009633911368015,0.1964354527938343,0.17986512524084777,1.0921203341140504,0.2275529865125241,0.10317919075144509,3486.9866832522157,0.3655105973025048,1.0,0.6994219653179191,0.0,0.0,0.0,-1.0,-1.0,-1.0,0,0,0,0,1
./datasets/Organised/20260306-handFlying-2/207557763.jpg,8,2,2,0.231888246628131,0.012042389210019268,0.004142581888246628,0.16156069364161849,0.17003853564547206,0.9501360552905077,0.20934489402697495,0.09797687861271677,4612.8990090900315,0.16488439306358382,1.0,0.24855491329479767,0.0,0.0,0.06685934489402698,-1.0,-1.0,-1.0,0,0,0,0,0
./datasets/Organised/20260306-handFlying-2/130358379.jpg,8,2,2,0.15578034682080924,0.014836223506743738,0.004431599229287091,0.17032755298651253,0.17273603082851638,0.9860511794694686,0.20973025048169558,0.08930635838150289,3023.4874987099097,0.09898843930635838,0.65,0.3352601156069364,0.0,0.0,9.633911368015414e-05,-1.0,-1.0,-1.0,0,0,0,0,1
./datasets/Organised/20260306-handFlying-2/260424063.jpg,8,2,2,0.20337186897880538,0.016570327552986513,0.004431599229287091,0.2016377649325626,0.19065510597302504,1.0575993037489777,0.23795761078998073,0.10346820809248555,1927.4151860421516,0.17413294797687862,0.8333333333333334,0.32947976878612717,0.0,0.0,0.0,-1.0,-1.0,-1.0,0,0,0,0,1
./datasets/Organised/20260306-handFlying-2/130225046.jpg,8,2,2,0.15385356454720617,0.013198458574181117,0.0032755298651252407,0.17552986512524085,0.17928709055876685,0.9790380642584058,0.21628131021194605,0.09084778420038536,2742.0996281106027,0.11223506743737957,0.5333333333333333,0.4161849710982659,0.0,0.0,0.0,-1.0,-1.0,-1.0,0,0,0,0,1
./datasets/Organised/20260306-handFlying-2/155824848.jpg,7,2,1,0.04017341040462428,0.0029865125240847784,0.0009633911368015414,0.02533718689788054,0.05260115606936416,0.48167582455117425,0.0571290944123314,0.020905587668593448,691.5965593014579,0.021290944123314066,0.11666666666666667,0.44508670520231214,0.0,0.0,0.0,-1.0,-1.0,-1.0,0,0,0,0,0
./datasets/Organised/20260306-handFlying-2/68525535.jpg,6,2,0,0.02119460500963391,0.006358381502890174,0.003371868978805395,0.07475915221579961,0.08034682080924856,0.9304440551447333,0.09383429672447013,0.048843930635838154,3529.898295549467,0.005587668593448941,0.1,0.09826589595375723,0.0,0.0,0.012427745664739885,-1.0,-1.0,-1.0,0,0,0,0,0
./datasets/Organised/20260306-handFlying-2/226690948.jpg,7,2,1,0.13092485549132948,0.010308285163776493,0.003371868978805395,0.13892100192678228,0.13140655105973026,1.0571767056494101,0.16310211946050096,0.0710019267822736,2756.2927652017183,0.07365125240847784,0.7333333333333333,0.19653179190751446,0.0,0.0,0.0,-1.0,-1.0,-1.0,0,0,0,0,1
./datasets/Organised/20260306-handFlying-2/179391348.jpg,8,2,2,0.03506743737957611,0.0032755298651252407,0.0016377649325626203,0.047302504816955686,0.04556840077071291,1.0380321886382282,0.0581888246628131,0.026878612716763006,1433.2457324835443,0.024084778420038536,0.21666666666666667,0.14450867052023122,0.0,0.0,0.025240847784200385,-1.0,-1.0,-1.0,0,0,0,0,0
./datasets/Organised/20260306-handFlying-2/235590904.jpg,6,2,0,0.10289017341040463,0.005009633911368015,0.0018304431599229288,0.06936416184971098,0.07716763005780347,0.8988647562844315,0.09094412331406551,0.041040462427745665,5281.66116641793,0.08155105973025048,0.48333333333333334,0.2138728323699422,0.0,0.0,0.08998073217726398,-1.0,-1.0,-1.0,0,0,0,0,0
./datasets/Organised/20260306-handFlying-2/52158997.jpg,8,2,2,0.17976878612716762,0.012716763005780347,0.004624277456647399,0.18660886319845857,0.1754335260115607,1.0636951998044073,0.22119460500963392,0.09913294797687862,9096.036537685484,0.14547206165703275,0.5666666666666667,0.45664739884393063,0.0,0.0,0.16040462427745664,-1.0,-1.0,-1.0,0,0,0,0,0
./datasets/Organised/20260306-handFlying-2/197624508.jpg,7,2,1,0.27369942196531793,0.009730250481695568,0.0036608863198458576,0.13901734104046243,0.17023121387283238,0.8166335729165326,0.19210019267822737,0.08583815028901734,9767.228980104768,0.18155105973025049,0.8333333333333334,0.3236994219653179,0.0,0.0,0.2725433526011561,-1.0,-1.0,-1.0,0,0,0,0,0
./datasets/Organised/20260306-handFlying-2/204924453.jpg,8,2,2,0.3869942196531792,0.017919075144508672,0.004720616570327553,0.2365125240847784,0.2302504816955684,1.0271921915251263,0.28670520231213875,0.12398843930635838,5953.770225608012,0.3375722543352601,1.0,0.7572254335260116,0.0,0.0,0.0,-1.0,-1.0,-1.0,0,0,0,0,0
./datasets/Organised/20260306-handFlying-2/68658899.jpg,7,2,1,0.22273603082851637,0.01724470134874759,0.004913294797687861,0.22870905587668594,0.22254335260115607,1.0277010097244672,0.2817919075144509,0.13140655105973026,10471.537588765634,0.13709055876685936,0.95,0.30057803468208094,0.0,0.0,0.02842003853564547,-1.0,-1.0,-1.0,0,0,0,0,1
./datasets/Organised/20260306-handFlying-2/57892293.jpg,7,2,1,0.6778420038535645,0.014161849710982659,0.0052986512524084775,0.19633911368015414,0.2126204238921002,0.9234211213814045,0.2542389210019268,0.11088631984585742,12280.087549970116,0.630587668593449,0.8333333333333334,0.9190751445086706,0.0,0.0,0.6690751445086706,-1.0,-1.0,-1.0,0,0,1,0,0
./datasets/Organised/20260306-handFlying-2/66058882.jpg,7,2,1,0.10086705202312139,0.012138728323699421,0.00510597302504817,0.16772639691714836,0.16753371868978806,1.0011441104796626,0.20751445086705203,0.09903660886319846,8713.326474313282,0.03208092485549133,0.48333333333333334,0.1329479768786127,0.0,0.0,0.0012524084778420038,-1.0,-1.0,-1.0,0,0,0,0,0
./datasets/Organised/20260306-handFlying-2/211657730.jpg,8,2,2,0.046242774566473986,0.00394990366088632,0.001445086705202312,0.060308285163776496,0.05655105973025048,1.0664206653381496,0.07244701348747591,0.029865125240847785,733.8906165332028,0.03227360308285164,0.6333333333333333,0.19653179190751446,0.0,0.0,0.0,-1.0,-1.0,-1.0,0,0,0,0,0
./datasets/Organised/20260306-handFlying-2/65458890.jpg,7,2,1,0.16926782273603083,0.012909441233140655,0.004816955684007707,0.18631984585741812,0.201252408477842,0.9257972188726032,0.2375722543352601,0.10443159922928709,11056.384262606689,0.06276493256262042,0.7333333333333333,0.1676300578034682,0.0,0.0,0.06021194605009634,-1.0,-1.0,-1.0,0,0,0,0,1
./datasets/Organised/20260306-handFlying-2/239624177.jpg,6,2,0,0.02601156069364162,0.0052986512524084775,0.0017341040462427746,0.06994219653179191,0.059248554913294796,1.1804678808835716,0.08236994219653179,0.04421965317919075,5273.137644452982,0.011946050096339113,0.5,0.05202312138728324,0.0,0.0,0.0,-1.0,-1.0,-1.0,0,0,0,0,0
./datasets/Organised/20260306-handFlying-2/181358028.jpg,8,2,2,0.16579961464354528,0.015221579961464355,0.00394990366088632,0.18159922928709055,0.1838150289017341,0.9879401180196934,0.22254335260115607,0.09393063583815028,5541.342864213825,0.05722543352601156,0.5333333333333333,0.16184971098265896,0.0,0.0,0.13208092485549133,-1.0,-1.0,-1.0,0,0,0,0,0
./datasets/Organised/20260306-handFlying-2/168258075.jpg,8,2,2,0.0008670520231213873,9.633911368015414e-05,0.00028901734104046245,0.0016377649325626203,0.0024084778420038534,0.6797177811772552,0.0030828516377649326,0.002023121387283237,41.11307682812284,0.0003371868978805395,0.03333333333333333,0.028901734104046242,0.0,0.0,0.0012524084778420038,-1.0,-1.0,-1.0,0,0,0,0,0
./datasets/Organised/20260306-handFlying-2/148791579.jpg,8,2,2,0.0,0.001445086705202312,0.000674373795761079,0.018111753371868978,0.018015414258188825,1.0052917918246034,0.022639691714836225,0.012716763005780347,379.0582728290287,0.0,0.0,0.0,0.0,0.0,0.0,-1.0,-1.0,-1.0,0,0,0,0,0
./datasets/Organised/20260306-handFlying-2/91525360.jpg,8,2,2,0.0076107899807321775,0.005587668593448941,0.002697495183044316,0.07003853564547206,0.07109826589595376,0.9850809957442603,0.08468208092485549,0.037764932562620424,1087.8532619328705,0.0011078998073217727,0.1,0.03468208092485549,0.0,0.0,0.0,-1.0,-1.0,-1.0,0,0,0,0,0
./datasets/Organised/20260306-handFlying-2/223624300.jpg,7,2,1,0.20780346820809248,0.01724470134874759,0.005491329479768786,0.21897880539499037,0.26377649325626207,0.8301648586153278,0.3014450867052023,0.13140655105973026,9325.727527333207,0.1065028901734104,0.3333333333333333,0.9421965317919075,0.0,0.0,0.1220616570327553,-1.0,-1.0,-1.0,0,0,0,0,1
./datasets/Organised/20260306-handFlying-2/100758610.jpg,8,2,2,0.38159922928709056,0.012427745664739885,0.0037572254335260114,0.14672447013487475,0.1708092485549133,0.8589910229403168,0.19354527938342966,0.08082851637764933,5095.210485890681,0.3538535645472062,0.5333333333333333,0.8901734104046243,0.0,0.0,0.37697495183044316,-1.0,-1.0,-1.0,0,0,0,1,0
./datasets/Organised/20260306-handFlying-2/277623871.jpg,8,2,2,0.11368015414258188,0.010886319845857417,0.003468208092485549,0.1361271676300578,0.1496146435452794,0.9098458182874476,0.1754335260115607,0.07360308285163776,2147.9177985955653,0.037524084778420036,0.5833333333333334,0.19653179190751446,0.0,0.0,0.0371868978805395,-1.0,-1.0,-1.0,0,0,0,0,1
./datasets/Organised/20260306-handFlying-2/147924928.jpg,7,2,1,0.0,0.001348747591522158,0.000674373795761079,0.010982658959537572,0.012042389210019268,0.911924273808303,0.0151252408477842,0.008863198458574181,528.540655105973,0.0,0.0,0.0,0.0,0.0,0.0,-1.0,-1.0,-1.0,0,0,0,0,0
./datasets/Organised/20260306-handFlying-2/289190978.jpg,8,2,2,0.008959537572254336,0.004913294797687861,0.0023121387283236996,0.06502890173410404,0.055876685934489405,1.1637722759375442,0.07678227360308285,0.038535645472061654,2255.3899861060063,0.002697495183044316,0.11666666666666667,0.06936416184971098,0.0,0.0,0.0,-1.0,-1.0,-1.0,0,0,0,0,0
./datasets/Organised/20260306-handFlying-2/90192076.jpg,6,2,0,0.11811175337186898,0.0128131021194605,0.004816955684007707,0.1701348747591522,0.19210019267822737,0.8856523605458864,0.21772639691714837,0.09768786127167631,7763.9585711647205,0.04359344894026975,0.36666666666666664,0.24855491329479767,0.0,0.0,0.04653179190751445,-1.0,-1.0,-1.0,0,0,0,0,0
./datasets/Organised/20260306-handFlying-2/42192407.jpg,7,2,1,0.5445086705202312,0.01628131021194605,0.005009633911368015,0.2745664739884393,0.23622350674373796,1.16231155595679,0.31040462427745663,0.13333333333333333,10748.466825227111,0.5489402697495183,1.0,0.7803468208092486,0.0,0.0,0.543063583815029,-1.0,-1.0,-1.0,0,0,0,1,0
./datasets/Organised/20260306-handFlying-2/180791311.jpg,6,2,0,0.16233140655105974,0.01233140655105973,0.0045279383429672445,0.17138728323699423,0.1611753371868979,1.0633526374175875,0.20472061657032756,0.08872832369942196,3784.633228074963,0.0850674373795761,0.38333333333333336,0.3352601156069364,0.0,0.0,0.027552986512524084,-1.0,-1.0,-1.0,0,0,0,0,0
./datasets/Organised/20260306-handFlying-2/185024660.jpg,8,2,2,0.20173410404624278,0.013872832369942197,0.004238921001926782,0.17263969171483623,0.17707129094412333,0.9749672904458787,0.21377649325626205,0.08959537572254335,3956.196013110657,0.14185934489402696,0.65,0.34104046242774566,0.0,0.0,0.14730250481695567,-1.0,-1.0,-1.0,0,0,0,0,0
./datasets/Organised/20260306-handFlying-2/55725634.jpg,8,2,2,0.18622350674373797,0.013776493256262042,0.004624277456647399,0.19277456647398844,0.19132947976878611,1.0075476040563294,0.2313102119460501,0.1069364161849711,10670.949078476468,0.09633911368015415,0.6333333333333333,0.23699421965317918,0.0,0.0,0.1466281310211946,-1.0,-1.0,-1.0,0,0,0,0,0
./datasets/Organised/20260306-handFlying-2/69125540.jpg,7,2,1,0.24951830443159922,0.018978805394990365,0.005587668593448941,0.2517341040462428,0.23015414258188824,1.0937583285008583,0.29373795761078997,0.12360308285163776,11145.847847646837,0.18973988439306358,1.0,0.7167630057803468,0.0,0.0,0.21165703275529865,-1.0,-1.0,-1.0,0,0,0,0,1
./datasets/Organised/20260306-handFlying-2/218424353.jpg,8,2,2,0.2699421965317919,0.015317919075144508,0.004335260115606936,0.20366088631984586,0.2014450867052023,1.010994503049765,0.24499036608863198,0.10520231213872833,6283.713540787271,0.20708092485549132,0.65,0.5260115606936416,0.0,0.0,0.2159922928709056,-1.0,-1.0,-1.0,0,0,0,0,0
./datasets/Organised/20260306-handFlying-2/54792323.jpg,7,2,1,0.8911368015414258,0.013294797687861272,0.006165703275529865,0.16820809248554913,0.20789980732177263,0.8090785921057525,0.2295761078998073,0.10443159922928709,12351.676048871217,0.8834778420038536,0.9666666666666667,1.0,0.0,0.0,0.8910404624277457,-1.0,-1.0,-1.0,0,0,0,1,0
./datasets/Organised/20260306-handFlying-2/77692128.jpg,7,2,1,0.14913294797687862,0.01348747591522158,0.0032755298651252407,0.17832369942196533,0.16618497109826588,1.073037021377228,0.20635838150289018,0.08497109826589595,2577.423585225775,0.07524084778420038,0.6666666666666666,0.36416184971098264,0.0,0.0,0.0,-1.0,-1.0,-1.0,0,0,0,0,1
./datasets/Organised/20260306-handFlying-2/76325473.jpg,7,2,1,0.19759152215799614,0.018882466281310212,0.0045279383429672445,0.25154142581888245,0.23824662813102118,1.0557982372884338,0.2964354527938343,0.12167630057803468,4430.716714548505,0.0873795761078998,0.5833333333333334,0.3063583815028902,0.0,0.0,0.002697495183044316,-1.0,-1.0,-1.0,0,0,0,0,1
./datasets/Organised/20260306-handFlying-2/280257185.jpg,6,2,0,0.1478805394990366,0.009152215799614644,0.0036608863198458576,0.11907514450867052,0.13111753371868978,0.9081488415981074,0.15202312138728324,0.06984585741811175,7524.9780349048315,0.13501926782273604,0.4166666666666667,0.5953757225433526,0.0,0.0,0.14046242774566475,-1.0,-1.0,-1.0,0,0,0,0,0
./datasets/Organised/20260306-handFlying-2/79592107.jpg,7,2,1,0.10549132947976879,0.011464354527938344,0.0032755298651252407,0.1598265895953757,0.14104046242774568,1.133188686817917,0.18622350674373797,0.07870905587668593,2268.2592805194517,0.048603082851637766,0.38333333333333336,0.3236994219653179,0.0,0.0,0.0,-1.0,-1.0,-1.0,0,0,0,0,1
./datasets/Organised/20260306-handFlying-2/260124053.jpg,7,2,1,0.0052986512524084775,0.0037572254335260114,0.0037572254335260114,0.05838150289017341,0.057418111753371866,1.0167608154743881,0.06984585741811175,0.03497109826589596,1100.0182830476572,0.0011078998073217727,0.11666666666666667,0.028901734104046242,0.0,0.0,0.0,-1.0,-1.0,-1.0,0,0,0,0,0
./datasets/Organised/20260306-handFlying-2/52325663.jpg,7,2,1,0.7379576107899807,0.01300578034682081,0.005491329479768786,0.1606936416184971,0.2083815028901734,0.7711474782659157,0.2266859344894027,0.10404624277456648,11436.754572813064,0.7264450867052024,0.8333333333333334,1.0,0.0,0.0,0.7378612716763006,-1.0,-1.0,-1.0,0,0,0,1,0
./datasets/Organised/20260306-handFlying-2/110025200.jpg,6,2,0,0.1220616570327553,0.008959537572254336,0.0023121387283236996,0.1359344894026975,0.1329479768786127,1.0224560774680551,0.16416184971098266,0.06705202312138728,1604.9594473216237,0.04696531791907514,0.23333333333333334,0.3352601156069364,0.0,0.0,0.0,-1.0,-1.0,-1.0,0,0,0,0,1
./datasets/Organised/20260306-handFlying-2/164624775.jpg,7,2,1,0.0,0.0,0.0,0.0,0.0,0.0,0.0,0.0,0.0,0.0,0.0,0.0,0.0,0.0,0.0,-1.0,-1.0,-1.0,0,0,0,0,0
./datasets/Organised/20260306-handFlying-2/256057378.jpg,6,2,0,0.008863198458574181,0.004046242774566474,0.0015414258188824663,0.04682080924855491,0.04238921001926782,1.1045193979287489,0.055973025048169554,0.026782273603082853,1167.7726216768574,0.0024084778420038534,0.23333333333333334,0.05202312138728324,0.0,0.0,0.0,-1.0,-1.0,-1.0,0,0,0,0,0
./datasets/Organised/20260306-handFlying-2/68825528.jpg,6,2,0,0.0289980732177264,0.005973025048169557,0.0038535645472061657,0.0788053949903661,0.08294797687861272,0.9500466184855983,0.09720616570327553,0.045857418111753374,3812.0320972969366,0.01695568400770713,0.13333333333333333,0.2543352601156069,0.0,0.0,0.02119460500963391,-1.0,-1.0,-1.0,0,0,0,0,0
./datasets/Organised/20260306-handFlying-2/194657867.jpg,8,2,2,0.17784200385356455,0.009248554913294798,0.0029865125240847784,0.11502890173410404,0.12697495183044316,0.9059109230991034,0.14527938342967245,0.05953757225433526,3576.457658124227,0.13516377649325625,0.4166666666666667,0.4913294797687861,0.0,0.0,0.146242774566474,-1.0,-1.0,-1.0,0,0,0,0,0
./datasets/Organised/20260306-handFlying-2/46759030.jpg,7,2,1,0.5416184971098266,0.01907514450867052,0.0052986512524084775,0.22947976878612716,0.22938342967244701,1.0004156302754128,0.27870905587668593,0.1272639691714836,12215.291785336407,0.5480250481695569,0.9,0.8497109826589595,0.0,0.0,0.5364161849710982,-1.0,-1.0,-1.0,0,0,0,1,0
./datasets/Organised/20260306-handFlying-2/66925543.jpg,7,2,1,0.14942196531791907,0.011946050096339113,0.004624277456647399,0.17292870905587668,0.16146435452793834,1.0709957536181847,0.2001926782273603,0.09325626204238921,4609.01187666366,0.12307321772639691,0.9333333333333333,0.21965317919075145,0.0,0.0,0.0,-1.0,-1.0,-1.0,0,0,0,0,0
./datasets/Organised/20260306-handFlying-2/279857186.jpg,7,2,1,0.9549132947976878,0.004913294797687861,0.0030828516377649326,0.09132947976878612,0.10645472061657033,0.857910493112291,0.12341040462427745,0.055876685934489405,7018.46500462205,0.9303468208092486,1.0,1.0,0.0,0.0,0.9591522157996146,-1.0,-1.0,-1.0,0,0,0,1,0
./datasets/Organised/20260306-handFlying-2/264190647.jpg,8,2,2,0.0019267822736030828,0.000674373795761079,0.0008670520231213873,0.011560693641618497,0.011464354527938344,1.008315409126498,0.014258188824662813,0.007514450867052023,239.82117496593793,0.0012042389210019267,0.11666666666666667,0.03468208092485549,0.0,0.0,0.0,-1.0,-1.0,-1.0,0,0,0,0,0
./datasets/Organised/20260306-handFlying-2/251690739.jpg,6,2,0,0.17822736030828518,0.012138728323699421,0.00394990366088632,0.15539499036608864,0.15433526011560694,1.0068598931300308,0.18535645472061657,0.0766859344894027,4057.6594055839564,0.0802504816955684,0.45,0.24277456647398843,0.0,0.0,0.1176300578034682,-1.0,-1.0,-1.0,0,0,0,0,0
./datasets/Organised/20260306-handFlying-2/56325631.jpg,8,2,2,0.13352601156069363,0.012138728323699421,0.0045279383429672445,0.1848747591522158,0.17196531791907516,1.0750637763798325,0.21560693641618497,0.09807321772639692,9547.853581058505,0.09065510597302505,0.55,0.3063583815028902,0.0,0.0,0.10606936416184971,-1.0,-1.0,-1.0,0,0,0,0,0
./datasets/Organised/20260306-handFlying-2/247424419.jpg,8,2,2,0.25934489402697497,0.009055876685934489,0.003468208092485549,0.11059730250481696,0.13795761078998073,0.8016701666645741,0.15163776493256262,0.06271676300578034,2614.5190112432756,0.16040462427745664,0.6166666666666667,0.5086705202312138,0.0,0.0,0.25789980732177264,-1.0,-1.0,-1.0,0,0,0,0,0
./datasets/Organised/20260306-handFlying-2/157458162.jpg,8,2,2,0.16435452793834296,0.008285163776493257,0.002697495183044316,0.11252408477842003,0.15028901734104047,0.7487129668970535,0.16310211946050096,0.06522157996146435,2866.3280331970846,0.10327552986512524,0.38333333333333336,0.5317919075144508,0.0,0.0,0.15048169556840077,-1.0,-1.0,-1.0,0,0,0,0,0
./datasets/Organised/20260306-handFlying-2/279023868.jpg,8,2,2,0.11705202312138728,0.009633911368015413,0.0035645472061657034,0.11984585741811175,0.1430635838150289,0.8377045822400245,0.16628131021194606,0.0708092485549133,3973.7048830008807,0.06589595375722543,0.4,0.32947976878612717,0.0,0.0,0.10134874759152215,-1.0,-1.0,-1.0,0,0,0,0,0
./datasets/Organised/20260306-handFlying-2/232424227.jpg,7,2,1,0.031791907514450865,0.005973025048169557,0.003179190751445087,0.09364161849710982,0.09364161849710982,0.9999893211016944,0.11300578034682081,0.05048169556840077,1289.6531321906286,0.006791907514450867,0.25,0.07514450867052024,0.0,0.0,0.007514450867052023,-1.0,-1.0,-1.0,0,0,0,0,0
./datasets/Organised/20260306-handFlying-2/194491227.jpg,8,2,2,0.13227360308285163,0.0076107899807321775,0.002601156069364162,0.09393063583815028,0.09961464354527938,0.9429305729019858,0.1172447013487476,0.047784200385356454,2388.0952264804478,0.09494219653179191,0.4,0.42196531791907516,0.0,0.0,0.10520231213872833,-1.0,-1.0,-1.0,0,0,0,0,0
./datasets/Organised/20260306-handFlying-2/49092351.jpg,7,2,1,0.7844894026974952,0.014258188824662813,0.004720616570327553,0.1699421965317919,0.2026974951830443,0.8383989056175665,0.23439306358381504,0.09961464354527938,10276.62872809167,0.785019267822736,0.9333333333333333,1.0,0.0,0.0,0.7852601156069364,-1.0,-1.0,-1.0,0,0,0,1,0
./datasets/Organised/20260306-handFlying-2/180524686.jpg,6,2,0,0.11676300578034682,0.013776493256262042,0.004720616570327553,0.18834296724470134,0.16628131021194606,1.1326698973849738,0.22148362235067437,0.09633911368015415,4611.0941786301655,0.04393063583815029,0.2833333333333333,0.2947976878612717,0.0,0.0,0.051830443159922926,-1.0,-1.0,-1.0,0,0,0,0,0
./datasets/Organised/20260306-handFlying-2/229224271.jpg,6,2,0,0.1418111753371869,0.012427745664739885,0.003371868978805395,0.17003853564547206,0.14402697495183045,1.1805938096563582,0.19874759152215798,0.08988439306358381,2138.015912994086,0.10028901734104047,0.8833333333333333,0.3179190751445087,0.0,0.0,0.0015414258188824663,-1.0,-1.0,-1.0,0,0,0,0,1
./datasets/Organised/20260306-handFlying-2/69592184.jpg,7,2,1,0.29123314065510597,0.015414258188824663,0.004720616570327553,0.1903660886319846,0.174373795761079,1.0917064464569535,0.2199421965317919,0.10366088631984585,7251.998413829397,0.2571290944123314,1.0,0.7398843930635838,0.0,0.0,0.2773603082851638,-1.0,-1.0,-1.0,0,0,0,0,1
./datasets/Organised/20260306-handFlying-2/58792276.jpg,8,2,2,0.12389210019267823,0.010597302504816955,0.004046242774566474,0.146242774566474,0.14315992292870905,1.0215271847562735,0.17630057803468208,0.07687861271676301,7721.746336737686,0.0918111753371869,0.5166666666666667,0.4682080924855491,0.0,0.0,0.10394990366088631,-1.0,-1.0,-1.0,0,0,0,0,0
./datasets/Organised/20260306-handFlying-2/143225060.jpg,6,2,0,0.0,0.0001926782273603083,0.00028901734104046245,0.003179190751445087,0.002697495183044316,1.1781346772160892,0.004238921001926782,0.002601156069364162,73.35046829347976,0.0,0.0,0.0,0.0,0.0,0.0,-1.0,-1.0,-1.0,0,0,0,0,0
./datasets/Organised/20260306-handFlying-2/212357728.jpg,8,2,2,0.19084778420038537,0.01579961464354528,0.0037572254335260114,0.19017341040462427,0.19373795761079,0.9815961268185994,0.23458574181117534,0.10105973025048169,2277.24830951771,0.14792870905587668,0.7333333333333333,0.47398843930635837,0.0,0.0,0.0,-1.0,-1.0,-1.0,0,0,0,0,1
./datasets/Organised/20260306-handFlying-2/180657971.jpg,6,2,0,0.12870905587668593,0.013872832369942197,0.00510597302504817,0.20327552986512523,0.1722543352601156,1.1800826346433178,0.23265895953757226,0.10163776493256262,4746.905952188698,0.052986512524084775,0.25,0.2832369942196532,0.0,0.0,0.0064547206165703275,-1.0,-1.0,-1.0,0,0,0,0,0
./datasets/Organised/20260306-handFlying-2/198224507.jpg,7,2,1,0.3470134874759152,0.010115606936416185,0.0035645472061657034,0.1302504816955684,0.14296724470134875,0.9110448405354146,0.16965317919075146,0.08121387283236994,8116.754150229618,0.24735067437379576,0.6833333333333333,0.4393063583815029,0.0,0.0,0.34595375722543353,-1.0,-1.0,-1.0,0,0,0,1,0
./datasets/Organised/20260306-handFlying-2/231224283.jpg,7,2,1,0.13728323699421965,0.009344894026974951,0.0027938342967244703,0.12514450867052024,0.14730250481695567,0.8495691180330641,0.17986512524084777,0.073121387283237,3342.5334656743184,0.06286127167630058,0.23333333333333334,0.3872832369942196,0.0,0.0,0.11165703275529865,-1.0,-1.0,-1.0,0,0,0,0,1
./datasets/Organised/20260306-handFlying-2/190391258.jpg,6,2,0,0.10086705202312139,0.013102119460500963,0.005587668593448941,0.174373795761079,0.18583815028901735,0.9383049561402568,0.21522157996146435,0.09017341040462427,3697.441538270202,0.03636801541425819,0.3,0.24855491329479767,0.0,0.0,0.044026974951830444,-1.0,-1.0,-1.0,0,0,0,0,1
./datasets/Organised/20260306-handFlying-2/158324824.jpg,6,2,0,0.0,0.0022157996146435453,0.0011560693641618498,0.02533718689788054,0.023506743737957612,1.0778230008084082,0.030346820809248554,0.017919075144508672,1148.8833143903532,0.0,0.0,0.0,0.0,0.0,0.0,-1.0,-1.0,-1.0,0,0,0,0,0
./datasets/Organised/20260306-handFlying-2/95925311.jpg,6,2,0,0.12177263969171484,0.01560693641618497,0.004431599229287091,0.19489402697495184,0.18728323699421964,1.0406323036196958,0.2329479768786127,0.10597302504816955,6087.8952037878535,0.044653179190751444,0.75,0.18497109826589594,0.0,0.0,0.04277456647398844,-1.0,-1.0,-1.0,0,0,0,0,1
./datasets/Organised/20260306-handFlying-2/227224271.jpg,7,2,1,0.12466281310211946,0.008477842003853564,0.0029865125240847784,0.12013487475915222,0.11859344894026976,1.0129890212623551,0.15019267822736032,0.06676300578034682,2432.33639821652,0.07345857418111754,0.75,0.1676300578034682,0.0,0.0,0.0,-1.0,-1.0,-1.0,0,0,0,0,1
./datasets/Organised/20260306-handFlying-2/230290918.jpg,8,2,2,0.001445086705202312,0.0023121387283236996,0.0015414258188824663,0.029383429672447014,0.029865125240847785,0.9838380250364519,0.03554913294797688,0.016184971098265895,675.0957604849998,0.0001926782273603083,0.05,0.017341040462427744,0.0,0.0,0.0,-1.0,-1.0,-1.0,0,0,0,0,0
./datasets/Organised/20260306-handFlying-2/244457467.jpg,8,2,2,0.28911368015414257,0.013872832369942197,0.004720616570327553,0.1815028901734104,0.21589595375722542,0.8406922238352149,0.24354527938342968,0.10163776493256262,6995.807776506251,0.23892100192678228,1.0,0.630057803468208,0.0,0.0,0.2657032755298651,-1.0,-1.0,-1.0,0,0,0,0,0
./datasets/Organised/20260306-handFlying-2/99058636.jpg,6,2,0,0.10895953757225434,0.008477842003853564,0.0032755298651252407,0.0968208092485549,0.11290944123314066,0.8575009378329908,0.13015414258188826,0.057803468208092484,2406.470028846047,0.07702312138728323,0.4,0.4624277456647399,0.0,0.0,0.10838150289017341,-1.0,-1.0,-1.0,0,0,0,0,0
./datasets/Organised/20260306-handFlying-2/107725220.jpg,6,2,0,0.023410404624277455,0.005780346820809248,0.0027938342967244703,0.07235067437379576,0.07148362235067438,1.0121152213531028,0.08766859344894026,0.03998073217726397,2033.8993388426686,0.006117533718689788,0.21666666666666667,0.046242774566473986,0.0,0.0,0.0,-1.0,-1.0,-1.0,0,0,0,0,0
./datasets/Organised/20260306-handFlying-2/213824396.jpg,6,2,0,0.12475915221579961,0.010789980732177264,0.0038535645472061657,0.14691714836223507,0.1384393063583815,1.0612310260417186,0.17167630057803468,0.07119460500963391,4192.4084337005,0.051059730250481696,0.2833333333333333,0.3583815028901734,0.0,0.0,0.06425818882466282,-1.0,-1.0,-1.0,0,0,0,0,0
./datasets/Organised/20260306-handFlying-2/132425052.jpg,7,2,1,0.08921001926782274,0.009730250481695568,0.004142581888246628,0.13121387283236993,0.1485549132947977,0.8832625367930401,0.174373795761079,0.07736030828516377,2698.158234339789,0.04031791907514451,0.21666666666666667,0.36416184971098264,0.0,0.0,0.04826589595375722,-1.0,-1.0,-1.0,0,0,0,0,0
./datasets/Organised/20260306-handFlying-2/126791734.jpg,8,2,2,0.0060693641618497106,0.0005780346820809249,0.00028901734104046245,0.009730250481695568,0.016666666666666666,0.583780002101608,0.01763005780346821,0.008959537572254336,365.7627839961985,0.002697495183044316,0.08333333333333333,0.06936416184971098,0.0,0.0,0.002119460500963391,-1.0,-1.0,-1.0,0,0,0,0,0
./datasets/Organised/20260306-handFlying-2/273323916.jpg,7,2,1,0.14489402697495182,0.008959537572254336,0.002890173410404624,0.09489402697495183,0.12273603082851638,0.7731491167285466,0.1338150289017341,0.05385356454720617,1586.084850479468,0.1252408477842004,0.55,0.4624277456647399,0.0,0.0,0.0,-1.0,-1.0,-1.0,0,0,0,0,0
./datasets/Organised/20260306-handFlying-2/276857213.jpg,6,2,0,0.1023121387283237,0.00394990366088632,0.0019267822736030828,0.04499036608863199,0.057032755298651254,0.7888375200448343,0.06127167630057803,0.02418111753371869,727.7600651541983,0.08839113680154143,0.36666666666666664,0.48554913294797686,0.0,0.0,0.09845857418111753,-1.0,-1.0,-1.0,0,0,0,0,0
./datasets/Organised/20260306-handFlying-2/279690525.jpg,7,2,1,0.9510597302504817,0.005491329479768786,0.0032755298651252407,0.09017341040462427,0.11127167630057803,0.8103823274731089,0.124373795761079,0.057032755298651254,6472.783727005766,0.9265895953757225,1.0,1.0,0.0,0.0,0.9430635838150289,-1.0,-1.0,-1.0,0,0,0,1,0
./datasets/Organised/20260306-handFlying-2/211657730.jpg,6,2,0,0.0,0.0,0.0,0.0,0.0,0.0,0.0,0.0,0.0,0.0,0.0,0.0,0.0,0.0,0.0,-1.0,-1.0,-1.0,0,0,0,0,0
./datasets/Organised/20260306-handFlying-2/76958802.jpg,7,2,1,0.13448940269749518,0.010308285163776493,0.002890173410404624,0.1258188824662813,0.1272639691714836,0.9886371975366312,0.1521194605009634,0.06599229287090559,2073.709357507211,0.054672447013487474,0.3333333333333333,0.24855491329479767,0.0,0.0,0.07148362235067438,-1.0,-1.0,-1.0,0,0,0,0,1
./datasets/Organised/20260306-handFlying-2/112091852.jpg,8,2,2,0.7724470134874759,0.009441233140655106,0.0037572254335260114,0.13516377649325625,0.10404624277456648,1.2990615886488053,0.1489402697495183,0.06319845857418112,1567.4011318917735,0.7543352601156069,1.0,0.930635838150289,0.0,0.0,0.7684007707129095,-1.0,-1.0,-1.0,0,0,1,0,0
./datasets/Organised/20260306-handFlying-2/283090494.jpg,7,2,1,0.13053949903660886,0.011464354527938344,0.0045279383429672445,0.1291907514450867,0.16926782273603083,0.7632282741551021,0.19094412331406552,0.08159922928709056,3503.2842269667844,0.04263005780346821,0.5333333333333333,0.09826589595375723,0.0,0.0,0.08410404624277457,-1.0,-1.0,-1.0,0,0,0,0,0
./datasets/Organised/20260306-handFlying-2/165024761.jpg,6,2,0,0.0012524084778420038,0.0008670520231213873,0.0005780346820809249,0.014161849710982659,0.013680154142581889,1.0351356006511636,0.01599229287090559,0.0056840077071290945,618.7994880012325,0.0003853564547206166,0.06666666666666667,0.023121387283236993,0.0,0.0,0.0,-1.0,-1.0,-1.0,0,0,0,0,0
./datasets/Organised/20260306-handFlying-2/58792276.jpg,7,2,1,0.6453757225433526,0.011849710982658959,0.005009633911368015,0.16984585741811176,0.18651252408477842,0.9106356134309569,0.21628131021194605,0.09739884393063585,11131.810977609974,0.6227842003853564,0.8166666666666667,0.953757225433526,0.0,0.0,0.6348747591522158,-1.0,-1.0,-1.0,0,0,0,1,0
./datasets/Organised/20260306-handFlying-2/61192266.jpg,8,2,2,0.038053949903660886,0.008285163776493257,0.0035645472061657034,0.09335260115606936,0.0928709055876686,1.00517589862466,0.1161849710982659,0.05982658959537572,4706.204389081939,0.01560693641618497,0.23333333333333334,0.15028901734104047,0.0,0.0,0.031791907514450865,-1.0,-1.0,-1.0,0,0,0,0,0
./datasets/Organised/20260306-handFlying-2/77258793.jpg,7,2,1,0.11685934489402698,0.011946050096339113,0.003179190751445087,0.1613680154142582,0.15712909441233142,1.0269707786899553,0.1930635838150289,0.08034682080924856,2409.0853174364515,0.05019267822736031,0.5833333333333334,0.2774566473988439,0.0,0.0,0.0001926782273603083,-1.0,-1.0,-1.0,0,0,0,0,0
./datasets/Organised/20260306-handFlying-2/137224988.jpg,7,2,1,0.0004816955684007707,0.0017341040462427746,0.0007707129094412332,0.02042389210019268,0.020134874759152217,1.0143036915200097,0.025529865125240848,0.012235067437379576,311.44564590827923,0.0001926782273603083,0.05,0.017341040462427744,0.0,0.0,0.0,-1.0,-1.0,-1.0,0,0,0,0,0
./datasets/Organised/20260306-handFlying-2/71792170.jpg,7,2,1,0.2950867052023121,0.009922928709055878,0.003468208092485549,0.1159922928709056,0.1283236994219653,0.9038968600229678,0.15298651252408477,0.06310211946050097,5039.1782995589565,0.15452793834296724,0.4,0.49710982658959535,0.0,0.0,0.22581888246628132,-1.0,-1.0,-1.0,0,0,0,0,0
./datasets/Organised/20260306-handFlying-2/88325384.jpg,8,2,2,0.049903660886319846,0.0076107899807321775,0.003371868978805395,0.09344894026974952,0.10558766859344894,0.8850281144235149,0.1250481695568401,0.05674373795761079,2817.730549513478,0.025144508670520233,0.4666666666666667,0.19653179190751446,0.0,0.0,0.04749518304431599,-1.0,-1.0,-1.0,0,0,0,0,0
./datasets/Organised/20260306-handFlying-2/107258585.jpg,6,2,0,0.0476878612716763,0.009441233140655106,0.0038535645472061657,0.11107899807321772,0.10597302504816955,1.0481719272503591,0.130635838150289,0.06088631984585742,3189.1397696399995,0.038824662813102116,0.6166666666666667,0.18497109826589594,0.0,0.0,0.0,-1.0,-1.0,-1.0,0,0,0,0,0
./datasets/Organised/20260306-handFlying-2/127491732.jpg,7,2,1,0.3953757225433526,0.02466281310211946,0.005780346820809248,0.31233140655105973,0.2838150289017341,1.1004713432136652,0.36502890173410407,0.15934489402697496,3625.0646403896626,0.17764932562620425,1.0,0.2832369942196532,0.0,0.0,0.22919075144508672,-1.0,-1.0,-1.0,0,0,0,0,1
./datasets/Organised/20260306-handFlying-2/271023949.jpg,8,2,2,0.08294797687861272,0.0019267822736030828,0.0007707129094412332,0.019942196531791908,0.02581888246628131,0.7723581452330316,0.027360308285163778,0.010982658959537572,325.6577149253232,0.07466281310211946,0.45,0.3179190751445087,0.0,0.0,0.08304431599229287,-1.0,-1.0,-1.0,0,0,0,0,0
./datasets/Organised/20260306-handFlying-2/236490863.jpg,8,2,2,0.15770712909441234,0.009441233140655106,0.002697495183044316,0.1128131021194605,0.15867052023121386,0.7109851973124783,0.17408477842003853,0.07524084778420038,3271.8665317547825,0.11088631984585742,0.38333333333333336,0.5028901734104047,0.0,0.0,0.1197495183044316,-1.0,-1.0,-1.0,0,0,0,0,0
./datasets/Organised/20260306-handFlying-2/128091753.jpg,7,2,1,0.39778420038535645,0.02601156069364162,0.006358381502890174,0.3223506743737958,0.29797687861271677,1.0817939770379952,0.38121387283236996,0.16146435452793834,3861.2676305775517,0.38251445086705205,1.0,0.884393063583815,0.0,0.0,0.3918111753371869,-1.0,-1.0,-1.0,0,0,0,1,0
./datasets/Organised/20260306-handFlying-2/75125485.jpg,6,2,0,0.11676300578034682,0.011753371868978806,0.003468208092485549,0.148747591522158,0.16165703275529866,0.9201373355032523,0.18959537572254334,0.07697495183044316,2590.290406731115,0.07533718689788053,0.8666666666666667,0.2774566473988439,0.0,0.0,0.0,-1.0,-1.0,-1.0,0,0,0,0,1
./datasets/Organised/20260306-handFlying-2/108591886.jpg,8,2,2,0.19460500963391136,0.010789980732177264,0.00394990366088632,0.11551059730250482,0.16965317919075146,0.6808591326985818,0.18217726396917147,0.0802504816955684,3007.135549123667,0.08357418111753372,0.4166666666666667,0.2947976878612717,0.0,0.0,0.18969171483622352,-1.0,-1.0,-1.0,0,0,0,0,0
./datasets/Organised/20260306-handFlying-2/258124038.jpg,8,2,2,0.2466281310211946,0.011849710982658959,0.003468208092485549,0.16647398843930636,0.14913294797687862,1.1162715846905367,0.1945086705202312,0.08352601156069364,2132.8395045682187,0.1949421965317919,1.0,0.3468208092485549,0.0,0.0,0.0,-1.0,-1.0,-1.0,0,0,0,0,1
./datasets/Organised/20260306-handFlying-2/102891928.jpg,7,2,1,0.3519267822736031,0.01878612716763006,0.005394990366088632,0.2464354527938343,0.25973025048169557,0.9488094033228464,0.3041425818882466,0.13227360308285163,5868.2792633306235,0.3393063583815029,1.0,0.8728323699421965,0.0,0.0,0.3448940269749518,-1.0,-1.0,-1.0,0,0,0,1,0
./datasets/Organised/20260306-handFlying-2/260257349.jpg,7,2,1,0.009344894026974951,0.004335260115606936,0.003468208092485549,0.07350674373795761,0.07389210019267822,0.9947714136541412,0.08815028901734104,0.04315992292870906,1634.2397631802678,0.0017822736030828517,0.13333333333333333,0.04046242774566474,0.0,0.0,0.0,-1.0,-1.0,-1.0,0,0,0,0,0
./datasets/Organised/20260306-handFlying-2/83425421.jpg,8,2,2,0.019942196531791908,0.0056840077071290945,0.002023121387283237,0.06310211946050097,0.06136801541425819,1.028240701509448,0.07601156069364162,0.034007707129094414,1132.6307350637248,0.005587668593448941,0.21666666666666667,0.07514450867052024,0.0,0.0,0.00028901734104046245,-1.0,-1.0,-1.0,0,0,0,0,0
./datasets/Organised/20260306-handFlying-2/274390578.jpg,7,2,1,0.12572254335260116,0.00838150289017341,0.0035645472061657034,0.08892100192678228,0.11416184971098266,0.7788961308507695,0.12466281310211946,0.05491329479768786,1733.5899382612924,0.1119942196531792,0.5,0.41040462427745666,0.0,0.0,0.0,-1.0,-1.0,-1.0,0,0,0,0,0
./datasets/Organised/20260306-handFlying-2/236357549.jpg,7,2,1,0.414354527938343,0.009055876685934489,0.003179190751445087,0.10077071290944123,0.16724470134874758,0.6025309595211061,0.17071290944123313,0.06599229287090559,3050.0019739680206,0.39850674373795764,0.5166666666666667,1.0,0.0,0.0,0.4121387283236994,-1.0,-1.0,-1.0,0,0,0,1,0
./datasets/Organised/20260306-handFlying-2/182224655.jpg,6,2,0,0.18795761078998074,0.01464354527938343,0.005491329479768786,0.194990366088632,0.20549132947976878,0.9488936476717943,0.2501926782273603,0.1115606936416185,6492.88399377601,0.06228323699421965,0.5166666666666667,0.2138728323699422,0.0,0.0,0.02003853564547206,-1.0,-1.0,-1.0,0,0,0,0,0
./datasets/Organised/20260306-handFlying-2/203857816.jpg,6,2,0,0.19672447013487476,0.013680154142581889,0.004046242774566474,0.1788053949903661,0.17302504816955683,1.0334015998281705,0.21233140655105973,0.08535645472061656,5147.247926054626,0.09161849710982659,0.4,0.3872832369942196,0.0,0.0,0.10722543352601156,-1.0,-1.0,-1.0,0,0,0,0,0
./datasets/Organised/20260306-handFlying-2/239624177.jpg,8,2,2,0.15346820809248554,0.013583815028901734,0.003371868978805395,0.17283236994219653,0.1644508670520231,1.0509602173596626,0.20385356454720616,0.08815028901734104,2095.6365229097755,0.11719653179190752,1.0,0.3468208092485549,0.0,0.0,0.0,-1.0,-1.0,-1.0,0,0,0,0,1
./datasets/Organised/20260306-handFlying-2/225690952.jpg,7,2,1,0.0686897880539499,0.0076107899807321775,0.002601156069364162,0.102504816955684,0.09739884393063585,1.0524125380394214,0.12427745664739884,0.054046242774566475,1946.0099682582108,0.03121387283236994,0.35,0.18497109826589594,0.0,0.0,0.0,-1.0,-1.0,-1.0,0,0,0,0,0
./datasets/Organised/20260306-handFlying-2/123591759.jpg,8,2,2,0.10472061657032755,0.007418111753371869,0.003179190751445087,0.10510597302504816,0.12032755298651253,0.8734915397580602,0.14152215799614642,0.062235067437379575,2245.591916053178,0.037138728323699424,0.6666666666666666,0.10404624277456648,0.0,0.0,0.05163776493256262,-1.0,-1.0,-1.0,0,0,0,0,0
./datasets/Organised/20260306-handFlying-2/207124435.jpg,8,2,2,0.32504816955684007,0.0174373795761079,0.00510597302504817,0.24865125240847785,0.2544315992292871,0.977277491805996,0.3147398843930636,0.1340077071290944,7036.110252143035,0.24397880539499037,1.0,0.3352601156069364,0.0,0.0,0.09123314065510597,-1.0,-1.0,-1.0,0,0,0,0,0
./datasets/Organised/20260306-handFlying-2/274790562.jpg,8,2,2,0.14123314065510598,0.00789980732177264,0.0030828516377649326,0.08458574181117534,0.11368015414258188,0.7440612513933988,0.12697495183044316,0.04865125240847784,2075.649051050449,0.09291907514450867,0.36666666666666664,0.47398843930635837,0.0,0.0,0.0,-1.0,-1.0,-1.0,0,0,0,0,0
./datasets/Organised/20260306-handFlying-2/183691288.jpg,8,2,2,0.2898843930635838,0.013872832369942197,0.004816955684007707,0.20655105973025048,0.2115606936416185,0.9763159680511164,0.2581888246628131,0.10452793834296724,5093.761074505961,0.2573699421965318,0.8333333333333334,0.6994219653179191,0.0,0.0,0.2631984585741811,-1.0,-1.0,-1.0,0,0,0,0,0
./datasets/Organised/20260306-handFlying-2/242724152.jpg,6,2,0,0.17418111753371868,0.014739884393063583,0.004720616570327553,0.16907514450867053,0.1708092485549133,0.9898419207224269,0.20761078998073218,0.09961464354527938,2672.2437295952277,0.12263969171483623,0.9166666666666666,0.36416184971098264,0.0,0.0,0.0009633911368015414,-1.0,-1.0,-1.0,0,0,0,0,1
./datasets/Organised/20260306-handFlying-2/154458178.jpg,7,2,1,0.07418111753371869,0.004624277456647399,0.0016377649325626203,0.058863198458574184,0.07678227360308285,0.7666148588930549,0.08921001926782274,0.040269749518304435,1232.6392327025812,0.041040462427745665,0.18333333333333332,0.5606936416184971,0.0,0.0,0.022157996146435453,-1.0,-1.0,-1.0,0,0,0,0,0
./datasets/Organised/20260306-handFlying-2/137224988.jpg,8,2,2,0.09508670520231213,0.011078998073217727,0.003179190751445087,0.1441233140655106,0.14508670520231215,0.9933530471416804,0.18082851637764932,0.0777456647398844,3160.4372843136166,0.03468208092485549,0.21666666666666667,0.28901734104046245,0.0,0.0,0.053660886319845856,-1.0,-1.0,-1.0,0,0,0,0,0
./datasets/Organised/20260306-handFlying-2/59392280.jpg,6,2,0,0.5569364161849711,0.013583815028901734,0.0052986512524084775,0.19383429672447014,0.21233140655105973,0.9128813631086439,0.24710982658959538,0.10867052023121387,9423.262392328512,0.5161368015414258,0.7666666666666667,1.0,0.0,0.0,0.5425818882466281,-1.0,-1.0,-1.0,0,0,0,1,0
./datasets/Organised/20260306-handFlying-2/281157177.jpg,8,2,2,0.20009633911368016,0.013391136801541427,0.004913294797687861,0.1630057803468208,0.1891136801541426,0.8619414432235452,0.2105009633911368,0.09065510597302505,6730.341805040449,0.15028901734104047,0.5666666666666667,0.5144508670520231,0.0,0.0,0.16473988439306358,-1.0,-1.0,-1.0,0,0,0,0,0
./datasets/Organised/20260306-handFlying-2/52925655.jpg,8,2,2,0.23304431599229286,0.011849710982658959,0.004046242774566474,0.1686897880539499,0.16502890173410403,1.022177110216927,0.20394990366088633,0.09007707129094412,10286.246857748523,0.11213872832369942,0.6833333333333333,0.21965317919075145,0.0,0.0,0.22244701348747592,-1.0,-1.0,-1.0,0,0,0,0,0
./datasets/Organised/20260306-handFlying-2/115825177.jpg,6,2,0,0.2564547206165703,0.010982658959537572,0.0035645472061657034,0.13535645472061658,0.14499036608863197,0.9335483785832761,0.16859344894026976,0.07129094412331406,6098.053687950371,0.22991329479768785,0.6833333333333333,0.49710982658959535,0.0,0.0,0.252504816955684,-1.0,-1.0,-1.0,0,0,0,0,0
./datasets/Organised/20260306-handFlying-2/137091655.jpg,6,2,0,0.002697495183044316,0.002119460500963391,0.0004816955684007707,0.019460500963391136,0.017533718689788053,1.1098268131740618,0.022736030828516378,0.014161849710982659,502.0629094319519,0.0018304431599229288,0.1,0.046242774566473986,0.0,0.0,0.0,-1.0,-1.0,-1.0,0,0,0,0,0
./datasets/Organised/20260306-handFlying-2/261590670.jpg,8,2,2,0.19094412331406552,0.014739884393063583,0.0030828516377649326,0.1676300578034682,0.15732177263969171,1.0655168033898228,0.19595375722543354,0.08593448940269749,1658.7386702139513,0.17524084778420038,0.8833333333333333,0.3815028901734104,0.0,0.0,0.0,-1.0,-1.0,-1.0,0,0,0,0,1
./datasets/Organised/20260306-handFlying-2/178358044.jpg,7,2,1,0.2159922928709056,0.009730250481695568,0.004046242774566474,0.12947976878612716,0.14816955684007707,0.8738562609700982,0.17052023121387283,0.07649325626204238,7223.345378312007,0.19426782273603083,0.3333333333333333,0.9595375722543352,0.0,0.0,0.2069364161849711,-1.0,-1.0,-1.0,0,0,0,1,0
./datasets/Organised/20260306-handFlying-2/210924405.jpg,7,2,1,0.12572254335260116,0.010597302504816955,0.0025048169556840076,0.13198458574181118,0.12369942196531791,1.0669695676447726,0.1558766859344894,0.0674373795761079,1444.711451648531,0.08516377649325627,0.6666666666666666,0.3468208092485549,0.0,0.0,0.0,-1.0,-1.0,-1.0,0,0,0,0,1
./datasets/Organised/20260306-handFlying-2/188124636.jpg,6,2,0,0.33747591522157994,0.016666666666666666,0.005202312138728324,0.20115606936416186,0.22996146435452794,0.8747343612305533,0.25973025048169557,0.10857418111753372,9112.467090438113,0.28357418111753374,0.5,0.8786127167630058,0.0,0.0,0.303757225433526,-1.0,-1.0,-1.0,0,0,0,1,0
./datasets/Organised/20260306-handFlying-2/45425718.jpg,7,2,1,0.4367052023121387,0.017148362235067438,0.00510597302504817,0.21946050096339115,0.21136801541425818,1.0382813229899124,0.26541425818882464,0.11146435452793835,10889.99857495146,0.44590558766859345,0.7166666666666667,0.8959537572254336,0.0,0.0,0.43554913294797687,-1.0,-1.0,-1.0,0,0,0,1,0
./datasets/Organised/20260306-handFlying-2/107425223.jpg,8,2,2,0.03159922928709056,0.003371868978805395,0.001348747591522158,0.049903660886319846,0.04421965317919075,1.128514784349757,0.058959537572254334,0.026878612716763006,653.677313939286,0.01565510597302505,0.36666666666666664,0.08670520231213873,0.0,0.0,0.0,-1.0,-1.0,-1.0,0,0,0,0,0
./datasets/Organised/20260306-handFlying-2/292790608.jpg,6,2,0,0.2633911368015414,0.005587668593448941,0.002697495183044316,0.07572254335260116,0.0861271676300578,0.8791844228922712,0.0968208092485549,0.0430635838150289,3442.2206109644676,0.24397880539499037,0.9166666666666666,0.5549132947976878,0.0,0.0,0.25703275529865127,-1.0,-1.0,-1.0,0,0,0,0,0
./datasets/Organised/20260306-handFlying-2/53392325.jpg,8,2,2,0.1686897880539499,0.010404624277456647,0.003468208092485549,0.14797687861271677,0.14826589595375722,0.9980439508146788,0.17726396917148363,0.07398843930635839,8119.426566011784,0.10997109826589595,0.48333333333333334,0.32947976878612717,0.0,0.0,0.13448940269749518,-1.0,-1.0,-1.0,0,0,0,0,1
./datasets/Organised/20260306-handFlying-2/97825340.jpg,6,2,0,0.2658959537572254,0.015221579961464355,0.0045279383429672445,0.1655105973025048,0.21666666666666667,0.763891538819843,0.23265895953757226,0.09200385356454721,5383.977975755584,0.2226878612716763,0.85,0.6878612716763006,0.0,0.0,0.24277456647398843,-1.0,-1.0,-1.0,0,0,0,0,0
./datasets/Organised/20260306-handFlying-2/238890856.jpg,8,2,2,0.13911368015414258,0.011657032755298651,0.0025048169556840076,0.14836223506743737,0.1430635838150289,1.0370297883035673,0.176878612716763,0.07504816955684007,1816.0515685177145,0.11353564547206166,0.8166666666666667,0.4682080924855491,0.0,0.0,0.0,-1.0,-1.0,-1.0,0,0,0,0,1
./datasets/Organised/20260306-handFlying-2/52792325.jpg,8,2,2,0.34633911368015413,0.01676300578034682,0.0052986512524084775,0.2329479768786127,0.2174373795761079,1.071328701642923,0.2703275529865125,0.11127167630057803,12144.813563767584,0.32822736030828514,0.9333333333333333,0.5606936416184971,0.0,0.0,0.34566473988439306,-1.0,-1.0,-1.0,0,0,0,1,0
./datasets/Organised/20260306-handFlying-2/46625723.jpg,8,2,2,0.0052986512524084775,0.003179190751445087,0.0017341040462427746,0.03930635838150289,0.038053949903660886,1.0328842497759172,0.04672447013487476,0.02023121387283237,544.4284408284792,0.0018304431599229288,0.16666666666666666,0.023121387283236993,0.0,0.0,0.0023121387283236996,-1.0,-1.0,-1.0,0,0,0,0,0
./datasets/Organised/20260306-handFlying-2/258990691.jpg,7,2,1,0.008863198458574181,0.004431599229287091,0.003371868978805395,0.06714836223506744,0.06878612716763005,0.9761762847201186,0.07976878612716763,0.03420038535645472,992.6035534004553,0.0012042389210019267,0.08333333333333333,0.04046242774566474,0.0,0.0,0.0,-1.0,-1.0,-1.0,0,0,0,0,0
./datasets/Organised/20260306-handFlying-2/60292263.jpg,7,2,1,0.34325626204238924,0.0128131021194605,0.004046242774566474,0.1665703275529865,0.18294797687861272,0.9104742228949796,0.2172447013487476,0.09527938342967245,9224.937231995353,0.21888246628131022,0.4166666666666667,0.6647398843930635,0.0,0.0,0.2816955684007707,-1.0,-1.0,-1.0,0,0,0,1,0
./datasets/Organised/20260306-handFlying-2/95158653.jpg,7,2,1,0.24961464354527937,0.009152215799614644,0.0029865125240847784,0.12784200385356453,0.10211946050096339,1.251874533530511,0.13651252408477843,0.059633911368015415,2774.5296034967946,0.20934489402697495,1.0,0.5317919075144508,0.0,0.0,0.22321772639691714,-1.0,-1.0,-1.0,0,0,0,0,1
./datasets/Organised/20260306-handFlying-2/235290925.jpg,6,2,0,0.1035645472061657,0.007418111753371869,0.0022157996146435453,0.09489402697495183,0.10578034682080925,0.8970771296351497,0.12447013487475915,0.05491329479768786,6098.442015399409,0.08342967244701349,0.43333333333333335,0.2658959537572254,0.0,0.0,0.08863198458574181,-1.0,-1.0,-1.0,0,0,0,0,0
./datasets/Organised/20260306-handFlying-2/98758626.jpg,8,2,2,0.27215799614643543,0.013680154142581889,0.004238921001926782,0.1764932562620424,0.2151252408477842,0.8204171446798202,0.2421965317919075,0.09942196531791908,5538.2204188709575,0.23680154142581888,0.65,0.7687861271676301,0.0,0.0,0.24807321772639693,-1.0,-1.0,-1.0,0,0,0,0,0
./datasets/Organised/20260306-handFlying-2/239757513.jpg,6,2,0,0.019460500963391136,0.005009633911368015,0.0018304431599229288,0.0779383429672447,0.05934489402697495,1.3132895585298414,0.0882466281310212,0.04315992292870906,5662.339105317771,0.00476878612716763,0.3333333333333333,0.046242774566473986,0.0,0.0,0.0,-1.0,-1.0,-1.0,0,0,0,0,0
./datasets/Organised/20260306-handFlying-2/122991766.jpg,7,2,1,0.19874759152215798,0.012427745664739885,0.003179190751445087,0.1533718689788054,0.1546242774566474,0.9918938966612789,0.1857418111753372,0.07687861271676301,2429.880485259559,0.18347784200385356,1.0,0.4046242774566474,0.0,0.0,0.19845857418111754,-1.0,-1.0,-1.0,0,0,0,0,0
./datasets/Organised/20260306-handFlying-2/106291896.jpg,6,2,0,0.15944123314065511,0.018497109826589597,0.0056840077071290945,0.23641618497109826,0.25510597302504817,0.9267335273814147,0.2920038535645472,0.12764932562620424,7072.10085513493,0.07027938342967245,0.6,0.6011560693641619,0.0,0.0,0.0,-1.0,-1.0,-1.0,0,0,0,0,0
./datasets/Organised/20260306-handFlying-2/128958387.jpg,6,2,0,0.10028901734104047,0.014258188824662813,0.004913294797687861,0.18737957610789982,0.17976878612716762,1.0423307505931452,0.220616570327553,0.0978805394990366,4961.624254541303,0.0710019267822736,0.7333333333333333,0.2658959537572254,0.0,0.0,0.0030828516377649326,-1.0,-1.0,-1.0,0,0,0,0,0
./datasets/Organised/20260306-handFlying-2/62892259.jpg,8,2,2,0.010597302504816955,0.0052986512524084775,0.0037572254335260114,0.07013487475915221,0.06859344894026975,1.0224570040678338,0.08680154142581888,0.04566473988439306,3302.890774193369,0.0013969171483622352,0.1,0.04046242774566474,0.0,0.0,0.0,-1.0,-1.0,-1.0,0,0,0,0,0
./datasets/Organised/20260306-handFlying-2/242590864.jpg,8,2,2,0.004142581888246628,0.002697495183044316,0.0022157996146435453,0.030635838150289016,0.03265895953757225,0.9380243755368198,0.03863198458574181,0.020616570327552985,958.2942055828424,0.00197495183044316,0.11666666666666667,0.06936416184971098,0.0,0.0,0.0,-1.0,-1.0,-1.0,0,0,0,0,0
./datasets/Organised/20260306-handFlying-2/121125138.jpg,7,2,1,0.5106936416184971,0.02880539499036609,0.007129094412331407,0.3559730250481696,0.37071290944123314,0.9602364949961493,0.43998073217726397,0.18497109826589594,7637.139582669725,0.4124277456647399,1.0,1.0,0.0,0.0,0.4220616570327553,-1.0,-1.0,-1.0,0,0,0,1,0
./datasets/Organised/20260306-handFlying-2/192124572.jpg,6,2,0,0.08680154142581888,0.013102119460500963,0.004238921001926782,0.1747591522157996,0.17909441233140655,0.975787988876103,0.2096339113680154,0.09113680154142582,6611.758358587547,0.031695568400770716,0.4666666666666667,0.1676300578034682,0.0,0.0,0.03574181117533719,-1.0,-1.0,-1.0,0,0,0,0,0
./datasets/Organised/20260306-handFlying-2/82425425.jpg,7,2,1,0.14739884393063585,0.018304431599229287,0.005202312138728324,0.24730250481695568,0.24171483622350676,1.0231125468679805,0.2993256262042389,0.1245664739884393,4834.80604410995,0.036753371868978806,0.25,0.26011560693641617,0.0,0.0,0.05077071290944123,-1.0,-1.0,-1.0,0,0,0,0,1
./datasets/Organised/20260306-handFlying-2/83125407.jpg,7,2,1,0.22745664739884394,0.01763005780346821,0.004624277456647399,0.21888246628131022,0.25366088631984585,0.8628906354710233,0.29672447013487474,0.13034682080924856,7793.947567121818,0.1631984585741811,0.4166666666666667,0.5433526011560693,0.0,0.0,0.17928709055876685,-1.0,-1.0,-1.0,0,0,0,0,1
./datasets/Organised/20260306-handFlying-2/223357640.jpg,6,2,0,0.025915221579961463,0.00510597302504817,0.0024084778420038534,0.06599229287090559,0.06936416184971098,0.9513751732301416,0.08526011560693642,0.04315992292870906,3704.6539880959012,0.010308285163776493,0.13333333333333333,0.19653179190751446,0.0,0.0,0.013680154142581889,-1.0,-1.0,-1.0,0,0,0,0,0
./datasets/Organised/20260306-handFlying-2/193491205.jpg,6,2,0,0.1128131021194605,0.01840077071290944,0.0056840077071290945,0.23583815028901733,0.23709055876685933,0.9947133989739613,0.28911368015414257,0.13304431599229288,8037.418389178462,0.033477842003853564,0.23333333333333334,0.3815028901734104,0.0,0.0,0.04836223506743738,-1.0,-1.0,-1.0,0,0,0,0,0
./datasets/Organised/20260306-handFlying-2/243157481.jpg,7,2,1,0.125626204238921,0.013680154142581889,0.0037572254335260114,0.16685934489402698,0.16589595375722543,1.005801138086055,0.20674373795761078,0.09161849710982659,2840.58074661885,0.10659922928709056,0.8166666666666667,0.5202312138728323,0.0,0.0,0.0,-1.0,-1.0,-1.0,0,0,0,0,1
./datasets/Organised/20260306-handFlying-2/47059036.jpg,7,2,1,0.725626204238921,0.01955684007707129,0.005587668593448941,0.261271676300578,0.24778420038535645,1.0544280929379453,0.3063583815028902,0.128131021194605,13033.154215309569,0.7301541425818883,1.0,0.9132947976878613,0.0,0.0,0.7242774566473988,-1.0,-1.0,-1.0,0,0,1,0,0
./datasets/Organised/20260306-handFlying-2/259257359.jpg,8,2,2,0.16522157996146436,0.012138728323699421,0.0030828516377649326,0.16184971098265896,0.13102119460500963,1.2352846895183256,0.18053949903660887,0.08082851637764933,1558.7168917827746,0.09600192678227361,0.8,0.21965317919075145,0.0,0.0,0.0,-1.0,-1.0,-1.0,0,0,0,0,1
./datasets/Organised/20260306-handFlying-2/224524291.jpg,8,2,2,0.2277456647398844,0.009922928709055878,0.00394990366088632,0.13776493256262043,0.1631984585741811,0.8441506716151291,0.18776493256262042,0.08420038535645472,6810.948408446286,0.19210019267822737,0.45,0.6358381502890174,0.0,0.0,0.2023121387283237,-1.0,-1.0,-1.0,0,0,0,0,0
./datasets/Organised/20260306-handFlying-2/76792154.jpg,8,2,2,0.0894990366088632,0.008188824662813102,0.0029865125240847784,0.09980732177263969,0.11965317919075144,0.8341315150683363,0.1384393063583815,0.0653179190751445,2684.4813305842345,0.057273603082851635,0.3333333333333333,0.5780346820809249,0.0,0.0,0.08526011560693642,-1.0,-1.0,-1.0,0,0,0,0,0
./datasets/Organised/20260306-handFlying-2/68058868.jpg,8,2,2,0.013583815028901734,0.007129094412331407,0.0038535645472061657,0.08131021194605009,0.07919075144508671,1.0267510247255027,0.10211946050096339,0.05260115606936416,1353.9134802272788,0.003323699421965318,0.08333333333333333,0.09826589595375723,0.0,0.0,0.0,-1.0,-1.0,-1.0,0,0,0,0,0
./datasets/Organised/20260306-handFlying-2/136792105.jpg,7,2,1,0.0007707129094412332,0.0018304431599229288,0.0012524084778420038,0.023506743737957612,0.024373795761079,0.9643873109079556,0.028227360308285165,0.011078998073217727,403.87793566069325,0.0003371868978805395,0.05,0.023121387283236993,0.0,0.0,0.0,-1.0,-1.0,-1.0,0,0,0,0,0
./datasets/Organised/20260306-handFlying-2/161524795.jpg,6,2,0,0.0,0.0001926782273603083,0.0005780346820809249,0.004046242774566474,0.0037572254335260114,1.07663652597078,0.0052986512524084775,0.004046242774566474,418.5708236901408,0.0,0.0,0.0,0.0,0.0,0.0,-1.0,-1.0,-1.0,0,0,0,0,0
./datasets/Organised/20260306-handFlying-2/261157841.jpg,8,2,2,0.2420038535645472,0.01859344894026975,0.0035645472061657034,0.19874759152215798,0.1827552986512524,1.0875006387682498,0.23516377649325626,0.10385356454720616,2122.8525530700435,0.2098747591522158,1.0,0.3872832369942196,0.0,0.0,0.0,-1.0,-1.0,-1.0,0,0,0,0,1
./datasets/Organised/20260306-handFlying-2/285390484.jpg,6,2,0,0.0,0.0008670520231213873,0.000674373795761079,0.01001926782273603,0.01001926782273603,0.9999002022682737,0.013102119460500963,0.008092485549132947,433.4064544885859,0.0,0.0,0.0,0.0,0.0,0.0,-1.0,-1.0,-1.0,0,0,0,0,0
